id,sexo,edad,anios_educacion,nivel_educativo,departamento,ingreso_laboral,horas_semana
1,hombre,38,3,primaria,Antioquia,781242,48
2,mujer,23,11,media,Antioquia,1081242,60
3,mujer,21,11,media,Antioquia,600000,30
4,hombre,62,2,primaria,Antioquia,900000,72
5,mujer,25,17,superior,Antioquia,781242,40
6,mujer,24,15,superior,Antioquia,955000,48
7,mujer,45,5,primaria,Antioquia,200000,48
8,mujer,24,11,media,Antioquia,480000,24
9,hombre,23,13,superior,Antioquia,800000,48
10,mujer,60,14,superior,Antioquia,2100000,60
11,mujer,34,19,superior,Antioquia,2500000,54
12,hombre,53,5,primaria,Antioquia,1000000,60
13,hombre,24,13,superior,Antioquia,2000000,72
14,hombre,24,11,media,Antioquia,900000,70
15,hombre,49,5,primaria,Antioquia,2350000,48
16,mujer,48,11,media,Antioquia,1000000,48
17,hombre,46,5,primaria,Antioquia,250000,24
18,hombre,30,7,secundaria,Antioquia,250000,18
19,hombre,55,11,media,Antioquia,970000,48
20,hombre,21,13,superior,Antioquia,2000000,30
21,mujer,37,11,media,Antioquia,901242,48
22,mujer,53,11,media,Antioquia,30000,5
23,hombre,42,14,superior,Antioquia,1000000,56
24,hombre,26,14,superior,Antioquia,1400000,48
25,hombre,58,9,secundaria,Antioquia,1200000,60
26,hombre,22,15,superior,Antioquia,1400000,10
27,mujer,26,13,superior,Antioquia,1200000,48
28,hombre,35,11,media,Antioquia,1200000,60
29,mujer,26,13,superior,Antioquia,781242,48
30,hombre,28,11,media,Antioquia,884000,48
31,hombre,30,11,superior,Antioquia,1280000,48
32,mujer,30,14,superior,Antioquia,900000,48
33,hombre,30,11,media,Antioquia,1100000,48
34,mujer,25,19,superior,Antioquia,1000000,48
35,mujer,60,8,secundaria,Antioquia,300000,54
36,mujer,59,11,media,Antioquia,140000,5
37,hombre,61,14,superior,Antioquia,800000,56
38,mujer,38,17,superior,Antioquia,2900000,45
39,hombre,49,11,media,Antioquia,1600000,50
40,mujer,50,13,superior,Antioquia,800000,48
41,hombre,30,14,superior,Antioquia,1200000,48
42,hombre,48,17,superior,Antioquia,2750000,84
43,hombre,60,5,primaria,Antioquia,800000,40
44,hombre,58,5,primaria,Antioquia,800000,56
45,mujer,49,6,secundaria,Antioquia,500000,36
46,hombre,57,8,secundaria,Antioquia,1500000,77
47,hombre,27,12,superior,Antioquia,800000,48
48,mujer,57,5,primaria,Antioquia,1000000,60
49,hombre,49,14,superior,Antioquia,900000,50
50,mujer,26,12,superior,Antioquia,781242,45
51,hombre,42,16,superior,Antioquia,4495000,40
52,hombre,35,20,superior,Antioquia,1500000,40
53,mujer,63,11,media,Antioquia,2300000,48
54,hombre,63,14,superior,Antioquia,1600000,48
55,mujer,43,16,superior,Antioquia,1500000,40
56,mujer,44,11,media,Antioquia,1600000,48
57,hombre,50,8,secundaria,Antioquia,800000,50
58,mujer,47,11,media,Antioquia,450000,24
59,hombre,52,16,superior,Antioquia,3000000,40
60,hombre,28,11,media,Antioquia,1500000,48
61,mujer,29,11,media,Antioquia,880000,60
62,hombre,26,16,superior,Antioquia,1600000,48
63,hombre,26,11,superior,Antioquia,830000,48
64,hombre,26,16,superior,Antioquia,2000000,48
65,mujer,28,14,superior,Antioquia,800000,48
66,hombre,26,11,media,Antioquia,781200,48
67,hombre,46,8,secundaria,Antioquia,781242,40
68,mujer,48,14,superior,Antioquia,1805000,40
69,hombre,59,18,superior,Antioquia,3600000,48
70,mujer,51,15,superior,Antioquia,1600000,45
71,hombre,53,11,media,Antioquia,1000000,48
72,hombre,24,14,superior,Antioquia,900000,72
73,mujer,41,16,superior,Antioquia,2000000,48
74,mujer,37,14,superior,Antioquia,1240000,48
75,mujer,35,16,superior,Antioquia,3500000,48
76,hombre,32,11,media,Antioquia,900000,56
77,mujer,60,5,primaria,Antioquia,800000,48
78,mujer,39,11,media,Antioquia,100000,28
79,hombre,44,14,superior,Antioquia,1500000,48
80,hombre,50,14,superior,Antioquia,2500000,48
81,mujer,56,11,media,Antioquia,560000,8
82,hombre,19,12,superior,Antioquia,360000,25
83,hombre,57,21,superior,Antioquia,5540000,44
84,mujer,48,11,media,Antioquia,800000,48
85,mujer,53,18,superior,Antioquia,2700000,48
86,mujer,26,16,superior,Antioquia,1500000,48
87,hombre,22,8,secundaria,Antioquia,850000,48
88,hombre,63,11,media,Antioquia,1000000,78
89,mujer,60,14,superior,Antioquia,1500000,48
90,hombre,50,11,media,Antioquia,781200,60
91,mujer,50,11,media,Antioquia,781200,48
92,hombre,35,13,superior,Antioquia,2180000,48
93,mujer,31,13,superior,Antioquia,1380000,42
94,hombre,58,11,media,Antioquia,781000,84
95,hombre,28,14,superior,Antioquia,1200000,72
96,hombre,37,8,secundaria,Antioquia,600000,35
97,mujer,28,11,media,Antioquia,120000,10
98,hombre,58,16,superior,Antioquia,4000000,48
99,mujer,53,11,media,Antioquia,2400000,48
100,hombre,23,16,superior,Antioquia,2000000,24
101,mujer,23,15,superior,Antioquia,3200000,40
102,mujer,34,5,primaria,Antioquia,1261242,60
103,mujer,22,13,superior,Antioquia,781242,48
104,mujer,29,16,superior,Antioquia,800000,48
105,hombre,36,5,primaria,Antioquia,1500000,40
106,mujer,42,11,media,Antioquia,1400000,72
107,mujer,36,16,superior,Antioquia,2500000,48
108,hombre,32,15,superior,Antioquia,600000,70
109,mujer,29,11,media,Antioquia,781000,48
110,hombre,29,11,media,Antioquia,781242,48
111,mujer,32,11,media,Antioquia,781242,48
112,hombre,40,11,media,Antioquia,2450000,72
113,mujer,40,13,superior,Antioquia,1200000,40
114,hombre,18,12,superior,Antioquia,781242,48
115,mujer,60,6,secundaria,Antioquia,900000,40
116,hombre,62,11,media,Antioquia,700000,48
117,mujer,53,11,media,Antioquia,800000,56
118,hombre,21,11,media,Antioquia,781242,48
119,hombre,34,11,media,Antioquia,781242,56
120,hombre,59,11,media,Antioquia,1500000,48
121,hombre,27,14,superior,Antioquia,840000,54
122,mujer,25,14,superior,Antioquia,982000,42
123,mujer,58,6,secundaria,Antioquia,150000,4
124,hombre,54,8,secundaria,Antioquia,897000,48
125,hombre,59,6,secundaria,Antioquia,1000000,50
126,hombre,44,19,superior,Antioquia,1800000,48
127,hombre,31,13,superior,Antioquia,1000000,48
128,hombre,51,8,secundaria,Antioquia,781242,48
129,hombre,26,15,superior,Antioquia,781242,48
130,mujer,24,16,superior,Antioquia,781242,48
131,hombre,34,13,superior,Antioquia,1045000,48
132,mujer,57,11,media,Antioquia,60000,15
133,mujer,28,15,superior,Antioquia,1200000,48
134,hombre,43,11,media,Antioquia,1175000,48
135,mujer,34,11,media,Antioquia,1150000,48
136,mujer,60,6,secundaria,Antioquia,100000,4
137,hombre,39,11,media,Antioquia,781242,48
138,mujer,25,11,media,Antioquia,781242,48
139,hombre,24,13,superior,Antioquia,820000,48
140,mujer,62,9,secundaria,Antioquia,1100000,45
141,hombre,63,14,superior,Antioquia,400000,24
142,hombre,58,11,media,Antioquia,1300000,54
143,hombre,56,2,primaria,Antioquia,300000,24
144,hombre,23,11,media,Antioquia,781242,48
145,mujer,64,10,media,Antioquia,150000,54
146,hombre,31,11,media,Antioquia,1200000,60
147,hombre,54,5,primaria,Antioquia,820000,48
148,mujer,52,5,primaria,Antioquia,250000,12
149,hombre,33,8,secundaria,Antioquia,100000,50
150,hombre,53,11,media,Antioquia,781242,48
151,mujer,23,17,superior,Antioquia,2000000,48
152,hombre,65,5,primaria,Antioquia,700000,48
153,mujer,65,10,media,Antioquia,500000,48
154,hombre,30,13,superior,Antioquia,600000,12
155,mujer,22,15,superior,Antioquia,781242,48
156,hombre,65,3,primaria,Antioquia,100000,21
157,mujer,28,11,media,Antioquia,800000,45
158,hombre,56,11,media,Antioquia,900000,48
159,hombre,27,16,superior,Antioquia,880000,48
160,mujer,41,12,superior,Antioquia,400000,60
161,mujer,21,13,superior,Antioquia,820000,40
162,hombre,33,8,secundaria,Antioquia,1450000,60
163,mujer,42,11,media,Antioquia,350000,10
164,hombre,39,11,media,Antioquia,1101242,48
165,hombre,37,11,media,Antioquia,781242,48
166,hombre,40,15,superior,Antioquia,3000000,48
167,mujer,60,0,ninguno,Antioquia,1000000,10
168,mujer,33,13,superior,Antioquia,1100000,48
169,mujer,31,16,superior,Antioquia,1785000,48
170,mujer,27,12,superior,Antioquia,900000,67
171,mujer,23,11,media,Antioquia,900000,61
172,hombre,53,6,secundaria,Antioquia,800000,60
173,hombre,55,6,secundaria,Antioquia,900000,50
174,mujer,58,11,media,Antioquia,500000,24
175,mujer,52,11,media,Antioquia,902000,48
176,hombre,18,11,superior,Antioquia,50000,9
177,mujer,49,16,superior,Antioquia,1200000,48
178,hombre,55,2,primaria,Antioquia,250000,56
179,hombre,34,11,media,Antioquia,781242,48
180,mujer,39,8,secundaria,Antioquia,950000,40
181,hombre,20,13,superior,Antioquia,1330000,48
182,mujer,39,11,media,Antioquia,781300,48
183,hombre,36,11,media,Antioquia,781242,49
184,mujer,33,15,superior,Antioquia,781242,51
185,hombre,54,11,media,Antioquia,1600000,54
186,mujer,21,14,superior,Antioquia,400000,16
187,hombre,42,11,media,Antioquia,1200000,48
188,mujer,37,14,superior,Antioquia,1800000,48
189,mujer,39,16,superior,Antioquia,1600000,48
190,hombre,32,11,media,Antioquia,900000,48
191,mujer,29,7,secundaria,Antioquia,1000000,48
192,hombre,37,11,media,Antioquia,2000000,50
193,mujer,32,11,media,Antioquia,400000,24
194,hombre,24,9,secundaria,Antioquia,1000000,68
195,mujer,43,11,media,Antioquia,450000,50
196,hombre,59,0,ninguno,Antioquia,200000,30
197,hombre,36,8,secundaria,Antioquia,1500000,70
198,mujer,32,13,superior,Antioquia,781242,48
199,hombre,30,13,superior,Antioquia,800000,48
200,hombre,29,15,superior,Antioquia,800000,48
201,mujer,33,16,superior,Antioquia,5000000,40
202,hombre,25,13,superior,Antioquia,1562484,50
203,hombre,57,5,primaria,Antioquia,781200,48
204,hombre,30,11,media,Antioquia,500000,49
205,mujer,25,11,media,Antioquia,600000,20
206,hombre,58,3,primaria,Antioquia,900000,50
207,mujer,47,3,primaria,Antioquia,870000,48
208,hombre,30,6,secundaria,Antioquia,2000000,50
209,mujer,29,11,media,Antioquia,300000,50
210,hombre,28,11,media,Antioquia,781242,48
211,hombre,43,11,media,Antioquia,1400000,60
212,mujer,29,15,superior,Antioquia,781300,48
213,hombre,56,3,primaria,Antioquia,828116,48
214,mujer,30,11,media,Antioquia,470000,11
215,mujer,37,11,media,Antioquia,781242,48
216,hombre,46,8,secundaria,Antioquia,3450000,48
217,hombre,47,11,media,Antioquia,2500000,48
218,mujer,27,16,superior,Antioquia,4000000,48
219,hombre,42,11,media,Antioquia,800000,48
220,mujer,38,14,superior,Antioquia,1500000,45
221,hombre,51,5,primaria,Antioquia,600000,50
222,mujer,54,12,superior,Antioquia,1970000,48
223,mujer,35,13,superior,Antioquia,781242,48
224,hombre,41,11,media,Antioquia,1400000,48
225,hombre,60,11,media,Antioquia,900000,48
226,hombre,29,15,superior,Antioquia,3000000,48
227,hombre,57,14,superior,Antioquia,1400000,48
228,hombre,24,11,media,Antioquia,900000,48
229,mujer,53,7,secundaria,Antioquia,390621,24
230,mujer,25,12,superior,Antioquia,800000,48
231,hombre,50,11,media,Antioquia,800000,40
232,mujer,32,11,media,Antioquia,100000,30
233,hombre,44,14,superior,Antioquia,2500000,48
234,mujer,45,16,superior,Antioquia,4000000,48
235,hombre,20,12,media,Antioquia,781242,48
236,mujer,48,11,media,Antioquia,1000000,50
237,hombre,51,11,media,Antioquia,781242,48
238,mujer,47,11,media,Antioquia,920000,48
239,hombre,21,12,superior,Antioquia,781242,48
240,hombre,35,13,superior,Antioquia,1700000,48
241,mujer,54,14,superior,Antioquia,1600000,48
242,hombre,53,11,media,Antioquia,1400000,50
243,mujer,36,18,superior,Antioquia,2000000,40
244,hombre,39,18,superior,Antioquia,3000000,40
245,hombre,56,13,superior,Antioquia,1300000,48
246,mujer,25,15,superior,Antioquia,100000,6
247,mujer,57,9,secundaria,Antioquia,1000000,4
248,hombre,33,13,superior,Antioquia,1200000,48
249,hombre,52,9,secundaria,Antioquia,960000,48
250,hombre,32,13,superior,Antioquia,900000,48
251,mujer,28,13,superior,Antioquia,800000,48
252,mujer,57,7,secundaria,Antioquia,781242,48
253,hombre,36,16,superior,Antioquia,2500000,54
254,hombre,30,4,primaria,Antioquia,800000,48
255,hombre,53,5,primaria,Antioquia,1015775,72
256,hombre,30,11,media,Antioquia,828116,50
257,hombre,48,5,primaria,Antioquia,781242,52
258,mujer,22,13,superior,Antioquia,400000,28
259,hombre,36,13,superior,Antioquia,1250000,48
260,mujer,35,14,superior,Antioquia,1500000,48
261,mujer,36,12,superior,Antioquia,3000000,40
262,hombre,48,13,superior,Antioquia,1200000,48
263,mujer,21,13,superior,Antioquia,1000000,48
264,hombre,23,11,media,Antioquia,990000,48
265,mujer,23,13,superior,Antioquia,781242,48
266,hombre,40,11,media,Antioquia,1200000,48
267,hombre,52,1,primaria,Antioquia,1150000,40
268,hombre,63,6,secundaria,Antioquia,1600000,72
269,hombre,23,14,superior,Antioquia,600000,24
270,hombre,29,11,media,Antioquia,1000000,48
271,mujer,24,13,superior,Antioquia,400000,60
272,mujer,42,11,media,Antioquia,50000,7
273,hombre,37,2,primaria,Antioquia,1000000,60
274,hombre,41,12,superior,Antioquia,1249000,48
275,mujer,35,15,superior,Antioquia,150000,30
276,mujer,30,11,media,Antioquia,1000000,40
277,hombre,55,5,primaria,Antioquia,2070000,48
278,hombre,57,14,superior,Antioquia,2000000,48
279,hombre,31,11,media,Antioquia,828116,48
280,hombre,31,11,media,Antioquia,850000,48
281,mujer,55,11,media,Antioquia,1500000,84
282,mujer,22,12,superior,Antioquia,120000,16
283,hombre,36,9,secundaria,Antioquia,700000,40
284,hombre,33,16,superior,Antioquia,1000000,48
285,mujer,27,11,media,Antioquia,990000,48
286,mujer,53,15,superior,Antioquia,3000000,40
287,hombre,56,11,media,Antioquia,800000,60
288,hombre,56,11,media,Antioquia,1040000,60
289,hombre,25,14,superior,Antioquia,781242,54
290,hombre,26,12,superior,Antioquia,1200000,48
291,mujer,24,13,superior,Antioquia,781242,36
292,hombre,47,11,media,Antioquia,800000,48
293,mujer,46,13,superior,Antioquia,680000,50
294,hombre,41,2,primaria,Antioquia,850000,30
295,mujer,37,11,media,Antioquia,120000,10
296,hombre,46,11,media,Antioquia,2000000,60
297,hombre,38,11,media,Antioquia,781242,48
298,mujer,50,13,superior,Antioquia,1200000,60
299,hombre,51,11,media,Antioquia,2000000,70
300,mujer,49,11,media,Antioquia,500000,40
301,hombre,37,18,superior,Atlantico,6000000,48
302,mujer,51,0,ninguno,Atlantico,2150000,60
303,hombre,37,16,superior,Atlantico,6000000,48
304,mujer,23,15,superior,Atlantico,900000,48
305,mujer,50,11,media,Atlantico,1650000,48
306,hombre,30,16,superior,Atlantico,1600000,48
307,mujer,30,16,superior,Atlantico,1600000,40
308,hombre,23,17,superior,Atlantico,1500000,48
309,hombre,44,17,superior,Atlantico,4000000,48
310,mujer,40,11,media,Atlantico,480000,48
311,hombre,50,16,superior,Atlantico,3000000,30
312,mujer,45,13,superior,Atlantico,1800000,40
313,hombre,36,5,primaria,Atlantico,650000,84
314,mujer,38,11,media,Atlantico,1960000,60
315,hombre,26,16,superior,Atlantico,1600000,56
316,hombre,61,11,media,Atlantico,4000000,110
317,hombre,59,11,media,Atlantico,1800000,60
318,mujer,29,15,superior,Atlantico,2000000,48
319,mujer,28,16,superior,Atlantico,1800000,70
320,hombre,54,5,primaria,Atlantico,781000,70
321,hombre,39,11,media,Atlantico,800000,56
322,hombre,57,11,media,Atlantico,1900000,48
323,mujer,54,13,superior,Atlantico,200000,60
324,mujer,26,16,superior,Atlantico,1370000,48
325,hombre,34,5,primaria,Atlantico,1500000,98
326,hombre,22,13,superior,Atlantico,781000,48
327,hombre,37,11,media,Atlantico,1100000,110
328,mujer,63,7,secundaria,Atlantico,100000,15
329,hombre,32,11,media,Atlantico,600000,36
330,hombre,27,11,media,Atlantico,800000,60
331,hombre,54,11,media,Atlantico,1000000,84
332,hombre,25,12,superior,Atlantico,80000,20
333,hombre,43,16,superior,Atlantico,1200000,48
334,mujer,19,14,superior,Atlantico,400000,40
335,hombre,40,14,superior,Atlantico,1600000,48
336,mujer,36,16,superior,Atlantico,2000000,48
337,mujer,63,2,primaria,Atlantico,1000000,48
338,hombre,41,13,superior,Atlantico,1500000,70
339,mujer,36,13,superior,Atlantico,800000,48
340,hombre,60,16,superior,Atlantico,2000000,60
341,mujer,61,16,superior,Atlantico,4000000,48
342,hombre,35,17,superior,Atlantico,2000000,60
343,mujer,31,13,superior,Atlantico,1900000,48
344,mujer,51,17,superior,Atlantico,2000000,40
345,hombre,31,11,media,Atlantico,1200000,24
346,mujer,33,11,media,Atlantico,800000,48
347,hombre,24,11,media,Atlantico,800000,40
348,mujer,40,9,secundaria,Atlantico,100000,40
349,mujer,36,11,media,Atlantico,400000,48
350,mujer,24,11,media,Atlantico,800000,40
351,hombre,28,11,media,Atlantico,1600000,60
352,hombre,46,7,secundaria,Atlantico,1100000,48
353,hombre,32,13,superior,Atlantico,800000,48
354,mujer,31,11,media,Atlantico,150000,4
355,mujer,50,13,media,Atlantico,30000,20
356,hombre,30,14,superior,Atlantico,400000,30
357,hombre,47,5,primaria,Atlantico,1200000,48
358,mujer,38,11,media,Atlantico,900000,48
359,hombre,32,16,superior,Atlantico,1500000,48
360,mujer,30,16,superior,Atlantico,2000000,48
361,hombre,26,6,secundaria,Atlantico,900000,48
362,mujer,52,5,primaria,Atlantico,336000,16
363,hombre,26,4,primaria,Atlantico,720000,70
364,mujer,19,11,media,Atlantico,60000,10
365,mujer,44,5,primaria,Atlantico,600000,40
366,hombre,25,9,secundaria,Atlantico,200000,48
367,hombre,20,11,media,Atlantico,320000,24
368,hombre,36,11,media,Atlantico,781242,72
369,mujer,42,11,media,Atlantico,390621,24
370,hombre,20,4,primaria,Atlantico,870000,60
371,mujer,37,11,media,Atlantico,25000,5
372,hombre,37,11,media,Atlantico,900000,72
373,hombre,62,6,secundaria,Atlantico,781000,72
374,mujer,59,8,secundaria,Atlantico,840000,56
375,hombre,30,7,secundaria,Atlantico,636000,30
376,mujer,21,6,secundaria,Atlantico,20000,84
377,hombre,42,5,primaria,Atlantico,1200000,48
378,mujer,39,5,primaria,Atlantico,360000,20
379,mujer,22,11,media,Atlantico,300000,40
380,hombre,37,4,primaria,Atlantico,750000,35
381,hombre,39,13,superior,Atlantico,800000,48
382,mujer,30,11,media,Atlantico,800000,56
383,hombre,27,13,superior,Atlantico,800000,60
384,hombre,51,11,media,Atlantico,700000,48
385,mujer,44,16,superior,Atlantico,781242,48
386,mujer,21,11,media,Atlantico,1200000,84
387,hombre,28,13,superior,Atlantico,2000000,60
388,hombre,40,10,media,Atlantico,1200000,64
389,hombre,20,11,media,Atlantico,350000,48
390,mujer,19,13,superior,Atlantico,787000,48
391,hombre,34,13,superior,Atlantico,1200000,48
392,mujer,53,11,media,Atlantico,800000,48
393,mujer,31,13,superior,Atlantico,790000,48
394,mujer,30,11,media,Atlantico,800000,58
395,hombre,28,11,media,Atlantico,800000,48
396,hombre,34,11,media,Atlantico,800000,48
397,mujer,28,11,media,Atlantico,160000,7
398,mujer,25,14,superior,Atlantico,784200,48
399,mujer,54,11,media,Atlantico,786400,48
400,hombre,22,6,secundaria,Atlantico,350000,48
401,mujer,65,21,superior,Atlantico,2000000,40
402,hombre,46,14,superior,Atlantico,3000000,96
403,mujer,42,13,superior,Atlantico,800000,40
404,hombre,51,16,superior,Atlantico,1500000,20
405,mujer,47,16,superior,Atlantico,1520000,48
406,hombre,28,11,media,Atlantico,600000,56
407,mujer,41,13,superior,Atlantico,1000000,30
408,hombre,25,16,superior,Atlantico,836000,44
409,mujer,28,16,superior,Atlantico,1000000,44
410,hombre,44,11,media,Atlantico,700000,30
411,mujer,45,11,media,Atlantico,700000,30
412,hombre,57,11,media,Atlantico,900000,48
413,mujer,42,11,media,Atlantico,781242,60
414,mujer,56,6,secundaria,Atlantico,600000,48
415,hombre,64,11,media,Atlantico,300000,24
416,mujer,64,11,media,Atlantico,250000,36
417,hombre,38,16,superior,Atlantico,1500000,58
418,hombre,26,11,media,Atlantico,800000,48
419,hombre,39,11,media,Atlantico,800000,48
420,mujer,36,5,primaria,Atlantico,600000,48
421,hombre,42,11,media,Atlantico,1050000,70
422,hombre,24,6,secundaria,Atlantico,480000,72
423,mujer,27,11,media,Atlantico,300000,40
424,hombre,26,11,media,Atlantico,300000,60
425,mujer,20,9,secundaria,Atlantico,250000,48
426,hombre,21,9,secundaria,Atlantico,950000,60
427,hombre,29,11,media,Atlantico,900000,42
428,hombre,43,2,primaria,Atlantico,720000,72
429,hombre,51,3,primaria,Atlantico,650000,48
430,hombre,34,7,secundaria,Atlantico,700000,48
431,mujer,35,11,media,Atlantico,600000,42
432,hombre,58,9,secundaria,Atlantico,1200000,50
433,hombre,24,11,media,Atlantico,600000,60
434,mujer,43,11,media,Atlantico,230000,60
435,hombre,50,7,secundaria,Atlantico,900000,60
436,hombre,34,14,superior,Atlantico,850000,48
437,mujer,31,13,superior,Atlantico,240000,28
438,hombre,44,11,media,Atlantico,828116,48
439,mujer,44,11,media,Atlantico,300000,20
440,hombre,34,11,media,Atlantico,787000,48
441,mujer,30,11,media,Atlantico,120000,18
442,hombre,48,16,superior,Atlantico,1000000,48
443,mujer,48,11,media,Atlantico,800000,36
444,hombre,38,11,media,Atlantico,800000,48
445,hombre,48,5,primaria,Atlantico,900000,48
446,hombre,21,9,secundaria,Atlantico,1021242,84
447,mujer,46,5,primaria,Atlantico,480000,30
448,mujer,20,15,superior,Atlantico,150000,60
449,hombre,38,8,secundaria,Atlantico,1200000,48
450,hombre,55,9,secundaria,Atlantico,1500000,48
451,hombre,57,11,media,Atlantico,300000,48
452,mujer,42,3,primaria,Atlantico,146000,18
453,hombre,29,11,media,Atlantico,1200000,60
454,mujer,32,11,media,Atlantico,720000,35
455,hombre,32,13,superior,Atlantico,1200000,48
456,mujer,32,13,superior,Atlantico,700000,60
457,hombre,53,18,superior,Atlantico,2000000,48
458,mujer,42,11,media,Atlantico,1500000,48
459,hombre,21,17,superior,Atlantico,300000,24
460,hombre,26,15,superior,Atlantico,1300000,48
461,hombre,26,5,primaria,Atlantico,435000,72
462,mujer,61,5,primaria,Atlantico,100000,6
463,hombre,54,4,primaria,Atlantico,1200000,48
464,mujer,54,4,primaria,Atlantico,200000,24
465,hombre,27,11,media,Atlantico,781242,72
466,hombre,49,9,secundaria,Atlantico,250000,72
467,hombre,39,9,secundaria,Atlantico,600000,66
468,mujer,40,10,media,Atlantico,870000,84
469,mujer,29,17,superior,Atlantico,800000,48
470,mujer,54,11,media,Atlantico,1000000,40
471,hombre,60,5,primaria,Atlantico,1900000,72
472,hombre,33,8,secundaria,Atlantico,600000,56
473,hombre,56,5,primaria,Atlantico,500000,84
474,mujer,27,14,superior,Atlantico,781000,48
475,mujer,37,8,secundaria,Atlantico,100000,20
476,hombre,52,11,media,Atlantico,781242,72
477,mujer,52,11,media,Atlantico,781242,48
478,hombre,32,11,media,Atlantico,781242,48
479,mujer,27,11,media,Atlantico,781242,48
480,hombre,29,11,media,Atlantico,781000,48
481,mujer,31,13,superior,Atlantico,250000,10
482,hombre,30,7,secundaria,Atlantico,1300000,54
483,mujer,26,11,media,Atlantico,600000,25
484,hombre,60,10,media,Atlantico,800000,48
485,mujer,26,11,media,Atlantico,190000,48
486,hombre,40,14,superior,Atlantico,2500000,42
487,hombre,38,4,primaria,Atlantico,960000,60
488,mujer,47,3,primaria,Atlantico,600000,54
489,mujer,49,3,primaria,Atlantico,1320000,48
490,mujer,40,11,media,Atlantico,420000,30
491,hombre,23,8,secundaria,Atlantico,122000,5
492,mujer,18,11,media,Atlantico,300000,15
493,hombre,49,14,superior,Atlantico,800000,24
494,mujer,21,14,superior,Atlantico,828116,48
495,hombre,42,11,media,Atlantico,1070000,48
496,mujer,31,13,superior,Atlantico,800000,48
497,hombre,50,14,superior,Atlantico,600000,70
498,mujer,19,11,media,Atlantico,380000,36
499,mujer,25,16,superior,Atlantico,2000000,48
500,hombre,28,16,superior,Atlantico,2000000,40
501,mujer,52,11,media,Atlantico,300000,56
502,hombre,20,12,superior,Atlantico,1800000,48
503,hombre,55,0,ninguno,Atlantico,900000,48
504,mujer,50,13,superior,Atlantico,50000,10
505,hombre,29,11,media,Atlantico,784200,48
506,mujer,26,15,superior,Atlantico,800000,48
507,hombre,39,5,primaria,Atlantico,2000000,72
508,mujer,36,13,superior,Atlantico,1000000,48
509,hombre,54,11,media,Atlantico,1141242,72
510,mujer,20,14,superior,Atlantico,781242,54
511,hombre,33,11,media,Atlantico,1200000,72
512,hombre,57,11,media,Atlantico,950000,48
513,mujer,37,11,media,Atlantico,580000,30
514,hombre,32,17,superior,Atlantico,3250000,48
515,mujer,30,16,superior,Atlantico,3800000,45
516,hombre,64,11,media,Atlantico,700000,56
517,mujer,62,11,media,Atlantico,120000,12
518,mujer,51,16,superior,Atlantico,60000,40
519,mujer,48,11,media,Atlantico,800000,60
520,hombre,59,16,superior,Atlantico,1400000,40
521,hombre,53,5,primaria,Atlantico,2000000,48
522,mujer,57,1,primaria,Atlantico,300000,40
523,hombre,56,6,secundaria,Atlantico,900000,54
524,hombre,30,11,media,Atlantico,980000,48
525,mujer,31,11,media,Atlantico,480000,4
526,hombre,37,14,superior,Atlantico,900000,56
527,mujer,56,11,media,Atlantico,780000,40
528,hombre,38,11,media,Atlantico,700000,48
529,hombre,49,5,primaria,Atlantico,900000,70
530,mujer,46,8,secundaria,Atlantico,150000,40
531,mujer,26,9,secundaria,Atlantico,80000,6
532,hombre,29,9,secundaria,Atlantico,1200000,48
533,mujer,41,11,media,Atlantico,300000,12
534,hombre,21,11,media,Atlantico,940000,52
535,hombre,43,13,superior,Atlantico,1500000,105
536,hombre,54,2,primaria,Atlantico,900000,48
537,mujer,59,0,ninguno,Atlantico,300000,40
538,hombre,60,5,primaria,Atlantico,200000,20
539,hombre,36,11,media,Atlantico,600000,48
540,hombre,31,2,primaria,Atlantico,950000,72
541,mujer,28,5,primaria,Atlantico,900000,30
542,hombre,30,11,media,Atlantico,787000,48
543,mujer,62,2,primaria,Atlantico,280000,42
544,hombre,30,11,media,Atlantico,960000,60
545,hombre,47,8,secundaria,Atlantico,800000,48
546,hombre,48,16,superior,Atlantico,3400000,30
547,mujer,40,16,superior,Atlantico,500000,40
548,mujer,50,11,media,Atlantico,150000,20
549,hombre,25,14,superior,Atlantico,800000,48
550,mujer,29,16,superior,Atlantico,1600000,44
551,mujer,18,11,media,Atlantico,1200000,48
552,hombre,24,15,superior,Atlantico,920000,63
553,hombre,61,15,superior,Bogota D.C.,200000,90
554,hombre,52,26,superior,Bogota D.C.,15000000,40
555,mujer,49,7,secundaria,Bogota D.C.,3800000,45
556,hombre,18,11,media,Bogota D.C.,7000000,8
557,mujer,44,11,media,Bogota D.C.,781242,60
558,hombre,49,3,primaria,Bogota D.C.,6000000,45
559,mujer,48,11,media,Bogota D.C.,6000000,45
560,mujer,29,16,superior,Bogota D.C.,1000000,48
561,mujer,26,14,superior,Bogota D.C.,1800000,30
562,hombre,23,11,superior,Bogota D.C.,1000000,35
563,mujer,60,5,primaria,Bogota D.C.,1200000,60
564,mujer,41,5,primaria,Bogota D.C.,781242,48
565,hombre,32,13,superior,Bogota D.C.,1250000,48
566,mujer,58,8,secundaria,Bogota D.C.,300000,40
567,hombre,33,17,superior,Bogota D.C.,2200000,45
568,hombre,25,15,superior,Bogota D.C.,1700000,50
569,mujer,65,2,primaria,Bogota D.C.,300000,20
570,hombre,37,10,media,Bogota D.C.,2500000,48
571,mujer,41,5,primaria,Bogota D.C.,500000,60
572,mujer,20,11,media,Bogota D.C.,40000,70
573,hombre,18,9,secundaria,Bogota D.C.,600000,60
574,mujer,35,13,superior,Bogota D.C.,1000000,48
575,mujer,32,11,media,Bogota D.C.,781242,54
576,mujer,29,16,superior,Bogota D.C.,3500000,40
577,mujer,52,18,superior,Bogota D.C.,6000000,45
578,mujer,48,5,primaria,Bogota D.C.,700000,70
579,mujer,21,11,superior,Bogota D.C.,50000,16
580,hombre,53,5,primaria,Bogota D.C.,1200000,48
581,mujer,52,11,media,Bogota D.C.,600000,48
582,hombre,21,9,secundaria,Bogota D.C.,931242,84
583,mujer,40,16,superior,Bogota D.C.,1500000,48
584,mujer,55,3,primaria,Bogota D.C.,1142200,48
585,hombre,35,11,media,Bogota D.C.,781242,48
586,hombre,61,11,media,Bogota D.C.,300000,10
587,mujer,38,11,media,Bogota D.C.,850000,48
588,hombre,21,11,media,Bogota D.C.,800000,48
589,mujer,58,11,media,Bogota D.C.,1450000,48
590,mujer,52,9,secundaria,Bogota D.C.,800000,40
591,hombre,46,11,media,Bogota D.C.,3000000,48
592,mujer,53,8,secundaria,Bogota D.C.,200000,30
593,mujer,22,16,superior,Bogota D.C.,200000,30
594,hombre,21,15,superior,Bogota D.C.,781242,48
595,mujer,36,8,secundaria,Bogota D.C.,1020000,40
596,mujer,23,7,secundaria,Bogota D.C.,781242,48
597,hombre,26,16,superior,Bogota D.C.,1700000,48
598,hombre,37,16,superior,Bogota D.C.,1605000,60
599,mujer,41,16,superior,Bogota D.C.,1200000,48
600,mujer,29,14,superior,Bogota D.C.,781242,48
601,hombre,39,16,superior,Bogota D.C.,2000000,50
602,hombre,39,11,media,Bogota D.C.,400000,65
603,mujer,34,12,superior,Bogota D.C.,450000,65
604,hombre,62,20,superior,Bogota D.C.,23000000,45
605,mujer,41,5,primaria,Bogota D.C.,781242,60
606,hombre,47,1,primaria,Bogota D.C.,3000000,98
607,mujer,26,14,superior,Bogota D.C.,750000,84
608,hombre,59,5,primaria,Bogota D.C.,500000,60
609,mujer,58,3,primaria,Bogota D.C.,240000,3
610,hombre,59,6,secundaria,Bogota D.C.,400000,48
611,mujer,59,7,secundaria,Bogota D.C.,125000,12
612,hombre,23,14,superior,Bogota D.C.,800000,40
613,hombre,34,17,superior,Bogota D.C.,6000000,48
614,mujer,34,18,superior,Bogota D.C.,12000000,48
615,mujer,27,16,superior,Bogota D.C.,800000,48
616,hombre,43,11,media,Bogota D.C.,781242,48
617,hombre,58,13,media,Bogota D.C.,800000,60
618,mujer,49,11,media,Bogota D.C.,1490000,48
619,hombre,29,11,media,Bogota D.C.,890000,48
620,mujer,28,11,superior,Bogota D.C.,1000000,48
621,hombre,61,4,primaria,Bogota D.C.,500000,54
622,hombre,26,13,superior,Bogota D.C.,781242,48
623,mujer,24,11,media,Bogota D.C.,850000,48
624,hombre,34,14,superior,Bogota D.C.,781242,72
625,mujer,27,12,superior,Bogota D.C.,781242,48
626,hombre,31,11,media,Bogota D.C.,1500000,66
627,mujer,50,5,primaria,Bogota D.C.,800000,68
628,hombre,36,5,primaria,Bogota D.C.,1200000,60
629,hombre,47,6,secundaria,Bogota D.C.,2000000,50
630,mujer,55,8,secundaria,Bogota D.C.,1000000,55
631,mujer,34,11,media,Bogota D.C.,1000000,42
632,mujer,20,11,media,Bogota D.C.,1120000,48
633,hombre,23,11,media,Bogota D.C.,1000000,50
634,hombre,29,5,primaria,Bogota D.C.,781242,105
635,mujer,37,5,primaria,Bogota D.C.,400000,112
636,mujer,43,11,media,Bogota D.C.,850000,48
637,hombre,23,13,superior,Bogota D.C.,900000,48
638,hombre,41,10,media,Bogota D.C.,1100000,45
639,hombre,32,8,secundaria,Bogota D.C.,700000,72
640,mujer,25,12,superior,Bogota D.C.,820000,60
641,hombre,20,11,media,Bogota D.C.,600000,68
642,mujer,50,15,superior,Bogota D.C.,300000,48
643,hombre,28,12,superior,Bogota D.C.,1000000,72
644,hombre,28,12,superior,Bogota D.C.,1200000,72
645,mujer,64,11,media,Bogota D.C.,2400000,40
646,hombre,51,8,secundaria,Bogota D.C.,450000,48
647,hombre,49,11,media,Bogota D.C.,450000,48
648,hombre,37,11,media,Bogota D.C.,60000,20
649,mujer,29,11,media,Bogota D.C.,1200000,72
650,hombre,59,16,superior,Bogota D.C.,6000000,20
651,mujer,51,9,secundaria,Bogota D.C.,600000,30
652,mujer,28,18,superior,Bogota D.C.,1200000,91
653,mujer,33,14,superior,Bogota D.C.,900000,48
654,hombre,39,13,superior,Bogota D.C.,200000,20
655,mujer,21,11,media,Bogota D.C.,700000,40
656,hombre,22,10,media,Bogota D.C.,900000,48
657,hombre,26,11,media,Bogota D.C.,500000,48
658,mujer,47,11,media,Bogota D.C.,781242,60
659,mujer,43,15,superior,Bogota D.C.,500000,54
660,mujer,22,15,superior,Bogota D.C.,950000,45
661,mujer,49,1,primaria,Bogota D.C.,740000,72
662,mujer,44,18,superior,Bogota D.C.,2350000,48
663,hombre,54,13,superior,Bogota D.C.,1000000,70
664,mujer,46,8,secundaria,Bogota D.C.,800000,58
665,mujer,26,11,media,Bogota D.C.,700000,60
666,hombre,51,5,primaria,Bogota D.C.,930000,77
667,mujer,43,5,primaria,Bogota D.C.,1081242,20
668,mujer,46,11,media,Bogota D.C.,1000000,40
669,mujer,33,11,media,Bogota D.C.,1300000,60
670,hombre,44,11,media,Bogota D.C.,1000000,48
671,mujer,60,14,superior,Bogota D.C.,500000,30
672,hombre,40,16,superior,Bogota D.C.,1962000,40
673,mujer,40,11,media,Bogota D.C.,1310000,40
674,mujer,58,19,superior,Bogota D.C.,8000000,40
675,mujer,29,18,superior,Bogota D.C.,3400000,36
676,hombre,41,16,superior,Bogota D.C.,68280000,48
677,mujer,33,16,superior,Bogota D.C.,2000000,50
678,mujer,62,7,secundaria,Bogota D.C.,2000000,72
679,hombre,24,12,superior,Bogota D.C.,1900000,40
680,mujer,32,8,secundaria,Bogota D.C.,900000,60
681,hombre,43,5,primaria,Bogota D.C.,1000000,60
682,mujer,39,19,superior,Bogota D.C.,3400000,48
683,hombre,52,25,superior,Bogota D.C.,6500000,44
684,mujer,40,18,superior,Bogota D.C.,6800000,40
685,hombre,36,13,superior,Bogota D.C.,1280000,48
686,hombre,36,16,superior,Bogota D.C.,600000,25
687,hombre,51,2,primaria,Bogota D.C.,570000,40
688,mujer,45,5,primaria,Bogota D.C.,400000,40
689,hombre,21,11,media,Bogota D.C.,781242,40
690,mujer,22,11,media,Bogota D.C.,200000,35
691,hombre,51,16,superior,Bogota D.C.,1300000,40
692,mujer,51,20,superior,Bogota D.C.,11000000,40
693,hombre,41,19,superior,Bogota D.C.,11000000,50
694,mujer,36,18,superior,Bogota D.C.,5000000,36
695,hombre,49,13,superior,Bogota D.C.,3400000,48
696,mujer,42,18,superior,Bogota D.C.,1000000,60
697,hombre,22,11,media,Bogota D.C.,781242,48
698,mujer,48,9,secundaria,Bogota D.C.,200000,7
699,mujer,27,11,media,Bogota D.C.,781242,48
700,hombre,53,16,superior,Bogota D.C.,2000000,40
701,hombre,53,11,media,Bogota D.C.,822000,40
702,hombre,37,11,media,Bogota D.C.,1500000,45
703,mujer,60,5,primaria,Bogota D.C.,150000,60
704,mujer,46,9,secundaria,Bogota D.C.,540000,35
705,hombre,26,14,superior,Bogota D.C.,1170000,40
706,hombre,38,11,media,Bogota D.C.,1200000,48
707,mujer,49,15,superior,Bogota D.C.,150000,15
708,mujer,47,8,secundaria,Bogota D.C.,100000,8
709,hombre,26,11,media,Bogota D.C.,781242,48
710,hombre,48,8,secundaria,Bogota D.C.,400000,49
711,mujer,35,11,media,Bogota D.C.,900000,48
712,mujer,52,5,primaria,Bogota D.C.,781242,48
713,hombre,57,15,superior,Bogota D.C.,3400000,48
714,mujer,58,19,superior,Bogota D.C.,3800000,40
715,mujer,47,11,media,Bogota D.C.,200000,30
716,hombre,53,5,primaria,Bogota D.C.,500000,60
717,hombre,47,18,superior,Bogota D.C.,5000000,55
718,mujer,43,18,superior,Bogota D.C.,16000000,50
719,hombre,57,16,superior,Bogota D.C.,4000000,50
720,mujer,59,16,superior,Bogota D.C.,2500000,60
721,hombre,59,10,media,Bogota D.C.,781242,48
722,mujer,27,16,superior,Bogota D.C.,1500000,48
723,mujer,59,18,superior,Bogota D.C.,6000000,40
724,hombre,56,18,superior,Bogota D.C.,11000000,58
725,hombre,22,16,superior,Bogota D.C.,1600000,55
726,hombre,25,16,superior,Bogota D.C.,2500000,48
727,hombre,36,16,superior,Bogota D.C.,1800000,50
728,hombre,50,5,primaria,Bogota D.C.,1200000,62
729,hombre,31,13,superior,Bogota D.C.,781242,60
730,mujer,29,12,superior,Bogota D.C.,781242,48
731,hombre,23,11,media,Bogota D.C.,1000000,48
732,mujer,22,11,media,Bogota D.C.,781242,48
733,hombre,46,19,superior,Bogota D.C.,9500000,30
734,mujer,46,17,superior,Bogota D.C.,1200000,40
735,hombre,41,11,media,Bogota D.C.,2000000,60
736,mujer,32,12,superior,Bogota D.C.,800000,50
737,hombre,54,17,superior,Bogota D.C.,3000000,40
738,mujer,45,18,superior,Bogota D.C.,10000000,48
739,mujer,50,5,primaria,Bogota D.C.,1141242,48
740,hombre,22,5,primaria,Bogota D.C.,900000,48
741,mujer,28,5,primaria,Bogota D.C.,470000,54
742,mujer,35,18,superior,Bogota D.C.,4000000,40
743,hombre,55,17,superior,Bogota D.C.,15000000,40
744,mujer,52,17,superior,Bogota D.C.,12000000,50
745,mujer,40,2,primaria,Bogota D.C.,781242,48
746,hombre,55,17,superior,Bogota D.C.,8000000,55
747,mujer,54,16,superior,Bogota D.C.,1600000,50
748,hombre,53,7,secundaria,Bogota D.C.,1200000,70
749,hombre,43,10,media,Bogota D.C.,800000,48
750,hombre,27,17,superior,Bogota D.C.,4400000,45
751,mujer,30,15,superior,Bogota D.C.,3500000,40
752,mujer,37,13,superior,Bogota D.C.,860000,84
753,mujer,42,11,media,Bogota D.C.,1281242,48
754,mujer,23,14,superior,Bogota D.C.,1300000,40
755,hombre,22,11,media,Bogota D.C.,830000,52
756,hombre,59,11,media,Bogota D.C.,2000000,60
757,mujer,22,14,superior,Bogota D.C.,840000,36
758,mujer,40,3,primaria,Bogota D.C.,1100000,48
759,mujer,45,11,media,Bogota D.C.,781242,48
760,hombre,48,11,media,Bogota D.C.,2000000,50
761,hombre,65,15,superior,Bogota D.C.,1800000,40
762,hombre,43,18,superior,Bogota D.C.,22000000,45
763,mujer,40,18,superior,Bogota D.C.,8000000,40
764,mujer,51,9,secundaria,Bogota D.C.,781242,48
765,hombre,23,11,media,Bogota D.C.,400000,20
766,hombre,29,16,superior,Bogota D.C.,1962000,43
767,mujer,25,16,superior,Bogota D.C.,2300000,43
768,hombre,45,18,superior,Bogota D.C.,17000000,50
769,hombre,63,11,media,Bogota D.C.,1300000,48
770,mujer,52,11,media,Bogota D.C.,200000,15
771,hombre,46,13,superior,Bogota D.C.,781242,56
772,mujer,36,16,superior,Bogota D.C.,800000,40
773,hombre,25,11,media,Bogota D.C.,1100000,48
774,hombre,63,8,secundaria,Bogota D.C.,1600000,50
775,hombre,31,16,superior,Bogota D.C.,1500000,45
776,mujer,23,13,superior,Bogota D.C.,1200000,70
777,hombre,26,11,media,Bogota D.C.,1000000,72
778,mujer,22,11,media,Bogota D.C.,781242,72
779,hombre,36,11,media,Bogota D.C.,781242,70
780,hombre,44,11,media,Bogota D.C.,781242,48
781,hombre,35,18,superior,Bogota D.C.,5000000,50
782,mujer,33,18,superior,Bogota D.C.,4000000,40
783,hombre,33,3,primaria,Bogota D.C.,900000,54
784,mujer,28,5,primaria,Bogota D.C.,600000,48
785,hombre,39,11,media,Bolivar,990000,48
786,mujer,41,11,media,Bolivar,781242,48
787,hombre,46,11,media,Bolivar,500000,48
788,hombre,47,11,media,Bolivar,900000,48
789,hombre,24,13,superior,Bolivar,800000,48
790,hombre,47,11,media,Bolivar,1200000,48
791,hombre,24,14,superior,Bolivar,600000,40
792,hombre,23,11,media,Bolivar,750000,48
793,hombre,52,11,media,Bolivar,781242,48
794,hombre,45,5,primaria,Bolivar,900000,48
795,hombre,37,11,media,Bolivar,781242,48
796,mujer,38,11,media,Bolivar,2000000,30
797,hombre,34,11,media,Bolivar,700000,40
798,hombre,36,13,superior,Bolivar,1000000,48
799,hombre,45,13,superior,Bolivar,2000000,48
800,mujer,37,11,media,Bolivar,80000,24
801,hombre,19,13,superior,Bolivar,781242,30
802,mujer,45,11,media,Bolivar,781242,48
803,hombre,28,11,media,Bolivar,1000000,48
804,hombre,49,8,secundaria,Bolivar,1000000,48
805,hombre,31,11,media,Bolivar,500000,48
806,hombre,40,11,media,Bolivar,1050000,48
807,mujer,30,11,media,Bolivar,781242,48
808,hombre,39,11,media,Bolivar,1200000,48
809,hombre,34,5,primaria,Bolivar,800000,48
810,hombre,28,11,media,Bolivar,4000000,64
811,hombre,29,16,superior,Bolivar,1200000,48
812,mujer,28,16,superior,Bolivar,1300000,48
813,hombre,53,14,superior,Bolivar,1500000,48
814,mujer,46,14,superior,Bolivar,1600000,48
815,mujer,26,13,superior,Bolivar,1000000,48
816,hombre,34,11,media,Bolivar,750000,48
817,mujer,34,16,superior,Bolivar,450000,40
818,hombre,64,14,superior,Bolivar,1100000,40
819,hombre,38,15,superior,Bolivar,781242,48
820,mujer,48,8,secundaria,Bolivar,560000,70
821,mujer,54,16,superior,Bolivar,200000,24
822,hombre,37,16,superior,Bolivar,900000,48
823,mujer,43,17,superior,Bolivar,2000000,48
824,hombre,19,11,media,Bolivar,781242,48
825,hombre,53,11,media,Bolivar,1000000,48
826,hombre,27,13,superior,Bolivar,781242,48
827,mujer,40,13,superior,Bolivar,600000,48
828,hombre,38,11,media,Bolivar,800000,48
829,mujer,40,16,superior,Bolivar,900000,48
830,mujer,56,16,superior,Bolivar,500000,40
831,hombre,57,13,superior,Bolivar,1000000,48
832,mujer,33,16,superior,Bolivar,1200000,48
833,hombre,18,13,superior,Bolivar,600000,20
834,hombre,51,16,superior,Bolivar,1500000,40
835,mujer,38,13,superior,Bolivar,781242,48
836,hombre,56,18,superior,Bolivar,3000000,40
837,mujer,63,0,ninguno,Bolivar,80000,8
838,mujer,54,0,ninguno,Bolivar,80000,20
839,mujer,52,6,secundaria,Bolivar,120000,24
840,mujer,41,11,media,Bolivar,500000,48
841,hombre,46,11,media,Bolivar,500000,48
842,mujer,30,11,media,Bolivar,781242,48
843,hombre,29,6,secundaria,Bolivar,1200000,48
844,mujer,50,6,secundaria,Bolivar,650000,48
845,hombre,53,6,secundaria,Bolivar,700000,48
846,hombre,22,11,media,Bolivar,781242,48
847,hombre,39,11,media,Bolivar,800000,70
848,mujer,33,11,media,Bolivar,1570000,40
849,hombre,60,5,primaria,Bolivar,700000,48
850,hombre,32,13,superior,Bolivar,700000,60
851,mujer,36,13,superior,Bolivar,650000,50
852,hombre,46,11,media,Bolivar,1300000,60
853,mujer,44,7,secundaria,Bolivar,680000,40
854,mujer,23,11,media,Bolivar,781242,48
855,hombre,38,13,superior,Bolivar,1200000,48
856,hombre,49,19,superior,Bolivar,3200000,48
857,hombre,62,5,primaria,Bolivar,700000,55
858,hombre,57,16,superior,Bolivar,3500000,48
859,hombre,27,14,superior,Bolivar,2000000,50
860,hombre,39,16,superior,Bolivar,2000000,48
861,hombre,36,11,media,Bolivar,2400000,48
862,hombre,56,6,secundaria,Bolivar,640000,42
863,mujer,52,9,secundaria,Bolivar,781242,48
864,mujer,33,8,secundaria,Bolivar,800000,60
865,hombre,28,15,superior,Bolivar,1290000,48
866,hombre,42,4,primaria,Bolivar,700000,50
867,hombre,21,11,media,Bolivar,130000,50
868,mujer,64,5,primaria,Bolivar,200000,25
869,mujer,55,11,media,Bolivar,600000,48
870,hombre,24,11,media,Bolivar,1600000,48
871,hombre,48,11,media,Bolivar,750000,48
872,hombre,23,12,superior,Bolivar,400000,48
873,hombre,34,11,media,Bolivar,1800000,48
874,hombre,27,11,media,Bolivar,850000,48
875,mujer,51,5,primaria,Bolivar,150000,30
876,mujer,61,8,secundaria,Bolivar,170000,30
877,hombre,32,5,primaria,Bolivar,500000,50
878,hombre,26,11,media,Bolivar,500000,50
879,mujer,26,11,media,Bolivar,70000,40
880,mujer,49,5,primaria,Bolivar,500000,40
881,hombre,51,5,primaria,Bolivar,700000,40
882,hombre,61,11,media,Bolivar,720000,48
883,mujer,37,11,media,Bolivar,781242,48
884,hombre,38,11,media,Bolivar,781242,48
885,hombre,38,16,superior,Bolivar,3500000,48
886,mujer,55,16,superior,Bolivar,2200000,48
887,hombre,49,13,superior,Bolivar,1300000,50
888,hombre,56,16,superior,Bolivar,1800000,40
889,mujer,50,16,superior,Bolivar,2000000,48
890,mujer,50,16,superior,Bolivar,240000,50
891,mujer,29,13,superior,Bolivar,600000,30
892,mujer,27,13,superior,Bolivar,869453,48
893,hombre,32,13,superior,Bolivar,1000000,55
894,mujer,38,16,superior,Bolivar,2000000,48
895,hombre,54,19,superior,Bolivar,1000000,24
896,mujer,24,16,superior,Bolivar,1200000,48
897,hombre,47,16,superior,Bolivar,3500000,48
898,mujer,42,16,superior,Bolivar,2000000,48
899,mujer,50,14,superior,Bolivar,1200000,48
900,hombre,45,11,media,Bolivar,3800000,70
901,hombre,43,11,media,Bolivar,1100000,48
902,mujer,34,11,media,Bolivar,1200000,48
903,hombre,55,11,media,Bolivar,1300000,48
904,mujer,55,11,media,Bolivar,400000,20
905,mujer,29,16,superior,Bolivar,1000000,40
906,hombre,21,16,superior,Bolivar,2300000,48
907,hombre,26,13,superior,Bolivar,1000000,48
908,mujer,31,11,media,Bolivar,300000,32
909,hombre,29,5,primaria,Bolivar,450000,48
910,mujer,23,6,secundaria,Bolivar,100000,16
911,hombre,26,13,superior,Bolivar,800000,48
912,mujer,23,13,superior,Bolivar,150000,48
913,mujer,46,9,secundaria,Bolivar,400000,48
914,hombre,26,6,secundaria,Bolivar,900000,48
915,hombre,26,11,media,Bolivar,600000,48
916,hombre,48,6,secundaria,Bolivar,360000,40
917,hombre,23,11,media,Bolivar,200000,40
918,hombre,46,11,media,Bolivar,800000,60
919,hombre,40,8,secundaria,Bolivar,800000,50
920,hombre,50,5,primaria,Bolivar,800000,48
921,hombre,21,11,media,Bolivar,500000,40
922,mujer,53,7,secundaria,Bolivar,450000,56
923,mujer,39,11,media,Bolivar,650000,48
924,hombre,24,11,media,Bolivar,800000,48
925,mujer,20,11,media,Bolivar,850000,48
926,hombre,33,13,superior,Bolivar,1000000,48
927,mujer,32,11,media,Bolivar,340000,24
928,hombre,36,11,media,Bolivar,1200000,54
929,hombre,33,7,secundaria,Bolivar,800000,60
930,hombre,51,9,secundaria,Bolivar,600000,40
931,hombre,49,10,media,Bolivar,1000000,40
932,hombre,46,3,primaria,Bolivar,640000,32
933,mujer,65,0,ninguno,Bolivar,400000,40
934,hombre,27,6,secundaria,Bolivar,700000,32
935,hombre,64,5,primaria,Bolivar,400000,30
936,mujer,34,11,media,Bolivar,800000,48
937,hombre,64,3,primaria,Bolivar,840000,84
938,hombre,35,5,primaria,Bolivar,869453,48
939,hombre,50,11,media,Bolivar,850000,48
940,hombre,42,11,media,Bolivar,600000,25
941,mujer,37,14,superior,Bolivar,1500000,48
942,mujer,25,14,superior,Bolivar,300000,48
943,hombre,30,5,primaria,Bolivar,500000,40
944,hombre,31,11,media,Bolivar,750000,48
945,mujer,50,8,secundaria,Bolivar,781242,40
946,hombre,53,11,media,Bolivar,200000,40
947,mujer,53,9,secundaria,Bolivar,781242,48
948,hombre,54,14,superior,Bolivar,900000,48
949,hombre,45,8,secundaria,Bolivar,640000,40
950,mujer,35,11,media,Bolivar,70000,20
951,hombre,50,11,media,Bolivar,700000,48
952,mujer,52,11,media,Bolivar,1000000,48
953,hombre,23,12,superior,Bolivar,781242,48
954,hombre,21,11,media,Bolivar,450000,48
955,mujer,42,11,media,Bolivar,781242,48
956,hombre,50,3,primaria,Bolivar,600000,42
957,mujer,45,5,primaria,Bolivar,2000000,56
958,hombre,22,11,media,Bolivar,500000,48
959,hombre,18,11,media,Bolivar,400000,48
960,hombre,48,16,superior,Bolivar,192000,48
961,mujer,37,16,superior,Bolivar,1800000,48
962,mujer,25,14,superior,Bolivar,1400000,48
963,hombre,64,14,superior,Bolivar,900000,30
964,hombre,20,11,media,Bolivar,900000,56
965,mujer,44,16,superior,Bolivar,2000000,48
966,hombre,31,12,superior,Bolivar,781242,54
967,mujer,31,13,superior,Bolivar,1100000,48
968,hombre,28,17,superior,Bolivar,4000000,50
969,mujer,26,16,superior,Bolivar,2000000,48
970,mujer,25,11,media,Bolivar,781242,50
971,hombre,29,13,superior,Bolivar,1400000,48
972,mujer,26,13,superior,Bolivar,750000,60
973,mujer,35,16,superior,Bolivar,1300000,30
974,mujer,54,14,superior,Bolivar,4000000,48
975,hombre,28,16,superior,Bolivar,500000,40
976,mujer,28,13,superior,Bolivar,781242,48
977,hombre,28,13,superior,Bolivar,1300000,50
978,mujer,63,18,superior,Bolivar,2300000,40
979,hombre,33,11,media,Bolivar,2200000,50
980,mujer,29,13,superior,Bolivar,781242,48
981,mujer,42,17,superior,Bolivar,2400000,30
982,hombre,39,16,superior,Bolivar,3200000,48
983,mujer,39,16,superior,Bolivar,3000000,48
984,mujer,64,5,primaria,Boyaca,300000,20
985,hombre,38,1,primaria,Boyaca,1100000,40
986,hombre,33,16,superior,Boyaca,600000,48
987,hombre,63,11,media,Boyaca,200000,40
988,mujer,61,13,superior,Boyaca,800000,20
989,hombre,29,18,superior,Boyaca,200000,26
990,mujer,58,11,media,Boyaca,1500000,40
991,mujer,60,11,media,Boyaca,781242,48
992,hombre,36,11,media,Boyaca,840000,48
993,hombre,38,11,media,Boyaca,840000,48
994,hombre,40,1,primaria,Boyaca,781242,45
995,hombre,43,5,primaria,Boyaca,600000,50
996,mujer,38,11,media,Boyaca,600000,50
997,hombre,36,11,media,Boyaca,1000000,50
998,hombre,52,10,media,Boyaca,1100000,60
999,mujer,21,17,superior,Boyaca,781242,40
1000,mujer,19,12,superior,Boyaca,35500,6
1001,hombre,58,3,primaria,Boyaca,600000,40
1002,hombre,36,11,media,Boyaca,781242,48
1003,mujer,31,18,superior,Boyaca,1000000,50
1004,mujer,46,5,primaria,Boyaca,40000,4
1005,mujer,24,11,media,Boyaca,50000,10
1006,mujer,46,10,media,Boyaca,300000,48
1007,hombre,51,11,media,Boyaca,800000,40
1008,mujer,57,11,media,Boyaca,500000,84
1009,hombre,58,6,secundaria,Boyaca,800000,48
1010,mujer,25,14,superior,Boyaca,800000,48
1011,hombre,53,7,secundaria,Boyaca,1350000,48
1012,mujer,43,11,media,Boyaca,800000,50
1013,hombre,47,5,primaria,Boyaca,1600000,48
1014,mujer,43,13,superior,Boyaca,500000,48
1015,hombre,45,18,superior,Boyaca,3200000,50
1016,mujer,33,18,superior,Boyaca,3000000,50
1017,hombre,47,5,primaria,Boyaca,1500000,60
1018,mujer,42,11,media,Boyaca,781242,40
1019,hombre,24,11,media,Boyaca,600000,48
1020,mujer,23,18,superior,Boyaca,1000000,48
1021,hombre,36,18,superior,Boyaca,5000000,30
1022,hombre,52,11,media,Boyaca,1800000,48
1023,hombre,25,11,media,Boyaca,500000,40
1024,hombre,30,3,primaria,Boyaca,781242,48
1025,mujer,28,11,media,Boyaca,781242,48
1026,mujer,45,16,superior,Boyaca,3000000,40
1027,mujer,57,5,primaria,Boyaca,300000,56
1028,hombre,37,11,media,Boyaca,800000,40
1029,mujer,26,16,superior,Boyaca,1300000,40
1030,mujer,22,16,superior,Boyaca,300000,48
1031,mujer,52,11,media,Boyaca,1200000,44
1032,hombre,34,16,superior,Boyaca,1000000,54
1033,mujer,29,18,superior,Boyaca,1800000,44
1034,hombre,62,11,media,Boyaca,800000,72
1035,mujer,51,22,superior,Boyaca,4500000,40
1036,mujer,28,11,media,Boyaca,1500000,40
1037,hombre,26,23,superior,Boyaca,1500000,48
1038,mujer,27,13,superior,Boyaca,781242,45
1039,hombre,35,18,superior,Boyaca,4900000,40
1040,mujer,39,17,superior,Boyaca,4000000,40
1041,mujer,48,11,media,Boyaca,340000,40
1042,hombre,34,17,superior,Boyaca,1200000,45
1043,mujer,25,12,superior,Boyaca,781242,44
1044,hombre,60,5,primaria,Boyaca,800000,50
1045,mujer,39,11,media,Boyaca,781242,48
1046,hombre,44,22,superior,Boyaca,3500000,40
1047,mujer,27,16,superior,Boyaca,800000,48
1048,hombre,39,13,superior,Boyaca,2600000,48
1049,mujer,31,16,superior,Boyaca,1000000,48
1050,hombre,51,18,superior,Boyaca,5000000,40
1051,mujer,44,16,superior,Boyaca,2000000,48
1052,hombre,31,16,superior,Boyaca,1600000,40
1053,mujer,30,13,superior,Boyaca,1250000,48
1054,hombre,23,11,media,Boyaca,600000,49
1055,hombre,43,11,media,Boyaca,120000,30
1056,hombre,42,11,media,Boyaca,800000,84
1057,mujer,27,15,superior,Boyaca,1200000,48
1058,mujer,60,13,superior,Boyaca,900000,48
1059,hombre,55,16,superior,Boyaca,3000000,50
1060,mujer,45,21,superior,Boyaca,3280000,40
1061,mujer,34,18,superior,Boyaca,2000000,48
1062,mujer,45,11,media,Boyaca,781242,48
1063,hombre,25,14,superior,Boyaca,1200000,48
1064,hombre,21,11,media,Boyaca,781242,48
1065,hombre,42,13,superior,Boyaca,781242,70
1066,mujer,37,11,media,Boyaca,600000,25
1067,hombre,31,14,superior,Boyaca,1800000,48
1068,mujer,60,26,superior,Boyaca,3000000,40
1069,mujer,59,11,media,Boyaca,200000,21
1070,hombre,62,9,secundaria,Boyaca,800000,48
1071,hombre,40,11,media,Boyaca,800000,48
1072,mujer,62,16,superior,Boyaca,3000000,30
1073,mujer,25,16,superior,Boyaca,1500000,30
1074,hombre,50,5,primaria,Boyaca,600000,48
1075,mujer,42,3,primaria,Boyaca,800000,48
1076,hombre,27,11,media,Boyaca,600000,48
1077,hombre,54,11,media,Boyaca,781242,60
1078,mujer,50,18,superior,Boyaca,1194000,40
1079,hombre,36,13,superior,Boyaca,1800000,84
1080,mujer,30,13,superior,Boyaca,300000,30
1081,hombre,24,15,superior,Boyaca,1200000,48
1082,hombre,51,13,superior,Boyaca,800000,60
1083,mujer,48,16,superior,Boyaca,1800000,40
1084,mujer,52,18,superior,Boyaca,3100000,40
1085,hombre,39,14,superior,Boyaca,2000000,70
1086,mujer,39,13,superior,Boyaca,781242,60
1087,hombre,42,21,superior,Boyaca,7500000,40
1088,mujer,34,19,superior,Boyaca,3000000,48
1089,mujer,57,17,superior,Boyaca,2000000,40
1090,hombre,37,14,superior,Boyaca,3000000,40
1091,hombre,29,3,primaria,Boyaca,360000,24
1092,mujer,23,7,secundaria,Boyaca,781242,50
1093,hombre,34,11,media,Boyaca,781242,40
1094,mujer,49,11,media,Boyaca,2200000,40
1095,hombre,39,18,superior,Boyaca,1500000,48
1096,mujer,40,12,superior,Boyaca,781242,48
1097,mujer,23,14,superior,Boyaca,1000000,48
1098,hombre,27,11,media,Boyaca,800000,48
1099,hombre,31,5,primaria,Boyaca,1500000,48
1100,mujer,44,11,media,Boyaca,900000,40
1101,mujer,46,11,media,Boyaca,781242,60
1102,hombre,28,11,media,Caldas,814000,48
1103,mujer,27,6,secundaria,Caldas,781242,48
1104,hombre,44,11,media,Caldas,2000000,48
1105,hombre,62,5,primaria,Caldas,580000,50
1106,mujer,56,16,superior,Caldas,3000000,48
1107,mujer,41,20,superior,Caldas,4800000,45
1108,hombre,26,17,superior,Caldas,1600000,48
1109,mujer,26,20,superior,Caldas,12000000,48
1110,hombre,24,11,media,Caldas,950000,48
1111,mujer,53,4,primaria,Caldas,640000,40
1112,hombre,28,11,media,Caldas,781242,48
1113,mujer,22,8,secundaria,Caldas,660000,48
1114,hombre,35,6,secundaria,Caldas,781242,52
1115,mujer,51,11,media,Caldas,700000,60
1116,hombre,38,14,superior,Caldas,1800000,56
1117,mujer,47,5,primaria,Caldas,781242,48
1118,hombre,45,9,secundaria,Caldas,781242,48
1119,hombre,46,5,primaria,Caldas,560000,48
1120,hombre,30,13,superior,Caldas,781242,48
1121,hombre,34,15,superior,Caldas,1517000,55
1122,hombre,23,13,superior,Caldas,1100000,48
1123,mujer,43,19,superior,Caldas,1800000,48
1124,mujer,31,5,primaria,Caldas,781242,48
1125,hombre,33,11,media,Caldas,781242,48
1126,hombre,32,16,superior,Caldas,781242,48
1127,hombre,24,18,superior,Caldas,2300000,55
1128,mujer,51,11,media,Caldas,1240000,60
1129,mujer,48,11,media,Caldas,600000,48
1130,hombre,24,11,media,Caldas,1131242,48
1131,mujer,26,16,superior,Caldas,400000,20
1132,hombre,35,16,superior,Caldas,1890000,40
1133,hombre,32,13,superior,Caldas,1800000,48
1134,mujer,30,18,superior,Caldas,1260000,40
1135,mujer,27,16,superior,Caldas,1900000,40
1136,hombre,39,0,ninguno,Caldas,300000,60
1137,mujer,53,11,media,Caldas,500000,45
1138,mujer,37,16,superior,Caldas,1100000,48
1139,mujer,53,18,superior,Caldas,3700000,30
1140,mujer,40,4,primaria,Caldas,840000,94
1141,hombre,42,5,primaria,Caldas,781242,48
1142,hombre,50,14,superior,Caldas,781242,48
1143,mujer,26,13,superior,Caldas,582500,60
1144,mujer,41,11,media,Caldas,1600000,12
1145,hombre,44,16,superior,Caldas,3800000,48
1146,mujer,25,11,media,Caldas,800000,60
1147,mujer,40,11,media,Caldas,1200000,48
1148,hombre,23,13,superior,Caldas,600000,48
1149,mujer,27,11,media,Caldas,781242,48
1150,mujer,36,13,superior,Caldas,600000,48
1151,mujer,39,13,superior,Caldas,781242,45
1152,mujer,21,13,superior,Caldas,781242,48
1153,hombre,32,11,media,Caldas,1500000,60
1154,mujer,49,13,superior,Caldas,950000,48
1155,hombre,56,16,superior,Caldas,1000000,40
1156,mujer,25,18,superior,Caldas,4000000,55
1157,mujer,58,11,media,Caldas,1200000,48
1158,hombre,28,11,media,Caldas,781242,72
1159,hombre,52,0,ninguno,Caldas,781242,48
1160,mujer,39,9,secundaria,Caldas,420000,27
1161,mujer,56,16,superior,Caldas,1000000,72
1162,hombre,43,16,superior,Caldas,2000000,48
1163,mujer,55,11,media,Caldas,400000,60
1164,hombre,54,21,superior,Caldas,500000,48
1165,hombre,53,11,media,Caldas,840000,48
1166,hombre,56,12,superior,Caldas,820000,48
1167,mujer,52,11,media,Caldas,400000,20
1168,mujer,60,10,media,Caldas,50000,10
1169,hombre,57,11,media,Caldas,800000,77
1170,hombre,33,16,superior,Caldas,480000,32
1171,mujer,24,12,superior,Caldas,800000,48
1172,hombre,27,13,superior,Caldas,781242,48
1173,mujer,20,13,superior,Caldas,160000,12
1174,hombre,25,11,media,Caldas,1000000,48
1175,hombre,23,13,superior,Caldas,781242,48
1176,hombre,51,11,media,Caldas,780000,40
1177,mujer,41,10,media,Caldas,972000,48
1178,mujer,39,2,primaria,Caldas,620000,40
1179,hombre,22,11,media,Caldas,860000,50
1180,hombre,37,8,secundaria,Caldas,1000000,84
1181,mujer,50,11,media,Caldas,550000,24
1182,mujer,28,11,media,Caldas,1200000,48
1183,mujer,39,9,secundaria,Caldas,760000,48
1184,mujer,43,11,media,Caldas,1000000,60
1185,hombre,26,11,media,Caldas,1200000,60
1186,hombre,36,13,superior,Caldas,1500000,40
1187,mujer,56,3,primaria,Caldas,450000,60
1188,hombre,64,10,media,Caldas,800000,48
1189,mujer,38,2,primaria,Caldas,510000,70
1190,hombre,32,11,media,Caldas,1400000,48
1191,mujer,18,14,superior,Caldas,800000,48
1192,hombre,31,11,media,Caldas,781242,48
1193,mujer,26,11,media,Caldas,30000,3
1194,mujer,30,16,superior,Caldas,1800000,48
1195,mujer,35,16,superior,Caldas,3000000,40
1196,hombre,40,7,secundaria,Caldas,1000000,90
1197,hombre,27,11,media,Caldas,900000,48
1198,mujer,20,11,superior,Caldas,781242,48
1199,hombre,22,11,media,Caldas,781242,48
1200,hombre,54,8,secundaria,Caldas,900000,72
1201,mujer,53,5,primaria,Caldas,781242,48
1202,mujer,32,11,media,Caldas,781242,48
1203,mujer,18,11,media,Caldas,480000,24
1204,hombre,20,11,media,Caldas,1000000,48
1205,mujer,30,13,superior,Caldas,984000,72
1206,hombre,44,7,secundaria,Caldas,1200000,60
1207,hombre,19,10,media,Caldas,200000,50
1208,hombre,31,15,superior,Caldas,1200000,48
1209,mujer,61,8,secundaria,Caldas,781242,48
1210,mujer,60,3,primaria,Caldas,200000,8
1211,hombre,56,11,media,Caldas,781242,48
1212,hombre,50,7,secundaria,Caldas,1000000,50
1213,hombre,60,6,secundaria,Caldas,2000000,50
1214,hombre,54,11,media,Caldas,2000000,72
1215,mujer,44,11,media,Caldas,781242,48
1216,mujer,60,11,media,Caldas,390621,24
1217,mujer,20,14,superior,Caldas,781242,48
1218,mujer,56,8,secundaria,Caldas,1200000,60
1219,hombre,32,12,superior,Caldas,390000,40
1220,hombre,62,14,superior,Caldas,1300000,44
1221,hombre,54,17,superior,Caldas,1100000,48
1222,hombre,34,13,superior,Caldas,1500000,70
1223,mujer,32,11,media,Caldas,1400000,70
1224,mujer,51,11,media,Caldas,400000,36
1225,mujer,55,13,superior,Caldas,300000,45
1226,hombre,46,8,secundaria,Caldas,300000,50
1227,mujer,52,11,media,Caldas,781242,50
1228,hombre,55,16,superior,Caldas,1500000,48
1229,mujer,56,16,superior,Caldas,1200000,48
1230,hombre,51,11,media,Caldas,781242,48
1231,hombre,22,11,media,Caldas,781242,48
1232,mujer,19,13,superior,Caldas,450000,63
1233,hombre,42,9,secundaria,Caldas,2000000,30
1234,hombre,52,11,media,Caldas,900000,56
1235,mujer,26,15,superior,Caldas,781242,60
1236,hombre,19,14,superior,Caldas,832000,48
1237,hombre,30,17,superior,Caldas,4000000,70
1238,hombre,48,11,media,Caldas,800000,40
1239,mujer,34,12,superior,Caldas,387000,48
1240,hombre,51,7,secundaria,Caldas,781242,52
1241,mujer,40,14,superior,Caldas,750000,50
1242,mujer,44,11,media,Caldas,200000,55
1243,hombre,25,14,superior,Caldas,781242,48
1244,hombre,33,11,media,Caldas,1500000,48
1245,mujer,51,13,superior,Caldas,1100000,48
1246,hombre,34,14,superior,Caldas,781242,48
1247,mujer,40,16,superior,Caqueta,830000,60
1248,hombre,28,15,superior,Caqueta,1500000,50
1249,hombre,42,0,ninguno,Caqueta,300000,40
1250,mujer,42,16,superior,Caqueta,550000,50
1251,mujer,48,16,superior,Caqueta,830000,44
1252,hombre,25,15,superior,Caqueta,650000,28
1253,hombre,36,13,superior,Caqueta,1000000,48
1254,mujer,57,5,primaria,Caqueta,930000,42
1255,mujer,37,10,media,Caqueta,480000,60
1256,mujer,61,19,superior,Caqueta,3600000,50
1257,hombre,36,11,media,Caqueta,780000,50
1258,hombre,30,11,media,Caqueta,780000,50
1259,hombre,32,11,media,Caqueta,600000,50
1260,hombre,64,2,primaria,Caqueta,550000,48
1261,hombre,48,8,secundaria,Caqueta,840000,60
1262,mujer,43,11,media,Caqueta,782000,40
1263,mujer,49,5,primaria,Caqueta,782000,60
1264,hombre,25,11,media,Caqueta,782000,40
1265,mujer,39,7,secundaria,Caqueta,500000,48
1266,hombre,63,17,superior,Caqueta,3700000,48
1267,mujer,49,16,superior,Caqueta,1500000,48
1268,mujer,51,7,secundaria,Caqueta,300000,30
1269,hombre,48,2,primaria,Caqueta,500000,40
1270,hombre,24,7,secundaria,Caqueta,600000,50
1271,mujer,41,17,superior,Caqueta,3000000,50
1272,hombre,34,16,superior,Caqueta,1800000,40
1273,hombre,22,11,media,Caqueta,300000,50
1274,mujer,43,11,media,Caqueta,500000,50
1275,hombre,50,11,media,Caqueta,200000,40
1276,hombre,29,16,superior,Caqueta,920000,50
1277,hombre,35,14,superior,Caqueta,1000000,50
1278,mujer,38,18,superior,Caqueta,2500000,44
1279,mujer,39,12,superior,Caqueta,780000,48
1280,mujer,38,16,superior,Caqueta,2500000,50
1281,hombre,39,13,superior,Caqueta,1500000,40
1282,mujer,25,16,superior,Caqueta,1000000,40
1283,hombre,63,16,superior,Caqueta,2000000,48
1284,mujer,19,12,superior,Caqueta,782000,48
1285,mujer,41,11,media,Caqueta,120000,20
1286,hombre,28,13,superior,Caqueta,1700000,48
1287,mujer,52,2,primaria,Caqueta,400000,20
1288,hombre,36,13,superior,Caqueta,700000,48
1289,mujer,26,11,media,Caqueta,240000,20
1290,hombre,41,11,media,Caqueta,1200000,48
1291,mujer,61,8,secundaria,Caqueta,200000,20
1292,hombre,35,11,media,Caqueta,800000,40
1293,hombre,56,4,primaria,Caqueta,600000,40
1294,hombre,24,11,media,Caqueta,782000,48
1295,mujer,54,0,ninguno,Caqueta,600000,48
1296,hombre,60,0,ninguno,Caqueta,200000,30
1297,mujer,34,9,secundaria,Caqueta,1000000,48
1298,mujer,41,14,superior,Caqueta,1200000,40
1299,mujer,62,5,primaria,Caqueta,600000,40
1300,mujer,48,5,primaria,Caqueta,1500000,105
1301,hombre,19,12,superior,Caqueta,600000,90
1302,hombre,30,11,media,Caqueta,830000,48
1303,hombre,36,11,media,Caqueta,1500000,30
1304,mujer,27,16,superior,Caqueta,3000000,48
1305,mujer,32,0,ninguno,Caqueta,400000,60
1306,hombre,39,5,primaria,Caqueta,800000,60
1307,mujer,36,11,media,Caqueta,780000,48
1308,mujer,28,11,media,Caqueta,500000,50
1309,mujer,63,7,secundaria,Caqueta,800000,50
1310,mujer,36,11,media,Caqueta,600000,40
1311,mujer,25,15,superior,Caqueta,1300000,50
1312,mujer,47,5,primaria,Caqueta,830000,40
1313,hombre,19,10,media,Caqueta,500000,25
1314,hombre,28,11,media,Caqueta,800000,50
1315,hombre,31,5,primaria,Caqueta,1500000,70
1316,mujer,27,11,media,Caqueta,400000,40
1317,hombre,59,5,primaria,Caqueta,850000,48
1318,hombre,34,3,primaria,Caqueta,300000,84
1319,mujer,43,3,primaria,Caqueta,600000,60
1320,mujer,34,9,secundaria,Caqueta,600000,42
1321,mujer,34,11,media,Caqueta,330000,40
1322,hombre,41,13,superior,Caqueta,1050000,35
1323,hombre,56,11,media,Caqueta,800000,50
1324,mujer,40,12,superior,Caqueta,806000,48
1325,hombre,38,11,media,Caqueta,500000,48
1326,mujer,46,11,media,Caqueta,600000,48
1327,hombre,29,15,superior,Caqueta,1300000,40
1328,mujer,26,12,superior,Caqueta,1100000,48
1329,hombre,57,11,media,Caqueta,1000000,48
1330,mujer,26,16,superior,Caqueta,1200000,40
1331,mujer,46,11,media,Caqueta,900000,48
1332,hombre,28,11,media,Caqueta,900000,48
1333,hombre,35,11,media,Caqueta,800000,60
1334,mujer,35,11,superior,Caqueta,200000,30
1335,hombre,44,22,superior,Caqueta,3700000,30
1336,hombre,37,6,secundaria,Caqueta,400000,60
1337,mujer,32,5,primaria,Caqueta,806000,48
1338,mujer,41,13,superior,Caqueta,600000,20
1339,hombre,43,6,secundaria,Caqueta,968000,60
1340,hombre,31,16,superior,Caqueta,806000,48
1341,hombre,43,16,superior,Caqueta,1600000,48
1342,mujer,35,16,superior,Caqueta,1350000,48
1343,hombre,32,11,media,Caqueta,1500000,60
1344,hombre,54,14,superior,Caqueta,1800000,40
1345,mujer,37,16,superior,Caqueta,1800000,48
1346,mujer,48,17,superior,Caqueta,4500000,40
1347,mujer,46,11,media,Caqueta,830000,40
1348,mujer,39,17,superior,Caqueta,2500000,40
1349,mujer,51,7,secundaria,Caqueta,350000,84
1350,mujer,52,13,superior,Caqueta,800000,54
1351,hombre,29,14,superior,Caqueta,900000,40
1352,hombre,49,11,media,Caqueta,830000,48
1353,mujer,52,11,media,Caqueta,100000,28
1354,hombre,38,11,media,Caqueta,1000000,54
1355,mujer,57,19,superior,Caqueta,3500000,30
1356,hombre,55,16,superior,Caqueta,1900000,30
1357,mujer,40,16,superior,Caqueta,3600000,30
1358,hombre,36,8,secundaria,Caqueta,780000,48
1359,mujer,40,13,superior,Caqueta,1200000,48
1360,hombre,22,13,superior,Caqueta,800000,98
1361,mujer,28,5,primaria,Caqueta,600000,40
1362,mujer,40,13,superior,Caqueta,1200000,40
1363,hombre,24,16,superior,Caqueta,1200000,48
1364,hombre,31,6,secundaria,Caqueta,800000,40
1365,mujer,36,2,primaria,Caqueta,450000,40
1366,hombre,63,2,primaria,Caqueta,500000,48
1367,hombre,60,6,secundaria,Caqueta,500000,70
1368,hombre,27,2,primaria,Caqueta,780000,48
1369,mujer,33,2,primaria,Caqueta,500000,40
1370,hombre,29,11,media,Caqueta,800000,98
1371,hombre,31,11,media,Caqueta,780000,60
1372,mujer,31,16,superior,Caqueta,800000,48
1373,hombre,29,12,superior,Cauca,1300000,56
1374,hombre,50,11,media,Cauca,1400000,48
1375,hombre,27,17,superior,Cauca,800000,48
1376,hombre,64,5,primaria,Cauca,100000,60
1377,mujer,44,5,primaria,Cauca,500000,48
1378,mujer,56,5,primaria,Cauca,395000,24
1379,mujer,29,11,media,Cauca,800000,44
1380,mujer,39,16,superior,Cauca,900000,50
1381,mujer,30,15,superior,Cauca,1585000,96
1382,mujer,27,11,media,Cauca,1200000,48
1383,hombre,65,6,secundaria,Cauca,500000,50
1384,hombre,19,11,media,Cauca,720000,42
1385,hombre,54,18,superior,Cauca,2794000,55
1386,hombre,61,2,primaria,Cauca,390000,48
1387,hombre,41,13,superior,Cauca,864000,40
1388,hombre,31,16,superior,Cauca,2000000,48
1389,hombre,48,13,superior,Cauca,1500000,78
1390,hombre,43,11,media,Cauca,350000,25
1391,hombre,40,13,superior,Cauca,300000,10
1392,hombre,45,11,media,Cauca,800000,44
1393,hombre,42,15,superior,Cauca,1000000,70
1394,mujer,29,16,superior,Cauca,781212,48
1395,mujer,44,18,superior,Cauca,1800000,40
1396,hombre,41,16,superior,Cauca,500000,40
1397,hombre,29,11,superior,Cauca,1080000,10
1398,mujer,31,15,superior,Cauca,1500000,40
1399,hombre,30,15,superior,Cauca,780000,48
1400,hombre,24,16,superior,Cauca,700000,40
1401,hombre,50,5,primaria,Cauca,782000,60
1402,mujer,52,5,primaria,Cauca,400000,24
1403,mujer,52,13,superior,Cauca,1000000,40
1404,mujer,44,11,media,Cauca,782000,48
1405,hombre,38,12,superior,Cauca,782000,48
1406,mujer,19,12,superior,Cauca,782000,48
1407,hombre,58,5,primaria,Cauca,100000,35
1408,hombre,64,5,primaria,Cauca,850000,50
1409,mujer,29,16,superior,Cauca,2000000,77
1410,hombre,58,18,superior,Cauca,3700000,40
1411,hombre,59,17,superior,Cauca,1081242,52
1412,hombre,21,11,media,Cauca,400000,70
1413,mujer,51,3,primaria,Cauca,948000,40
1414,mujer,49,16,superior,Cauca,1500000,40
1415,hombre,46,2,primaria,Cauca,1200000,60
1416,hombre,30,13,superior,Cauca,828116,48
1417,hombre,58,11,media,Cauca,1000000,60
1418,hombre,34,13,superior,Cauca,900000,60
1419,mujer,56,9,secundaria,Cauca,500000,60
1420,hombre,60,11,media,Cauca,781242,48
1421,mujer,45,11,media,Cauca,781242,50
1422,mujer,26,16,superior,Cauca,2300000,44
1423,mujer,51,16,superior,Cauca,782000,40
1424,hombre,60,11,media,Cauca,3000000,48
1425,mujer,21,14,superior,Cauca,400000,20
1426,mujer,19,13,superior,Cauca,400000,20
1427,hombre,22,10,media,Cauca,807000,54
1428,hombre,41,11,media,Cauca,700000,48
1429,mujer,64,1,primaria,Cauca,84000,24
1430,hombre,29,6,secundaria,Cauca,84000,24
1431,hombre,54,11,media,Cauca,1528000,40
1432,hombre,31,17,superior,Cauca,953000,48
1433,mujer,43,11,media,Cauca,500000,12
1434,hombre,26,13,superior,Cauca,270000,40
1435,mujer,46,13,superior,Cauca,1100000,48
1436,hombre,45,11,media,Cauca,800000,48
1437,mujer,34,13,superior,Cauca,782000,48
1438,hombre,42,11,media,Cauca,800000,60
1439,hombre,43,11,media,Cauca,781242,48
1440,mujer,46,5,primaria,Cauca,400000,32
1441,hombre,43,10,media,Cauca,260000,26
1442,mujer,46,3,primaria,Cauca,1600000,46
1443,hombre,48,6,secundaria,Cauca,781212,46
1444,hombre,18,6,secundaria,Cauca,300000,40
1445,hombre,37,11,media,Cauca,781000,45
1446,mujer,38,11,media,Cauca,781000,45
1447,hombre,32,11,media,Cauca,1900000,72
1448,mujer,30,11,media,Cauca,828116,48
1449,mujer,60,3,primaria,Cauca,400000,24
1450,hombre,56,11,media,Cauca,2000000,56
1451,mujer,28,11,media,Cauca,800000,48
1452,hombre,64,5,primaria,Cauca,400000,24
1453,hombre,53,9,secundaria,Cauca,240000,40
1454,mujer,57,9,secundaria,Cauca,1300000,40
1455,hombre,60,5,primaria,Cauca,300000,30
1456,mujer,31,18,superior,Cauca,2500000,48
1457,mujer,57,5,primaria,Cauca,720000,72
1458,mujer,30,14,superior,Cauca,781242,63
1459,hombre,27,13,superior,Cauca,400000,20
1460,hombre,21,13,superior,Cauca,621000,54
1461,hombre,45,3,primaria,Cauca,700000,40
1462,mujer,46,5,primaria,Cauca,506000,42
1463,mujer,18,10,media,Cauca,150000,89
1464,hombre,45,13,superior,Cauca,500000,48
1465,hombre,55,26,superior,Cauca,1350000,50
1466,hombre,30,12,superior,Cauca,1000000,49
1467,mujer,25,16,superior,Cauca,2000000,49
1468,hombre,34,16,superior,Cauca,3000000,40
1469,mujer,27,16,superior,Cauca,4100000,60
1470,mujer,43,6,secundaria,Cauca,240000,24
1471,hombre,58,5,primaria,Cauca,400000,40
1472,mujer,40,11,media,Cauca,576000,48
1473,mujer,20,13,superior,Cauca,782000,60
1474,hombre,50,6,secundaria,Cauca,600000,40
1475,mujer,30,11,media,Cauca,782000,48
1476,mujer,52,11,media,Cauca,580000,20
1477,hombre,51,8,secundaria,Cauca,700000,49
1478,mujer,41,11,media,Cauca,400000,30
1479,hombre,37,14,superior,Cauca,900000,72
1480,hombre,29,13,superior,Cauca,828116,50
1481,mujer,49,16,superior,Cauca,1950000,40
1482,hombre,34,9,secundaria,Cauca,781242,70
1483,hombre,36,16,superior,Cauca,1400000,72
1484,mujer,40,18,superior,Cauca,4100000,45
1485,hombre,40,5,primaria,Cauca,900000,55
1486,mujer,39,11,media,Cauca,660000,50
1487,hombre,33,11,media,Cauca,864000,60
1488,mujer,28,11,media,Cauca,871000,54
1489,hombre,60,5,primaria,Cauca,864000,40
1490,mujer,38,16,superior,Cauca,1600000,50
1491,hombre,39,5,primaria,Cauca,828116,60
1492,hombre,36,9,secundaria,Cauca,828116,60
1493,hombre,65,5,primaria,Cauca,900000,50
1494,mujer,52,11,media,Cauca,828116,60
1495,hombre,30,11,media,Cauca,828116,60
1496,hombre,46,11,media,Cauca,800000,41
1497,mujer,38,16,superior,Cauca,828116,50
1498,mujer,30,16,superior,Cauca,1000000,50
1499,mujer,38,13,superior,Cauca,930000,48
1500,mujer,32,16,superior,Cauca,781000,50
1501,hombre,38,11,media,Cesar,1100000,48
1502,mujer,31,11,media,Cesar,1100000,48
1503,mujer,46,16,superior,Cesar,1800000,40
1504,hombre,46,5,primaria,Cesar,4000000,84
1505,mujer,43,6,secundaria,Cesar,1000000,30
1506,mujer,46,11,media,Cesar,600000,40
1507,hombre,49,18,superior,Cesar,1700000,48
1508,mujer,41,13,superior,Cesar,550000,48
1509,mujer,24,13,superior,Cesar,850000,48
1510,hombre,53,11,media,Cesar,2000000,40
1511,mujer,54,11,media,Cesar,1000000,40
1512,hombre,33,14,superior,Cesar,800000,30
1513,mujer,29,16,superior,Cesar,1800000,40
1514,mujer,26,16,superior,Cesar,1900000,48
1515,mujer,32,11,media,Cesar,2500000,48
1516,hombre,49,11,media,Cesar,1500000,48
1517,hombre,34,15,superior,Cesar,1000000,48
1518,mujer,31,14,superior,Cesar,850000,48
1519,hombre,44,11,media,Cesar,781000,48
1520,hombre,58,11,media,Cesar,500000,48
1521,hombre,18,11,media,Cesar,175000,60
1522,mujer,54,5,primaria,Cesar,700000,52
1523,mujer,32,11,media,Cesar,600000,52
1524,hombre,36,13,superior,Cesar,700000,48
1525,mujer,40,11,media,Cesar,500000,40
1526,hombre,25,11,media,Cesar,781000,48
1527,mujer,31,13,superior,Cesar,400000,16
1528,mujer,34,11,media,Cesar,500000,30
1529,hombre,27,11,media,Cesar,1900000,72
1530,mujer,24,11,media,Cesar,500000,30
1531,mujer,35,13,superior,Cesar,800000,40
1532,mujer,46,5,primaria,Cesar,781000,48
1533,hombre,40,5,primaria,Cesar,700000,48
1534,mujer,38,12,superior,Cesar,500000,40
1535,mujer,54,7,secundaria,Cesar,400000,48
1536,hombre,33,11,media,Cesar,700000,48
1537,mujer,33,16,superior,Cesar,600000,48
1538,mujer,37,13,superior,Cesar,600000,48
1539,hombre,57,11,media,Cesar,400000,40
1540,mujer,28,13,superior,Cesar,780000,55
1541,hombre,58,11,media,Cesar,1800000,48
1542,hombre,64,3,primaria,Cesar,500000,42
1543,mujer,50,11,media,Cesar,100000,10
1544,mujer,54,13,superior,Cesar,1200000,48
1545,hombre,33,11,media,Cesar,800000,56
1546,hombre,52,16,superior,Cesar,2500000,70
1547,mujer,59,16,superior,Cesar,5000000,60
1548,hombre,62,16,superior,Cesar,1000000,60
1549,hombre,28,11,media,Cesar,940000,48
1550,mujer,27,11,media,Cesar,850000,48
1551,mujer,38,5,primaria,Cesar,500000,54
1552,hombre,28,11,media,Cesar,900000,48
1553,mujer,28,11,media,Cesar,150000,30
1554,mujer,27,11,media,Cesar,400000,60
1555,hombre,46,5,primaria,Cesar,1100000,60
1556,hombre,54,5,primaria,Cesar,700000,49
1557,mujer,26,13,superior,Cesar,781242,48
1558,mujer,50,8,secundaria,Cesar,120000,28
1559,hombre,42,11,media,Cesar,807000,48
1560,hombre,21,9,secundaria,Cesar,1300000,70
1561,hombre,30,16,superior,Cesar,1600000,48
1562,mujer,61,6,secundaria,Cesar,200000,30
1563,hombre,34,11,media,Cesar,1800000,48
1564,hombre,26,13,superior,Cesar,850000,48
1565,hombre,29,13,superior,Cesar,700000,70
1566,mujer,44,11,media,Cesar,180000,48
1567,hombre,48,11,media,Cesar,900000,40
1568,mujer,47,16,superior,Cesar,1100000,48
1569,hombre,19,12,superior,Cesar,800000,48
1570,hombre,18,11,media,Cesar,400000,48
1571,mujer,39,8,secundaria,Cesar,500000,48
1572,hombre,37,11,media,Cesar,300000,42
1573,hombre,21,11,media,Cesar,45000,54
1574,mujer,21,12,superior,Cesar,450000,63
1575,hombre,65,16,superior,Cesar,1500000,48
1576,mujer,56,16,superior,Cesar,2000000,40
1577,mujer,50,13,superior,Cesar,600000,72
1578,mujer,21,16,superior,Cesar,1200000,40
1579,mujer,45,7,secundaria,Cesar,400000,42
1580,hombre,37,3,primaria,Cesar,2600000,70
1581,mujer,44,6,secundaria,Cesar,70000,14
1582,hombre,64,7,secundaria,Cesar,700000,56
1583,mujer,53,5,primaria,Cesar,300000,16
1584,hombre,52,9,secundaria,Cesar,600000,48
1585,hombre,62,0,ninguno,Cesar,300000,84
1586,mujer,52,0,ninguno,Cesar,300000,91
1587,mujer,30,11,media,Cesar,400000,40
1588,mujer,47,5,primaria,Cesar,2000000,48
1589,mujer,24,11,media,Cesar,720000,70
1590,hombre,30,5,primaria,Cesar,450000,48
1591,mujer,62,11,media,Cesar,400000,25
1592,mujer,60,11,media,Cesar,350000,20
1593,hombre,54,8,secundaria,Cesar,800000,64
1594,hombre,36,11,media,Cesar,1500000,48
1595,hombre,58,2,primaria,Cesar,2500000,84
1596,hombre,25,13,superior,Cesar,1800000,52
1597,mujer,53,11,media,Cesar,100000,10
1598,hombre,26,15,superior,Cesar,1500000,40
1599,mujer,32,12,superior,Cesar,500000,48
1600,hombre,41,3,primaria,Cesar,600000,56
1601,hombre,46,11,media,Cesar,480000,48
1602,mujer,19,11,media,Cesar,450000,45
1603,hombre,28,8,secundaria,Cesar,900000,48
1604,hombre,46,11,media,Cesar,1200000,48
1605,hombre,49,10,media,Cesar,1000000,54
1606,mujer,51,11,media,Cesar,520000,15
1607,mujer,39,11,media,Cesar,700000,60
1608,hombre,34,11,media,Cesar,2000000,48
1609,mujer,48,11,media,Cesar,700000,40
1610,hombre,47,13,superior,Cesar,800000,60
1611,mujer,45,13,superior,Cesar,1000000,48
1612,hombre,19,12,superior,Cesar,120000,5
1613,hombre,46,11,media,Cesar,1800000,56
1614,mujer,56,5,primaria,Cesar,650000,42
1615,hombre,33,14,superior,Cesar,1200000,48
1616,hombre,31,13,superior,Cesar,950000,40
1617,mujer,35,13,superior,Cesar,781000,48
1618,mujer,23,11,media,Cesar,700000,48
1619,hombre,30,16,superior,Cesar,500000,40
1620,mujer,33,15,superior,Cesar,400000,36
1621,mujer,44,16,superior,Cesar,600000,25
1622,hombre,58,11,media,Cesar,400000,30
1623,mujer,30,11,media,Cesar,840000,48
1624,mujer,53,11,media,Cesar,2000000,40
1625,mujer,29,16,superior,Cesar,1400000,45
1626,hombre,31,14,superior,Cesar,400000,48
1627,hombre,39,16,superior,Cesar,1200000,48
1628,hombre,52,11,media,Cesar,1000000,60
1629,hombre,36,14,superior,Cesar,800000,56
1630,mujer,37,13,superior,Cesar,350000,14
1631,hombre,54,18,superior,Cesar,3500000,40
1632,mujer,46,16,superior,Cesar,2800000,40
1633,mujer,48,13,superior,Cesar,560000,84
1634,hombre,23,11,superior,Cesar,781242,48
1635,hombre,40,11,media,Cesar,1381242,35
1636,hombre,43,16,superior,Cesar,1800000,48
1637,mujer,34,11,media,Cesar,900000,48
1638,hombre,49,7,secundaria,Cordoba,1200000,48
1639,hombre,24,11,media,Cordoba,400000,48
1640,mujer,63,11,media,Cordoba,300000,72
1641,hombre,41,11,media,Cordoba,781242,48
1642,mujer,39,11,media,Cordoba,781242,48
1643,mujer,56,11,media,Cordoba,750000,48
1644,mujer,35,11,media,Cordoba,830000,48
1645,hombre,35,11,media,Cordoba,800000,48
1646,mujer,60,11,media,Cordoba,400000,36
1647,hombre,65,7,secundaria,Cordoba,400000,48
1648,hombre,44,11,media,Cordoba,500000,48
1649,mujer,44,11,media,Cordoba,160000,48
1650,mujer,64,6,secundaria,Cordoba,400000,36
1651,hombre,35,7,secundaria,Cordoba,550000,40
1652,hombre,50,5,primaria,Cordoba,450000,52
1653,hombre,46,5,primaria,Cordoba,950000,48
1654,hombre,56,6,secundaria,Cordoba,1000000,60
1655,hombre,28,11,media,Cordoba,781242,48
1656,hombre,28,11,media,Cordoba,900000,48
1657,hombre,54,11,media,Cordoba,500000,48
1658,mujer,49,8,secundaria,Cordoba,600000,40
1659,mujer,26,13,superior,Cordoba,781242,48
1660,mujer,41,8,secundaria,Cordoba,200000,20
1661,mujer,46,6,secundaria,Cordoba,600000,54
1662,mujer,30,11,superior,Cordoba,781242,48
1663,mujer,41,11,media,Cordoba,560000,48
1664,mujer,51,6,secundaria,Cordoba,80000,20
1665,hombre,60,2,primaria,Cordoba,200000,48
1666,hombre,50,6,secundaria,Cordoba,800000,48
1667,hombre,36,11,media,Cordoba,800000,48
1668,mujer,51,11,media,Cordoba,781250,40
1669,hombre,39,11,media,Cordoba,781242,48
1670,mujer,29,11,media,Cordoba,781250,48
1671,hombre,44,11,media,Cordoba,1000000,48
1672,mujer,42,11,media,Cordoba,600000,30
1673,hombre,49,11,media,Cordoba,300000,48
1674,mujer,21,13,superior,Cordoba,285000,40
1675,mujer,60,11,media,Cordoba,520000,48
1676,hombre,26,14,superior,Cordoba,1200000,72
1677,mujer,56,5,primaria,Cordoba,500000,38
1678,hombre,20,11,media,Cordoba,200000,50
1679,hombre,29,11,media,Cordoba,700000,50
1680,hombre,64,0,ninguno,Cordoba,700000,48
1681,mujer,62,5,primaria,Cordoba,60000,24
1682,hombre,50,5,primaria,Cordoba,1200000,48
1683,mujer,33,11,media,Cordoba,15000,12
1684,mujer,37,11,media,Cordoba,781242,72
1685,mujer,21,11,media,Cordoba,400000,48
1686,hombre,29,11,media,Cordoba,781242,60
1687,hombre,50,11,media,Cordoba,900000,48
1688,hombre,26,11,media,Cordoba,781242,48
1689,mujer,25,16,superior,Cordoba,600000,35
1690,hombre,54,11,media,Cordoba,781242,48
1691,hombre,44,11,media,Cordoba,781242,48
1692,hombre,56,5,primaria,Cordoba,750000,48
1693,mujer,29,11,media,Cordoba,450000,60
1694,hombre,26,11,media,Cordoba,781242,48
1695,mujer,39,11,media,Cordoba,781242,48
1696,mujer,55,11,media,Cordoba,400000,40
1697,hombre,53,0,ninguno,Cordoba,950000,60
1698,hombre,33,2,primaria,Cordoba,600000,48
1699,hombre,35,11,media,Cordoba,1200000,54
1700,hombre,58,8,secundaria,Cordoba,1200000,54
1701,hombre,40,11,media,Cordoba,1400000,35
1702,mujer,38,11,media,Cordoba,600000,50
1703,hombre,51,11,media,Cordoba,600000,70
1704,hombre,33,13,superior,Cordoba,800000,48
1705,hombre,55,5,primaria,Cordoba,600000,50
1706,mujer,49,13,superior,Cordoba,781242,40
1707,hombre,51,11,media,Cordoba,800000,40
1708,hombre,30,6,secundaria,Cordoba,781242,48
1709,hombre,33,5,primaria,Cordoba,70000,40
1710,mujer,39,11,media,Cordoba,70000,24
1711,mujer,50,11,media,Cordoba,300000,42
1712,hombre,25,11,media,Cordoba,400000,48
1713,hombre,44,5,primaria,Cordoba,1050000,48
1714,mujer,45,14,superior,Cordoba,781242,44
1715,hombre,52,3,primaria,Cordoba,600000,48
1716,mujer,49,3,primaria,Cordoba,300000,24
1717,mujer,23,9,secundaria,Cordoba,781242,48
1718,hombre,26,9,secundaria,Cordoba,600000,48
1719,hombre,57,11,media,Cordoba,500000,48
1720,mujer,47,3,primaria,Cordoba,50000,24
1721,hombre,53,6,secundaria,Cordoba,500000,60
1722,hombre,34,11,media,Cordoba,900000,50
1723,hombre,24,11,media,Cordoba,781242,48
1724,hombre,20,10,media,Cordoba,700000,52
1725,hombre,50,3,primaria,Cordoba,400000,48
1726,mujer,61,0,ninguno,Cordoba,550000,48
1727,mujer,35,11,media,Cordoba,130000,36
1728,hombre,21,11,media,Cordoba,720000,50
1729,hombre,39,11,media,Cordoba,781242,48
1730,mujer,40,10,media,Cordoba,300000,24
1731,hombre,29,8,secundaria,Cordoba,600000,48
1732,mujer,27,16,superior,Cordoba,781242,48
1733,mujer,54,11,media,Cordoba,781242,48
1734,hombre,24,11,media,Cordoba,781242,48
1735,hombre,32,5,primaria,Cordoba,750000,48
1736,hombre,35,14,superior,Cordoba,1050000,48
1737,mujer,31,10,media,Cordoba,300000,48
1738,hombre,49,2,primaria,Cordoba,500000,48
1739,mujer,36,5,primaria,Cordoba,410000,30
1740,hombre,22,9,secundaria,Cordoba,700000,48
1741,hombre,28,9,secundaria,Cordoba,500000,60
1742,hombre,52,3,primaria,Cordoba,400000,48
1743,mujer,25,9,secundaria,Cordoba,10000,24
1744,hombre,56,11,media,Cordoba,1200000,64
1745,mujer,53,11,media,Cordoba,600000,40
1746,mujer,57,18,superior,Cordoba,2618000,40
1747,mujer,26,14,superior,Cordoba,2000000,35
1748,mujer,25,18,superior,Cordoba,3200000,40
1749,hombre,29,9,secundaria,Cordoba,600000,40
1750,hombre,55,4,primaria,Cordoba,50000,48
1751,hombre,37,11,media,Cordoba,781242,48
1752,mujer,38,11,media,Cordoba,781242,48
1753,mujer,24,13,superior,Cordoba,450000,49
1754,mujer,51,8,secundaria,Cordoba,781242,48
1755,mujer,41,16,superior,Cordoba,3700000,40
1756,hombre,48,5,primaria,Cordoba,5000000,60
1757,mujer,49,11,media,Cordoba,1800000,30
1758,mujer,29,16,superior,Cordoba,2200000,48
1759,mujer,27,16,superior,Cordoba,1900000,48
1760,hombre,41,16,superior,Cordoba,900000,40
1761,mujer,33,11,media,Cordoba,781242,48
1762,mujer,43,16,superior,Cordoba,1000000,46
1763,mujer,43,16,superior,Cordoba,1000000,40
1764,hombre,53,7,secundaria,Cordoba,1000000,48
1765,hombre,42,16,superior,Cordoba,2200000,36
1766,mujer,25,16,superior,Cordoba,781242,40
1767,hombre,32,11,media,Cordoba,781242,50
1768,mujer,32,5,primaria,Cordoba,135000,14
1769,hombre,40,5,primaria,Cordoba,750000,40
1770,mujer,27,11,media,Cordoba,781242,48
1771,hombre,40,11,media,Cordoba,1800000,66
1772,mujer,40,11,media,Cordoba,781242,48
1773,hombre,28,6,secundaria,Cordoba,750000,48
1774,hombre,36,11,media,Cordoba,2100000,48
1775,mujer,32,16,superior,Cordoba,800000,40
1776,hombre,38,16,superior,Cordoba,700000,48
1777,mujer,30,11,media,Cordoba,781242,48
1778,hombre,33,11,media,Cordoba,1200000,40
1779,mujer,31,11,media,Cordoba,400000,48
1780,mujer,34,13,superior,Cordoba,781242,48
1781,hombre,56,18,superior,Cordoba,2200000,40
1782,mujer,38,15,superior,Cordoba,781242,48
1783,mujer,21,11,media,Cordoba,781242,44
1784,hombre,50,11,media,Cordoba,400000,40
1785,hombre,45,11,media,Cordoba,700000,56
1786,hombre,30,11,media,Cordoba,1500000,72
1787,hombre,49,16,superior,Cordoba,1100000,48
1788,mujer,43,11,media,Cordoba,781242,48
1789,mujer,33,16,superior,Cordoba,781242,48
1790,hombre,52,11,media,Cordoba,1100000,48
1791,mujer,58,11,media,Cordoba,200000,24
1792,hombre,33,16,superior,Cordoba,2400000,40
1793,mujer,41,13,superior,Cordoba,781242,48
1794,hombre,36,11,media,Cordoba,1000000,48
1795,mujer,30,1,primaria,Choco,350000,48
1796,mujer,62,6,secundaria,Choco,200000,70
1797,hombre,63,0,ninguno,Choco,300000,80
1798,mujer,36,15,superior,Choco,781242,48
1799,hombre,32,16,superior,Choco,781200,48
1800,hombre,23,15,superior,Choco,900000,47
1801,mujer,36,11,media,Choco,781242,48
1802,mujer,55,13,superior,Choco,781242,40
1803,mujer,24,11,media,Choco,300000,20
1804,hombre,23,9,secundaria,Choco,781242,60
1805,mujer,54,5,primaria,Choco,800000,60
1806,hombre,56,16,superior,Choco,3500000,36
1807,mujer,58,16,superior,Choco,3500000,36
1808,mujer,26,16,superior,Choco,3800000,50
1809,hombre,35,16,superior,Choco,1800000,40
1810,mujer,37,12,superior,Choco,1400000,48
1811,hombre,59,11,media,Choco,3500000,50
1812,mujer,38,18,superior,Choco,5000000,40
1813,mujer,48,13,superior,Choco,1650000,48
1814,hombre,56,16,superior,Choco,3200000,30
1815,mujer,64,11,media,Choco,800000,49
1816,mujer,38,16,superior,Choco,3000000,40
1817,mujer,32,16,superior,Choco,1500000,48
1818,hombre,55,17,superior,Choco,3900000,48
1819,mujer,54,17,superior,Choco,3900000,48
1820,hombre,20,11,superior,Choco,1382300,40
1821,mujer,41,20,superior,Choco,4200000,48
1822,mujer,65,18,superior,Choco,4000000,48
1823,mujer,64,2,primaria,Choco,150000,40
1824,mujer,34,13,superior,Choco,300000,20
1825,hombre,40,13,superior,Choco,900000,48
1826,mujer,34,13,superior,Choco,1400000,48
1827,hombre,37,11,media,Choco,900000,40
1828,mujer,33,16,superior,Choco,2600000,40
1829,mujer,35,16,superior,Choco,2600000,40
1830,hombre,29,16,superior,Choco,1800000,40
1831,mujer,32,16,superior,Choco,500000,20
1832,hombre,34,16,superior,Choco,3000000,40
1833,mujer,28,16,superior,Choco,3000000,20
1834,mujer,62,16,superior,Choco,10000000,48
1835,hombre,26,5,primaria,Choco,800000,56
1836,mujer,39,16,superior,Choco,4400000,40
1837,mujer,30,11,media,Choco,800000,50
1838,mujer,35,0,ninguno,Choco,400000,50
1839,hombre,39,5,primaria,Choco,900000,60
1840,mujer,31,4,primaria,Choco,450000,40
1841,hombre,49,11,media,Choco,1500000,50
1842,mujer,44,11,media,Choco,800000,48
1843,mujer,58,3,primaria,Choco,100000,6
1844,mujer,29,11,media,Choco,800000,35
1845,mujer,38,11,media,Choco,1000000,40
1846,hombre,46,0,ninguno,Choco,100000,48
1847,hombre,35,14,superior,Choco,800000,48
1848,hombre,38,17,superior,Choco,2000000,45
1849,mujer,36,12,superior,Choco,781242,45
1850,mujer,20,13,superior,Choco,900000,40
1851,mujer,37,16,superior,Choco,300000,28
1852,hombre,37,11,media,Choco,500000,35
1853,hombre,46,16,superior,Choco,1850000,36
1854,mujer,52,11,media,Choco,1200000,60
1855,mujer,30,11,media,Choco,30000,15
1856,mujer,63,2,primaria,Choco,300000,48
1857,hombre,33,16,superior,Choco,1300000,36
1858,hombre,42,2,primaria,Choco,600000,48
1859,mujer,31,16,superior,Choco,3400000,40
1860,hombre,32,12,superior,Choco,1200000,70
1861,hombre,31,16,superior,Choco,3000000,40
1862,mujer,43,13,superior,Choco,500000,48
1863,mujer,40,18,superior,Choco,3400000,40
1864,hombre,37,5,primaria,Choco,150000,30
1865,mujer,30,16,superior,Choco,800000,40
1866,hombre,56,13,superior,Choco,900000,40
1867,mujer,24,12,superior,Choco,876000,48
1868,hombre,30,16,superior,Choco,1000000,40
1869,hombre,56,10,media,Choco,2000000,60
1870,hombre,33,13,superior,Choco,781242,40
1871,hombre,34,12,superior,Choco,2000000,48
1872,hombre,58,8,secundaria,Choco,1000000,77
1873,mujer,55,11,media,Choco,781242,40
1874,mujer,38,11,media,Choco,800000,48
1875,hombre,44,5,primaria,Huila,1400000,49
1876,hombre,32,11,media,Huila,1090000,48
1877,hombre,25,9,secundaria,Huila,1200000,48
1878,mujer,41,5,primaria,Huila,360000,40
1879,hombre,40,14,superior,Huila,900000,65
1880,mujer,38,13,superior,Huila,1800000,48
1881,hombre,58,14,superior,Huila,330000,50
1882,hombre,25,11,media,Huila,1150000,48
1883,mujer,23,12,superior,Huila,980000,49
1884,hombre,47,9,secundaria,Huila,400000,48
1885,mujer,53,11,media,Huila,400000,48
1886,hombre,58,11,media,Huila,1500000,60
1887,hombre,58,7,secundaria,Huila,1000000,48
1888,hombre,32,11,media,Huila,800000,48
1889,hombre,37,1,primaria,Huila,1200000,60
1890,hombre,34,11,media,Huila,877000,56
1891,hombre,57,5,primaria,Huila,900000,84
1892,hombre,59,6,secundaria,Huila,781800,48
1893,hombre,18,7,secundaria,Huila,600000,68
1894,hombre,25,8,secundaria,Huila,900000,48
1895,mujer,52,5,primaria,Huila,550000,74
1896,mujer,36,7,secundaria,Huila,240000,25
1897,mujer,60,5,primaria,Huila,500000,30
1898,mujer,39,11,media,Huila,300000,10
1899,hombre,56,11,media,Huila,1500000,48
1900,mujer,29,12,superior,Huila,1100000,84
1901,hombre,37,11,media,Huila,1100000,40
1902,hombre,32,8,secundaria,Huila,800000,48
1903,mujer,25,11,media,Huila,100000,20
1904,mujer,54,4,primaria,Huila,781000,48
1905,mujer,23,9,secundaria,Huila,320000,20
1906,hombre,22,9,secundaria,Huila,900000,60
1907,mujer,42,11,media,Huila,280000,20
1908,mujer,61,7,secundaria,Huila,800000,45
1909,hombre,38,11,media,Huila,200000,20
1910,mujer,45,8,secundaria,Huila,300000,20
1911,hombre,49,11,media,Huila,1600000,48
1912,mujer,56,11,media,Huila,800000,48
1913,hombre,54,5,primaria,Huila,1200000,48
1914,mujer,64,5,primaria,Huila,700000,30
1915,mujer,21,8,secundaria,Huila,60000,12
1916,hombre,38,2,primaria,Huila,500000,72
1917,hombre,25,10,media,Huila,900000,48
1918,hombre,20,9,secundaria,Huila,622000,40
1919,mujer,36,13,superior,Huila,500000,48
1920,hombre,40,3,primaria,Huila,500000,40
1921,mujer,37,6,secundaria,Huila,400000,40
1922,mujer,36,16,superior,Huila,1200000,20
1923,mujer,61,3,primaria,Huila,160000,12
1924,mujer,34,13,superior,Huila,800000,48
1925,hombre,50,8,secundaria,Huila,500000,72
1926,mujer,45,11,media,Huila,380000,40
1927,hombre,26,11,media,Huila,1000000,84
1928,mujer,25,13,superior,Huila,700000,21
1929,hombre,33,3,primaria,Huila,800000,48
1930,mujer,58,11,media,Huila,250000,28
1931,hombre,50,3,primaria,Huila,1231000,48
1932,hombre,18,11,media,Huila,781000,48
1933,hombre,29,9,secundaria,Huila,1200000,48
1934,hombre,36,15,superior,Huila,781800,48
1935,mujer,36,16,superior,Huila,1400000,48
1936,hombre,23,11,media,Huila,1200000,50
1937,hombre,40,12,superior,Huila,1080000,84
1938,mujer,36,14,superior,Huila,1400000,40
1939,mujer,43,5,primaria,Huila,400000,24
1940,hombre,30,5,primaria,Huila,781000,48
1941,hombre,51,4,primaria,Huila,781000,60
1942,mujer,51,5,primaria,Huila,300000,70
1943,hombre,55,3,primaria,Huila,400000,60
1944,hombre,40,7,secundaria,Huila,500000,60
1945,mujer,51,11,media,Huila,500000,48
1946,hombre,53,5,primaria,Huila,600000,48
1947,hombre,24,11,media,Huila,781242,48
1948,mujer,30,13,superior,Huila,500000,30
1949,mujer,46,7,secundaria,Huila,600000,48
1950,hombre,54,5,primaria,Huila,1200000,45
1951,mujer,29,9,secundaria,Huila,300000,30
1952,mujer,40,14,superior,Huila,781252,48
1953,hombre,40,3,primaria,Huila,800000,60
1954,hombre,63,16,superior,Huila,1500000,40
1955,mujer,60,3,primaria,Huila,660000,40
1956,mujer,64,16,superior,Huila,3500000,50
1957,mujer,25,16,superior,Huila,1200000,40
1958,hombre,37,16,superior,Huila,2500000,40
1959,mujer,34,16,superior,Huila,1800000,45
1960,hombre,53,11,media,Huila,2500000,60
1961,mujer,28,11,media,Huila,1000000,60
1962,mujer,52,11,media,Huila,781800,44
1963,hombre,19,11,media,Huila,800000,48
1964,hombre,27,11,media,Huila,900000,48
1965,hombre,53,5,primaria,Huila,600000,40
1966,mujer,55,7,secundaria,Huila,950000,40
1967,mujer,50,7,secundaria,Huila,450000,40
1968,hombre,28,11,media,Huila,300000,45
1969,mujer,62,11,media,Huila,300000,48
1970,mujer,28,13,superior,Huila,500000,48
1971,hombre,54,11,media,Huila,600000,40
1972,hombre,20,11,media,Huila,781800,48
1973,mujer,55,12,superior,Huila,75000,30
1974,hombre,42,14,superior,Huila,1400000,40
1975,mujer,42,14,superior,Huila,1500000,48
1976,mujer,56,3,primaria,Huila,500000,48
1977,mujer,31,11,media,Huila,1000000,54
1978,hombre,34,11,media,Huila,1300000,50
1979,hombre,47,11,media,Huila,781243,48
1980,hombre,46,5,primaria,Huila,400000,48
1981,mujer,26,12,superior,Huila,400000,84
1982,hombre,36,16,superior,Huila,400000,24
1983,hombre,37,11,media,Huila,1200000,60
1984,mujer,31,14,superior,Huila,1800000,60
1985,mujer,27,13,superior,Huila,1600000,60
1986,hombre,37,11,media,Huila,700000,84
1987,hombre,45,16,superior,Huila,1175000,48
1988,mujer,39,11,media,Huila,781000,48
1989,hombre,28,11,media,Huila,980000,72
1990,hombre,31,11,media,Huila,781242,48
1991,mujer,32,11,media,Huila,250000,48
1992,hombre,42,16,superior,Huila,1500000,60
1993,mujer,24,16,superior,Huila,1900000,40
1994,hombre,59,14,superior,Huila,1500000,48
1995,mujer,33,5,primaria,Huila,1060000,54
1996,hombre,44,3,primaria,Huila,800000,48
1997,hombre,28,5,primaria,Huila,900000,48
1998,mujer,44,16,superior,Huila,1800000,40
1999,hombre,20,18,superior,Huila,600000,30
2000,hombre,32,6,secundaria,Huila,781242,48
2001,mujer,36,11,media,Huila,850000,48
2002,hombre,25,15,superior,Huila,1900000,45
2003,hombre,42,15,superior,Huila,781500,48
2004,mujer,34,11,media,Huila,1200000,48
2005,hombre,32,14,superior,Huila,1200000,48
2006,hombre,30,11,media,Huila,1300000,40
2007,mujer,43,11,media,Huila,800000,55
2008,mujer,41,5,primaria,Huila,400000,40
2009,hombre,46,9,secundaria,Huila,700000,48
2010,hombre,27,14,superior,Huila,500000,48
2011,hombre,48,6,secundaria,Huila,500000,40
2012,hombre,41,6,secundaria,Huila,800000,40
2013,hombre,28,7,secundaria,Huila,700000,48
2014,mujer,64,4,primaria,Huila,300000,40
2015,hombre,47,4,primaria,Huila,500000,43
2016,hombre,49,11,media,Huila,1000000,48
2017,mujer,44,11,media,Huila,500000,48
2018,mujer,27,14,superior,Huila,700000,48
2019,hombre,52,0,ninguno,Huila,600000,42
2020,mujer,48,11,media,Huila,1350000,70
2021,mujer,19,12,superior,Huila,1084000,48
2022,hombre,51,7,secundaria,Huila,400000,91
2023,mujer,64,5,primaria,Huila,510000,46
2024,hombre,55,7,secundaria,Huila,1200000,48
2025,hombre,50,9,secundaria,Huila,1500000,50
2026,mujer,36,13,superior,Huila,830000,48
2027,hombre,40,13,superior,Huila,900000,55
2028,hombre,52,11,media,Huila,700000,60
2029,mujer,41,11,media,Huila,300000,30
2030,mujer,39,16,superior,Huila,1200000,48
2031,hombre,32,11,media,Huila,781242,48
2032,hombre,26,17,superior,Huila,1600000,48
2033,hombre,21,14,superior,Huila,550000,48
2034,mujer,30,14,superior,La Guajira,1000000,48
2035,hombre,36,11,media,La Guajira,900000,84
2036,mujer,31,13,superior,La Guajira,500000,20
2037,hombre,64,16,superior,La Guajira,2700000,30
2038,mujer,58,16,superior,La Guajira,2000000,40
2039,hombre,49,11,media,La Guajira,1200000,40
2040,hombre,40,4,primaria,La Guajira,3000000,42
2041,mujer,57,5,primaria,La Guajira,450000,56
2042,hombre,52,5,primaria,La Guajira,400000,40
2043,hombre,29,11,superior,La Guajira,150000,24
2044,mujer,27,13,superior,La Guajira,925148,40
2045,hombre,60,3,primaria,La Guajira,900000,84
2046,hombre,43,5,primaria,La Guajira,400000,40
2047,hombre,44,5,primaria,La Guajira,700000,45
2048,hombre,19,5,primaria,La Guajira,600000,60
2049,hombre,41,14,superior,La Guajira,3000000,56
2050,hombre,52,6,secundaria,La Guajira,500000,72
2051,mujer,37,16,superior,La Guajira,1000000,48
2052,mujer,29,11,media,La Guajira,300000,42
2053,mujer,54,4,primaria,La Guajira,400000,42
2054,hombre,47,16,superior,La Guajira,1800000,40
2055,mujer,42,11,media,La Guajira,200000,18
2056,hombre,47,18,superior,La Guajira,3000000,48
2057,mujer,48,16,superior,La Guajira,1200000,40
2058,hombre,45,16,superior,La Guajira,1900000,30
2059,mujer,60,13,superior,La Guajira,1800000,48
2060,hombre,35,11,media,La Guajira,500000,50
2061,hombre,31,12,superior,La Guajira,800000,50
2062,hombre,28,9,secundaria,La Guajira,800000,70
2063,mujer,48,5,primaria,La Guajira,700000,60
2064,hombre,44,16,superior,La Guajira,800000,40
2065,mujer,52,5,primaria,La Guajira,300000,42
2066,hombre,29,18,superior,La Guajira,2200000,40
2067,mujer,28,16,superior,La Guajira,870000,44
2068,hombre,39,10,media,La Guajira,2000000,48
2069,hombre,40,11,media,La Guajira,1600000,49
2070,mujer,41,13,superior,La Guajira,781242,40
2071,hombre,26,11,media,La Guajira,925148,45
2072,hombre,25,13,superior,La Guajira,2400000,48
2073,hombre,55,11,media,La Guajira,500000,50
2074,hombre,29,12,superior,La Guajira,700000,63
2075,hombre,34,15,superior,La Guajira,1400000,96
2076,mujer,25,15,superior,La Guajira,400000,14
2077,hombre,25,7,secundaria,La Guajira,1800000,50
2078,hombre,48,0,ninguno,La Guajira,500000,56
2079,mujer,59,6,secundaria,La Guajira,650000,48
2080,hombre,37,16,superior,La Guajira,1400000,40
2081,hombre,53,11,media,La Guajira,953000,84
2082,mujer,51,5,primaria,La Guajira,40000,30
2083,hombre,35,5,primaria,La Guajira,400000,60
2084,hombre,20,11,media,La Guajira,400000,30
2085,hombre,26,5,primaria,La Guajira,600000,50
2086,mujer,19,11,media,La Guajira,300000,28
2087,mujer,20,11,media,La Guajira,420000,54
2088,hombre,27,11,media,La Guajira,300000,56
2089,hombre,48,0,ninguno,La Guajira,1200000,48
2090,hombre,46,4,primaria,La Guajira,350000,45
2091,hombre,25,13,superior,La Guajira,300000,42
2092,hombre,22,11,media,La Guajira,300000,50
2093,mujer,47,4,primaria,La Guajira,48000,48
2094,hombre,36,2,primaria,La Guajira,500000,40
2095,hombre,41,9,secundaria,La Guajira,350000,56
2096,mujer,38,4,primaria,La Guajira,400000,40
2097,hombre,58,7,secundaria,La Guajira,650000,70
2098,hombre,47,13,superior,La Guajira,500000,48
2099,hombre,44,5,primaria,La Guajira,700000,84
2100,hombre,44,5,primaria,La Guajira,800000,84
2101,mujer,56,11,media,La Guajira,930000,40
2102,hombre,21,13,superior,La Guajira,1250000,48
2103,hombre,31,11,media,La Guajira,869453,45
2104,mujer,20,11,media,La Guajira,450000,30
2105,hombre,30,9,secundaria,La Guajira,1200000,84
2106,mujer,45,18,superior,La Guajira,2060000,40
2107,hombre,46,5,primaria,La Guajira,1500000,70
2108,mujer,39,13,superior,La Guajira,1500000,48
2109,hombre,40,10,media,La Guajira,500000,25
2110,mujer,38,10,media,La Guajira,1200000,60
2111,hombre,42,8,secundaria,La Guajira,300000,56
2112,mujer,45,16,superior,La Guajira,1500000,45
2113,hombre,45,16,superior,La Guajira,3000000,45
2114,mujer,51,13,superior,La Guajira,1300000,48
2115,hombre,31,11,media,La Guajira,1000000,48
2116,hombre,30,11,media,La Guajira,1000000,40
2117,hombre,35,13,superior,La Guajira,700000,30
2118,mujer,43,20,superior,La Guajira,3400000,30
2119,hombre,46,18,superior,La Guajira,1790000,48
2120,hombre,48,12,superior,La Guajira,5000000,45
2121,mujer,63,2,primaria,La Guajira,80000,40
2122,hombre,35,8,secundaria,La Guajira,780000,42
2123,mujer,34,13,superior,La Guajira,560000,4
2124,hombre,44,16,superior,La Guajira,1500000,40
2125,mujer,37,16,superior,La Guajira,1200000,40
2126,mujer,51,13,superior,La Guajira,1300000,40
2127,hombre,37,12,superior,La Guajira,1000000,50
2128,mujer,44,16,superior,La Guajira,1500000,40
2129,mujer,53,13,superior,La Guajira,1200000,48
2130,mujer,24,13,superior,La Guajira,1200000,40
2131,hombre,41,10,media,La Guajira,807000,84
2132,hombre,34,16,superior,La Guajira,2300000,40
2133,mujer,27,16,superior,La Guajira,2000000,45
2134,hombre,54,11,media,La Guajira,1000000,40
2135,hombre,24,13,superior,La Guajira,700000,40
2136,mujer,24,16,superior,La Guajira,1500000,40
2137,mujer,40,16,superior,La Guajira,3000000,40
2138,mujer,62,16,superior,La Guajira,1800000,40
2139,mujer,27,11,media,La Guajira,1100000,40
2140,mujer,50,9,secundaria,La Guajira,300000,28
2141,mujer,26,13,superior,La Guajira,1000000,48
2142,mujer,37,16,superior,La Guajira,700000,40
2143,mujer,27,16,superior,La Guajira,2135400,48
2144,mujer,46,13,superior,La Guajira,1200000,60
2145,hombre,19,11,superior,La Guajira,600000,48
2146,hombre,27,13,superior,La Guajira,1200000,40
2147,hombre,37,14,superior,La Guajira,1400000,48
2148,mujer,33,16,superior,La Guajira,150000,16
2149,hombre,56,9,secundaria,La Guajira,600000,56
2150,hombre,32,5,primaria,La Guajira,400000,56
2151,hombre,38,11,media,La Guajira,1200000,48
2152,mujer,34,11,media,La Guajira,180000,20
2153,mujer,61,16,superior,La Guajira,2000000,30
2154,mujer,34,13,superior,La Guajira,500000,48
2155,hombre,27,11,media,La Guajira,720000,48
2156,mujer,24,17,superior,La Guajira,400000,36
2157,hombre,45,13,superior,La Guajira,1100000,72
2158,hombre,61,13,superior,La Guajira,1700000,40
2159,hombre,59,14,superior,La Guajira,2500000,48
2160,mujer,57,18,superior,La Guajira,3800000,40
2161,hombre,27,16,superior,La Guajira,870000,48
2162,hombre,34,12,superior,La Guajira,2000000,48
2163,hombre,38,16,superior,La Guajira,1000000,48
2164,mujer,29,13,superior,La Guajira,1500000,48
2165,hombre,39,14,superior,La Guajira,5400000,48
2166,hombre,50,5,primaria,La Guajira,700000,40
2167,hombre,46,16,superior,La Guajira,2500000,48
2168,mujer,52,7,secundaria,La Guajira,600000,84
2169,hombre,42,6,secundaria,La Guajira,800000,98
2170,hombre,21,8,secundaria,La Guajira,550000,70
2171,hombre,38,18,superior,La Guajira,1700000,40
2172,mujer,37,15,superior,La Guajira,1500000,40
2173,mujer,54,8,secundaria,La Guajira,781242,44
2174,mujer,29,16,superior,La Guajira,1500000,48
2175,hombre,26,11,media,La Guajira,781242,72
2176,mujer,43,0,ninguno,La Guajira,400000,48
2177,hombre,34,11,media,La Guajira,1570000,48
2178,mujer,35,13,superior,La Guajira,781242,48
2179,hombre,36,11,media,Magdalena,600000,48
2180,hombre,40,8,secundaria,Magdalena,3000000,54
2181,mujer,55,11,media,Magdalena,300000,48
2182,mujer,30,15,superior,Magdalena,800000,48
2183,mujer,40,16,superior,Magdalena,1868000,30
2184,hombre,50,5,primaria,Magdalena,300000,48
2185,hombre,49,5,primaria,Magdalena,400000,50
2186,hombre,43,8,secundaria,Magdalena,750000,56
2187,hombre,64,8,secundaria,Magdalena,800000,70
2188,mujer,30,14,superior,Magdalena,25000,36
2189,hombre,31,11,media,Magdalena,781242,44
2190,hombre,38,11,media,Magdalena,500000,48
2191,mujer,38,11,media,Magdalena,800000,40
2192,hombre,61,10,media,Magdalena,700000,50
2193,hombre,47,5,primaria,Magdalena,600000,48
2194,hombre,49,6,secundaria,Magdalena,600000,54
2195,hombre,41,11,media,Magdalena,600000,50
2196,hombre,18,11,media,Magdalena,300000,20
2197,hombre,28,4,primaria,Magdalena,280000,56
2198,hombre,32,11,media,Magdalena,1147500,48
2199,mujer,21,5,primaria,Magdalena,200000,24
2200,mujer,46,11,media,Magdalena,1081242,48
2201,hombre,46,11,media,Magdalena,1581242,48
2202,hombre,27,11,media,Magdalena,1261242,56
2203,mujer,21,12,superior,Magdalena,100000,48
2204,hombre,42,13,superior,Magdalena,1500000,48
2205,mujer,27,11,media,Magdalena,1100000,90
2206,hombre,45,11,media,Magdalena,1000000,84
2207,hombre,63,5,primaria,Magdalena,1000000,48
2208,hombre,36,18,superior,Magdalena,5000000,48
2209,hombre,58,11,media,Magdalena,781242,48
2210,mujer,38,11,media,Magdalena,781242,40
2211,hombre,52,14,superior,Magdalena,400000,36
2212,mujer,50,8,secundaria,Magdalena,781242,48
2213,mujer,19,11,media,Magdalena,400000,48
2214,hombre,31,8,secundaria,Magdalena,3500000,60
2215,mujer,29,11,media,Magdalena,782000,48
2216,hombre,45,17,superior,Magdalena,8000000,70
2217,mujer,34,16,superior,Magdalena,3000000,20
2218,mujer,19,11,media,Magdalena,750000,60
2219,hombre,20,12,superior,Magdalena,650000,90
2220,hombre,29,0,ninguno,Magdalena,900000,48
2221,hombre,52,11,media,Magdalena,1000000,84
2222,mujer,52,11,media,Magdalena,781300,40
2223,mujer,25,11,media,Magdalena,781300,44
2224,hombre,19,12,superior,Magdalena,931300,40
2225,mujer,38,14,superior,Magdalena,781242,48
2226,hombre,37,8,secundaria,Magdalena,600000,50
2227,mujer,43,11,media,Magdalena,580000,48
2228,hombre,19,11,media,Magdalena,300000,50
2229,hombre,43,13,superior,Magdalena,800000,48
2230,mujer,40,7,secundaria,Magdalena,240000,12
2231,mujer,31,13,superior,Magdalena,150000,9
2232,hombre,56,14,superior,Magdalena,700000,50
2233,mujer,53,11,media,Magdalena,780000,48
2234,hombre,27,14,superior,Magdalena,1750000,48
2235,mujer,33,11,media,Magdalena,781242,48
2236,hombre,58,14,superior,Magdalena,700000,48
2237,mujer,25,14,superior,Magdalena,781242,30
2238,hombre,52,13,superior,Magdalena,1100000,48
2239,mujer,52,13,superior,Magdalena,2500000,60
2240,mujer,34,11,media,Magdalena,2500000,48
2241,mujer,44,13,superior,Magdalena,1600000,48
2242,hombre,27,11,media,Magdalena,960000,72
2243,mujer,22,14,superior,Magdalena,450000,30
2244,mujer,33,11,media,Magdalena,250000,30
2245,mujer,55,11,media,Magdalena,500000,40
2246,hombre,31,11,media,Magdalena,800000,84
2247,mujer,42,16,superior,Magdalena,1200000,60
2248,mujer,25,9,secundaria,Magdalena,900000,60
2249,mujer,44,16,superior,Magdalena,3000000,48
2250,hombre,42,11,media,Magdalena,781242,48
2251,mujer,40,11,media,Magdalena,800000,48
2252,hombre,52,11,media,Magdalena,800000,84
2253,hombre,51,14,superior,Magdalena,1200000,48
2254,hombre,57,17,superior,Magdalena,3400000,30
2255,mujer,57,17,superior,Magdalena,3600000,30
2256,hombre,37,14,superior,Magdalena,900000,48
2257,mujer,35,16,superior,Magdalena,1500000,48
2258,hombre,33,16,superior,Magdalena,800000,48
2259,hombre,59,11,media,Magdalena,2500000,84
2260,hombre,22,11,media,Magdalena,800000,60
2261,hombre,33,14,superior,Magdalena,900000,84
2262,mujer,31,16,superior,Magdalena,1000000,90
2263,hombre,26,14,superior,Magdalena,840000,72
2264,mujer,22,15,superior,Magdalena,840000,72
2265,hombre,21,12,superior,Magdalena,840000,72
2266,mujer,25,16,superior,Magdalena,1174000,48
2267,hombre,27,11,media,Magdalena,1000000,10
2268,hombre,30,11,media,Magdalena,600000,50
2269,mujer,19,11,media,Magdalena,80000,14
2270,mujer,36,7,secundaria,Magdalena,600000,42
2271,mujer,53,9,secundaria,Magdalena,30000,20
2272,hombre,30,8,secundaria,Magdalena,200000,30
2273,hombre,40,14,superior,Magdalena,1100000,60
2274,hombre,60,5,primaria,Magdalena,800000,50
2275,mujer,54,6,secundaria,Magdalena,560000,40
2276,hombre,39,5,primaria,Magdalena,600000,60
2277,mujer,38,11,media,Magdalena,800000,48
2278,mujer,38,7,secundaria,Magdalena,370000,50
2279,mujer,19,11,media,Magdalena,800000,48
2280,mujer,39,11,media,Magdalena,420000,30
2281,hombre,45,11,media,Magdalena,750000,50
2282,hombre,29,11,media,Magdalena,787500,48
2283,mujer,43,11,media,Magdalena,700000,48
2284,hombre,53,11,media,Magdalena,2000000,49
2285,mujer,36,13,superior,Magdalena,600000,40
2286,hombre,27,15,superior,Magdalena,2500000,30
2287,mujer,42,14,superior,Magdalena,800000,40
2288,hombre,54,11,media,Magdalena,1500000,40
2289,mujer,33,11,media,Magdalena,190000,30
2290,hombre,31,6,secundaria,Magdalena,200000,48
2291,hombre,27,11,media,Magdalena,781300,48
2292,hombre,54,8,secundaria,Magdalena,800000,50
2293,mujer,57,10,media,Magdalena,300000,63
2294,hombre,31,11,media,Magdalena,781242,70
2295,hombre,22,10,media,Magdalena,800000,48
2296,hombre,56,9,secundaria,Magdalena,900000,48
2297,mujer,36,3,primaria,Magdalena,300000,18
2298,hombre,34,14,superior,Magdalena,1200000,48
2299,hombre,62,0,ninguno,Magdalena,800000,48
2300,hombre,55,4,primaria,Magdalena,1200000,70
2301,hombre,38,3,primaria,Magdalena,2000000,80
2302,hombre,52,5,primaria,Magdalena,780000,60
2303,hombre,31,1,primaria,Magdalena,600000,40
2304,hombre,34,16,superior,Magdalena,2400000,60
2305,mujer,62,5,primaria,Magdalena,480000,20
2306,hombre,31,3,primaria,Magdalena,600000,72
2307,mujer,37,5,primaria,Magdalena,300000,48
2308,hombre,19,11,media,Magdalena,520000,48
2309,hombre,50,7,secundaria,Magdalena,800000,72
2310,hombre,30,11,media,Magdalena,800000,50
2311,mujer,59,10,media,Magdalena,20000,20
2312,hombre,39,13,superior,Magdalena,600000,50
2313,mujer,40,9,secundaria,Magdalena,455000,25
2314,hombre,47,7,secundaria,Magdalena,500000,50
2315,hombre,42,11,media,Magdalena,1200000,60
2316,mujer,21,10,media,Magdalena,300000,30
2317,hombre,18,11,media,Magdalena,550000,48
2318,mujer,29,8,secundaria,Magdalena,160000,12
2319,hombre,24,11,media,Magdalena,700000,48
2320,hombre,18,11,media,Magdalena,240000,30
2321,hombre,37,5,primaria,Magdalena,800000,48
2322,mujer,42,10,media,Magdalena,700000,48
2323,hombre,22,11,media,Magdalena,900000,60
2324,hombre,33,11,media,Magdalena,900000,48
2325,mujer,34,11,media,Magdalena,800000,72
2326,hombre,27,10,media,Magdalena,2000000,55
2327,mujer,34,4,primaria,Magdalena,650000,60
2328,hombre,33,11,media,Magdalena,1150000,48
2329,mujer,28,13,superior,Magdalena,700000,48
2330,mujer,47,8,secundaria,Magdalena,120000,8
2331,mujer,27,11,media,Magdalena,500000,32
2332,hombre,25,11,superior,Magdalena,860000,48
2333,mujer,61,9,secundaria,Magdalena,80000,30
2334,hombre,38,11,media,Magdalena,600000,48
2335,mujer,37,18,superior,Magdalena,2600000,40
2336,mujer,55,16,superior,Magdalena,1200000,48
2337,hombre,54,17,superior,Magdalena,2000000,50
2338,hombre,29,11,media,Magdalena,600000,40
2339,mujer,28,11,media,Magdalena,200000,60
2340,mujer,43,11,media,Magdalena,500000,40
2341,mujer,34,11,media,Magdalena,781300,48
2342,hombre,60,16,superior,Magdalena,3000000,40
2343,hombre,55,11,media,Magdalena,500000,48
2344,mujer,26,11,media,Magdalena,800000,56
2345,hombre,47,11,media,Magdalena,600000,50
2346,mujer,49,11,media,Magdalena,130000,15
2347,hombre,53,16,superior,Magdalena,1500000,40
2348,hombre,41,0,ninguno,Magdalena,1200000,48
2349,mujer,36,16,superior,Magdalena,600000,50
2350,hombre,58,11,media,Magdalena,1200000,50
2351,mujer,60,16,superior,Magdalena,600000,50
2352,mujer,26,15,superior,Magdalena,800000,48
2353,hombre,45,5,primaria,Magdalena,800000,105
2354,hombre,18,11,superior,Magdalena,300000,24
2355,hombre,59,5,primaria,Magdalena,1200000,48
2356,mujer,28,11,media,Magdalena,100000,84
2357,hombre,28,11,media,Magdalena,800000,40
2358,mujer,56,5,primaria,Magdalena,560000,70
2359,mujer,47,9,secundaria,Magdalena,480000,48
2360,hombre,20,10,media,Magdalena,800000,54
2361,hombre,54,5,primaria,Magdalena,800000,48
2362,mujer,27,14,superior,Magdalena,450000,72
2363,hombre,27,11,media,Magdalena,1200000,48
2364,mujer,50,11,media,Magdalena,800000,56
2365,hombre,38,10,media,Magdalena,1000000,70
2366,hombre,36,11,media,Magdalena,800000,70
2367,hombre,49,16,superior,Magdalena,2600000,48
2368,mujer,47,16,superior,Magdalena,1500000,48
2369,mujer,43,10,media,Magdalena,500000,48
2370,hombre,55,5,primaria,Magdalena,500000,48
2371,mujer,51,9,secundaria,Magdalena,300000,25
2372,hombre,37,11,media,Magdalena,450000,70
2373,hombre,43,11,media,Magdalena,781242,48
2374,mujer,52,11,media,Magdalena,2000000,40
2375,hombre,57,11,media,Magdalena,2400000,80
2376,mujer,43,16,superior,Meta,900000,48
2377,hombre,59,16,superior,Meta,2950000,48
2378,mujer,52,16,superior,Meta,500000,40
2379,mujer,46,16,superior,Meta,3000000,50
2380,hombre,59,19,superior,Meta,18000000,70
2381,hombre,25,16,superior,Meta,1280000,48
2382,mujer,24,11,media,Meta,750000,30
2383,hombre,43,13,superior,Meta,1550000,48
2384,hombre,42,5,primaria,Meta,1500000,50
2385,hombre,61,8,secundaria,Meta,1800000,50
2386,hombre,38,8,secundaria,Meta,2000000,60
2387,hombre,39,5,primaria,Meta,800000,50
2388,hombre,52,11,media,Meta,900000,50
2389,hombre,44,11,media,Meta,1300000,48
2390,hombre,31,16,superior,Meta,660000,35
2391,mujer,28,11,media,Meta,400000,40
2392,hombre,45,11,media,Meta,600000,54
2393,hombre,37,11,media,Meta,900000,54
2394,mujer,46,11,media,Meta,500000,37
2395,hombre,52,5,primaria,Meta,600000,56
2396,mujer,33,16,superior,Meta,870000,60
2397,hombre,20,8,secundaria,Meta,900000,54
2398,hombre,28,13,superior,Meta,750000,70
2399,mujer,59,5,primaria,Meta,300000,70
2400,hombre,38,5,primaria,Meta,300000,48
2401,mujer,37,5,primaria,Meta,870000,70
2402,hombre,59,9,secundaria,Meta,1031200,90
2403,hombre,28,11,media,Meta,800000,72
2404,mujer,21,11,media,Meta,600000,60
2405,hombre,27,11,media,Meta,781242,48
2406,hombre,64,5,primaria,Meta,20000000,60
2407,mujer,37,18,superior,Meta,3000000,48
2408,mujer,38,17,superior,Meta,2000000,48
2409,hombre,50,18,superior,Meta,3500000,48
2410,hombre,44,13,superior,Meta,4300000,48
2411,mujer,45,9,secundaria,Meta,1500000,66
2412,hombre,19,11,media,Meta,1100000,44
2413,hombre,28,7,secundaria,Meta,922000,40
2414,mujer,29,14,superior,Meta,1000000,60
2415,mujer,54,7,secundaria,Meta,1200000,48
2416,hombre,47,11,media,Narino,1170000,49
2417,mujer,43,11,media,Narino,860000,48
2418,hombre,50,5,primaria,Narino,800000,48
2419,hombre,37,16,superior,Narino,1300000,44
2420,mujer,44,16,superior,Narino,1500000,48
2421,hombre,61,5,primaria,Narino,1000000,48
2422,hombre,24,8,secundaria,Narino,1200000,40
2423,hombre,54,5,primaria,Narino,400000,30
2424,hombre,53,13,superior,Narino,1000000,50
2425,hombre,31,0,ninguno,Narino,650000,48
2426,mujer,54,11,media,Narino,220000,40
2427,mujer,59,9,secundaria,Narino,100000,20
2428,mujer,43,11,media,Narino,200000,21
2429,mujer,56,13,superior,Narino,800000,48
2430,mujer,27,12,superior,Narino,781242,48
2431,hombre,40,11,media,Narino,700000,44
2432,mujer,64,3,primaria,Narino,390000,25
2433,hombre,42,11,media,Narino,1000000,70
2434,mujer,41,5,primaria,Narino,400000,35
2435,hombre,39,5,primaria,Narino,800000,48
2436,hombre,23,5,primaria,Narino,900000,48
2437,hombre,34,11,media,Narino,120000,44
2438,mujer,34,5,primaria,Narino,200000,30
2439,hombre,59,5,primaria,Narino,300000,55
2440,mujer,18,11,media,Narino,720000,45
2441,hombre,18,10,media,Narino,780000,84
2442,hombre,54,5,primaria,Narino,800000,48
2443,mujer,49,7,secundaria,Narino,50000,25
2444,mujer,32,11,media,Narino,580000,18
2445,mujer,36,13,media,Narino,781242,48
2446,mujer,46,6,secundaria,Narino,500000,48
2447,hombre,52,8,secundaria,Narino,400000,32
2448,hombre,25,11,media,Narino,860000,48
2449,mujer,38,11,media,Narino,250000,12
2450,hombre,22,11,media,Narino,900000,40
2451,hombre,48,5,primaria,Narino,800000,60
2452,mujer,46,11,media,Narino,500000,56
2453,mujer,18,11,media,Narino,850000,56
2454,mujer,30,17,superior,Narino,1500000,48
2455,hombre,22,11,media,Narino,360000,24
2456,hombre,42,8,secundaria,Narino,3000000,48
2457,hombre,47,16,superior,Narino,3000000,50
2458,mujer,40,16,superior,Narino,800000,40
2459,mujer,31,11,media,Narino,650000,30
2460,mujer,46,5,primaria,Narino,760000,60
2461,mujer,53,1,primaria,Narino,480000,40
2462,hombre,32,11,media,Narino,3500000,40
2463,hombre,39,11,media,Narino,750000,72
2464,mujer,47,11,media,Narino,630000,48
2465,hombre,29,11,media,Narino,930000,48
2466,hombre,30,11,media,Narino,700000,40
2467,mujer,53,11,media,Narino,806000,48
2468,hombre,42,11,media,Narino,1000000,50
2469,hombre,40,11,media,Narino,900000,52
2470,hombre,44,5,primaria,Narino,800000,60
2471,hombre,27,18,superior,Narino,1000000,40
2472,mujer,27,16,superior,Narino,2000000,45
2473,hombre,32,16,superior,Narino,2000000,40
2474,hombre,28,11,media,Narino,700000,48
2475,hombre,31,0,ninguno,Narino,700000,48
2476,hombre,47,11,media,Narino,800000,48
2477,mujer,53,16,superior,Narino,800000,50
2478,mujer,29,19,superior,Narino,3000000,45
2479,mujer,45,12,superior,Narino,1800000,42
2480,hombre,25,12,superior,Narino,700000,48
2481,hombre,48,11,media,Narino,1500000,48
2482,hombre,24,16,superior,Narino,820000,45
2483,hombre,23,14,superior,Narino,300000,22
2484,mujer,34,10,media,Narino,700000,40
2485,hombre,36,9,secundaria,Narino,1500000,30
2486,mujer,37,11,media,Narino,781242,52
2487,mujer,44,3,primaria,Narino,2500000,36
2488,hombre,26,11,media,Narino,781242,48
2489,mujer,26,13,superior,Narino,700000,36
2490,mujer,41,9,secundaria,Narino,520000,40
2491,hombre,43,17,superior,Narino,1000000,50
2492,mujer,38,18,superior,Narino,800000,48
2493,hombre,55,5,primaria,Narino,781242,48
2494,hombre,42,3,primaria,Narino,700000,48
2495,hombre,57,11,media,Narino,800000,40
2496,hombre,42,11,media,Narino,150000,20
2497,hombre,46,11,media,Narino,700000,40
2498,mujer,43,11,media,Narino,600000,36
2499,mujer,51,11,media,Narino,300000,54
2500,hombre,27,4,primaria,Narino,820000,48
2501,hombre,47,11,media,Narino,500000,48
2502,hombre,44,8,secundaria,Narino,750000,58
2503,mujer,55,11,media,Narino,100000,15
2504,mujer,40,12,superior,Narino,1500000,42
2505,hombre,59,13,superior,Narino,1100000,50
2506,mujer,50,11,media,Narino,550000,48
2507,hombre,45,11,media,Narino,1000000,56
2508,mujer,40,16,superior,Narino,1200000,48
2509,mujer,42,18,superior,Narino,1900000,30
2510,hombre,50,11,media,Narino,781242,48
2511,mujer,50,16,superior,Narino,2600000,48
2512,hombre,55,12,superior,Narino,1200000,40
2513,mujer,42,13,superior,Narino,1450000,56
2514,mujer,32,13,superior,Narino,1300000,36
2515,hombre,60,19,superior,Narino,400000,20
2516,mujer,43,16,superior,Narino,800000,12
2517,mujer,37,16,superior,Narino,781242,48
2518,mujer,32,18,superior,Narino,3800000,48
2519,mujer,61,20,superior,Narino,4800000,40
2520,hombre,48,17,superior,Narino,4000000,40
2521,mujer,49,14,superior,Narino,1170000,48
2522,mujer,63,2,primaria,Narino,420000,40
2523,mujer,54,1,primaria,Narino,300000,42
2524,hombre,22,6,secundaria,Narino,718000,33
2525,hombre,46,3,primaria,Narino,700000,48
2526,hombre,29,11,media,Narino,800000,44
2527,hombre,50,5,primaria,Narino,800000,48
2528,mujer,47,5,primaria,Narino,320000,48
2529,hombre,23,11,media,Narino,400000,48
2530,mujer,51,11,media,N. de Santander,600000,48
2531,hombre,43,5,primaria,N. de Santander,480000,60
2532,hombre,50,5,primaria,N. de Santander,720000,60
2533,mujer,62,3,primaria,N. de Santander,60000,8
2534,hombre,58,14,superior,N. de Santander,1500000,20
2535,mujer,55,11,media,N. de Santander,1080000,48
2536,hombre,52,5,primaria,N. de Santander,600000,70
2537,hombre,26,11,media,N. de Santander,1600000,70
2538,mujer,29,11,media,N. de Santander,800000,70
2539,mujer,29,11,media,N. de Santander,949242,56
2540,mujer,25,11,media,N. de Santander,781242,48
2541,hombre,20,11,media,N. de Santander,800000,60
2542,hombre,51,8,secundaria,N. de Santander,880000,60
2543,hombre,60,3,primaria,N. de Santander,1000000,60
2544,mujer,55,5,primaria,N. de Santander,500000,60
2545,hombre,31,10,media,N. de Santander,1000000,60
2546,hombre,19,11,media,N. de Santander,500000,48
2547,hombre,30,12,superior,N. de Santander,1300000,50
2548,hombre,23,11,media,N. de Santander,800000,48
2549,mujer,25,11,media,N. de Santander,500000,48
2550,mujer,39,11,media,N. de Santander,400000,48
2551,hombre,36,5,primaria,N. de Santander,700000,42
2552,mujer,33,11,media,N. de Santander,900000,48
2553,hombre,48,5,primaria,N. de Santander,1500000,60
2554,hombre,25,7,secundaria,N. de Santander,800000,50
2555,hombre,21,8,secundaria,N. de Santander,720000,50
2556,hombre,43,16,superior,N. de Santander,900000,35
2557,mujer,35,11,media,N. de Santander,200000,7
2558,hombre,47,11,media,N. de Santander,850000,60
2559,mujer,43,11,media,N. de Santander,500000,48
2560,hombre,52,7,secundaria,N. de Santander,781242,48
2561,mujer,47,5,primaria,N. de Santander,200000,2
2562,mujer,25,11,media,N. de Santander,850000,42
2563,hombre,35,14,superior,N. de Santander,960000,72
2564,hombre,34,3,primaria,N. de Santander,600000,45
2565,hombre,33,11,media,N. de Santander,850000,60
2566,mujer,33,10,media,N. de Santander,400000,50
2567,hombre,55,5,primaria,N. de Santander,800000,72
2568,hombre,26,11,media,N. de Santander,800000,50
2569,hombre,27,11,media,N. de Santander,781242,48
2570,hombre,22,10,media,N. de Santander,781242,70
2571,mujer,24,11,media,N. de Santander,781242,48
2572,hombre,57,3,primaria,N. de Santander,700000,70
2573,mujer,57,5,primaria,N. de Santander,100000,84
2574,mujer,23,13,superior,N. de Santander,789500,40
2575,hombre,32,11,media,N. de Santander,1400000,84
2576,mujer,50,5,primaria,N. de Santander,400000,48
2577,hombre,25,11,media,N. de Santander,789500,60
2578,mujer,30,11,media,N. de Santander,800000,70
2579,hombre,51,4,primaria,N. de Santander,600000,30
2580,mujer,48,5,primaria,N. de Santander,400000,42
2581,mujer,25,11,media,N. de Santander,520000,48
2582,hombre,47,5,primaria,N. de Santander,781242,54
2583,hombre,34,11,media,N. de Santander,1200000,60
2584,hombre,33,2,primaria,N. de Santander,650000,50
2585,mujer,29,7,secundaria,N. de Santander,100000,8
2586,hombre,49,8,secundaria,N. de Santander,400000,40
2587,mujer,46,5,primaria,N. de Santander,400000,60
2588,mujer,47,3,primaria,N. de Santander,80000,8
2589,hombre,42,11,media,N. de Santander,800000,70
2590,mujer,26,11,media,N. de Santander,781242,48
2591,mujer,54,4,primaria,N. de Santander,1086000,84
2592,hombre,46,11,media,N. de Santander,600000,50
2593,hombre,30,8,secundaria,N. de Santander,1000000,84
2594,mujer,28,11,media,N. de Santander,200000,28
2595,mujer,49,5,primaria,N. de Santander,950000,50
2596,hombre,52,10,media,N. de Santander,300000,48
2597,mujer,30,18,superior,N. de Santander,800000,48
2598,hombre,21,11,media,N. de Santander,1140000,48
2599,hombre,35,11,media,N. de Santander,350000,30
2600,mujer,33,16,superior,N. de Santander,1000000,48
2601,mujer,42,16,superior,N. de Santander,2300000,48
2602,hombre,25,11,media,N. de Santander,826000,48
2603,mujer,56,16,superior,N. de Santander,4000000,48
2604,hombre,27,16,superior,N. de Santander,1500000,48
2605,hombre,36,16,superior,N. de Santander,900000,60
2606,hombre,27,11,media,N. de Santander,800000,72
2607,mujer,29,11,media,N. de Santander,450000,48
2608,mujer,41,11,media,N. de Santander,500000,42
2609,hombre,43,12,superior,N. de Santander,400000,55
2610,mujer,20,11,media,N. de Santander,240000,42
2611,mujer,38,12,superior,N. de Santander,336000,42
2612,mujer,46,11,media,N. de Santander,400000,54
2613,hombre,50,2,primaria,N. de Santander,1000000,54
2614,mujer,51,8,secundaria,N. de Santander,180000,35
2615,mujer,32,11,media,N. de Santander,781242,48
2616,hombre,33,0,ninguno,N. de Santander,300000,60
2617,hombre,21,8,secundaria,N. de Santander,200000,50
2618,hombre,19,11,media,N. de Santander,600000,70
2619,hombre,20,11,media,N. de Santander,600000,72
2620,mujer,34,11,media,N. de Santander,280000,30
2621,hombre,65,0,ninguno,N. de Santander,320000,60
2622,mujer,64,2,primaria,N. de Santander,300000,60
2623,hombre,50,11,media,N. de Santander,600000,56
2624,mujer,51,11,media,N. de Santander,400000,40
2625,mujer,60,6,secundaria,N. de Santander,250000,60
2626,mujer,40,8,secundaria,N. de Santander,430000,50
2627,hombre,31,16,superior,N. de Santander,1350000,48
2628,hombre,25,16,superior,N. de Santander,1200000,48
2629,hombre,38,11,media,N. de Santander,960000,48
2630,mujer,29,11,media,N. de Santander,900000,48
2631,hombre,39,11,media,N. de Santander,1100000,60
2632,mujer,40,11,media,N. de Santander,700000,50
2633,mujer,18,11,media,N. de Santander,200000,56
2634,mujer,24,11,media,N. de Santander,450000,60
2635,hombre,61,3,primaria,N. de Santander,500000,50
2636,hombre,33,9,secundaria,N. de Santander,800000,84
2637,mujer,22,11,media,N. de Santander,781242,48
2638,mujer,40,11,media,N. de Santander,450000,40
2639,hombre,38,11,media,N. de Santander,700000,48
2640,hombre,59,6,secundaria,N. de Santander,1000000,60
2641,hombre,32,11,media,N. de Santander,800000,50
2642,mujer,30,16,superior,N. de Santander,1000000,30
2643,hombre,29,11,media,N. de Santander,700000,60
2644,mujer,54,11,media,N. de Santander,800000,45
2645,mujer,26,15,superior,N. de Santander,180000,40
2646,mujer,47,14,superior,N. de Santander,1200000,48
2647,hombre,36,15,superior,N. de Santander,3000000,78
2648,mujer,34,11,media,N. de Santander,3000000,70
2649,hombre,39,9,secundaria,N. de Santander,3000000,48
2650,mujer,38,13,superior,N. de Santander,1500000,56
2651,hombre,35,16,superior,N. de Santander,3500000,48
2652,mujer,37,18,superior,N. de Santander,5100000,48
2653,hombre,44,21,superior,N. de Santander,4700000,30
2654,mujer,47,18,superior,N. de Santander,2300000,30
2655,mujer,51,11,media,N. de Santander,1061242,60
2656,hombre,47,11,media,N. de Santander,1200000,48
2657,hombre,59,3,primaria,N. de Santander,100000,70
2658,mujer,19,13,superior,Quindio,600000,56
2659,hombre,61,8,secundaria,Quindio,300000,45
2660,hombre,54,5,primaria,Quindio,781242,55
2661,mujer,28,9,secundaria,Quindio,781242,48
2662,hombre,55,10,media,Quindio,2000000,45
2663,hombre,55,5,primaria,Quindio,600000,48
2664,hombre,21,14,superior,Quindio,1000000,48
2665,hombre,31,8,secundaria,Quindio,500000,48
2666,mujer,31,11,media,Quindio,800000,48
2667,mujer,35,19,superior,Quindio,3173382,40
2668,hombre,34,19,superior,Quindio,3173382,40
2669,mujer,29,8,secundaria,Quindio,300000,36
2670,mujer,26,16,superior,Quindio,1400000,48
2671,mujer,31,16,superior,Quindio,2000000,20
2672,hombre,36,13,superior,Quindio,781000,44
2673,mujer,38,16,superior,Quindio,781000,48
2674,mujer,56,16,superior,Quindio,1400000,40
2675,hombre,53,17,superior,Quindio,2000000,48
2676,mujer,47,16,superior,Quindio,782000,48
2677,mujer,27,17,superior,Quindio,5000000,45
2678,mujer,23,16,superior,Quindio,1600000,45
2679,hombre,32,6,secundaria,Quindio,600000,72
2680,mujer,30,5,primaria,Quindio,700000,60
2681,mujer,35,16,superior,Quindio,5000000,48
2682,mujer,51,3,primaria,Quindio,480000,50
2683,hombre,30,11,media,Quindio,620000,50
2684,hombre,34,13,superior,Quindio,2000000,48
2685,mujer,42,16,superior,Quindio,1000000,48
2686,hombre,26,8,secundaria,Quindio,700000,60
2687,mujer,25,16,superior,Quindio,600000,60
2688,hombre,53,16,superior,Quindio,1000000,48
2689,hombre,28,10,media,Quindio,1200000,48
2690,hombre,50,5,primaria,Quindio,700000,60
2691,mujer,19,5,primaria,Quindio,800000,25
2692,hombre,56,5,primaria,Quindio,781242,54
2693,hombre,52,11,media,Quindio,1300000,40
2694,hombre,64,7,secundaria,Quindio,1000000,60
2695,mujer,54,1,primaria,Quindio,1000000,50
2696,hombre,25,16,superior,Quindio,480000,50
2697,mujer,34,11,media,Quindio,500000,42
2698,mujer,28,11,media,Quindio,782000,48
2699,mujer,24,11,media,Quindio,1022000,48
2700,mujer,63,3,primaria,Quindio,300000,42
2701,mujer,22,11,media,Quindio,440000,70
2702,mujer,19,12,superior,Quindio,782000,54
2703,hombre,21,11,media,Quindio,1800000,72
2704,mujer,21,13,superior,Quindio,850000,48
2705,hombre,36,11,media,Quindio,781242,44
2706,hombre,34,8,secundaria,Quindio,700000,50
2707,hombre,42,12,superior,Quindio,828000,48
2708,hombre,26,3,primaria,Quindio,700000,48
2709,hombre,39,3,primaria,Quindio,782000,60
2710,mujer,55,1,primaria,Quindio,700000,105
2711,hombre,61,11,media,Quindio,781242,60
2712,mujer,18,12,superior,Quindio,781242,48
2713,hombre,33,13,superior,Quindio,2000000,40
2714,mujer,35,13,superior,Quindio,1100000,40
2715,mujer,33,11,media,Quindio,781242,48
2716,mujer,58,1,primaria,Quindio,150000,40
2717,mujer,37,11,media,Quindio,781242,48
2718,hombre,20,11,media,Quindio,800000,50
2719,hombre,57,3,primaria,Quindio,800000,25
2720,hombre,21,13,superior,Quindio,1600000,55
2721,hombre,65,11,media,Quindio,300000,40
2722,mujer,62,11,media,Quindio,50000,50
2723,mujer,25,16,superior,Quindio,900000,45
2724,hombre,54,9,secundaria,Quindio,1000000,70
2725,hombre,33,11,media,Quindio,600000,72
2726,hombre,46,11,media,Quindio,300000,64
2727,mujer,48,15,superior,Quindio,1000000,48
2728,hombre,54,6,secundaria,Quindio,2182000,80
2729,hombre,61,9,secundaria,Quindio,1800000,48
2730,hombre,62,8,secundaria,Quindio,1000000,60
2731,hombre,50,9,secundaria,Quindio,500000,60
2732,hombre,40,14,superior,Quindio,1050000,48
2733,hombre,36,14,superior,Quindio,1000000,48
2734,mujer,35,13,superior,Quindio,1000000,48
2735,hombre,60,9,secundaria,Quindio,2000000,60
2736,hombre,36,11,media,Quindio,782000,44
2737,hombre,33,13,superior,Quindio,850000,48
2738,mujer,27,11,media,Quindio,800000,48
2739,mujer,37,16,superior,Quindio,781242,48
2740,hombre,27,7,secundaria,Quindio,1200000,70
2741,mujer,20,7,secundaria,Quindio,1000000,72
2742,mujer,59,9,secundaria,Quindio,1164000,48
2743,hombre,43,14,superior,Quindio,1800000,50
2744,hombre,60,11,media,Quindio,1000000,60
2745,mujer,59,10,media,Quindio,300000,50
2746,hombre,31,14,superior,Quindio,1000000,54
2747,mujer,30,17,superior,Quindio,2500000,40
2748,hombre,38,17,superior,Quindio,7400000,40
2749,mujer,54,13,superior,Quindio,200000,30
2750,mujer,27,16,superior,Quindio,1800000,40
2751,hombre,27,11,media,Quindio,1000000,60
2752,hombre,36,8,secundaria,Quindio,2000000,105
2753,hombre,62,7,secundaria,Quindio,920000,60
2754,mujer,30,11,media,Quindio,50000,24
2755,mujer,34,14,superior,Quindio,700000,20
2756,mujer,62,17,superior,Quindio,782000,44
2757,hombre,61,3,primaria,Quindio,1200000,84
2758,mujer,49,10,media,Quindio,25000,35
2759,mujer,26,12,superior,Quindio,1900000,84
2760,hombre,56,6,secundaria,Quindio,400000,54
2761,hombre,39,8,secundaria,Quindio,781242,50
2762,hombre,33,11,media,Quindio,1900000,72
2763,mujer,25,11,media,Quindio,400000,12
2764,hombre,25,12,superior,Quindio,300000,43
2765,hombre,26,11,media,Quindio,500000,30
2766,hombre,50,5,primaria,Quindio,1150000,64
2767,mujer,57,11,media,Quindio,80000,14
2768,mujer,38,14,superior,Quindio,50000,16
2769,hombre,32,17,superior,Quindio,3500000,40
2770,hombre,29,11,media,Quindio,781242,48
2771,mujer,28,11,media,Quindio,300000,10
2772,hombre,52,8,secundaria,Quindio,1200000,60
2773,mujer,46,6,secundaria,Quindio,8000000,48
2774,mujer,64,16,superior,Quindio,3200000,48
2775,hombre,51,11,media,Quindio,1000000,60
2776,hombre,61,11,media,Quindio,175000,6
2777,mujer,52,18,superior,Quindio,3300000,40
2778,hombre,40,11,media,Quindio,781242,48
2779,hombre,43,14,superior,Quindio,1200000,60
2780,hombre,29,13,superior,Quindio,1200000,40
2781,hombre,27,11,media,Quindio,886000,35
2782,hombre,38,9,secundaria,Quindio,800000,60
2783,hombre,61,15,superior,Quindio,1200000,45
2784,mujer,49,10,media,Quindio,600000,21
2785,mujer,29,13,superior,Quindio,781000,54
2786,mujer,46,11,media,Quindio,200000,30
2787,hombre,52,0,ninguno,Quindio,270000,60
2788,hombre,29,9,secundaria,Quindio,800000,70
2789,hombre,45,5,primaria,Quindio,800000,40
2790,mujer,64,17,superior,Quindio,2500000,30
2791,hombre,30,16,superior,Quindio,782000,48
2792,mujer,28,11,media,Quindio,450000,28
2793,mujer,40,4,primaria,Quindio,200000,24
2794,mujer,23,8,secundaria,Quindio,280000,24
2795,hombre,27,11,media,Quindio,700000,60
2796,mujer,24,12,superior,Quindio,400000,60
2797,mujer,30,8,secundaria,Quindio,600000,60
2798,hombre,21,8,secundaria,Quindio,850000,48
2799,mujer,40,11,media,Quindio,781000,40
2800,mujer,23,15,superior,Quindio,150000,18
2801,hombre,52,5,primaria,Quindio,800000,54
2802,hombre,29,5,primaria,Quindio,840000,60
2803,mujer,55,14,superior,Quindio,1000000,48
2804,mujer,23,11,superior,Quindio,500000,48
2805,hombre,33,11,media,Quindio,1517000,70
2806,hombre,50,8,secundaria,Quindio,150000,60
2807,hombre,58,10,media,Quindio,782000,66
2808,hombre,37,13,superior,Quindio,300000,48
2809,hombre,40,16,superior,Risaralda,3500000,48
2810,mujer,41,16,superior,Risaralda,1500000,40
2811,hombre,51,5,primaria,Risaralda,1100000,40
2812,hombre,63,5,primaria,Risaralda,1000000,72
2813,hombre,59,17,superior,Risaralda,3000000,40
2814,mujer,28,16,superior,Risaralda,1500000,50
2815,mujer,26,16,superior,Risaralda,1500000,48
2816,hombre,59,16,superior,Risaralda,1500000,72
2817,hombre,60,19,superior,Risaralda,2000000,48
2818,mujer,52,16,superior,Risaralda,2000000,40
2819,hombre,39,12,superior,Risaralda,1200000,48
2820,mujer,43,14,superior,Risaralda,781242,50
2821,hombre,40,11,media,Risaralda,2100000,72
2822,hombre,38,3,primaria,Risaralda,900000,48
2823,mujer,23,16,superior,Risaralda,2000000,48
2824,mujer,51,5,primaria,Risaralda,2000000,48
2825,hombre,55,5,primaria,Risaralda,1200000,48
2826,mujer,21,13,superior,Risaralda,781242,48
2827,mujer,33,11,media,Risaralda,1100000,24
2828,mujer,30,11,media,Risaralda,781242,48
2829,hombre,47,11,media,Risaralda,2000000,60
2830,mujer,51,13,superior,Risaralda,1000000,48
2831,mujer,22,15,superior,Risaralda,700000,48
2832,hombre,28,14,superior,Risaralda,1800000,50
2833,hombre,38,11,media,Risaralda,900000,60
2834,hombre,46,5,primaria,Risaralda,781242,48
2835,mujer,25,12,superior,Risaralda,781242,48
2836,hombre,31,16,superior,Risaralda,800000,48
2837,hombre,61,5,primaria,Risaralda,100000,45
2838,mujer,55,6,secundaria,Risaralda,900000,48
2839,mujer,32,15,superior,Risaralda,120000,20
2840,mujer,49,11,media,Risaralda,1500000,70
2841,hombre,23,13,superior,Risaralda,781242,70
2842,hombre,23,13,superior,Risaralda,1562484,44
2843,mujer,51,11,media,Risaralda,781242,54
2844,hombre,27,14,superior,Risaralda,1000000,50
2845,mujer,64,5,primaria,Risaralda,600000,36
2846,hombre,65,4,primaria,Risaralda,600000,42
2847,mujer,41,11,media,Risaralda,800000,55
2848,mujer,26,13,superior,Risaralda,1090000,48
2849,mujer,36,11,media,Risaralda,1061242,50
2850,hombre,55,9,secundaria,Risaralda,1500000,72
2851,mujer,23,11,media,Risaralda,781242,48
2852,hombre,20,11,media,Risaralda,800000,48
2853,mujer,49,13,superior,Risaralda,750000,24
2854,hombre,21,11,media,Risaralda,1400000,60
2855,mujer,52,11,media,Risaralda,50000,24
2856,mujer,22,13,superior,Risaralda,1200000,48
2857,hombre,18,13,superior,Risaralda,400000,60
2858,hombre,19,7,secundaria,Risaralda,400000,48
2859,mujer,44,16,superior,Risaralda,2800000,48
2860,mujer,41,11,media,Risaralda,1100000,48
2861,mujer,64,5,primaria,Risaralda,200000,30
2862,mujer,43,13,superior,Risaralda,850000,48
2863,mujer,23,16,superior,Risaralda,900000,48
2864,mujer,33,21,superior,Risaralda,700000,48
2865,hombre,40,7,secundaria,Risaralda,1200000,44
2866,mujer,43,11,media,Risaralda,600000,44
2867,mujer,60,4,primaria,Risaralda,1350000,48
2868,mujer,40,11,media,Risaralda,500000,40
2869,hombre,61,17,superior,Risaralda,4800000,50
2870,hombre,55,11,media,Risaralda,1000000,45
2871,mujer,50,5,primaria,Risaralda,400000,20
2872,mujer,27,16,superior,Risaralda,1000000,48
2873,mujer,33,11,media,Risaralda,600000,40
2874,hombre,49,16,superior,Risaralda,1200000,72
2875,hombre,37,14,superior,Risaralda,400000,15
2876,mujer,39,17,superior,Risaralda,2000000,40
2877,hombre,43,11,media,Risaralda,781242,48
2878,hombre,65,8,secundaria,Risaralda,500000,10
2879,hombre,30,13,superior,Risaralda,900000,60
2880,hombre,25,13,superior,Risaralda,781242,48
2881,mujer,58,11,media,Risaralda,200000,30
2882,hombre,34,9,secundaria,Risaralda,800000,70
2883,hombre,31,11,media,Risaralda,781242,72
2884,hombre,24,11,media,Risaralda,781242,48
2885,hombre,28,11,media,Risaralda,781242,48
2886,hombre,26,9,secundaria,Risaralda,800000,55
2887,hombre,23,14,superior,Risaralda,781242,54
2888,hombre,31,7,secundaria,Risaralda,800000,55
2889,hombre,25,11,media,Risaralda,781242,48
2890,mujer,33,16,superior,Risaralda,900000,48
2891,hombre,32,11,media,Risaralda,800000,48
2892,mujer,49,14,superior,Risaralda,1716000,44
2893,hombre,25,11,media,Risaralda,1500000,40
2894,hombre,49,11,media,Risaralda,2200000,40
2895,mujer,38,14,superior,Risaralda,1700000,40
2896,hombre,22,11,media,Risaralda,781242,48
2897,hombre,33,11,media,Risaralda,1000000,60
2898,hombre,37,14,superior,Risaralda,960000,48
2899,hombre,33,11,media,Risaralda,781242,48
2900,hombre,45,11,media,Risaralda,350000,54
2901,hombre,33,11,media,Risaralda,850000,48
2902,mujer,30,10,media,Risaralda,800000,105
2903,hombre,24,11,media,Risaralda,781242,48
2904,mujer,21,11,media,Risaralda,781242,48
2905,mujer,24,13,superior,Risaralda,781242,48
2906,mujer,29,13,superior,Risaralda,1200000,48
2907,mujer,59,5,primaria,Risaralda,150000,40
2908,hombre,61,13,superior,Risaralda,1200000,48
2909,mujer,37,11,media,Risaralda,1000000,60
2910,mujer,65,3,primaria,Risaralda,1404000,84
2911,mujer,48,21,superior,Risaralda,3000000,46
2912,hombre,30,13,superior,Risaralda,1800000,60
2913,mujer,29,13,superior,Risaralda,900000,48
2914,hombre,33,16,superior,Risaralda,1500000,40
2915,mujer,28,16,superior,Risaralda,2000000,40
2916,hombre,52,5,primaria,Risaralda,780000,60
2917,hombre,27,12,superior,Risaralda,300000,40
2918,mujer,31,11,media,Risaralda,750000,72
2919,mujer,64,5,primaria,Risaralda,1000000,42
2920,mujer,58,5,primaria,Risaralda,781242,40
2921,hombre,30,11,media,Risaralda,1180000,56
2922,hombre,25,16,superior,Risaralda,1500000,20
2923,hombre,59,11,media,Risaralda,800000,48
2924,hombre,50,5,primaria,Risaralda,800000,66
2925,hombre,47,16,superior,Risaralda,1500000,55
2926,hombre,44,13,superior,Risaralda,1000000,48
2927,mujer,34,11,media,Risaralda,781242,48
2928,hombre,36,11,media,Risaralda,900000,54
2929,hombre,24,11,media,Risaralda,1200000,60
2930,hombre,36,11,media,Risaralda,900000,60
2931,mujer,59,2,primaria,Risaralda,500000,28
2932,hombre,28,12,superior,Risaralda,900000,48
2933,mujer,35,11,media,Risaralda,781242,48
2934,mujer,40,11,media,Risaralda,590000,24
2935,hombre,24,13,superior,Risaralda,1000000,44
2936,hombre,31,13,superior,Risaralda,1000000,44
2937,mujer,29,11,media,Risaralda,781242,50
2938,hombre,36,6,secundaria,Risaralda,720000,50
2939,hombre,27,3,primaria,Risaralda,781242,50
2940,hombre,32,20,superior,Risaralda,5800000,40
2941,hombre,27,11,media,Risaralda,800000,60
2942,mujer,26,11,media,Risaralda,500000,40
2943,mujer,64,18,superior,Risaralda,3000000,35
2944,hombre,42,13,superior,Risaralda,781242,40
2945,hombre,40,11,media,Risaralda,1000000,42
2946,mujer,26,16,superior,Risaralda,200000,40
2947,hombre,24,11,media,Risaralda,1600000,48
2948,hombre,21,11,media,Risaralda,781242,50
2949,mujer,22,11,media,Risaralda,781242,48
2950,hombre,31,13,superior,Risaralda,1200000,48
2951,mujer,29,13,superior,Risaralda,1150000,48
2952,hombre,33,16,superior,Risaralda,1600000,44
2953,mujer,32,16,superior,Risaralda,1500000,48
2954,hombre,37,12,superior,Risaralda,871242,48
2955,mujer,21,13,superior,Risaralda,781242,48
2956,mujer,42,11,media,Risaralda,550000,32
2957,hombre,22,14,superior,Risaralda,781242,48
2958,hombre,62,5,primaria,Risaralda,781242,48
2959,mujer,47,11,media,Risaralda,781242,48
2960,hombre,61,10,media,Risaralda,750000,48
2961,hombre,42,11,media,Risaralda,2500000,42
2962,hombre,50,16,superior,Risaralda,1600000,40
2963,hombre,23,13,superior,Risaralda,800000,48
2964,hombre,50,8,secundaria,Risaralda,1000000,40
2965,mujer,57,11,media,Risaralda,781242,48
2966,mujer,45,11,media,Risaralda,781242,76
2967,hombre,43,20,superior,Santander,8000000,60
2968,hombre,41,16,superior,Santander,5000000,60
2969,mujer,56,4,primaria,Santander,560000,48
2970,hombre,20,7,secundaria,Santander,280000,48
2971,mujer,27,15,superior,Santander,1200000,48
2972,mujer,37,16,superior,Santander,5000000,45
2973,mujer,33,5,primaria,Santander,2400000,50
2974,hombre,27,6,secundaria,Santander,900000,50
2975,hombre,44,9,secundaria,Santander,1500000,72
2976,mujer,19,16,superior,Santander,1000000,60
2977,hombre,47,11,media,Santander,781242,48
2978,mujer,30,11,media,Santander,800000,48
2979,hombre,28,14,superior,Santander,1200000,50
2980,hombre,64,4,primaria,Santander,600000,56
2981,hombre,57,3,primaria,Santander,700000,40
2982,mujer,41,0,ninguno,Santander,300000,70
2983,mujer,19,11,media,Santander,800000,48
2984,hombre,45,11,media,Santander,400000,50
2985,mujer,27,14,superior,Santander,600000,50
2986,mujer,46,7,secundaria,Santander,350000,40
2987,mujer,34,16,superior,Santander,800000,54
2988,mujer,34,16,superior,Santander,780000,74
2989,hombre,55,11,media,Santander,1200000,45
2990,mujer,51,18,superior,Santander,3800000,40
2991,hombre,20,15,superior,Santander,200000,10
2992,hombre,30,5,primaria,Santander,900000,72
2993,mujer,32,13,superior,Santander,781250,44
2994,hombre,47,10,media,Santander,781242,64
2995,mujer,28,11,media,Santander,800000,24
2996,hombre,47,3,primaria,Santander,1000000,54
2997,mujer,65,5,primaria,Santander,600000,12
2998,mujer,28,15,superior,Santander,1000000,48
2999,mujer,59,0,ninguno,Santander,600000,52
3000,mujer,23,11,media,Santander,900000,60
3001,mujer,32,11,media,Santander,500000,60
3002,mujer,48,11,media,Santander,500000,60
3003,mujer,62,5,primaria,Santander,200000,60
3004,hombre,51,14,superior,Santander,3100000,48
3005,mujer,49,14,superior,Santander,781242,24
3006,hombre,33,11,media,Santander,1200000,50
3007,hombre,29,6,secundaria,Santander,1000000,48
3008,hombre,42,11,media,Santander,700000,60
3009,mujer,38,11,media,Santander,500000,42
3010,mujer,32,11,media,Santander,600000,50
3011,hombre,44,7,secundaria,Santander,1500000,40
3012,hombre,46,11,media,Santander,1000000,12
3013,hombre,50,11,media,Santander,1500000,48
3014,mujer,42,5,primaria,Santander,1100000,48
3015,hombre,43,5,primaria,Santander,600000,40
3016,hombre,18,11,media,Santander,300000,48
3017,hombre,63,3,primaria,Santander,700000,48
3018,mujer,23,11,media,Santander,460000,40
3019,mujer,40,11,media,Santander,480000,60
3020,hombre,49,5,primaria,Santander,600000,60
3021,mujer,44,11,media,Santander,400000,50
3022,mujer,25,11,media,Santander,1000000,60
3023,hombre,52,11,media,Santander,1400000,48
3024,mujer,51,11,media,Santander,600000,15
3025,mujer,30,13,superior,Santander,1562000,48
3026,hombre,46,8,secundaria,Santander,2500000,72
3027,mujer,40,7,secundaria,Santander,500000,40
3028,hombre,22,14,superior,Santander,800000,48
3029,hombre,20,13,superior,Santander,1050000,48
3030,mujer,27,16,superior,Santander,5000000,40
3031,mujer,27,17,superior,Santander,2600000,42
3032,hombre,29,11,media,Santander,1520000,48
3033,hombre,28,19,superior,Santander,1500000,48
3034,mujer,63,8,secundaria,Santander,640000,48
3035,hombre,46,11,media,Santander,3900000,60
3036,mujer,46,11,media,Santander,1200000,60
3037,hombre,38,19,superior,Santander,8000000,40
3038,mujer,33,17,superior,Santander,2000000,40
3039,hombre,26,11,media,Santander,2500000,72
3040,mujer,24,13,superior,Santander,1200000,48
3041,hombre,32,11,media,Santander,1450000,72
3042,hombre,23,11,media,Santander,781242,48
3043,mujer,19,11,media,Santander,1000000,48
3044,mujer,62,11,media,Santander,250000,18
3045,hombre,30,14,superior,Santander,920000,48
3046,mujer,32,14,superior,Santander,781242,48
3047,mujer,43,11,media,Santander,100000,10
3048,mujer,39,4,primaria,Santander,800000,42
3049,hombre,40,11,media,Santander,781200,72
3050,hombre,53,0,ninguno,Santander,1600000,54
3051,hombre,37,13,superior,Santander,1480000,48
3052,mujer,31,11,media,Santander,1200000,48
3053,mujer,65,17,superior,Santander,50000,10
3054,mujer,50,19,superior,Santander,2170000,40
3055,mujer,38,14,superior,Santander,781200,49
3056,hombre,41,11,media,Santander,700000,10
3057,hombre,27,11,media,Santander,1100000,48
3058,mujer,30,16,superior,Santander,3000000,50
3059,hombre,57,8,secundaria,Santander,1500000,90
3060,mujer,52,5,primaria,Santander,100000,23
3061,mujer,32,14,superior,Santander,781000,48
3062,hombre,29,11,media,Santander,1200000,48
3063,hombre,21,11,media,Santander,781000,54
3064,mujer,43,11,media,Santander,240000,6
3065,mujer,20,12,superior,Santander,470000,54
3066,mujer,62,4,primaria,Santander,614000,30
3067,hombre,22,14,superior,Santander,781000,48
3068,hombre,24,7,secundaria,Santander,50000,48
3069,mujer,36,5,primaria,Santander,850000,60
3070,hombre,41,4,primaria,Santander,1000000,60
3071,hombre,48,7,secundaria,Santander,400000,56
3072,hombre,43,5,primaria,Santander,500000,40
3073,hombre,39,11,media,Santander,700000,60
3074,hombre,34,11,media,Santander,700000,60
3075,hombre,40,5,primaria,Santander,900000,50
3076,mujer,25,11,media,Santander,550000,50
3077,hombre,40,11,media,Santander,1000000,48
3078,mujer,38,14,superior,Santander,850000,48
3079,hombre,61,11,media,Santander,1600000,48
3080,mujer,60,0,ninguno,Santander,400000,24
3081,mujer,19,11,media,Santander,780000,48
3082,hombre,62,11,media,Santander,1200000,78
3083,hombre,26,14,superior,Santander,900000,70
3084,hombre,39,11,media,Santander,2000000,56
3085,mujer,20,11,media,Santander,781200,48
3086,hombre,30,11,media,Santander,350000,30
3087,mujer,30,11,media,Santander,781242,48
3088,hombre,26,8,secundaria,Santander,1072000,48
3089,mujer,51,5,primaria,Santander,180000,48
3090,hombre,40,5,primaria,Santander,700000,60
3091,mujer,39,11,media,Santander,600000,50
3092,hombre,30,11,media,Santander,1400000,48
3093,mujer,28,11,media,Santander,1150000,48
3094,hombre,59,5,primaria,Santander,1400000,50
3095,mujer,58,1,primaria,Santander,80000,48
3096,mujer,37,13,superior,Santander,120000,39
3097,hombre,60,9,secundaria,Santander,1200000,48
3098,hombre,46,11,media,Santander,3000000,50
3099,mujer,42,11,media,Santander,781242,48
3100,mujer,30,16,superior,Santander,1800000,48
3101,hombre,28,13,superior,Santander,1500000,72
3102,hombre,28,11,media,Santander,800000,48
3103,mujer,28,14,superior,Santander,781242,48
3104,mujer,34,11,media,Santander,200000,10
3105,hombre,60,5,primaria,Santander,200000,48
3106,hombre,33,11,media,Santander,880000,48
3107,mujer,27,5,primaria,Santander,360000,40
3108,hombre,51,13,superior,Santander,3000000,48
3109,hombre,29,8,secundaria,Santander,800000,36
3110,mujer,58,16,superior,Santander,2000000,48
3111,mujer,23,13,superior,Santander,800000,48
3112,hombre,29,11,media,Santander,800000,48
3113,hombre,43,7,secundaria,Santander,950000,60
3114,mujer,38,11,media,Santander,1000000,42
3115,mujer,56,12,superior,Santander,820000,50
3116,hombre,38,8,secundaria,Santander,2400000,72
3117,mujer,22,13,superior,Santander,1200000,48
3118,mujer,25,16,superior,Santander,1300000,72
3119,hombre,37,17,superior,Santander,6000000,48
3120,mujer,40,17,superior,Santander,3500000,48
3121,mujer,54,5,primaria,Santander,70000,8
3122,hombre,47,11,media,Santander,1050000,48
3123,hombre,33,19,superior,Santander,5200000,48
3124,hombre,62,16,superior,Santander,3000000,50
3125,hombre,28,9,secundaria,Santander,700000,54
3126,hombre,45,16,superior,Santander,4700000,40
3127,mujer,38,17,superior,Santander,3400000,40
3128,mujer,61,11,media,Santander,700000,72
3129,hombre,22,11,media,Santander,780000,49
3130,mujer,21,13,superior,Santander,781000,45
3131,mujer,33,17,superior,Santander,7000000,50
3132,mujer,29,14,superior,Santander,2500000,48
3133,hombre,36,16,superior,Santander,4000000,48
3134,hombre,40,16,superior,Santander,3000000,48
3135,mujer,48,19,superior,Santander,2600000,48
3136,hombre,22,11,media,Santander,1200000,72
3137,mujer,57,3,primaria,Santander,600000,48
3138,hombre,56,11,media,Santander,2000000,50
3139,hombre,26,11,media,Santander,1000000,50
3140,mujer,43,5,primaria,Santander,781200,48
3141,mujer,39,16,superior,Santander,2205000,50
3142,hombre,35,9,secundaria,Santander,1800000,72
3143,mujer,37,11,media,Santander,70000,18
3144,hombre,56,11,media,Santander,2300000,78
3145,mujer,50,5,primaria,Santander,80000,12
3146,mujer,26,16,superior,Santander,1200000,48
3147,hombre,25,11,media,Santander,1200000,48
3148,hombre,40,8,secundaria,Santander,800000,48
3149,mujer,42,11,media,Santander,781200,48
3150,hombre,56,5,primaria,Santander,800000,78
3151,mujer,55,6,secundaria,Santander,30000,10
3152,hombre,29,11,media,Santander,1050000,72
3153,mujer,23,11,media,Santander,500000,50
3154,hombre,57,9,secundaria,Santander,300000,30
3155,mujer,58,11,media,Santander,280000,30
3156,hombre,22,11,media,Santander,600000,60
3157,hombre,41,11,media,Santander,800000,72
3158,mujer,44,14,superior,Santander,1450000,48
3159,hombre,59,5,primaria,Santander,600000,50
3160,mujer,27,11,media,Santander,1200000,56
3161,hombre,59,2,primaria,Santander,1220000,50
3162,hombre,37,8,secundaria,Santander,960000,60
3163,hombre,33,17,superior,Santander,4090000,40
3164,mujer,23,16,superior,Santander,1900000,40
3165,hombre,48,19,superior,Santander,2600000,40
3166,hombre,50,11,media,Santander,1000000,50
3167,mujer,56,11,media,Santander,125000,20
3168,mujer,29,14,superior,Santander,781242,48
3169,hombre,36,17,superior,Santander,3200000,48
3170,mujer,38,16,superior,Santander,2300000,48
3171,hombre,40,11,media,Sucre,1500000,40
3172,mujer,36,6,secundaria,Sucre,400000,50
3173,hombre,60,5,primaria,Sucre,160000,42
3174,mujer,59,11,media,Sucre,781242,40
3175,mujer,35,7,secundaria,Sucre,660000,42
3176,hombre,29,11,media,Sucre,781242,48
3177,hombre,51,13,superior,Sucre,1000000,49
3178,mujer,53,13,superior,Sucre,216000,16
3179,mujer,22,13,superior,Sucre,50000,21
3180,hombre,21,11,media,Sucre,300000,49
3181,mujer,38,7,secundaria,Sucre,600000,40
3182,mujer,19,13,superior,Sucre,350000,26
3183,hombre,46,7,secundaria,Sucre,500000,82
3184,mujer,48,5,primaria,Sucre,500000,60
3185,hombre,40,11,media,Sucre,781242,48
3186,mujer,21,11,media,Sucre,250000,28
3187,mujer,35,11,media,Sucre,500000,49
3188,mujer,34,6,secundaria,Sucre,570000,40
3189,hombre,37,2,primaria,Sucre,400000,70
3190,mujer,48,10,media,Sucre,298000,30
3191,hombre,24,10,media,Sucre,450000,56
3192,mujer,22,16,superior,Sucre,80000,12
3193,hombre,55,5,primaria,Sucre,290000,42
3194,hombre,24,11,media,Sucre,100000,10
3195,hombre,33,16,superior,Sucre,500000,60
3196,mujer,33,11,media,Sucre,350000,30
3197,hombre,30,11,media,Sucre,600000,50
3198,mujer,56,4,primaria,Sucre,700000,49
3199,mujer,21,12,superior,Sucre,250000,28
3200,hombre,18,7,secundaria,Sucre,460000,42
3201,hombre,20,12,superior,Sucre,200000,21
3202,hombre,29,12,superior,Sucre,1500000,50
3203,mujer,27,13,superior,Sucre,781242,48
3204,hombre,23,11,media,Sucre,600000,36
3205,hombre,21,3,primaria,Sucre,240000,28
3206,mujer,20,8,secundaria,Sucre,600000,42
3207,hombre,18,6,secundaria,Sucre,400000,40
3208,mujer,55,9,secundaria,Sucre,781242,60
3209,hombre,48,5,primaria,Sucre,2400000,40
3210,hombre,21,11,media,Sucre,450000,48
3211,mujer,43,13,superior,Sucre,350000,40
3212,hombre,38,11,media,Sucre,650000,48
3213,hombre,44,6,secundaria,Sucre,720000,48
3214,hombre,56,8,secundaria,Sucre,500000,50
3215,mujer,47,7,secundaria,Sucre,400000,30
3216,hombre,24,13,superior,Sucre,1200000,48
3217,hombre,21,11,media,Sucre,800000,70
3218,mujer,61,2,primaria,Sucre,660000,50
3219,hombre,25,13,superior,Sucre,1200000,42
3220,mujer,34,13,superior,Sucre,400000,50
3221,hombre,34,1,primaria,Sucre,500000,42
3222,mujer,50,11,media,Sucre,90000,10
3223,mujer,45,13,superior,Sucre,350000,48
3224,hombre,52,6,secundaria,Sucre,750000,50
3225,hombre,22,11,media,Sucre,400000,38
3226,hombre,25,9,secundaria,Sucre,900000,50
3227,mujer,38,14,superior,Sucre,1200000,60
3228,mujer,60,11,media,Sucre,781242,48
3229,hombre,62,11,media,Sucre,700000,50
3230,mujer,28,13,superior,Sucre,900000,50
3231,hombre,64,3,primaria,Sucre,1000000,48
3232,hombre,33,16,superior,Sucre,2800000,40
3233,hombre,25,13,superior,Sucre,500000,30
3234,hombre,20,13,superior,Sucre,781242,55
3235,hombre,26,16,superior,Sucre,800000,50
3236,mujer,42,11,media,Sucre,600000,21
3237,mujer,21,16,superior,Sucre,400000,21
3238,mujer,25,11,media,Sucre,781242,56
3239,hombre,62,11,media,Sucre,600000,48
3240,hombre,39,14,superior,Sucre,430000,60
3241,hombre,48,21,superior,Sucre,3500000,40
3242,hombre,44,6,secundaria,Sucre,600000,60
3243,mujer,45,11,media,Sucre,50000,20
3244,mujer,39,13,superior,Sucre,900000,40
3245,hombre,58,3,primaria,Sucre,1500000,60
3246,mujer,51,5,primaria,Sucre,300000,35
3247,hombre,29,16,superior,Sucre,1600000,50
3248,hombre,38,13,superior,Sucre,300000,15
3249,hombre,47,7,secundaria,Sucre,2000000,40
3250,mujer,48,8,secundaria,Sucre,750000,48
3251,mujer,46,4,primaria,Sucre,400000,40
3252,hombre,43,16,superior,Sucre,2477000,30
3253,hombre,46,16,superior,Sucre,1400000,48
3254,mujer,43,13,superior,Sucre,781242,48
3255,hombre,43,13,superior,Sucre,1000000,48
3256,mujer,42,13,superior,Sucre,980000,48
3257,mujer,57,8,secundaria,Sucre,600000,42
3258,hombre,56,16,superior,Sucre,1000000,42
3259,mujer,43,13,superior,Sucre,1500000,50
3260,hombre,34,11,media,Sucre,400000,45
3261,mujer,33,17,superior,Sucre,1250000,40
3262,hombre,61,11,media,Sucre,560000,40
3263,mujer,57,3,primaria,Sucre,1500000,30
3264,mujer,57,7,secundaria,Sucre,200000,28
3265,mujer,54,11,media,Sucre,700000,56
3266,hombre,62,11,media,Sucre,1800000,70
3267,hombre,57,4,primaria,Sucre,400000,70
3268,hombre,45,16,superior,Sucre,2000000,40
3269,mujer,44,16,superior,Sucre,2500000,40
3270,mujer,31,16,superior,Sucre,1400000,40
3271,hombre,57,13,superior,Sucre,1000000,42
3272,mujer,40,4,primaria,Sucre,1060000,63
3273,mujer,25,17,superior,Sucre,1650000,48
3274,mujer,59,2,primaria,Sucre,40000,21
3275,mujer,33,8,secundaria,Sucre,450000,42
3276,hombre,33,8,secundaria,Sucre,800000,60
3277,hombre,64,17,superior,Sucre,4200000,40
3278,hombre,29,11,media,Sucre,900000,70
3279,mujer,48,11,media,Sucre,950000,48
3280,hombre,60,16,superior,Sucre,800000,48
3281,mujer,57,11,media,Sucre,200000,35
3282,mujer,26,13,superior,Sucre,600000,45
3283,hombre,28,16,superior,Sucre,1000000,48
3284,hombre,36,8,secundaria,Sucre,500000,60
3285,mujer,35,10,media,Sucre,70000,7
3286,hombre,56,6,secundaria,Sucre,500000,22
3287,mujer,53,0,ninguno,Sucre,250000,20
3288,hombre,20,9,secundaria,Sucre,700000,72
3289,hombre,26,15,superior,Sucre,1040000,72
3290,mujer,41,5,primaria,Sucre,160000,28
3291,hombre,39,11,media,Sucre,781242,60
3292,mujer,22,11,media,Sucre,474000,48
3293,mujer,21,10,media,Sucre,80000,26
3294,mujer,34,6,secundaria,Sucre,30000,18
3295,hombre,33,5,primaria,Sucre,600000,48
3296,hombre,32,12,superior,Sucre,781242,48
3297,hombre,23,5,primaria,Sucre,750000,60
3298,hombre,38,16,superior,Sucre,1500000,48
3299,mujer,40,11,media,Sucre,630000,48
3300,hombre,22,13,superior,Sucre,781242,48
3301,mujer,50,13,superior,Sucre,850000,40
3302,hombre,31,14,superior,Sucre,2206000,40
3303,hombre,40,17,superior,Sucre,2800000,40
3304,hombre,29,17,superior,Sucre,1711000,44
3305,mujer,26,19,superior,Sucre,3200000,30
3306,hombre,29,15,superior,Sucre,1400000,40
3307,mujer,30,15,superior,Sucre,1800000,40
3308,hombre,47,16,superior,Sucre,2700000,40
3309,mujer,44,16,superior,Sucre,400000,28
3310,hombre,35,17,superior,Sucre,1748000,48
3311,mujer,31,13,superior,Sucre,1200000,48
3312,mujer,45,16,superior,Sucre,1700000,40
3313,mujer,42,13,superior,Sucre,750000,45
3314,hombre,48,11,media,Sucre,700000,70
3315,hombre,47,11,media,Sucre,800000,56
3316,hombre,29,12,superior,Sucre,1600000,84
3317,mujer,30,16,superior,Sucre,1700000,70
3318,mujer,54,2,primaria,Sucre,430000,48
3319,hombre,31,11,media,Sucre,900000,52
3320,hombre,57,11,media,Sucre,800000,48
3321,mujer,51,16,superior,Sucre,3600000,40
3322,hombre,54,7,secundaria,Sucre,1000000,45
3323,mujer,24,16,superior,Sucre,400000,40
3324,hombre,31,12,superior,Sucre,781242,48
3325,hombre,36,11,media,Sucre,100000,10
3326,mujer,32,16,superior,Sucre,450000,40
3327,hombre,57,11,media,Sucre,800000,48
3328,mujer,31,13,superior,Sucre,115000,18
3329,hombre,47,8,secundaria,Sucre,781242,63
3330,mujer,20,11,media,Sucre,300000,48
3331,hombre,20,9,secundaria,Sucre,500000,48
3332,mujer,47,11,media,Sucre,500000,40
3333,mujer,54,8,secundaria,Sucre,300000,30
3334,mujer,60,11,media,Sucre,100000,18
3335,hombre,58,5,primaria,Sucre,2100000,40
3336,mujer,24,16,superior,Sucre,781242,28
3337,hombre,25,16,superior,Sucre,2200000,40
3338,mujer,27,16,superior,Sucre,1600000,40
3339,mujer,65,11,media,Sucre,800000,48
3340,mujer,24,14,superior,Sucre,1300000,48
3341,hombre,33,16,superior,Sucre,2200000,45
3342,mujer,32,16,superior,Sucre,950000,40
3343,hombre,39,6,secundaria,Sucre,30000,18
3344,hombre,44,14,superior,Sucre,700000,60
3345,hombre,42,13,superior,Sucre,900000,30
3346,mujer,38,13,superior,Sucre,781242,48
3347,mujer,53,14,superior,Sucre,781242,48
3348,hombre,54,5,primaria,Sucre,700000,50
3349,hombre,56,14,superior,Sucre,1800000,48
3350,hombre,29,14,superior,Sucre,1000000,48
3351,mujer,23,13,superior,Sucre,100000,7
3352,hombre,44,16,superior,Sucre,900000,56
3353,mujer,39,13,superior,Sucre,300000,26
3354,mujer,49,5,primaria,Sucre,300000,40
3355,hombre,46,14,superior,Sucre,3000000,84
3356,hombre,54,11,media,Sucre,900000,28
3357,mujer,62,11,media,Sucre,781242,42
3358,mujer,55,16,superior,Sucre,1000000,40
3359,hombre,57,11,media,Sucre,400000,70
3360,mujer,27,16,superior,Sucre,900000,40
3361,hombre,27,16,superior,Sucre,980000,40
3362,hombre,63,19,superior,Sucre,3600000,30
3363,mujer,63,17,superior,Sucre,3000000,30
3364,mujer,29,17,superior,Sucre,1500000,48
3365,hombre,52,9,secundaria,Sucre,700000,50
3366,mujer,38,13,superior,Sucre,650000,48
3367,mujer,59,17,superior,Sucre,3600000,30
3368,hombre,44,5,primaria,Sucre,700000,60
3369,mujer,37,11,media,Sucre,400000,21
3370,mujer,34,14,superior,Sucre,781242,48
3371,hombre,41,13,superior,Sucre,1000000,48
3372,mujer,41,17,superior,Sucre,2564000,40
3373,mujer,27,16,superior,Sucre,781242,40
3374,hombre,45,11,media,Sucre,1000000,84
3375,hombre,30,13,superior,Sucre,700000,50
3376,mujer,30,13,superior,Sucre,500000,40
3377,mujer,44,16,superior,Sucre,1440000,48
3378,hombre,55,14,superior,Sucre,1600000,50
3379,hombre,63,0,ninguno,Sucre,650000,60
3380,hombre,38,11,media,Sucre,930000,64
3381,mujer,28,13,superior,Sucre,150000,44
3382,hombre,50,11,media,Sucre,600000,48
3383,mujer,47,2,primaria,Sucre,250000,21
3384,hombre,25,11,media,Sucre,700000,70
3385,mujer,55,0,ninguno,Sucre,120000,8
3386,hombre,61,4,primaria,Sucre,700000,48
3387,hombre,32,5,primaria,Sucre,500000,56
3388,mujer,58,2,primaria,Sucre,500000,42
3389,hombre,51,3,primaria,Sucre,600000,48
3390,hombre,65,0,ninguno,Sucre,600000,40
3391,mujer,57,5,primaria,Sucre,50000,22
3392,mujer,36,13,superior,Tolima,781242,48
3393,hombre,41,13,superior,Tolima,2200000,84
3394,mujer,36,16,superior,Tolima,1500000,50
3395,mujer,46,11,media,Tolima,600000,96
3396,hombre,25,11,media,Tolima,3000000,40
3397,hombre,25,11,media,Tolima,3000000,48
3398,hombre,64,11,media,Tolima,1200000,60
3399,hombre,63,11,media,Tolima,500000,30
3400,hombre,28,16,superior,Tolima,1200000,48
3401,mujer,60,11,media,Tolima,1000000,30
3402,hombre,31,15,superior,Tolima,1200000,52
3403,hombre,57,14,superior,Tolima,1500000,48
3404,mujer,36,16,superior,Tolima,1600000,48
3405,mujer,51,7,secundaria,Tolima,210000,18
3406,mujer,24,11,media,Tolima,200000,16
3407,mujer,40,11,media,Tolima,800000,48
3408,hombre,20,9,secundaria,Tolima,870000,50
3409,mujer,27,14,superior,Tolima,1200000,36
3410,mujer,42,11,media,Tolima,800000,45
3411,mujer,40,17,superior,Tolima,2633097,40
3412,hombre,57,8,secundaria,Tolima,1110000,48
3413,mujer,61,13,media,Tolima,1300000,40
3414,hombre,31,16,superior,Tolima,1900000,40
3415,hombre,47,11,media,Tolima,3000000,48
3416,mujer,52,11,media,Tolima,1300000,60
3417,hombre,41,11,media,Tolima,781242,48
3418,mujer,45,11,media,Tolima,500000,63
3419,hombre,50,11,media,Tolima,870000,50
3420,hombre,41,11,media,Tolima,1100000,84
3421,mujer,40,11,media,Tolima,500000,30
3422,mujer,57,14,superior,Tolima,1670000,48
3423,mujer,38,16,superior,Tolima,500000,9
3424,hombre,33,11,media,Tolima,3000000,72
3425,mujer,41,16,superior,Tolima,1800000,48
3426,mujer,62,11,media,Tolima,400000,40
3427,hombre,28,11,media,Tolima,800000,40
3428,hombre,45,13,superior,Tolima,1500000,52
3429,hombre,46,16,superior,Tolima,2700000,92
3430,mujer,49,16,superior,Tolima,100000,20
3431,mujer,59,19,superior,Tolima,10000000,48
3432,mujer,65,5,primaria,Tolima,300000,30
3433,hombre,54,25,superior,Tolima,9369000,48
3434,mujer,38,20,superior,Tolima,2000000,48
3435,mujer,40,11,media,Tolima,400000,20
3436,hombre,43,5,primaria,Tolima,4500000,50
3437,mujer,52,17,superior,Tolima,2800000,40
3438,hombre,28,5,primaria,Tolima,781242,54
3439,mujer,59,8,secundaria,Tolima,610000,40
3440,mujer,58,18,superior,Tolima,8000000,48
3441,hombre,22,16,superior,Tolima,5000000,40
3442,hombre,57,18,superior,Tolima,3000000,48
3443,mujer,55,16,superior,Tolima,3000000,48
3444,mujer,28,7,secundaria,Tolima,230000,48
3445,hombre,30,8,secundaria,Tolima,350000,60
3446,mujer,57,11,media,Tolima,400000,36
3447,mujer,19,11,media,Tolima,1000000,54
3448,mujer,23,13,superior,Tolima,1150000,60
3449,hombre,33,13,superior,Tolima,530000,84
3450,hombre,50,11,media,Tolima,1500000,54
3451,hombre,27,11,media,Tolima,950000,48
3452,mujer,45,11,media,Tolima,600000,40
3453,mujer,62,5,primaria,Tolima,600000,40
3454,hombre,31,17,superior,Tolima,1374000,45
3455,mujer,35,17,superior,Tolima,1800000,30
3456,hombre,50,14,superior,Tolima,1000000,40
3457,mujer,53,14,superior,Tolima,1000000,42
3458,mujer,43,19,superior,Tolima,3000000,60
3459,hombre,38,14,superior,Tolima,2300000,54
3460,hombre,54,5,primaria,Tolima,200000,48
3461,mujer,26,13,superior,Tolima,1040000,48
3462,hombre,37,5,primaria,Tolima,781242,50
3463,hombre,18,12,superior,Tolima,828000,48
3464,mujer,43,13,superior,Tolima,781242,48
3465,hombre,62,9,secundaria,Tolima,1600000,84
3466,hombre,25,14,superior,Tolima,870000,48
3467,hombre,48,11,media,Tolima,907000,56
3468,hombre,25,14,superior,Tolima,250000,40
3469,mujer,47,16,superior,Tolima,4000000,48
3470,hombre,51,11,media,Tolima,2000000,48
3471,hombre,33,16,superior,Tolima,600000,48
3472,mujer,32,11,media,Tolima,750000,40
3473,mujer,40,14,superior,Tolima,2000000,40
3474,mujer,45,8,secundaria,Tolima,941242,72
3475,hombre,21,8,secundaria,Tolima,900000,48
3476,mujer,55,6,secundaria,Tolima,600000,70
3477,mujer,22,12,superior,Tolima,300000,24
3478,hombre,56,9,secundaria,Tolima,1000000,50
3479,mujer,32,16,superior,Tolima,786100,48
3480,mujer,24,16,superior,Tolima,1400000,40
3481,mujer,49,7,secundaria,Tolima,781242,48
3482,hombre,59,0,ninguno,Tolima,781242,48
3483,mujer,28,16,superior,Tolima,800000,52
3484,hombre,42,11,media,Tolima,870000,48
3485,mujer,36,11,media,Tolima,50000,60
3486,hombre,19,11,media,Tolima,700000,40
3487,mujer,50,5,primaria,Tolima,10000,3
3488,mujer,32,12,superior,Tolima,781242,40
3489,hombre,61,11,media,Tolima,1200000,60
3490,hombre,34,11,superior,Tolima,781242,48
3491,hombre,42,11,media,Tolima,800000,48
3492,hombre,57,11,media,Tolima,786200,48
3493,hombre,34,14,superior,Tolima,800000,50
3494,hombre,39,11,media,Tolima,1500000,84
3495,hombre,37,9,secundaria,Tolima,2000000,72
3496,mujer,25,16,superior,Tolima,1000000,44
3497,hombre,53,13,superior,Tolima,700000,30
3498,mujer,53,19,superior,Tolima,2800000,30
3499,hombre,61,12,superior,Tolima,800000,70
3500,hombre,20,11,media,Tolima,400000,48
3501,hombre,29,16,superior,Tolima,2000000,60
3502,mujer,23,14,superior,Tolima,980000,48
3503,mujer,40,11,media,Tolima,1170000,72
3504,mujer,33,11,media,Tolima,800000,48
3505,mujer,40,13,superior,Tolima,900000,48
3506,hombre,28,16,superior,Tolima,4200000,40
3507,mujer,37,13,superior,Tolima,1000000,60
3508,hombre,18,11,media,Tolima,600000,60
3509,mujer,56,11,media,Tolima,1000000,48
3510,hombre,55,16,superior,Tolima,3500000,40
3511,mujer,46,16,superior,Tolima,4000000,50
3512,hombre,42,5,primaria,Tolima,880000,48
3513,hombre,25,5,primaria,Tolima,781242,48
3514,hombre,19,7,secundaria,Tolima,600000,48
3515,mujer,23,11,media,Tolima,600000,48
3516,hombre,32,15,superior,Tolima,1800000,48
3517,mujer,35,17,superior,Tolima,300000,40
3518,mujer,26,17,superior,Tolima,600000,20
3519,mujer,27,17,superior,Tolima,1430000,40
3520,mujer,43,11,media,Tolima,781242,48
3521,hombre,38,14,superior,Tolima,2100000,60
3522,mujer,34,16,superior,Tolima,1300000,48
3523,hombre,49,11,media,Tolima,700000,50
3524,mujer,44,8,secundaria,Tolima,840000,40
3525,hombre,26,11,media,Tolima,1200000,56
3526,mujer,25,14,superior,Tolima,890000,45
3527,hombre,39,14,superior,Tolima,900000,48
3528,mujer,38,16,superior,Tolima,1300000,48
3529,mujer,56,14,superior,Tolima,1650000,44
3530,hombre,58,0,ninguno,Tolima,781242,60
3531,mujer,34,11,media,Tolima,800000,48
3532,mujer,41,18,superior,Tolima,3900000,30
3533,hombre,52,11,media,Tolima,1000000,54
3534,mujer,51,11,media,Tolima,500000,48
3535,mujer,24,12,superior,Tolima,500000,36
3536,hombre,40,11,media,Tolima,2200000,70
3537,hombre,50,11,media,Tolima,1600000,84
3538,hombre,43,6,secundaria,Tolima,1800000,48
3539,mujer,38,11,media,Tolima,500000,60
3540,hombre,26,9,secundaria,Tolima,800000,48
3541,mujer,22,11,media,Tolima,850000,48
3542,hombre,25,8,secundaria,Tolima,1000000,60
3543,mujer,23,11,media,Tolima,600000,36
3544,mujer,32,16,superior,Tolima,1400000,48
3545,hombre,24,11,media,Tolima,1100000,50
3546,hombre,47,5,primaria,Valle del Cauca,781242,48
3547,hombre,20,14,superior,Valle del Cauca,789000,84
3548,hombre,18,11,media,Valle del Cauca,813242,84
3549,hombre,61,20,superior,Valle del Cauca,3667000,50
3550,mujer,60,18,superior,Valle del Cauca,2140000,20
3551,hombre,46,14,superior,Valle del Cauca,1100000,48
3552,mujer,44,14,superior,Valle del Cauca,1300000,48
3553,hombre,54,11,media,Valle del Cauca,1000000,60
3554,hombre,48,11,media,Valle del Cauca,800000,48
3555,mujer,47,11,media,Valle del Cauca,400000,36
3556,hombre,32,18,superior,Valle del Cauca,14000000,48
3557,mujer,29,16,superior,Valle del Cauca,5000000,48
3558,hombre,46,16,superior,Valle del Cauca,2800000,48
3559,mujer,43,11,media,Valle del Cauca,2500000,48
3560,mujer,54,16,superior,Valle del Cauca,1000000,40
3561,mujer,26,11,media,Valle del Cauca,700000,30
3562,hombre,51,16,superior,Valle del Cauca,781242,20
3563,hombre,58,11,media,Valle del Cauca,3000000,48
3564,mujer,55,11,media,Valle del Cauca,2000000,15
3565,mujer,37,17,superior,Valle del Cauca,1800000,40
3566,mujer,46,20,superior,Valle del Cauca,1000000,30
3567,mujer,42,17,superior,Valle del Cauca,800000,48
3568,mujer,19,5,primaria,Valle del Cauca,668000,48
3569,hombre,56,15,superior,Valle del Cauca,3000000,48
3570,mujer,48,11,media,Valle del Cauca,3000000,48
3571,hombre,22,15,superior,Valle del Cauca,981242,40
3572,mujer,20,15,superior,Valle del Cauca,781242,48
3573,mujer,25,16,superior,Valle del Cauca,1500000,48
3574,mujer,26,17,superior,Valle del Cauca,2300000,40
3575,hombre,32,14,superior,Valle del Cauca,1700000,48
3576,hombre,39,18,superior,Valle del Cauca,5000000,48
3577,mujer,64,15,superior,Valle del Cauca,3000000,40
3578,mujer,29,16,superior,Valle del Cauca,5000000,40
3579,hombre,26,18,superior,Valle del Cauca,5600000,45
3580,mujer,35,3,primaria,Valle del Cauca,1070000,56
3581,mujer,39,17,superior,Valle del Cauca,1200000,44
3582,hombre,31,14,superior,Valle del Cauca,4600000,48
3583,hombre,61,18,superior,Valle del Cauca,10000000,60
3584,mujer,57,14,superior,Valle del Cauca,3000000,44
3585,hombre,22,15,superior,Valle del Cauca,1100000,40
3586,hombre,34,15,superior,Valle del Cauca,1013000,48
3587,mujer,29,16,superior,Valle del Cauca,200000,60
3588,hombre,38,17,superior,Valle del Cauca,3930000,43
3589,mujer,49,11,media,Valle del Cauca,781242,48
3590,hombre,36,11,media,Valle del Cauca,1600000,50
3591,mujer,62,3,primaria,Valle del Cauca,400000,40
3592,hombre,25,16,superior,Valle del Cauca,3150000,40
3593,hombre,23,14,superior,Valle del Cauca,1300000,60
3594,mujer,64,13,superior,Valle del Cauca,800000,48
3595,hombre,53,5,primaria,Valle del Cauca,700000,60
3596,hombre,20,11,media,Valle del Cauca,300000,60
3597,mujer,52,2,primaria,Valle del Cauca,734000,60
3598,mujer,30,11,media,Valle del Cauca,620000,35
3599,hombre,42,5,primaria,Valle del Cauca,120000,54
3600,hombre,44,11,media,Valle del Cauca,1700000,80
3601,mujer,27,13,superior,Valle del Cauca,781242,48
3602,mujer,53,11,media,Valle del Cauca,781242,48
3603,hombre,25,5,primaria,Valle del Cauca,600000,48
3604,hombre,46,14,superior,Valle del Cauca,8000000,50
3605,mujer,30,11,media,Valle del Cauca,4000000,40
3606,mujer,47,8,secundaria,Valle del Cauca,781242,48
3607,mujer,39,11,media,Valle del Cauca,1041242,40
3608,mujer,34,8,secundaria,Valle del Cauca,45000,10
3609,hombre,34,11,media,Valle del Cauca,2100000,48
3610,hombre,65,5,primaria,Valle del Cauca,1400000,84
3611,mujer,50,3,primaria,Valle del Cauca,1000000,49
3612,mujer,30,11,media,Valle del Cauca,2000000,42
3613,hombre,33,13,superior,Valle del Cauca,2800000,60
3614,hombre,30,17,superior,Valle del Cauca,781242,47
3615,hombre,27,13,superior,Valle del Cauca,1170000,40
3616,hombre,54,3,primaria,Valle del Cauca,700000,18
3617,hombre,30,9,secundaria,Valle del Cauca,1000000,48
3618,mujer,32,5,primaria,Valle del Cauca,100000,20
3619,hombre,34,11,media,Valle del Cauca,900000,54
3620,hombre,52,11,media,Valle del Cauca,1392000,72
3621,mujer,48,5,primaria,Valle del Cauca,70000,7
3622,hombre,24,11,media,Valle del Cauca,828116,72
3623,hombre,49,13,superior,Valle del Cauca,900000,48
3624,mujer,51,5,primaria,Valle del Cauca,400000,42
3625,hombre,25,11,media,Valle del Cauca,781242,48
3626,mujer,43,8,secundaria,Valle del Cauca,781242,48
3627,mujer,57,2,primaria,Valle del Cauca,588000,60
3628,mujer,20,11,media,Valle del Cauca,580000,60
3629,hombre,25,4,primaria,Valle del Cauca,580000,60
3630,mujer,53,5,primaria,Valle del Cauca,436000,23
3631,hombre,26,6,secundaria,Valle del Cauca,958000,63
3632,hombre,31,11,media,Valle del Cauca,60000,62
3633,hombre,25,14,superior,Valle del Cauca,1500000,48
3634,mujer,48,6,secundaria,Valle del Cauca,700000,48
3635,hombre,52,9,secundaria,Valle del Cauca,870000,60
3636,hombre,21,11,media,Valle del Cauca,940000,50
3637,hombre,54,12,superior,Valle del Cauca,2500000,50
3638,hombre,25,18,superior,Valle del Cauca,2700000,48
3639,hombre,53,7,secundaria,Valle del Cauca,1000000,48
3640,hombre,38,11,media,Valle del Cauca,1500000,48
3641,hombre,46,11,media,Valle del Cauca,900000,48
3642,hombre,58,3,primaria,Valle del Cauca,450000,60
3643,mujer,53,0,ninguno,Valle del Cauca,120000,40
3644,mujer,56,11,media,Valle del Cauca,700000,45
3645,hombre,49,11,media,Valle del Cauca,1200000,48
3646,hombre,37,11,media,Valle del Cauca,1798000,48
3647,hombre,39,11,media,Valle del Cauca,1100000,48
3648,hombre,54,6,secundaria,Valle del Cauca,900000,90
3649,hombre,34,10,media,Valle del Cauca,870000,72
3650,mujer,58,8,secundaria,Valle del Cauca,440000,12
3651,mujer,63,3,primaria,Valle del Cauca,300000,60
3652,mujer,56,5,primaria,Valle del Cauca,50000,8
3653,hombre,40,16,superior,Valle del Cauca,2456000,60
3654,mujer,33,11,media,Valle del Cauca,360000,8
3655,hombre,61,4,primaria,Valle del Cauca,500000,72
3656,mujer,30,13,superior,Valle del Cauca,400000,40
3657,mujer,28,11,media,Valle del Cauca,500000,40
3658,hombre,61,11,media,Valle del Cauca,420000,42
3659,mujer,56,11,media,Valle del Cauca,400000,50
3660,mujer,32,19,superior,Valle del Cauca,780000,40
3661,hombre,43,11,media,Valle del Cauca,914500,72
3662,hombre,22,13,superior,Valle del Cauca,900000,52
3663,mujer,21,13,superior,Valle del Cauca,904000,48
3664,hombre,52,11,media,Valle del Cauca,850000,48
3665,hombre,32,11,media,Valle del Cauca,1100000,48
3666,mujer,35,11,media,Valle del Cauca,82000,6
3667,mujer,19,11,media,Valle del Cauca,700000,46
3668,mujer,45,11,media,Valle del Cauca,200000,10
3669,hombre,52,6,secundaria,Valle del Cauca,700000,72
3670,mujer,46,8,secundaria,Valle del Cauca,350000,40
3671,hombre,25,14,superior,Valle del Cauca,2500000,48
3672,mujer,29,11,media,Valle del Cauca,826000,50
3673,hombre,20,11,media,Valle del Cauca,781242,48
3674,hombre,42,11,media,Valle del Cauca,800000,54
3675,hombre,50,9,secundaria,Valle del Cauca,1200000,61
3676,hombre,55,6,secundaria,Valle del Cauca,400000,40
3677,mujer,47,16,superior,Valle del Cauca,2400000,40
3678,hombre,29,8,secundaria,Valle del Cauca,650000,72
3679,hombre,52,22,superior,Valle del Cauca,22000000,50
3680,mujer,30,9,secundaria,Valle del Cauca,931242,48
3681,mujer,35,11,media,Valle del Cauca,1040000,54
3682,mujer,41,11,media,Valle del Cauca,781242,48
3683,mujer,47,12,superior,Valle del Cauca,1329600,48
3684,mujer,39,11,media,Valle del Cauca,1050000,48
3685,mujer,18,11,superior,Valle del Cauca,420000,35
3686,hombre,49,12,superior,Valle del Cauca,2900000,48
3687,mujer,40,16,superior,Valle del Cauca,3900000,48
3688,hombre,58,6,secundaria,Valle del Cauca,2520400,48
3689,mujer,25,15,superior,Valle del Cauca,960000,43
3690,hombre,28,13,superior,Valle del Cauca,1000000,48
3691,hombre,23,13,superior,Valle del Cauca,1120000,50
3692,mujer,27,11,media,Valle del Cauca,1700000,55
3693,hombre,39,11,media,Valle del Cauca,1200000,48
3694,hombre,28,11,media,Valle del Cauca,1247000,48
3695,mujer,31,8,secundaria,Valle del Cauca,781242,48
3696,mujer,31,11,media,Valle del Cauca,1800000,48
3697,hombre,29,11,media,Valle del Cauca,2000000,72
3698,hombre,37,11,media,Valle del Cauca,871242,48
3699,mujer,35,11,media,Valle del Cauca,840000,44
3700,mujer,56,5,primaria,Valle del Cauca,850000,48
3701,hombre,49,16,superior,Valle del Cauca,2100000,60
3702,mujer,42,14,superior,Valle del Cauca,1800000,60
3703,hombre,53,14,superior,Valle del Cauca,1500000,60
3704,mujer,46,14,superior,Valle del Cauca,1400000,44
3705,mujer,22,13,superior,Valle del Cauca,1200000,40
3706,mujer,41,16,superior,Valle del Cauca,500000,5
3707,hombre,38,21,superior,Valle del Cauca,1700000,48
3708,mujer,36,24,superior,Valle del Cauca,6678298,44
3709,hombre,28,11,media,Valle del Cauca,840000,43
3710,hombre,54,17,superior,Valle del Cauca,15000000,15
3711,hombre,32,11,media,Valle del Cauca,781242,48
3712,hombre,43,5,primaria,Valle del Cauca,700000,54
3713,hombre,49,2,primaria,Valle del Cauca,781242,50
3714,mujer,44,5,primaria,Valle del Cauca,781242,44
3715,hombre,35,11,media,Valle del Cauca,2000000,48
3716,mujer,34,13,superior,Valle del Cauca,1200000,48
3717,hombre,37,11,media,Valle del Cauca,781242,48
3718,hombre,59,19,superior,Antioquia,4200000,48
3719,hombre,24,16,superior,Antioquia,4000000,48
3720,hombre,60,11,media,Antioquia,1788000,48
3721,hombre,35,17,superior,Antioquia,781242,48
3722,mujer,54,3,primaria,Antioquia,840000,48
3723,hombre,41,14,superior,Antioquia,550000,50
3724,hombre,29,18,superior,Antioquia,6350000,42
3725,mujer,28,16,superior,Antioquia,5000000,65
3726,hombre,28,11,media,Antioquia,1000000,72
3727,hombre,63,1,primaria,Antioquia,100000,30
3728,hombre,35,14,superior,Antioquia,2700000,48
3729,mujer,44,11,media,Antioquia,781242,48
3730,hombre,38,11,media,Antioquia,781242,40
3731,hombre,61,5,primaria,Antioquia,400000,40
3732,mujer,29,11,superior,Antioquia,983000,48
3733,hombre,57,5,primaria,Antioquia,1050000,54
3734,hombre,49,20,superior,Antioquia,3200000,40
3735,hombre,41,11,media,Antioquia,2000000,70
3736,hombre,37,14,superior,Antioquia,3300000,60
3737,hombre,21,11,superior,Antioquia,200000,20
3738,mujer,22,13,superior,Antioquia,400000,40
3739,hombre,38,5,primaria,Antioquia,1100000,48
3740,mujer,40,11,media,Antioquia,600000,42
3741,mujer,54,18,superior,Antioquia,4500000,40
3742,mujer,53,18,superior,Antioquia,4000000,48
3743,mujer,51,16,superior,Antioquia,4000000,50
3744,mujer,47,16,superior,Antioquia,2000000,24
3745,hombre,57,17,superior,Antioquia,21000000,10
3746,hombre,61,1,primaria,Antioquia,781242,48
3747,hombre,28,19,superior,Antioquia,1700000,48
3748,hombre,26,16,superior,Antioquia,8900000,40
3749,hombre,21,13,superior,Antioquia,350000,6
3750,mujer,34,11,media,Antioquia,828116,48
3751,hombre,46,8,secundaria,Antioquia,700000,50
3752,mujer,35,9,secundaria,Antioquia,400000,40
3753,mujer,24,11,media,Antioquia,1200000,48
3754,mujer,49,13,superior,Antioquia,3500000,50
3755,mujer,19,11,media,Antioquia,781142,48
3756,hombre,56,19,superior,Antioquia,10000000,20
3757,hombre,44,11,media,Antioquia,1226000,45
3758,mujer,53,16,superior,Antioquia,1400000,60
3759,hombre,38,16,superior,Antioquia,1980000,46
3760,mujer,23,11,media,Antioquia,400000,10
3761,hombre,30,11,media,Antioquia,2500000,72
3762,hombre,28,12,superior,Antioquia,1542000,48
3763,mujer,24,11,media,Antioquia,1000000,84
3764,mujer,36,11,media,Antioquia,931242,60
3765,mujer,56,16,superior,Antioquia,3180000,48
3766,hombre,28,16,superior,Antioquia,2000000,48
3767,mujer,56,14,superior,Antioquia,1350000,48
3768,mujer,52,11,media,Antioquia,828116,48
3769,hombre,25,11,media,Antioquia,828116,48
3770,mujer,37,16,superior,Antioquia,820000,48
3771,hombre,41,11,media,Antioquia,800000,28
3772,hombre,33,13,superior,Antioquia,781242,60
3773,mujer,60,21,superior,Antioquia,5000000,30
3774,mujer,39,11,media,Antioquia,781242,48
3775,mujer,22,12,superior,Antioquia,781242,48
3776,hombre,22,11,media,Antioquia,1300000,72
3777,mujer,19,7,secundaria,Antioquia,150000,8
3778,hombre,48,18,superior,Antioquia,1800000,48
3779,mujer,31,16,superior,Antioquia,2500000,50
3780,mujer,24,12,superior,Atlantico,781000,48
3781,mujer,36,12,superior,Atlantico,200000,28
3782,hombre,20,13,superior,Atlantico,781000,48
3783,mujer,41,15,superior,Atlantico,1500000,48
3784,mujer,51,13,superior,Atlantico,1305000,48
3785,hombre,53,13,superior,Atlantico,828116,48
3786,mujer,55,15,superior,Atlantico,120000,8
3787,hombre,42,13,superior,Atlantico,120000,48
3788,mujer,52,11,media,Atlantico,85000,16
3789,hombre,30,11,media,Atlantico,400000,48
3790,mujer,30,16,superior,Atlantico,2700000,48
3791,mujer,57,16,superior,Atlantico,3000000,40
3792,hombre,40,16,superior,Atlantico,1800000,48
3793,mujer,59,17,superior,Atlantico,1500000,48
3794,hombre,26,11,media,Atlantico,850000,72
3795,mujer,23,16,superior,Atlantico,900000,48
3796,hombre,56,11,media,Bolivar,700000,40
3797,hombre,32,14,superior,Bolivar,781242,48
3798,hombre,64,7,secundaria,Bolivar,700000,48
3799,mujer,27,13,superior,Bolivar,1100000,48
3800,hombre,46,13,superior,Bolivar,781242,48
3801,hombre,49,11,media,Bolivar,900000,48
3802,hombre,31,11,media,Bolivar,1200000,48
3803,mujer,49,11,media,Bolivar,781242,48
3804,hombre,64,16,superior,Bolivar,1800000,40
3805,mujer,48,16,superior,Bolivar,2300000,40
3806,mujer,53,16,superior,Bolivar,2480000,40
3807,mujer,27,16,superior,Bolivar,4500000,48
3808,hombre,55,8,secundaria,Bolivar,1000000,48
3809,mujer,52,8,secundaria,Bolivar,300000,20
3810,hombre,36,5,primaria,Bolivar,1200000,60
3811,hombre,34,11,media,Bolivar,900000,50
3812,hombre,51,11,media,Bolivar,900000,50
3813,mujer,36,9,secundaria,Bolivar,300000,30
3814,hombre,54,7,secundaria,Bolivar,200000,30
3815,mujer,34,13,superior,Bolivar,781242,48
3816,hombre,60,11,media,Boyaca,800000,48
3817,mujer,29,13,superior,Boyaca,781242,48
3818,hombre,32,11,media,Boyaca,800000,48
3819,hombre,48,8,secundaria,Boyaca,781242,48
3820,mujer,53,11,media,Boyaca,781242,48
3821,hombre,22,13,superior,Boyaca,781242,48
3822,mujer,47,8,secundaria,Boyaca,361000,24
3823,hombre,49,11,media,Boyaca,781242,48
3824,mujer,58,16,superior,Boyaca,1000000,48
3825,mujer,43,21,superior,Boyaca,3700000,30
3826,hombre,37,11,media,Boyaca,300000,48
3827,mujer,65,16,superior,Boyaca,900000,70
3828,mujer,63,17,superior,Boyaca,2800000,48
3829,hombre,34,11,media,Boyaca,1800000,60
3830,mujer,35,19,superior,Boyaca,2300000,50
3831,mujer,37,19,superior,Boyaca,2700000,40
3832,hombre,56,18,superior,Boyaca,3400000,40
3833,mujer,55,16,superior,Boyaca,2500000,40
3834,mujer,61,16,superior,Boyaca,1400000,40
3835,mujer,24,16,superior,Boyaca,800000,48
3836,mujer,57,5,primaria,Boyaca,400000,50
3837,hombre,65,5,primaria,Boyaca,600000,40
3838,hombre,40,7,secundaria,Boyaca,500000,48
3839,mujer,39,14,superior,Boyaca,940000,48
3840,hombre,25,16,superior,Caldas,200000,20
3841,mujer,58,16,superior,Caldas,600000,50
3842,mujer,54,10,media,Caldas,300000,48
3843,mujer,33,18,superior,Caldas,2052960,45
3844,mujer,29,11,media,Caldas,781242,36
3845,hombre,49,18,superior,Caldas,1700000,24
3846,hombre,45,16,superior,Caldas,4000000,60
3847,hombre,61,16,superior,Caldas,2400000,48
3848,hombre,26,16,superior,Caldas,2400000,48
3849,mujer,57,11,media,Caldas,400000,25
3850,hombre,32,14,superior,Caldas,1300000,50
3851,mujer,24,13,superior,Caldas,830000,48
3852,mujer,62,2,primaria,Caldas,180000,10
3853,mujer,62,9,secundaria,Caldas,750000,54
3854,hombre,32,13,superior,Caldas,1170000,48
3855,hombre,29,11,media,Caldas,1350000,48
3856,hombre,38,5,primaria,Caldas,800000,48
3857,mujer,32,7,secundaria,Caldas,450000,25
3858,hombre,45,7,secundaria,Caldas,1000000,60
3859,mujer,46,13,superior,Caldas,200000,60
3860,hombre,37,2,primaria,Caldas,900000,72
3861,mujer,28,14,superior,Caldas,781242,40
3862,mujer,34,16,superior,Caldas,2000000,40
3863,hombre,34,17,superior,Caldas,1500000,48
3864,hombre,51,11,media,Caldas,1050000,48
3865,mujer,49,16,superior,Caldas,1300000,60
3866,hombre,21,11,superior,Caldas,189000,48
3867,hombre,62,8,secundaria,Caldas,200000,60
3868,hombre,56,4,primaria,Caldas,700000,50
3869,mujer,23,11,media,Caldas,680000,58
3870,mujer,40,14,superior,Caldas,1061242,54
3871,hombre,55,11,media,Caldas,781242,48
3872,mujer,21,13,superior,Caldas,700000,80
3873,hombre,57,2,primaria,Caldas,1445850,48
3874,mujer,33,11,superior,Caldas,781242,48
3875,hombre,54,3,primaria,Caldas,300000,48
3876,mujer,50,5,primaria,Caldas,1100000,55
3877,mujer,18,10,media,Caldas,67000,25
3878,mujer,25,13,superior,Caldas,900000,44
3879,mujer,33,16,superior,Caldas,1200000,48
3880,hombre,21,11,media,Caldas,781242,48
3881,mujer,51,11,media,Caldas,781242,48
3882,mujer,24,15,superior,Caldas,781242,48
3883,hombre,50,8,secundaria,Caldas,800000,48
3884,hombre,61,9,secundaria,Caldas,1500000,63
3885,hombre,21,11,media,Caldas,1000000,48
3886,mujer,62,11,media,Caldas,500000,40
3887,hombre,24,11,media,Caqueta,780000,50
3888,mujer,41,16,superior,Cauca,1000000,12
3889,mujer,63,5,primaria,Cauca,480000,12
3890,hombre,61,5,primaria,Cauca,200000,12
3891,hombre,43,11,media,Cauca,828116,50
3892,mujer,28,6,secundaria,Cauca,1050000,70
3893,hombre,29,11,media,Cauca,781242,40
3894,mujer,25,13,superior,Cauca,804000,48
3895,hombre,62,5,primaria,Cauca,828116,40
3896,hombre,38,2,primaria,Cauca,600000,54
3897,mujer,25,13,superior,Cauca,1400000,76
3898,mujer,28,10,media,Cauca,160000,70
3899,mujer,29,8,secundaria,Cauca,130000,10
3900,hombre,31,3,primaria,Cauca,680000,40
3901,mujer,30,7,secundaria,Cauca,150000,84
3902,mujer,53,11,media,Cauca,828116,52
3903,hombre,31,16,superior,Cauca,828116,42
3904,mujer,47,2,primaria,Cauca,700000,80
3905,hombre,28,6,secundaria,Cauca,300000,54
3906,mujer,46,12,superior,Cauca,500000,40
3907,mujer,52,16,superior,Cauca,2800000,48
3908,mujer,24,13,superior,Cauca,780000,30
3909,mujer,25,13,superior,Cauca,781242,26
3910,mujer,57,5,primaria,Cauca,160000,16
3911,hombre,57,16,superior,Cauca,260000,56
3912,mujer,26,16,superior,Cauca,1100000,40
3913,mujer,49,11,media,Cauca,1150000,84
3914,hombre,46,26,superior,Cauca,7400000,50
3915,mujer,45,13,superior,Cauca,1200000,40
3916,hombre,35,18,superior,Cauca,2800000,48
3917,mujer,65,19,superior,Cauca,3000000,36
3918,hombre,50,5,primaria,Cauca,1500000,60
3919,mujer,40,13,superior,Cauca,1000000,48
3920,hombre,53,18,superior,Cauca,3000000,50
3921,mujer,47,19,superior,Cauca,5000000,28
3922,hombre,42,9,secundaria,Cauca,864000,60
3923,mujer,18,11,media,Cauca,60000,9
3924,hombre,57,20,superior,Cauca,5300000,40
3925,mujer,42,19,superior,Cauca,3700000,35
3926,hombre,35,14,superior,Cauca,250000,35
3927,hombre,54,21,superior,Cauca,2550000,48
3928,hombre,28,16,superior,Cauca,1500000,40
3929,mujer,33,14,superior,Cauca,1400000,48
3930,mujer,40,16,superior,Cauca,1800000,25
3931,mujer,54,3,primaria,Cauca,180000,42
3932,hombre,45,4,primaria,Cauca,600000,54
3933,hombre,64,16,superior,Cauca,5000000,40
3934,mujer,58,17,superior,Cauca,2500000,40
3935,hombre,49,12,superior,Cauca,781242,48
3936,mujer,46,11,media,Cauca,807000,48
3937,hombre,64,17,superior,Cauca,2000000,40
3938,hombre,38,18,superior,Cauca,240000,12
3939,hombre,45,8,secundaria,Cauca,300000,28
3940,hombre,58,11,media,Cauca,450000,47
3941,mujer,56,11,media,Cauca,450000,47
3942,hombre,37,16,superior,Cauca,890000,15
3943,hombre,59,7,secundaria,Cesar,620000,12
3944,hombre,33,11,media,Cesar,600000,48
3945,mujer,29,11,media,Cesar,300000,48
3946,hombre,53,11,media,Cesar,100000,60
3947,mujer,27,16,superior,Cesar,1400000,56
3948,mujer,36,17,superior,Cesar,1400000,24
3949,mujer,46,11,media,Cordoba,781242,48
3950,mujer,65,2,primaria,Cordoba,250000,40
3951,hombre,33,5,primaria,Cordoba,781242,48
3952,hombre,33,6,secundaria,Cordoba,781242,48
3953,hombre,54,11,media,Cordoba,781242,48
3954,hombre,24,11,media,Cordoba,781242,44
3955,mujer,55,3,primaria,Cordoba,700000,20
3956,mujer,59,11,media,Cordoba,100000,24
3957,hombre,29,11,media,Cordoba,12000000,48
3958,mujer,34,8,secundaria,Cordoba,1800000,48
3959,hombre,50,8,secundaria,Cordoba,200000,20
3960,mujer,59,7,secundaria,Cordoba,510000,45
3961,hombre,22,7,secundaria,Cordoba,450000,54
3962,hombre,50,7,secundaria,Cordoba,400000,48
3963,hombre,25,15,superior,Cordoba,300000,20
3964,mujer,56,2,primaria,Cordoba,450000,42
3965,hombre,24,8,secundaria,Cordoba,600000,60
3966,hombre,23,11,media,Cordoba,200000,52
3967,hombre,42,9,secundaria,Cordoba,1064000,48
3968,mujer,47,3,primaria,Cordoba,200000,12
3969,hombre,46,11,media,Cordoba,1000000,48
3970,hombre,34,11,media,Cordoba,200000,40
3971,mujer,49,2,primaria,Cordoba,140000,21
3972,hombre,29,5,primaria,Cordoba,500000,40
3973,hombre,51,5,primaria,Cordoba,540000,48
3974,hombre,37,8,secundaria,Cordoba,781242,60
3975,hombre,49,3,primaria,Cordoba,750000,48
3976,mujer,34,11,media,Cordoba,600000,55
3977,hombre,18,11,media,Cordoba,100000,28
3978,mujer,28,16,superior,Cordoba,400000,30
3979,hombre,37,16,superior,Cordoba,1600000,48
3980,hombre,55,11,media,Cordoba,781242,48
3981,mujer,25,11,media,Choco,300000,40
3982,hombre,36,16,superior,Choco,1200000,70
3983,hombre,19,9,secundaria,Choco,1200000,40
3984,hombre,28,4,primaria,Choco,1000000,40
3985,mujer,57,16,superior,Choco,3700000,30
3986,mujer,35,11,media,Choco,800000,66
3987,hombre,43,9,secundaria,Choco,700000,20
3988,mujer,51,0,ninguno,Choco,200000,30
3989,hombre,26,9,secundaria,Choco,600000,56
3990,hombre,28,8,secundaria,Choco,700000,56
3991,mujer,23,8,secundaria,Choco,300000,56
3992,mujer,27,16,superior,Choco,781242,63
3993,hombre,26,16,superior,Choco,5000000,48
3994,hombre,42,16,superior,Choco,6000000,40
3995,mujer,44,16,superior,Choco,1500000,40
3996,hombre,36,16,superior,Choco,781242,48
3997,mujer,36,15,superior,Choco,972000,40
3998,hombre,32,16,superior,Choco,800000,45
3999,mujer,59,13,superior,Choco,781242,48
4000,mujer,34,15,superior,Choco,350000,48
4001,mujer,55,11,media,Choco,450000,20
4002,hombre,32,15,superior,Choco,1500000,40
4003,mujer,41,6,secundaria,Huila,400000,40
4004,mujer,48,11,media,Huila,150000,24
4005,hombre,63,3,primaria,Huila,150000,40
4006,hombre,35,11,media,Huila,600000,40
4007,mujer,30,10,media,Huila,400000,60
4008,mujer,58,11,media,Huila,400000,30
4009,mujer,24,14,superior,Huila,40000,8
4010,hombre,18,14,superior,Huila,781000,48
4011,hombre,26,6,secundaria,Huila,500000,40
4012,hombre,32,12,superior,Huila,1000000,48
4013,hombre,32,13,superior,Huila,781242,48
4014,hombre,37,3,primaria,Huila,781000,48
4015,hombre,46,5,primaria,Huila,781000,48
4016,hombre,20,13,superior,Huila,781000,48
4017,mujer,21,11,media,Huila,700000,40
4018,mujer,57,13,media,Huila,500000,48
4019,mujer,25,12,superior,Huila,1100000,84
4020,mujer,49,0,ninguno,Huila,500000,24
4021,mujer,28,11,media,Huila,781242,48
4022,hombre,43,8,secundaria,La Guajira,600000,45
4023,hombre,35,5,primaria,La Guajira,300000,45
4024,hombre,23,11,media,La Guajira,640000,45
4025,mujer,48,5,primaria,La Guajira,540000,48
4026,hombre,52,2,primaria,La Guajira,600000,72
4027,mujer,37,5,primaria,La Guajira,180000,42
4028,mujer,29,16,superior,La Guajira,250000,50
4029,hombre,38,17,superior,La Guajira,1000000,48
4030,mujer,42,18,superior,La Guajira,2000000,48
4031,mujer,44,13,superior,La Guajira,300000,30
4032,hombre,36,15,superior,La Guajira,1000000,16
4033,hombre,28,9,secundaria,La Guajira,1200000,84
4034,hombre,25,11,media,La Guajira,600000,60
4035,mujer,64,3,primaria,La Guajira,150000,21
4036,hombre,36,11,media,La Guajira,750000,72
4037,mujer,37,11,media,La Guajira,500000,35
4038,hombre,32,13,superior,La Guajira,1600000,45
4039,mujer,47,5,primaria,La Guajira,720000,40
4040,hombre,19,5,primaria,La Guajira,400000,45
4041,hombre,27,11,media,La Guajira,300000,24
4042,hombre,22,14,superior,La Guajira,500000,50
4043,hombre,24,13,superior,La Guajira,200000,45
4044,hombre,19,11,media,Meta,950000,60
4045,hombre,28,5,primaria,Meta,800000,48
4046,hombre,29,10,media,Meta,400000,60
4047,hombre,46,5,primaria,Meta,2000000,120
4048,mujer,41,11,media,Meta,900000,30
4049,mujer,22,11,media,Meta,800000,60
4050,hombre,55,9,secundaria,Meta,1100000,48
4051,mujer,52,9,secundaria,Meta,1060000,48
4052,hombre,21,12,superior,Meta,800000,70
4053,hombre,30,14,superior,Meta,1300000,30
4054,hombre,65,2,primaria,Meta,810000,48
4055,mujer,58,4,primaria,Meta,5000,5
4056,hombre,22,8,secundaria,Meta,700000,56
4057,hombre,39,7,secundaria,Meta,655000,48
4058,hombre,36,5,primaria,Meta,900000,105
4059,mujer,35,11,media,Meta,800000,54
4060,hombre,27,11,media,Meta,1600000,46
4061,mujer,50,11,media,Meta,150000,70
4062,hombre,26,5,primaria,Meta,150000,70
4063,mujer,48,16,superior,Meta,1600000,45
4064,hombre,62,13,superior,Meta,600000,45
4065,hombre,32,13,superior,Meta,900000,42
4066,hombre,37,11,media,Meta,600000,85
4067,hombre,35,11,media,Meta,910000,44
4068,hombre,58,5,primaria,Meta,175000,45
4069,hombre,37,5,primaria,Meta,800000,70
4070,hombre,36,8,secundaria,Meta,970000,48
4071,mujer,37,16,superior,Meta,1500000,48
4072,mujer,48,6,secundaria,Meta,750000,54
4073,hombre,30,11,media,Meta,820000,72
4074,hombre,53,9,secundaria,Meta,400000,72
4075,mujer,31,11,media,Meta,781200,48
4076,hombre,28,11,media,Meta,1200000,48
4077,hombre,34,11,media,Meta,1000000,60
4078,mujer,29,11,media,Meta,600000,48
4079,hombre,57,16,superior,Meta,1800000,45
4080,hombre,58,11,media,Meta,1800000,48
4081,hombre,28,11,media,Meta,700000,56
4082,hombre,47,7,secundaria,Meta,600000,46
4083,mujer,42,16,superior,Meta,1400000,48
4084,mujer,34,16,superior,Meta,1500000,48
4085,hombre,55,9,secundaria,Meta,600000,108
4086,hombre,50,8,secundaria,Meta,500000,40
4087,hombre,22,11,media,Meta,320000,70
4088,hombre,18,7,secundaria,Meta,250000,70
4089,mujer,43,5,primaria,Meta,1800000,30
4090,mujer,54,13,superior,Meta,600000,28
4091,hombre,27,13,superior,Meta,800000,48
4092,hombre,45,14,superior,Meta,950000,56
4093,hombre,23,11,media,Meta,700000,35
4094,mujer,22,11,media,Meta,500000,18
4095,hombre,29,7,secundaria,Meta,2116400,44
4096,hombre,24,11,media,Meta,900000,56
4097,hombre,29,11,superior,Meta,1200000,60
4098,hombre,47,5,primaria,Meta,900000,50
4099,mujer,64,2,primaria,Meta,120000,66
4100,hombre,27,11,media,Meta,1500000,48
4101,mujer,25,11,media,Meta,700000,48
4102,hombre,50,14,superior,Meta,1600000,40
4103,hombre,40,11,media,Meta,1800000,72
4104,hombre,36,9,secundaria,Meta,3000000,60
4105,mujer,39,11,media,Meta,2000000,54
4106,hombre,19,11,media,Meta,1000000,54
4107,mujer,52,17,superior,Meta,2400000,40
4108,mujer,55,11,media,Meta,400000,48
4109,mujer,22,16,superior,Meta,1200000,44
4110,mujer,26,16,superior,Meta,2000000,44
4111,mujer,20,5,primaria,Meta,600000,40
4112,hombre,56,16,superior,Meta,2500000,40
4113,mujer,54,16,superior,Meta,1000000,65
4114,hombre,30,15,superior,Meta,1500000,48
4115,mujer,20,11,superior,Meta,900000,48
4116,hombre,50,11,media,Meta,100000,30
4117,mujer,63,5,primaria,Meta,50000,21
4118,mujer,24,11,media,Meta,1050000,60
4119,hombre,53,16,superior,Meta,1900000,40
4120,mujer,46,13,superior,Meta,800000,40
4121,hombre,25,14,superior,Meta,800000,48
4122,mujer,44,14,superior,Meta,80000,30
4123,hombre,38,19,superior,Meta,3500000,84
4124,hombre,63,16,superior,Meta,2500000,30
4125,mujer,25,17,superior,Meta,2000000,60
4126,hombre,59,5,primaria,Meta,2000000,90
4127,hombre,65,3,primaria,Meta,320000,18
4128,mujer,24,19,superior,Meta,1300000,24
4129,hombre,47,7,secundaria,Meta,700000,60
4130,hombre,59,5,primaria,Meta,800000,70
4131,hombre,40,5,primaria,Meta,900000,63
4132,mujer,56,2,primaria,Meta,500000,48
4133,hombre,52,7,secundaria,Meta,1200000,60
4134,mujer,20,11,media,Meta,500000,50
4135,mujer,21,11,media,Meta,500000,50
4136,mujer,58,11,media,Meta,10000000,24
4137,hombre,37,16,superior,Meta,1500000,8
4138,hombre,24,16,superior,Meta,1200000,48
4139,hombre,35,11,media,Narino,800000,40
4140,mujer,32,11,media,Narino,781242,48
4141,mujer,49,4,primaria,Narino,1000000,70
4142,hombre,28,6,secundaria,Narino,700000,60
4143,hombre,43,11,media,Narino,781242,48
4144,mujer,45,11,media,Narino,420000,36
4145,mujer,41,16,superior,Narino,1800000,44
4146,mujer,21,12,superior,Narino,900000,36
4147,hombre,25,11,media,Narino,600000,40
4148,mujer,57,11,media,Narino,400000,35
4149,hombre,46,5,primaria,Narino,600000,48
4150,mujer,51,11,media,Narino,400000,60
4151,hombre,40,11,media,Narino,500000,70
4152,hombre,30,11,media,Narino,1800000,90
4153,hombre,48,13,superior,Narino,800000,33
4154,mujer,39,12,superior,Narino,1000000,48
4155,mujer,36,16,superior,Narino,690000,49
4156,hombre,39,14,superior,Narino,1000000,40
4157,mujer,35,18,superior,Narino,1500000,36
4158,mujer,44,3,primaria,Narino,800000,40
4159,hombre,36,3,primaria,Narino,800000,48
4160,hombre,18,9,secundaria,Narino,250000,40
4161,hombre,21,9,secundaria,Narino,700000,48
4162,mujer,49,19,superior,Narino,2900000,36
4163,hombre,52,11,media,Narino,3000000,36
4164,hombre,28,16,superior,Narino,2500000,30
4165,mujer,49,11,media,Narino,780000,48
4166,mujer,45,5,primaria,N. de Santander,800000,60
4167,hombre,22,11,media,N. de Santander,600000,72
4168,hombre,30,8,secundaria,N. de Santander,820000,54
4169,hombre,39,11,media,N. de Santander,1000000,80
4170,hombre,50,9,secundaria,N. de Santander,1200000,60
4171,hombre,58,5,primaria,N. de Santander,800000,55
4172,hombre,54,5,primaria,N. de Santander,150000,50
4173,hombre,63,1,primaria,N. de Santander,1800000,45
4174,mujer,50,11,media,N. de Santander,931242,50
4175,hombre,58,7,secundaria,N. de Santander,740000,60
4176,mujer,41,11,media,Quindio,1200000,54
4177,hombre,23,14,superior,Quindio,1200000,54
4178,mujer,53,6,secundaria,Quindio,400000,60
4179,mujer,41,11,media,Quindio,781000,48
4180,hombre,27,11,media,Quindio,868000,48
4181,hombre,42,11,media,Quindio,1200000,100
4182,mujer,40,12,superior,Quindio,781242,48
4183,hombre,45,12,superior,Quindio,781242,54
4184,hombre,35,11,media,Quindio,781242,72
4185,hombre,35,13,superior,Quindio,781242,47
4186,mujer,38,13,superior,Quindio,781242,16
4187,hombre,28,14,superior,Quindio,1300000,40
4188,hombre,56,9,secundaria,Quindio,400000,10
4189,hombre,25,15,superior,Quindio,1000000,48
4190,hombre,38,5,primaria,Quindio,781242,50
4191,mujer,26,11,media,Quindio,1120000,48
4192,hombre,41,9,secundaria,Quindio,781242,48
4193,mujer,40,11,media,Quindio,420000,36
4194,mujer,39,11,media,Quindio,130000,12
4195,hombre,44,14,superior,Quindio,1500000,60
4196,mujer,46,16,superior,Quindio,1600000,40
4197,mujer,54,16,superior,Quindio,1000000,60
4198,mujer,51,11,media,Quindio,200000,15
4199,hombre,38,18,superior,Quindio,3200000,40
4200,hombre,35,17,superior,Quindio,2065000,45
4201,mujer,35,11,media,Quindio,1200000,56
4202,hombre,63,9,secundaria,Quindio,1100000,72
4203,mujer,32,16,superior,Quindio,781242,48
4204,hombre,47,14,superior,Quindio,2000000,48
4205,hombre,39,20,superior,Quindio,2800000,40
4206,hombre,37,16,superior,Quindio,2800000,48
4207,hombre,47,13,superior,Quindio,1500000,48
4208,mujer,39,16,superior,Quindio,1400000,48
4209,hombre,20,14,superior,Quindio,781242,18
4210,hombre,44,11,media,Quindio,820000,48
4211,hombre,56,16,superior,Quindio,2800000,40
4212,mujer,51,11,media,Quindio,200000,40
4213,hombre,35,11,media,Quindio,1200000,60
4214,hombre,56,9,secundaria,Quindio,781242,44
4215,mujer,43,11,media,Quindio,60000,3
4216,mujer,24,17,superior,Quindio,3190000,30
4217,mujer,18,12,superior,Quindio,82000,7
4218,hombre,29,11,media,Quindio,1000000,24
4219,mujer,24,17,superior,Quindio,1800000,40
4220,hombre,45,11,media,Quindio,900000,60
4221,mujer,29,11,media,Quindio,1000000,30
4222,hombre,19,10,media,Quindio,760000,45
4223,mujer,60,9,secundaria,Quindio,620000,54
4224,mujer,38,11,media,Quindio,782000,48
4225,hombre,45,7,secundaria,Quindio,600000,60
4226,hombre,20,14,superior,Quindio,781242,48
4227,hombre,56,8,secundaria,Quindio,2000000,80
4228,hombre,33,11,media,Quindio,800000,40
4229,mujer,45,21,superior,Quindio,1200000,60
4230,mujer,41,11,media,Quindio,408000,24
4231,mujer,44,5,primaria,Quindio,400000,56
4232,hombre,52,8,secundaria,Quindio,600000,70
4233,hombre,63,7,secundaria,Quindio,1500000,60
4234,mujer,37,16,superior,Quindio,880000,48
4235,hombre,58,9,secundaria,Quindio,1000000,45
4236,hombre,55,15,superior,Quindio,200000,3
4237,hombre,44,11,media,Quindio,781242,48
4238,mujer,51,11,media,Risaralda,4000000,48
4239,hombre,23,12,superior,Risaralda,781242,48
4240,hombre,61,11,media,Risaralda,1500000,45
4241,mujer,53,23,superior,Risaralda,3200000,40
4242,mujer,33,11,media,Risaralda,500000,40
4243,hombre,47,16,superior,Risaralda,4325000,48
4244,hombre,33,20,superior,Risaralda,4600000,50
4245,hombre,39,17,superior,Risaralda,2000000,60
4246,hombre,64,5,primaria,Risaralda,1500000,60
4247,hombre,56,18,superior,Risaralda,1500000,60
4248,mujer,61,16,superior,Risaralda,1000000,25
4249,hombre,64,16,superior,Risaralda,3000000,40
4250,hombre,59,16,superior,Risaralda,3000000,48
4251,mujer,37,16,superior,Risaralda,2000000,24
4252,mujer,28,7,secundaria,Risaralda,1101242,72
4253,mujer,52,5,primaria,Risaralda,1041242,54
4254,mujer,58,10,media,Risaralda,80000,3
4255,hombre,53,11,media,Risaralda,500000,16
4256,mujer,51,5,primaria,Risaralda,400000,16
4257,hombre,59,16,superior,Risaralda,2700000,40
4258,mujer,27,16,superior,Risaralda,2700000,48
4259,hombre,59,20,superior,Risaralda,2500000,40
4260,hombre,20,8,secundaria,Risaralda,1200000,50
4261,hombre,39,13,superior,Risaralda,900000,72
4262,mujer,36,16,superior,Risaralda,781242,48
4263,mujer,58,11,media,Risaralda,1800000,40
4264,hombre,42,9,secundaria,Risaralda,3000000,84
4265,mujer,19,14,superior,Risaralda,900000,42
4266,hombre,33,14,superior,Risaralda,781242,48
4267,hombre,21,11,media,Risaralda,750000,48
4268,mujer,49,9,secundaria,Risaralda,500000,48
4269,hombre,18,5,primaria,Risaralda,650000,60
4270,hombre,24,11,media,Risaralda,600000,42
4271,hombre,52,5,primaria,Risaralda,781500,48
4272,hombre,26,11,media,Risaralda,781500,48
4273,hombre,23,13,superior,Risaralda,900000,48
4274,hombre,43,0,ninguno,Risaralda,400000,44
4275,mujer,54,11,media,Risaralda,781242,48
4276,mujer,50,11,media,Risaralda,450000,40
4277,hombre,29,8,secundaria,Risaralda,781242,48
4278,hombre,53,5,primaria,Risaralda,780000,48
4279,hombre,30,11,media,Risaralda,800000,84
4280,hombre,54,7,secundaria,Risaralda,500000,72
4281,hombre,40,5,primaria,Risaralda,1000000,60
4282,mujer,40,5,primaria,Risaralda,200000,8
4283,mujer,63,11,media,Risaralda,800000,40
4284,hombre,21,14,superior,Risaralda,1550000,72
4285,mujer,45,2,primaria,Risaralda,300000,24
4286,mujer,24,11,media,Risaralda,781242,50
4287,mujer,49,23,superior,Risaralda,3600000,40
4288,hombre,31,11,media,Risaralda,1000000,60
4289,mujer,18,9,secundaria,Risaralda,200000,10
4290,hombre,35,11,media,Risaralda,800000,48
4291,mujer,33,11,media,Risaralda,781242,48
4292,hombre,55,11,media,Risaralda,100000,60
4293,mujer,57,13,superior,Risaralda,1200000,40
4294,hombre,63,16,superior,Risaralda,3400000,48
4295,mujer,56,11,media,Risaralda,100000,5
4296,hombre,63,16,superior,Risaralda,900000,42
4297,hombre,64,16,superior,Risaralda,300000,40
4298,mujer,60,7,secundaria,Risaralda,300000,40
4299,hombre,25,16,superior,Risaralda,1200000,48
4300,mujer,41,5,primaria,Risaralda,400000,48
4301,mujer,22,12,superior,Risaralda,781242,48
4302,mujer,21,11,media,Risaralda,781242,48
4303,hombre,56,11,media,Risaralda,1800000,72
4304,mujer,26,16,superior,Risaralda,1100000,48
4305,hombre,58,5,primaria,Risaralda,700000,45
4306,hombre,33,12,superior,Risaralda,1200000,48
4307,hombre,29,5,primaria,Risaralda,781242,50
4308,mujer,25,11,media,Risaralda,300000,40
4309,hombre,39,14,superior,Risaralda,900000,40
4310,mujer,21,11,media,Risaralda,2000000,60
4311,hombre,37,13,superior,Risaralda,900000,48
4312,mujer,27,14,superior,Risaralda,1200000,47
4313,mujer,35,13,superior,Risaralda,1000000,48
4314,hombre,39,16,superior,Santander,2000000,48
4315,hombre,28,11,media,Santander,996000,48
4316,hombre,53,11,media,Santander,1000000,40
4317,mujer,49,11,media,Santander,280000,28
4318,hombre,46,5,primaria,Santander,600000,50
4319,hombre,31,11,media,Santander,1000000,48
4320,mujer,29,11,media,Santander,500000,24
4321,hombre,59,4,primaria,Santander,700000,40
4322,mujer,28,15,superior,Santander,900000,48
4323,mujer,32,11,media,Santander,1200000,48
4324,hombre,37,11,media,Santander,1000000,48
4325,mujer,26,11,media,Santander,900000,72
4326,hombre,27,11,media,Santander,1100000,48
4327,hombre,32,11,media,Santander,1200000,48
4328,mujer,39,11,media,Santander,100000,12
4329,hombre,53,5,primaria,Santander,1000000,52
4330,mujer,57,4,primaria,Santander,880000,40
4331,hombre,39,14,superior,Santander,1800000,84
4332,mujer,61,8,secundaria,Santander,400000,70
4333,hombre,37,11,media,Santander,362000,49
4334,hombre,30,9,secundaria,Santander,700000,60
4335,hombre,35,11,media,Santander,1500000,40
4336,mujer,34,11,media,Santander,900000,60
4337,hombre,24,11,media,Santander,1200000,48
4338,hombre,49,5,primaria,Santander,700000,50
4339,mujer,50,11,media,Santander,100000,8
4340,mujer,27,11,media,Santander,780000,72
4341,mujer,60,5,primaria,Santander,1200000,48
4342,mujer,54,15,superior,Santander,400000,60
4343,hombre,36,11,media,Santander,4000000,60
4344,hombre,54,5,primaria,Santander,920000,48
4345,mujer,50,11,media,Santander,800000,48
4346,mujer,42,11,media,Santander,460000,17
4347,mujer,22,11,media,Santander,800000,48
4348,hombre,28,11,media,Santander,300000,28
4349,mujer,46,5,primaria,Santander,360000,20
4350,hombre,46,5,primaria,Santander,400000,48
4351,hombre,43,0,ninguno,Santander,480000,40
4352,hombre,46,11,media,Santander,781200,48
4353,hombre,27,12,superior,Santander,781242,48
4354,mujer,25,11,media,Santander,480000,25
4355,hombre,50,5,primaria,Santander,1000000,85
4356,hombre,31,18,superior,Santander,2000000,24
4357,hombre,51,16,superior,Santander,700000,60
4358,mujer,49,16,superior,Santander,2000000,46
4359,mujer,51,5,primaria,Santander,600000,48
4360,hombre,63,8,secundaria,Santander,800000,52
4361,mujer,27,19,superior,Santander,3000000,40
4362,hombre,29,16,superior,Santander,2647000,45
4363,hombre,36,16,superior,Santander,5000000,30
4364,mujer,38,16,superior,Santander,2500000,54
4365,hombre,43,20,superior,Santander,3500000,30
4366,hombre,29,16,superior,Santander,2500000,40
4367,hombre,29,14,superior,Santander,1200000,62
4368,mujer,30,14,superior,Santander,1200000,52
4369,hombre,36,11,media,Santander,3150000,84
4370,mujer,34,17,superior,Santander,2000000,48
4371,mujer,55,13,superior,Sucre,500000,32
4372,hombre,23,11,media,Sucre,700000,55
4373,mujer,40,16,superior,Sucre,2400000,30
4374,mujer,31,16,superior,Sucre,781242,40
4375,mujer,37,11,media,Sucre,900000,40
4376,mujer,46,13,superior,Sucre,1050000,40
4377,mujer,65,11,media,Tolima,800000,30
4378,mujer,29,13,superior,Tolima,781242,48
4379,hombre,57,0,ninguno,Tolima,900000,48
4380,hombre,22,13,superior,Tolima,800000,48
4381,hombre,28,5,primaria,Tolima,1200000,56
4382,hombre,54,13,superior,Tolima,1550000,60
4383,hombre,25,13,superior,Tolima,970000,60
4384,hombre,38,11,media,Tolima,1100000,48
4385,mujer,41,12,superior,Tolima,32000,5
4386,hombre,38,2,primaria,Tolima,800000,70
4387,mujer,31,11,media,Tolima,216000,18
4388,mujer,50,16,superior,Tolima,650000,48
4389,hombre,22,13,superior,Tolima,781242,48
4390,hombre,52,11,media,Tolima,800000,72
4391,mujer,42,10,media,Tolima,350000,12
4392,hombre,55,6,secundaria,Tolima,781242,54
4393,hombre,24,11,media,Tolima,1900000,70
4394,mujer,31,11,media,Tolima,160000,24
4395,hombre,29,11,media,Tolima,600000,40
4396,hombre,35,13,superior,Tolima,781242,48
4397,mujer,28,12,superior,Tolima,1020000,23
4398,hombre,57,3,primaria,Tolima,425000,24
4399,hombre,56,9,secundaria,Tolima,2000000,60
4400,mujer,54,16,superior,Tolima,1004000,40
4401,mujer,35,16,superior,Tolima,1100000,44
4402,hombre,35,13,superior,Tolima,2000000,70
4403,hombre,61,8,secundaria,Tolima,500000,40
4404,hombre,26,4,primaria,Tolima,600000,70
4405,hombre,34,16,superior,Tolima,900000,60
4406,mujer,35,16,superior,Tolima,900000,60
4407,hombre,33,16,superior,Tolima,1400000,44
4408,mujer,33,16,superior,Tolima,2500000,48
4409,mujer,31,0,ninguno,Tolima,400000,70
4410,hombre,28,11,media,Tolima,1500000,84
4411,hombre,26,10,media,Tolima,800000,54
4412,mujer,48,0,ninguno,Tolima,150000,40
4413,mujer,49,5,primaria,Tolima,850000,48
4414,hombre,47,10,media,Tolima,1590000,52
4415,hombre,62,0,ninguno,Tolima,200000,48
4416,hombre,31,6,secundaria,Tolima,300000,70
4417,hombre,60,0,ninguno,Tolima,200000,40
4418,hombre,18,7,secundaria,Tolima,400000,60
4419,hombre,61,11,media,Tolima,500000,70
4420,hombre,30,11,media,Tolima,500000,48
4421,hombre,46,0,ninguno,Tolima,800000,48
4422,hombre,45,5,primaria,Tolima,800000,60
4423,hombre,33,11,media,Tolima,781242,60
4424,mujer,39,16,superior,Tolima,1300000,70
4425,hombre,36,16,superior,Tolima,1300000,84
4426,mujer,28,16,superior,Tolima,990000,40
4427,mujer,41,16,superior,Tolima,1050000,40
4428,hombre,47,5,primaria,Tolima,1000000,84
4429,hombre,18,11,media,Tolima,600000,40
4430,hombre,54,11,media,Tolima,1000000,48
4431,mujer,25,11,media,Tolima,800000,40
4432,hombre,65,16,superior,Tolima,1200000,48
4433,mujer,37,16,superior,Tolima,3000000,48
4434,mujer,52,17,superior,Valle del Cauca,6000000,48
4435,mujer,21,13,superior,Valle del Cauca,900000,30
4436,hombre,40,10,media,Valle del Cauca,1500000,36
4437,mujer,20,11,media,Valle del Cauca,100000,24
4438,hombre,45,3,primaria,Valle del Cauca,1200000,90
4439,mujer,42,6,secundaria,Valle del Cauca,1000000,84
4440,hombre,20,11,superior,Valle del Cauca,1100000,60
4441,hombre,59,4,primaria,Valle del Cauca,800000,60
4442,hombre,64,5,primaria,Valle del Cauca,781242,48
4443,mujer,64,13,superior,Valle del Cauca,400000,49
4444,mujer,49,11,media,Valle del Cauca,1381242,48
4445,hombre,18,11,superior,Valle del Cauca,800000,5
4446,mujer,53,4,primaria,Valle del Cauca,400000,48
4447,mujer,37,16,superior,Valle del Cauca,1380000,40
4448,hombre,51,16,superior,Valle del Cauca,2000000,48
4449,mujer,47,18,superior,Valle del Cauca,5600000,40
4450,mujer,63,5,primaria,Valle del Cauca,20000,1
4451,mujer,31,16,superior,Valle del Cauca,1100000,52
4452,hombre,42,19,superior,Valle del Cauca,1600000,66
4453,hombre,22,15,superior,Valle del Cauca,1100000,48
4454,hombre,58,17,superior,Valle del Cauca,5000000,48
4455,mujer,51,16,superior,Valle del Cauca,6000000,40
4456,hombre,22,13,superior,Valle del Cauca,781242,65
4457,hombre,39,11,media,Valle del Cauca,906000,48
4458,mujer,37,11,media,Valle del Cauca,60000,30
4459,mujer,30,14,superior,Valle del Cauca,1400000,40
4460,mujer,40,11,media,Valle del Cauca,960000,40
4461,hombre,43,9,secundaria,Valle del Cauca,500000,84
4462,hombre,36,11,media,Valle del Cauca,1500000,40
4463,mujer,31,13,superior,Valle del Cauca,1300000,48
4464,hombre,42,11,media,Valle del Cauca,1100000,72
4465,mujer,36,11,media,Valle del Cauca,1300000,48
4466,mujer,41,11,media,Valle del Cauca,1200000,72
4467,mujer,24,13,superior,Valle del Cauca,500000,20
4468,mujer,46,11,media,Valle del Cauca,1720000,48
4469,mujer,39,5,primaria,Valle del Cauca,600000,72
4470,mujer,57,3,primaria,Valle del Cauca,150000,20
4471,mujer,64,11,media,Valle del Cauca,300000,30
4472,mujer,36,11,media,Valle del Cauca,300000,20
4473,mujer,33,16,superior,Valle del Cauca,3600000,48
4474,mujer,33,14,superior,Valle del Cauca,1200000,10
4475,mujer,36,14,superior,Valle del Cauca,2000000,48
4476,hombre,47,11,media,Valle del Cauca,1100000,48
4477,hombre,36,12,superior,Antioquia,781242,48
4478,mujer,49,13,superior,Antioquia,781242,50
4479,hombre,40,18,superior,Antioquia,18000000,48
4480,mujer,34,18,superior,Antioquia,7000000,48
4481,mujer,35,16,superior,Antioquia,1635000,82
4482,mujer,46,17,superior,Antioquia,2000000,20
4483,mujer,60,9,secundaria,Antioquia,1661242,72
4484,hombre,37,19,superior,Antioquia,4800000,48
4485,mujer,52,11,media,Antioquia,5000000,48
4486,hombre,63,0,ninguno,Antioquia,500000,70
4487,hombre,36,16,superior,Antioquia,6000000,30
4488,mujer,34,17,superior,Antioquia,4500000,48
4489,mujer,25,11,media,Antioquia,781242,48
4490,hombre,31,13,superior,Antioquia,800000,50
4491,mujer,57,20,superior,Antioquia,5000000,40
4492,mujer,30,14,superior,Antioquia,1000000,30
4493,hombre,54,5,primaria,Antioquia,550000,48
4494,hombre,26,8,secundaria,Antioquia,781242,45
4495,mujer,22,12,superior,Antioquia,900000,48
4496,hombre,30,11,media,Antioquia,200000,40
4497,hombre,31,14,superior,Antioquia,901242,48
4498,hombre,50,3,primaria,Antioquia,700000,48
4499,hombre,32,5,primaria,Antioquia,800000,60
4500,mujer,28,15,superior,Antioquia,1200000,48
4501,hombre,30,17,superior,Antioquia,3380000,48
4502,mujer,52,11,media,Antioquia,250000,20
4503,hombre,54,7,secundaria,Antioquia,800000,36
4504,hombre,24,13,superior,Antioquia,781242,48
4505,mujer,61,9,secundaria,Antioquia,200000,18
4506,mujer,57,11,media,Antioquia,300000,40
4507,hombre,28,13,superior,Antioquia,2000000,40
4508,hombre,23,11,media,Antioquia,860000,52
4509,mujer,41,14,superior,Antioquia,1000000,48
4510,mujer,19,12,superior,Antioquia,70000,4
4511,hombre,34,11,media,Antioquia,781242,50
4512,hombre,49,2,primaria,Antioquia,1200000,60
4513,mujer,48,8,secundaria,Antioquia,781200,48
4514,hombre,34,11,media,Antioquia,1700000,40
4515,hombre,43,5,primaria,Antioquia,1400000,48
4516,hombre,57,2,primaria,Antioquia,800000,60
4517,mujer,30,11,media,Antioquia,400000,20
4518,mujer,37,14,superior,Antioquia,1200000,48
4519,mujer,42,12,superior,Antioquia,1330000,60
4520,mujer,52,16,superior,Antioquia,1800000,30
4521,hombre,53,19,superior,Antioquia,4600000,40
4522,mujer,26,11,media,Antioquia,900000,24
4523,hombre,26,16,superior,Antioquia,781200,48
4524,hombre,28,14,superior,Antioquia,1200000,40
4525,hombre,44,11,media,Antioquia,2000000,48
4526,hombre,52,14,superior,Antioquia,2000000,55
4527,hombre,26,16,superior,Antioquia,2750000,48
4528,mujer,24,16,superior,Antioquia,1156000,48
4529,hombre,51,11,media,Antioquia,800000,48
4530,mujer,36,13,superior,Antioquia,781242,36
4531,mujer,42,11,media,Antioquia,900000,28
4532,hombre,35,13,superior,Antioquia,950000,48
4533,hombre,20,11,media,Antioquia,781242,48
4534,hombre,40,18,superior,Antioquia,4189000,48
4535,mujer,53,5,primaria,Antioquia,600000,72
4536,mujer,24,11,media,Antioquia,1050000,48
4537,mujer,39,16,superior,Antioquia,900000,45
4538,hombre,30,13,superior,Antioquia,1000000,56
4539,mujer,31,11,media,Antioquia,1188000,48
4540,hombre,58,19,superior,Antioquia,3800000,40
4541,mujer,44,14,superior,Antioquia,250000,24
4542,hombre,38,14,superior,Antioquia,2500000,72
4543,hombre,51,5,primaria,Antioquia,4000000,90
4544,hombre,23,11,superior,Antioquia,800000,50
4545,mujer,50,0,ninguno,Antioquia,700000,48
4546,mujer,59,11,media,Antioquia,781300,40
4547,mujer,27,11,media,Antioquia,1531242,48
4548,hombre,20,13,superior,Antioquia,300000,30
4549,mujer,31,17,superior,Antioquia,3905000,40
4550,hombre,38,7,secundaria,Antioquia,1400000,48
4551,hombre,65,2,primaria,Antioquia,450000,60
4552,hombre,57,11,media,Antioquia,900000,28
4553,mujer,38,11,media,Antioquia,900000,48
4554,hombre,26,11,media,Antioquia,1500000,48
4555,mujer,22,12,superior,Antioquia,300000,6
4556,hombre,35,16,superior,Antioquia,500000,50
4557,mujer,50,17,superior,Antioquia,2200000,30
4558,hombre,38,16,superior,Atlantico,2500000,48
4559,mujer,37,11,media,Atlantico,500000,21
4560,hombre,36,16,superior,Atlantico,3600000,44
4561,mujer,34,17,superior,Atlantico,5000000,48
4562,mujer,24,11,media,Atlantico,1150000,60
4563,hombre,38,11,media,Atlantico,600000,25
4564,mujer,37,11,media,Atlantico,900000,48
4565,hombre,18,7,secundaria,Atlantico,700000,48
4566,hombre,62,6,secundaria,Atlantico,500000,48
4567,mujer,55,16,superior,Bolivar,300000,40
4568,mujer,23,16,superior,Bolivar,1600000,48
4569,hombre,62,9,secundaria,Bolivar,480000,40
4570,mujer,61,16,superior,Bolivar,4500000,40
4571,hombre,23,16,superior,Bolivar,1800000,40
4572,hombre,22,16,superior,Bolivar,1600000,48
4573,mujer,47,16,superior,Bolivar,500000,30
4574,hombre,18,13,superior,Bolivar,600000,40
4575,hombre,27,16,superior,Bolivar,1800000,48
4576,mujer,27,17,superior,Bolivar,3000000,48
4577,hombre,38,13,superior,Bolivar,2000000,40
4578,mujer,28,14,superior,Bolivar,781242,40
4579,hombre,40,16,superior,Bolivar,781242,48
4580,mujer,40,16,superior,Bolivar,4500000,40
4581,hombre,47,11,media,Bolivar,781242,48
4582,mujer,44,13,superior,Bolivar,2000000,48
4583,hombre,29,14,superior,Bolivar,2200000,48
4584,mujer,55,11,media,Bolivar,400000,40
4585,mujer,30,16,superior,Bolivar,900000,48
4586,mujer,45,11,media,Bolivar,1200000,40
4587,hombre,45,11,media,Bolivar,700000,48
4588,mujer,51,8,secundaria,Bolivar,340000,40
4589,hombre,24,11,media,Bolivar,400000,48
4590,mujer,52,3,primaria,Bolivar,580000,50
4591,hombre,30,11,media,Bolivar,700000,40
4592,hombre,25,11,media,Bolivar,600000,40
4593,hombre,31,5,primaria,Bolivar,500000,40
4594,hombre,24,10,media,Bolivar,400000,40
4595,mujer,29,11,media,Bolivar,560000,40
4596,hombre,54,0,ninguno,Bolivar,600000,48
4597,hombre,22,0,ninguno,Bolivar,400000,48
4598,hombre,19,10,media,Bolivar,600000,48
4599,hombre,36,11,media,Bolivar,800000,48
4600,mujer,28,11,media,Bolivar,781242,48
4601,mujer,42,14,superior,Bolivar,1600000,48
4602,mujer,26,11,media,Bolivar,781242,48
4603,hombre,49,8,secundaria,Bolivar,920000,40
4604,hombre,52,10,media,Bolivar,1700000,55
4605,mujer,60,5,primaria,Bolivar,700000,48
4606,hombre,40,11,media,Bolivar,1000000,48
4607,hombre,44,5,primaria,Bolivar,700000,40
4608,hombre,25,9,secundaria,Bolivar,700000,40
4609,hombre,52,11,media,Bolivar,600000,40
4610,mujer,53,5,primaria,Bolivar,781242,48
4611,mujer,25,14,superior,Bolivar,1250000,48
4612,hombre,27,13,superior,Bolivar,781242,48
4613,hombre,23,13,superior,Bolivar,781242,48
4614,mujer,22,16,superior,Bolivar,781242,40
4615,hombre,48,11,media,Bolivar,800000,48
4616,hombre,35,12,superior,Bolivar,781242,48
4617,mujer,45,11,media,Bolivar,981242,48
4618,hombre,52,11,media,Bolivar,200000,50
4619,mujer,25,11,media,Bolivar,781242,48
4620,hombre,27,10,media,Bolivar,781242,48
4621,hombre,42,11,media,Bolivar,781242,48
4622,mujer,44,11,media,Bolivar,500000,40
4623,hombre,26,13,superior,Bolivar,500000,48
4624,hombre,22,11,media,Bolivar,500000,48
4625,hombre,30,13,superior,Bolivar,781242,48
4626,hombre,27,13,superior,Bolivar,600000,48
4627,hombre,28,11,media,Bolivar,400000,60
4628,mujer,50,11,media,Bolivar,781242,48
4629,mujer,24,13,superior,Bolivar,781242,48
4630,hombre,49,2,primaria,Bolivar,400000,56
4631,hombre,35,5,primaria,Bolivar,781242,48
4632,hombre,33,8,secundaria,Bolivar,840000,48
4633,hombre,32,11,media,Bolivar,2000000,48
4634,hombre,33,13,superior,Bolivar,781242,48
4635,hombre,54,11,media,Bolivar,800000,48
4636,hombre,41,11,media,Bolivar,781242,48
4637,hombre,52,16,superior,Boyaca,2000000,48
4638,mujer,53,13,superior,Boyaca,1800000,40
4639,hombre,32,20,superior,Boyaca,2500000,48
4640,hombre,54,11,media,Boyaca,781242,48
4641,hombre,50,13,superior,Boyaca,850000,40
4642,mujer,47,16,superior,Boyaca,1500000,25
4643,hombre,37,17,superior,Boyaca,400000,48
4644,hombre,33,16,superior,Boyaca,1000000,60
4645,hombre,55,13,superior,Boyaca,2000000,84
4646,mujer,25,16,superior,Boyaca,1600000,40
4647,mujer,61,19,superior,Boyaca,3600000,30
4648,hombre,63,19,superior,Boyaca,3600000,30
4649,mujer,54,5,primaria,Boyaca,1231242,48
4650,mujer,31,11,media,Boyaca,100000,12
4651,hombre,24,11,media,Boyaca,700000,55
4652,mujer,23,15,superior,Boyaca,120000,40
4653,mujer,32,13,superior,Boyaca,781242,40
4654,hombre,25,5,primaria,Boyaca,400000,21
4655,hombre,35,14,superior,Boyaca,888000,40
4656,hombre,25,12,superior,Boyaca,2373000,48
4657,hombre,35,16,superior,Boyaca,3000000,40
4658,mujer,32,17,superior,Boyaca,1000000,30
4659,mujer,55,11,media,Boyaca,781242,40
4660,hombre,61,8,secundaria,Boyaca,1500000,40
4661,hombre,35,4,primaria,Boyaca,781242,48
4662,mujer,31,5,primaria,Boyaca,781242,44
4663,mujer,26,13,superior,Boyaca,1650000,48
4664,mujer,26,16,superior,Boyaca,2000000,50
4665,hombre,32,11,media,Boyaca,900000,48
4666,hombre,49,11,media,Boyaca,800000,48
4667,mujer,36,17,superior,Boyaca,2750000,40
4668,hombre,39,13,superior,Boyaca,4000000,40
4669,mujer,63,4,primaria,Boyaca,1000000,40
4670,mujer,22,12,superior,Boyaca,1200000,44
4671,hombre,34,20,superior,Boyaca,6500000,56
4672,mujer,32,17,superior,Boyaca,3200000,58
4673,hombre,41,19,superior,Boyaca,3500000,50
4674,mujer,50,19,superior,Boyaca,3200000,40
4675,mujer,32,23,superior,Boyaca,1500000,25
4676,hombre,33,21,superior,Boyaca,2000000,30
4677,hombre,40,19,superior,Boyaca,3540000,40
4678,mujer,37,11,media,Boyaca,1500000,60
4679,hombre,52,23,superior,Boyaca,8000000,35
4680,mujer,60,2,primaria,Boyaca,360000,10
4681,mujer,64,21,superior,Boyaca,2350000,40
4682,hombre,39,16,superior,Boyaca,1500000,60
4683,mujer,35,20,superior,Boyaca,983000,48
4684,hombre,50,18,superior,Boyaca,2400000,40
4685,mujer,45,19,superior,Boyaca,2800000,48
4686,hombre,26,15,superior,Boyaca,100000,10
4687,mujer,41,17,superior,Boyaca,2600000,40
4688,mujer,46,19,superior,Boyaca,2000000,30
4689,mujer,33,16,superior,Caldas,3100000,48
4690,hombre,25,14,superior,Caldas,1000000,48
4691,mujer,62,11,media,Caldas,1500000,48
4692,mujer,52,5,primaria,Caldas,1050000,48
4693,hombre,33,17,superior,Caldas,2000000,42
4694,mujer,61,7,secundaria,Caldas,1100000,40
4695,hombre,32,13,superior,Caldas,2480000,48
4696,hombre,42,11,media,Caldas,800000,48
4697,mujer,35,11,media,Caldas,800000,48
4698,hombre,33,11,media,Caldas,1220000,48
4699,mujer,33,13,superior,Caldas,781242,48
4700,hombre,55,5,primaria,Caldas,950000,65
4701,mujer,56,3,primaria,Caldas,55000,20
4702,hombre,38,4,primaria,Caldas,360000,75
4703,hombre,49,7,secundaria,Caldas,100000,18
4704,mujer,50,11,media,Caldas,981242,48
4705,mujer,30,13,superior,Caldas,700000,24
4706,hombre,34,11,media,Caldas,781242,48
4707,hombre,25,11,media,Caldas,781242,48
4708,hombre,57,5,primaria,Caldas,1000000,50
4709,mujer,49,11,media,Caldas,100000,30
4710,hombre,23,11,media,Caldas,781242,48
4711,hombre,51,11,media,Caldas,1300000,48
4712,mujer,38,14,superior,Caldas,980000,48
4713,mujer,25,13,superior,Caldas,781242,48
4714,mujer,25,13,superior,Caldas,1200000,48
4715,mujer,20,11,media,Caldas,1050000,84
4716,hombre,22,6,secundaria,Caldas,781242,48
4717,mujer,44,10,media,Caldas,1000000,50
4718,mujer,25,13,superior,Caldas,781242,48
4719,hombre,54,13,superior,Caldas,781242,50
4720,hombre,24,14,superior,Caldas,781242,48
4721,hombre,29,14,superior,Caldas,1200000,30
4722,hombre,28,14,superior,Caldas,800000,49
4723,mujer,63,11,media,Caldas,280000,42
4724,mujer,25,11,media,Caldas,781242,72
4725,hombre,54,2,primaria,Caldas,800000,49
4726,mujer,51,5,primaria,Caldas,200000,30
4727,mujer,26,13,superior,Caldas,781242,48
4728,mujer,24,11,media,Caldas,600000,60
4729,hombre,28,16,superior,Caldas,1220000,48
4730,mujer,53,11,media,Caldas,300000,20
4731,hombre,61,5,primaria,Caldas,730000,54
4732,mujer,57,5,primaria,Caldas,475000,48
4733,mujer,24,15,superior,Caldas,900000,48
4734,mujer,52,17,superior,Caldas,3170000,40
4735,mujer,35,16,superior,Caldas,1600000,50
4736,hombre,42,11,media,Caldas,4500000,48
4737,hombre,37,14,superior,Caldas,8000000,60
4738,mujer,35,16,superior,Caldas,2800000,48
4739,mujer,63,7,secundaria,Caldas,140000,15
4740,hombre,41,14,superior,Caldas,1700000,48
4741,mujer,47,8,secundaria,Caldas,100000,10
4742,mujer,27,11,media,Caldas,2500000,45
4743,hombre,26,11,media,Caldas,900000,48
4744,mujer,20,11,media,Caldas,781242,48
4745,hombre,51,3,primaria,Caldas,700000,70
4746,mujer,51,7,secundaria,Caldas,800000,48
4747,hombre,32,14,superior,Caldas,1600000,48
4748,hombre,32,11,media,Caldas,2200000,60
4749,mujer,29,12,superior,Caldas,500000,15
4750,hombre,40,8,secundaria,Caldas,1560000,60
4751,hombre,43,13,superior,Caldas,781242,48
4752,hombre,47,11,media,Caldas,781242,48
4753,mujer,60,17,superior,Caldas,3500000,30
4754,hombre,51,13,superior,Caldas,1900000,48
4755,hombre,26,15,superior,Caldas,390621,24
4756,hombre,31,13,superior,Caldas,1000000,48
4757,hombre,27,13,superior,Caldas,781242,48
4758,hombre,49,6,secundaria,Caldas,800000,48
4759,mujer,47,2,primaria,Caldas,1081242,50
4760,mujer,58,4,primaria,Caldas,400000,50
4761,hombre,55,0,ninguno,Caldas,180000,70
4762,mujer,52,13,superior,Caldas,1150000,45
4763,mujer,37,13,superior,Caldas,781242,48
4764,hombre,46,11,media,Caldas,780000,60
4765,mujer,35,11,media,Caldas,781242,48
4766,hombre,52,11,media,Caldas,3000000,50
4767,hombre,21,14,superior,Caldas,781242,48
4768,mujer,25,8,secundaria,Caldas,1150000,50
4769,hombre,25,11,media,Caqueta,500000,50
4770,hombre,25,15,superior,Caqueta,800000,40
4771,mujer,26,11,media,Caqueta,1000000,50
4772,hombre,38,8,secundaria,Caqueta,800000,60
4773,hombre,35,6,secundaria,Caqueta,600000,50
4774,hombre,23,11,media,Caqueta,500000,40
4775,mujer,35,13,superior,Caqueta,800000,60
4776,hombre,29,13,superior,Caqueta,780000,50
4777,mujer,32,12,superior,Caqueta,780000,60
4778,mujer,57,5,primaria,Caqueta,400000,40
4779,hombre,49,16,superior,Caqueta,2500000,50
4780,hombre,39,11,media,Caqueta,600000,50
4781,hombre,29,11,media,Caqueta,2000000,50
4782,mujer,50,11,media,Caqueta,400000,40
4783,hombre,54,11,media,Caqueta,500000,40
4784,hombre,39,11,media,Caqueta,700000,60
4785,hombre,25,11,media,Caqueta,600000,50
4786,mujer,44,5,primaria,Caqueta,782000,60
4787,mujer,43,14,superior,Caqueta,1400000,48
4788,hombre,56,5,primaria,Caqueta,700000,70
4789,hombre,24,11,media,Caqueta,800000,60
4790,hombre,40,11,media,Caqueta,830000,48
4791,hombre,56,20,superior,Caqueta,2700000,40
4792,mujer,55,16,superior,Caqueta,1500000,40
4793,hombre,30,13,superior,Caqueta,2100000,60
4794,mujer,31,16,superior,Caqueta,3800000,48
4795,hombre,31,7,secundaria,Caqueta,900000,60
4796,mujer,60,9,secundaria,Caqueta,280000,48
4797,hombre,28,11,media,Caqueta,782000,48
4798,mujer,52,2,primaria,Caqueta,300000,30
4799,hombre,38,8,secundaria,Cauca,200000,48
4800,mujer,45,6,secundaria,Cauca,150000,49
4801,hombre,53,13,superior,Cauca,900000,40
4802,mujer,32,14,superior,Cauca,1000000,44
4803,hombre,48,13,superior,Cauca,300000,8
4804,hombre,39,12,superior,Cauca,782000,56
4805,hombre,28,17,superior,Cauca,1500000,45
4806,hombre,22,14,superior,Cauca,1200000,40
4807,hombre,21,15,superior,Cauca,800000,18
4808,mujer,36,13,superior,Cauca,781242,48
4809,mujer,49,16,superior,Cauca,2000000,40
4810,hombre,39,11,media,Cauca,781242,48
4811,hombre,27,12,superior,Cauca,300000,27
4812,mujer,52,18,superior,Cauca,3800000,50
4813,mujer,50,11,media,Cauca,782000,48
4814,mujer,50,15,superior,Cauca,2600000,54
4815,hombre,25,17,superior,Cauca,400000,35
4816,hombre,56,5,primaria,Cauca,2500000,35
4817,mujer,46,5,primaria,Cauca,2500000,30
4818,mujer,18,12,superior,Cauca,200000,16
4819,hombre,60,5,primaria,Cauca,500000,48
4820,hombre,34,14,superior,Cauca,782000,30
4821,mujer,51,7,secundaria,Cauca,200000,50
4822,mujer,22,16,superior,Cauca,781242,40
4823,mujer,31,16,superior,Cauca,1600000,60
4824,hombre,32,11,media,Cauca,1000000,60
4825,mujer,41,16,superior,Cauca,869453,40
4826,hombre,24,11,media,Cauca,600000,47
4827,hombre,45,9,secundaria,Cauca,782000,60
4828,hombre,19,11,superior,Cauca,300000,30
4829,hombre,26,11,media,Cauca,782000,48
4830,hombre,54,4,primaria,Cauca,800000,55
4831,mujer,45,4,primaria,Cauca,500000,55
4832,hombre,30,11,media,Cauca,650000,48
4833,mujer,32,4,primaria,Cauca,240000,40
4834,hombre,22,9,secundaria,Cauca,100000,35
4835,mujer,34,11,media,Cauca,400000,60
4836,hombre,43,4,primaria,Cauca,200000,18
4837,hombre,52,13,superior,Cauca,2200000,40
4838,mujer,50,16,superior,Cauca,2000000,30
4839,mujer,36,11,media,Cauca,300000,30
4840,hombre,32,14,superior,Cauca,2000000,48
4841,hombre,45,18,superior,Cauca,3000000,72
4842,mujer,40,16,superior,Cauca,2800000,46
4843,hombre,50,11,media,Cauca,700000,35
4844,mujer,44,11,media,Cesar,300000,24
4845,hombre,43,1,primaria,Cesar,950000,60
4846,hombre,38,7,secundaria,Cesar,700000,48
4847,hombre,40,11,media,Cesar,900000,40
4848,hombre,29,14,superior,Cesar,950000,60
4849,mujer,24,13,superior,Cesar,600000,24
4850,mujer,47,7,secundaria,Cesar,300000,20
4851,hombre,28,11,media,Cesar,700000,48
4852,hombre,51,5,primaria,Cesar,900000,60
4853,hombre,44,11,media,Cesar,1000000,48
4854,mujer,37,16,superior,Cesar,2000000,50
4855,hombre,30,16,superior,Cesar,700000,40
4856,mujer,27,13,superior,Cesar,150000,28
4857,hombre,24,14,superior,Cesar,1430000,48
4858,hombre,40,11,media,Cesar,900000,48
4859,hombre,40,11,media,Cesar,1600000,54
4860,hombre,19,4,primaria,Cesar,840000,84
4861,mujer,24,12,superior,Cesar,80000,21
4862,mujer,23,16,superior,Cesar,600000,36
4863,mujer,22,11,media,Cesar,500000,48
4864,hombre,20,7,secundaria,Cesar,900000,48
4865,mujer,55,11,media,Cesar,200000,14
4866,hombre,28,11,media,Cesar,700000,48
4867,mujer,35,16,superior,Cesar,1500000,48
4868,mujer,28,7,secundaria,Cesar,50000,4
4869,mujer,56,9,secundaria,Cesar,2800000,62
4870,mujer,38,17,superior,Cesar,2800000,48
4871,mujer,34,13,superior,Cesar,300000,20
4872,hombre,29,11,media,Cordoba,1000000,48
4873,hombre,20,11,media,Cordoba,750000,54
4874,mujer,60,3,primaria,Cordoba,400000,48
4875,mujer,22,13,superior,Cordoba,80000,16
4876,hombre,28,11,media,Cordoba,781242,48
4877,hombre,36,11,media,Cordoba,700000,48
4878,hombre,52,7,secundaria,Cordoba,330000,34
4879,hombre,27,8,secundaria,Cordoba,800000,60
4880,hombre,56,11,media,Cordoba,800000,48
4881,hombre,43,11,media,Cordoba,1200000,48
4882,hombre,55,8,secundaria,Cordoba,500000,50
4883,hombre,48,11,media,Cordoba,800000,56
4884,hombre,24,11,media,Cordoba,300000,30
4885,mujer,51,9,secundaria,Cordoba,300000,20
4886,mujer,63,5,primaria,Cordoba,1000000,72
4887,hombre,29,11,media,Cordoba,1100000,60
4888,hombre,64,19,superior,Cordoba,3000000,40
4889,hombre,34,11,media,Cordoba,1000000,48
4890,hombre,35,16,superior,Cordoba,2456000,30
4891,hombre,46,11,media,Cordoba,1400000,48
4892,mujer,60,3,primaria,Cordoba,400000,28
4893,mujer,36,16,superior,Cordoba,800000,20
4894,hombre,48,16,superior,Cordoba,1200000,48
4895,mujer,46,14,superior,Cordoba,400000,25
4896,hombre,28,13,superior,Cordoba,1000000,48
4897,mujer,36,11,media,Cordoba,2000000,30
4898,hombre,38,17,superior,Cordoba,1841372,30
4899,mujer,38,18,superior,Cordoba,2428528,30
4900,hombre,38,11,media,Cordoba,600000,46
4901,mujer,32,16,superior,Cordoba,781242,44
4902,hombre,52,3,primaria,Choco,500000,66
4903,mujer,62,0,ninguno,Choco,150000,48
4904,hombre,34,13,superior,Choco,2000000,48
4905,hombre,32,4,primaria,Choco,1200000,48
4906,hombre,22,11,media,Choco,900000,40
4907,hombre,54,2,primaria,Choco,700000,40
4908,hombre,26,10,media,Choco,1100000,48
4909,hombre,28,11,media,Choco,1300000,48
4910,mujer,27,11,media,Choco,400000,20
4911,hombre,35,11,media,Choco,900000,48
4912,mujer,33,11,superior,Choco,700000,40
4913,hombre,37,12,superior,Choco,782300,72
4914,hombre,61,8,secundaria,Choco,1200000,70
4915,mujer,21,12,superior,Choco,200000,20
4916,mujer,59,1,primaria,Choco,200000,60
4917,hombre,25,9,secundaria,Choco,1200000,56
4918,hombre,42,16,superior,Choco,3000000,48
4919,mujer,40,16,superior,Choco,2600000,40
4920,hombre,53,11,media,Choco,781242,48
4921,mujer,22,13,superior,Choco,770000,48
4922,mujer,40,17,superior,Choco,3450000,44
4923,mujer,50,12,superior,Choco,100000,15
4924,hombre,43,11,media,Choco,1800000,60
4925,hombre,31,19,superior,Choco,781242,40
4926,hombre,29,13,superior,Choco,781242,53
4927,hombre,30,20,superior,Choco,2500000,40
4928,mujer,29,11,media,Choco,400000,20
4929,hombre,30,4,primaria,Choco,900000,40
4930,mujer,37,18,superior,Choco,4000000,72
4931,hombre,39,16,superior,Choco,781242,40
4932,hombre,52,3,primaria,Huila,800000,48
4933,hombre,18,5,primaria,Huila,800000,60
4934,mujer,27,14,superior,Huila,700000,60
4935,mujer,39,11,media,Huila,150000,40
4936,hombre,33,9,secundaria,Huila,781000,60
4937,hombre,40,11,media,Huila,650000,48
4938,hombre,58,7,secundaria,Huila,850000,60
4939,hombre,47,6,secundaria,Huila,900000,48
4940,hombre,48,5,primaria,Huila,1000000,68
4941,hombre,53,5,primaria,Huila,900000,48
4942,hombre,21,13,superior,Huila,781242,48
4943,hombre,47,10,media,Huila,600000,48
4944,hombre,49,4,primaria,Huila,1200000,60
4945,mujer,33,14,superior,Huila,200000,25
4946,hombre,20,9,secundaria,Huila,800000,60
4947,mujer,59,5,primaria,Huila,300000,40
4948,hombre,43,7,secundaria,Huila,1400000,54
4949,hombre,65,5,primaria,Huila,400000,48
4950,mujer,35,9,secundaria,Huila,830000,40
4951,mujer,39,11,media,Huila,930000,50
4952,mujer,41,3,primaria,Huila,950000,48
4953,mujer,35,11,media,Huila,900000,55
4954,hombre,45,11,media,Huila,900000,48
4955,mujer,43,11,media,Huila,100000,48
4956,mujer,25,11,media,Huila,600000,48
4957,mujer,44,7,secundaria,Huila,700000,50
4958,hombre,18,11,media,Huila,880000,42
4959,hombre,49,5,primaria,Huila,800000,40
4960,hombre,37,5,primaria,La Guajira,781242,48
4961,hombre,26,7,secundaria,La Guajira,125000,48
4962,hombre,43,11,media,La Guajira,700000,84
4963,hombre,59,0,ninguno,La Guajira,30000,30
4964,mujer,56,4,primaria,La Guajira,80000,24
4965,hombre,62,5,primaria,La Guajira,200000,70
4966,mujer,64,0,ninguno,La Guajira,30000,70
4967,hombre,25,11,media,La Guajira,600000,40
4968,hombre,41,13,superior,La Guajira,2500000,48
4969,hombre,36,16,superior,La Guajira,2200000,40
4970,mujer,43,16,superior,La Guajira,2500000,40
4971,mujer,34,16,superior,La Guajira,781242,48
4972,mujer,34,16,superior,La Guajira,3000000,40
4973,hombre,36,14,superior,La Guajira,375000,40
4974,hombre,19,6,secundaria,La Guajira,1000000,60
4975,hombre,40,11,media,La Guajira,2000000,70
4976,mujer,38,11,media,La Guajira,600000,60
4977,mujer,57,9,secundaria,La Guajira,90000,70
4978,hombre,25,16,superior,La Guajira,1400000,48
4979,mujer,29,13,superior,La Guajira,2000000,50
4980,hombre,28,16,superior,La Guajira,2500000,45
4981,hombre,59,6,secundaria,La Guajira,1000000,45
4982,hombre,26,11,media,La Guajira,1300000,60
4983,hombre,40,15,superior,La Guajira,300000,48
4984,mujer,23,11,media,Magdalena,781242,48
4985,hombre,46,4,primaria,Magdalena,300000,105
4986,hombre,28,3,primaria,Magdalena,1500000,105
4987,hombre,46,13,superior,Magdalena,2400000,48
4988,mujer,60,11,media,Magdalena,840000,40
4989,hombre,28,11,media,Magdalena,1200000,48
4990,hombre,44,11,media,Magdalena,1000000,48
4991,hombre,37,11,media,Magdalena,1200000,60
4992,hombre,39,11,media,Magdalena,1800000,90
4993,mujer,31,16,superior,Magdalena,150000,12
4994,hombre,41,5,primaria,Magdalena,840000,56
4995,mujer,33,12,superior,Magdalena,781242,48
4996,hombre,23,11,media,Magdalena,1030000,54
4997,mujer,38,11,media,Magdalena,120000,40
4998,hombre,35,6,secundaria,Magdalena,800000,56
4999,mujer,31,13,superior,Magdalena,1000000,30
5000,hombre,30,13,superior,Magdalena,900000,60
5001,mujer,25,13,superior,Magdalena,500000,50
5002,hombre,33,16,superior,Magdalena,781242,48
5003,mujer,46,11,media,Magdalena,160000,25
5004,mujer,46,11,media,Magdalena,150000,10
5005,mujer,62,11,media,Magdalena,120000,56
5006,hombre,50,9,secundaria,Magdalena,120000,42
5007,hombre,48,11,media,Magdalena,1505000,48
5008,hombre,50,13,superior,Magdalena,500000,44
5009,mujer,48,11,media,Magdalena,781300,48
5010,mujer,21,11,superior,Magdalena,500000,30
5011,hombre,53,5,primaria,Magdalena,780000,40
5012,mujer,47,12,superior,Magdalena,580000,48
5013,hombre,50,10,media,Magdalena,700000,50
5014,hombre,27,14,superior,Magdalena,1000000,50
5015,mujer,47,11,media,Magdalena,400000,48
5016,mujer,21,11,media,Magdalena,850000,48
5017,hombre,56,16,superior,Magdalena,5000000,48
5018,mujer,56,16,superior,Magdalena,4000000,30
5019,mujer,35,13,superior,Magdalena,781242,48
5020,mujer,25,11,media,Magdalena,150000,30
5021,hombre,41,11,media,Magdalena,5480000,84
5022,mujer,39,11,media,Magdalena,2500000,48
5023,mujer,21,11,superior,Magdalena,150000,48
5024,hombre,36,14,superior,Magdalena,1700000,48
5025,mujer,45,16,superior,Magdalena,2500000,32
5026,hombre,42,14,superior,Magdalena,900000,24
5027,mujer,31,17,superior,Magdalena,2600000,12
5028,hombre,30,11,media,Magdalena,1300000,48
5029,mujer,29,14,superior,Magdalena,781242,48
5030,hombre,48,6,secundaria,Magdalena,900000,50
5031,hombre,19,8,secundaria,Magdalena,600000,50
5032,hombre,32,11,media,Magdalena,800000,40
5033,mujer,31,11,media,Magdalena,600000,48
5034,hombre,38,11,media,Magdalena,500000,90
5035,mujer,34,11,media,Magdalena,400000,80
5036,hombre,54,11,media,Magdalena,781242,48
5037,mujer,33,11,media,Magdalena,800000,48
5038,hombre,22,1,primaria,Magdalena,100000,30
5039,mujer,36,13,superior,Magdalena,781242,48
5040,hombre,63,11,media,Magdalena,2000000,56
5041,mujer,58,11,media,Magdalena,250000,50
5042,hombre,23,13,superior,Magdalena,900000,50
5043,hombre,54,11,media,Magdalena,1800000,45
5044,mujer,35,11,media,Magdalena,2000000,44
5045,mujer,55,14,superior,Magdalena,1400000,48
5046,hombre,37,15,superior,Magdalena,1000000,30
5047,mujer,34,16,superior,Magdalena,2400000,40
5048,hombre,33,14,superior,Magdalena,2000000,60
5049,mujer,53,11,media,Magdalena,500000,60
5050,hombre,52,11,media,Magdalena,500000,12
5051,mujer,52,11,media,Magdalena,781300,48
5052,hombre,38,11,media,Magdalena,900000,60
5053,hombre,29,11,media,Magdalena,781242,60
5054,hombre,51,5,primaria,Magdalena,781242,48
5055,mujer,59,4,primaria,Magdalena,900000,50
5056,hombre,41,11,media,Magdalena,1800000,48
5057,mujer,43,11,media,Magdalena,600000,48
5058,hombre,20,11,media,Magdalena,500000,40
5059,hombre,45,16,superior,Magdalena,1200000,40
5060,hombre,40,14,superior,Magdalena,700000,40
5061,mujer,38,14,superior,Magdalena,420000,24
5062,hombre,52,11,media,Magdalena,700000,75
5063,hombre,27,11,media,Magdalena,1500000,54
5064,mujer,41,16,superior,Magdalena,500000,30
5065,hombre,32,11,media,Magdalena,1000000,48
5066,mujer,46,8,secundaria,Magdalena,350000,14
5067,hombre,47,6,secundaria,Magdalena,781242,48
5068,hombre,19,11,media,Magdalena,781242,48
5069,mujer,25,11,media,Magdalena,781242,48
5070,hombre,23,11,media,Magdalena,781242,48
5071,mujer,32,11,media,Magdalena,100000,20
5072,hombre,50,5,primaria,Magdalena,1050000,48
5073,hombre,42,16,superior,Magdalena,1800000,30
5074,mujer,29,16,superior,Magdalena,1200000,50
5075,hombre,57,11,media,Magdalena,1800000,48
5076,hombre,40,11,media,Magdalena,800000,50
5077,hombre,32,11,media,Magdalena,1000000,48
5078,mujer,41,13,superior,Magdalena,1800000,28
5079,hombre,31,11,media,Magdalena,900000,48
5080,mujer,34,11,media,Magdalena,500000,40
5081,hombre,30,11,media,Magdalena,787500,48
5082,mujer,40,8,secundaria,Magdalena,840000,60
5083,hombre,31,7,secundaria,Magdalena,730000,40
5084,hombre,28,11,media,Magdalena,450000,50
5085,mujer,24,11,media,Magdalena,100000,56
5086,mujer,27,13,superior,Magdalena,450000,50
5087,mujer,53,7,secundaria,Magdalena,170000,40
5088,mujer,27,9,secundaria,Magdalena,350000,54
5089,mujer,26,11,media,Magdalena,620000,30
5090,hombre,31,14,superior,Magdalena,1200000,60
5091,mujer,30,13,superior,Magdalena,200000,40
5092,mujer,56,0,ninguno,Magdalena,90000,7
5093,hombre,26,13,superior,Magdalena,781242,48
5094,mujer,36,11,media,Magdalena,200000,15
5095,hombre,62,3,primaria,Magdalena,300000,50
5096,mujer,50,0,ninguno,Magdalena,50000,20
5097,hombre,52,2,primaria,Magdalena,900000,60
5098,hombre,36,6,secundaria,Magdalena,700000,48
5099,mujer,36,14,superior,Magdalena,650000,48
5100,hombre,27,15,superior,Magdalena,781300,72
5101,mujer,57,11,media,Magdalena,950000,48
5102,hombre,45,11,media,Magdalena,1100000,48
5103,hombre,37,11,media,Magdalena,850000,48
5104,mujer,62,9,secundaria,Magdalena,300000,30
5105,hombre,22,10,media,Magdalena,800000,60
5106,mujer,60,5,primaria,Magdalena,100000,24
5107,mujer,35,11,media,Magdalena,80000,20
5108,hombre,38,11,media,Magdalena,800000,60
5109,mujer,32,15,superior,Magdalena,1600000,48
5110,hombre,43,11,media,Magdalena,781300,72
5111,mujer,42,11,media,Magdalena,400000,20
5112,mujer,52,3,primaria,Magdalena,590000,48
5113,hombre,32,11,media,Magdalena,781242,54
5114,mujer,29,11,media,Magdalena,781242,48
5115,hombre,36,13,superior,Magdalena,1200000,48
5116,hombre,58,11,media,Magdalena,700000,72
5117,mujer,42,16,superior,Magdalena,700000,35
5118,hombre,24,4,primaria,Magdalena,650000,50
5119,mujer,36,14,superior,Magdalena,950000,60
5120,hombre,36,11,media,Magdalena,3300000,48
5121,mujer,38,5,primaria,Magdalena,700000,30
5122,mujer,55,14,superior,Meta,1300000,40
5123,hombre,37,8,secundaria,Meta,860000,60
5124,hombre,32,5,primaria,Meta,1200000,50
5125,hombre,44,2,primaria,Meta,1800000,50
5126,hombre,23,10,media,Meta,781200,46
5127,mujer,19,11,media,Meta,450000,35
5128,mujer,46,5,primaria,Meta,600000,30
5129,hombre,25,11,media,Meta,1120000,48
5130,hombre,65,2,primaria,Meta,800000,50
5131,hombre,52,7,secundaria,Meta,1000000,48
5132,hombre,26,11,media,Meta,800000,48
5133,mujer,23,11,media,Meta,781200,72
5134,hombre,53,16,superior,Meta,3000000,72
5135,hombre,33,11,media,Meta,2000000,90
5136,mujer,38,11,media,Meta,1000000,70
5137,hombre,53,11,media,Meta,2300000,48
5138,mujer,34,9,secundaria,Meta,800000,84
5139,mujer,39,11,media,Meta,1000000,70
5140,mujer,22,13,superior,Meta,781242,44
5141,mujer,33,11,media,Meta,871242,48
5142,mujer,43,5,primaria,Meta,1200000,93
5143,hombre,36,11,media,Meta,1280000,90
5144,mujer,29,11,media,Meta,3000000,54
5145,hombre,21,2,primaria,Meta,1141242,60
5146,hombre,58,14,superior,Meta,2000000,50
5147,mujer,54,11,media,Meta,50000,20
5148,hombre,33,11,media,Meta,781242,48
5149,hombre,21,11,media,Meta,1050000,72
5150,hombre,53,5,primaria,Meta,1500000,84
5151,mujer,42,3,primaria,Meta,300000,20
5152,hombre,27,11,media,Meta,1050000,55
5153,mujer,24,13,superior,Meta,500000,10
5154,hombre,36,16,superior,Meta,1762484,60
5155,hombre,24,11,media,Meta,785000,36
5156,hombre,51,0,ninguno,Meta,781242,44
5157,hombre,65,5,primaria,Meta,540000,50
5158,mujer,44,2,primaria,Meta,100000,35
5159,mujer,36,11,media,Meta,340000,30
5160,hombre,20,10,media,Meta,1120000,60
5161,hombre,38,11,media,Meta,900000,60
5162,mujer,39,11,media,Meta,450000,48
5163,hombre,35,18,superior,Meta,3200000,40
5164,mujer,59,5,primaria,Meta,810000,48
5165,hombre,20,8,secundaria,Meta,1100000,70
5166,hombre,41,16,superior,Meta,2000000,48
5167,mujer,40,16,superior,Meta,100000,15
5168,hombre,26,11,media,Meta,800000,70
5169,hombre,39,11,media,Meta,1000000,90
5170,mujer,57,5,primaria,Meta,700000,30
5171,hombre,27,11,media,Meta,1500000,48
5172,hombre,26,14,superior,Meta,1600000,50
5173,hombre,57,11,media,Meta,900000,66
5174,mujer,30,11,media,Meta,741242,54
5175,hombre,21,11,media,Meta,700000,48
5176,hombre,20,15,superior,Meta,790000,40
5177,mujer,19,11,superior,Meta,800000,50
5178,hombre,53,13,superior,Meta,500000,40
5179,mujer,46,16,superior,Meta,850000,40
5180,mujer,31,11,media,Meta,500000,70
5181,hombre,51,4,primaria,Meta,290000,10
5182,mujer,55,11,media,Meta,2100000,48
5183,mujer,37,15,superior,Meta,600000,48
5184,hombre,26,13,superior,Meta,1300000,48
5185,hombre,58,14,superior,Meta,1000000,30
5186,mujer,45,11,media,Narino,100000,30
5187,hombre,20,11,media,Narino,500000,36
5188,mujer,64,0,ninguno,Narino,500000,36
5189,hombre,24,9,secundaria,Narino,700000,80
5190,mujer,22,5,primaria,Narino,300000,40
5191,hombre,47,11,media,Narino,800000,44
5192,mujer,23,11,media,Narino,800000,86
5193,mujer,47,14,superior,Narino,3200000,40
5194,hombre,42,16,superior,Narino,800000,48
5195,mujer,43,14,superior,Narino,400000,15
5196,mujer,62,11,media,Narino,2000000,40
5197,hombre,33,16,superior,Narino,1500000,48
5198,mujer,36,16,superior,Narino,1500000,48
5199,mujer,49,8,secundaria,Narino,780000,48
5200,mujer,23,13,superior,Narino,800000,48
5201,hombre,27,16,superior,Narino,3400000,35
5202,mujer,42,13,superior,Narino,700000,36
5203,mujer,47,5,primaria,Narino,100000,8
5204,hombre,33,11,media,Narino,300000,24
5205,mujer,29,4,primaria,Narino,400000,48
5206,mujer,63,11,media,Narino,1280000,40
5207,hombre,39,12,superior,Narino,800000,48
5208,hombre,41,9,secundaria,Narino,200000,24
5209,hombre,56,3,primaria,Narino,350000,48
5210,mujer,46,3,primaria,Narino,500000,42
5211,mujer,24,11,media,Narino,450000,48
5212,hombre,57,8,secundaria,Narino,600000,70
5213,mujer,31,11,media,Narino,410000,24
5214,hombre,33,11,media,Narino,500000,40
5215,mujer,61,3,primaria,Narino,150000,25
5216,mujer,54,0,ninguno,Narino,300000,36
5217,hombre,20,5,primaria,Narino,200000,36
5218,hombre,44,5,primaria,Narino,190000,12
5219,mujer,30,2,primaria,Narino,700000,40
5220,hombre,34,5,primaria,Narino,500000,50
5221,hombre,57,5,primaria,Narino,1699110,72
5222,mujer,30,11,media,Narino,500000,38
5223,hombre,58,12,superior,Narino,300000,38
5224,hombre,52,3,primaria,Narino,600000,48
5225,hombre,26,11,media,Narino,350000,36
5226,mujer,42,3,primaria,Narino,200000,20
5227,mujer,23,11,media,Narino,280000,36
5228,hombre,45,5,primaria,Narino,1000000,48
5229,hombre,41,4,primaria,Narino,781242,48
5230,mujer,50,11,media,Narino,781242,48
5231,hombre,27,11,media,Narino,781242,48
5232,hombre,21,13,superior,Narino,1140000,48
5233,mujer,30,13,superior,Narino,1300000,48
5234,hombre,47,11,media,Narino,2000000,24
5235,mujer,47,18,superior,Narino,3400000,30
5236,hombre,40,5,primaria,Narino,600000,44
5237,hombre,43,8,secundaria,Narino,1000000,50
5238,mujer,41,11,media,Narino,300000,40
5239,mujer,22,11,media,Narino,100000,20
5240,hombre,45,16,superior,Narino,900000,48
5241,mujer,46,5,primaria,Narino,340000,30
5242,hombre,55,16,superior,Narino,800000,70
5243,hombre,49,16,superior,Narino,1300000,48
5244,mujer,37,11,media,Narino,806000,48
5245,hombre,62,11,media,Narino,1300000,48
5246,mujer,33,18,superior,Narino,4200000,48
5247,mujer,38,16,superior,Narino,1200000,48
5248,mujer,31,16,superior,Narino,1200000,48
5249,mujer,27,16,superior,Narino,500000,35
5250,mujer,54,17,superior,Narino,2000000,36
5251,hombre,50,16,superior,Narino,6000000,36
5252,mujer,54,18,superior,Narino,3600000,36
5253,mujer,42,21,superior,Narino,20000000,86
5254,mujer,52,16,superior,Narino,3000000,40
5255,hombre,40,2,primaria,N. de Santander,400000,40
5256,hombre,33,16,superior,N. de Santander,600000,40
5257,mujer,31,14,superior,N. de Santander,911242,48
5258,hombre,42,3,primaria,N. de Santander,1500000,50
5259,mujer,25,11,media,N. de Santander,800000,15
5260,hombre,29,11,media,N. de Santander,400000,40
5261,hombre,37,8,secundaria,N. de Santander,400000,50
5262,mujer,26,11,media,N. de Santander,781242,48
5263,hombre,29,7,secundaria,N. de Santander,780000,60
5264,hombre,26,11,media,N. de Santander,860000,50
5265,mujer,56,0,ninguno,N. de Santander,180000,15
5266,hombre,29,8,secundaria,N. de Santander,1500000,48
5267,mujer,19,11,media,N. de Santander,500000,48
5268,mujer,35,5,primaria,N. de Santander,400000,48
5269,hombre,44,5,primaria,N. de Santander,500000,66
5270,hombre,42,9,secundaria,N. de Santander,781242,48
5271,mujer,35,8,secundaria,N. de Santander,520000,35
5272,hombre,62,5,primaria,N. de Santander,600000,55
5273,mujer,29,11,media,N. de Santander,900000,72
5274,hombre,26,11,media,N. de Santander,900000,54
5275,mujer,47,1,primaria,N. de Santander,180000,30
5276,hombre,55,3,primaria,N. de Santander,560000,55
5277,mujer,43,5,primaria,N. de Santander,120000,40
5278,hombre,54,3,primaria,N. de Santander,300000,70
5279,hombre,47,11,media,N. de Santander,800000,50
5280,mujer,48,11,media,N. de Santander,400000,70
5281,mujer,26,16,superior,N. de Santander,2600000,48
5282,hombre,38,11,media,N. de Santander,781242,48
5283,mujer,59,7,secundaria,N. de Santander,1000000,60
5284,mujer,35,11,media,N. de Santander,150000,20
5285,hombre,42,11,media,N. de Santander,1150000,54
5286,hombre,42,11,media,N. de Santander,400000,56
5287,hombre,33,11,media,N. de Santander,800000,56
5288,mujer,28,11,media,N. de Santander,600000,45
5289,mujer,49,13,superior,N. de Santander,400000,40
5290,mujer,22,13,superior,N. de Santander,400000,40
5291,mujer,22,11,media,N. de Santander,400000,25
5292,hombre,29,0,ninguno,N. de Santander,800000,60
5293,hombre,59,0,ninguno,N. de Santander,400000,21
5294,hombre,36,11,media,N. de Santander,781242,48
5295,mujer,36,13,superior,N. de Santander,781242,60
5296,hombre,51,5,primaria,N. de Santander,1100000,48
5297,hombre,65,0,ninguno,N. de Santander,120000,12
5298,hombre,39,11,media,N. de Santander,929242,48
5299,hombre,65,8,secundaria,N. de Santander,1200000,50
5300,hombre,36,11,media,N. de Santander,700000,60
5301,mujer,32,5,primaria,N. de Santander,500000,48
5302,mujer,60,4,primaria,N. de Santander,420000,66
5303,mujer,24,11,media,N. de Santander,781242,40
5304,mujer,45,11,media,N. de Santander,90000,4
5305,hombre,59,4,primaria,N. de Santander,400000,54
5306,hombre,48,11,media,N. de Santander,800000,72
5307,mujer,43,6,secundaria,N. de Santander,320000,50
5308,hombre,34,11,media,N. de Santander,650000,72
5309,hombre,47,7,secundaria,N. de Santander,800000,60
5310,hombre,30,8,secundaria,N. de Santander,900000,50
5311,hombre,45,16,superior,N. de Santander,3000000,48
5312,hombre,47,11,media,N. de Santander,1200000,60
5313,hombre,24,11,media,N. de Santander,1200000,60
5314,mujer,39,11,media,N. de Santander,400000,44
5315,mujer,34,8,secundaria,N. de Santander,781242,48
5316,hombre,44,11,media,N. de Santander,400000,50
5317,mujer,37,14,superior,N. de Santander,900000,44
5318,hombre,35,21,superior,Quindio,5000000,40
5319,hombre,57,14,superior,Quindio,1000000,54
5320,hombre,31,16,superior,Quindio,2000000,48
5321,mujer,32,16,superior,Quindio,1000000,50
5322,mujer,50,11,media,Quindio,750000,30
5323,hombre,56,11,media,Quindio,782000,45
5324,mujer,25,16,superior,Quindio,400000,4
5325,hombre,27,11,media,Quindio,782000,54
5326,hombre,31,13,superior,Quindio,1200000,108
5327,mujer,30,16,superior,Quindio,1200000,108
5328,mujer,30,14,superior,Quindio,1300000,48
5329,hombre,32,11,media,Quindio,781242,60
5330,mujer,30,13,superior,Quindio,781242,48
5331,mujer,47,2,primaria,Quindio,384000,24
5332,mujer,64,5,primaria,Quindio,520000,30
5333,hombre,37,5,primaria,Quindio,781242,48
5334,mujer,40,7,secundaria,Quindio,781242,50
5335,mujer,22,13,superior,Quindio,25000,40
5336,hombre,42,11,media,Quindio,781242,48
5337,mujer,25,11,media,Quindio,400000,40
5338,hombre,40,11,media,Quindio,1200000,60
5339,mujer,47,16,superior,Quindio,3000000,30
5340,mujer,41,11,media,Quindio,781242,40
5341,hombre,21,11,superior,Quindio,950000,24
5342,hombre,57,5,primaria,Quindio,800000,36
5343,mujer,53,8,secundaria,Quindio,500000,60
5344,hombre,32,11,media,Quindio,1200000,48
5345,mujer,26,14,superior,Quindio,782000,40
5346,hombre,22,11,media,Quindio,1000000,77
5347,hombre,33,16,superior,Quindio,1500000,30
5348,mujer,33,5,primaria,Quindio,900000,54
5349,mujer,57,3,primaria,Quindio,60000,20
5350,hombre,44,9,secundaria,Quindio,700000,95
5351,hombre,62,5,primaria,Quindio,950000,72
5352,hombre,59,4,primaria,Quindio,500000,110
5353,mujer,51,5,primaria,Quindio,480000,60
5354,mujer,26,11,media,Quindio,450000,20
5355,mujer,24,11,media,Quindio,200000,20
5356,hombre,19,9,secundaria,Quindio,350000,50
5357,mujer,59,3,primaria,Quindio,300000,60
5358,hombre,40,6,secundaria,Quindio,900000,95
5359,hombre,42,11,media,Quindio,2200000,55
5360,hombre,45,11,media,Quindio,3000000,70
5361,mujer,43,11,media,Quindio,920000,55
5362,mujer,41,11,media,Quindio,500000,50
5363,hombre,58,13,superior,Quindio,2000000,48
5364,mujer,27,16,superior,Quindio,1120000,72
5365,mujer,43,11,media,Quindio,700000,40
5366,hombre,37,5,primaria,Quindio,781242,70
5367,mujer,31,9,secundaria,Quindio,300000,20
5368,mujer,41,9,secundaria,Quindio,270000,35
5369,hombre,43,4,primaria,Quindio,1000000,60
5370,hombre,36,14,superior,Quindio,2000000,72
5371,hombre,43,11,media,Quindio,700000,40
5372,mujer,38,11,media,Quindio,800000,48
5373,hombre,63,15,superior,Quindio,1000000,40
5374,mujer,43,13,superior,Quindio,980000,45
5375,mujer,38,11,media,Quindio,981242,48
5376,hombre,47,3,primaria,Quindio,240000,40
5377,hombre,45,13,superior,Quindio,781242,48
5378,hombre,26,11,media,Quindio,1200000,60
5379,mujer,25,11,media,Quindio,400000,25
5380,mujer,65,16,superior,Quindio,8000000,60
5381,mujer,59,4,primaria,Quindio,50000,20
5382,mujer,42,11,media,Quindio,200000,40
5383,mujer,27,11,media,Quindio,490000,40
5384,hombre,31,14,superior,Quindio,3500000,60
5385,mujer,28,16,superior,Quindio,1500000,3
5386,hombre,33,16,superior,Quindio,5800000,36
5387,mujer,31,15,superior,Quindio,4500000,40
5388,hombre,32,14,superior,Quindio,900000,54
5389,hombre,40,8,secundaria,Quindio,1000000,60
5390,hombre,54,5,primaria,Quindio,781000,60
5391,hombre,55,11,media,Quindio,900000,48
5392,hombre,21,13,superior,Quindio,100000,40
5393,mujer,25,13,superior,Quindio,781242,48
5394,hombre,26,6,secundaria,Quindio,781242,60
5395,mujer,49,14,superior,Quindio,781242,45
5396,mujer,48,16,superior,Quindio,800000,48
5397,hombre,34,6,secundaria,Quindio,1000000,72
5398,mujer,47,7,secundaria,Risaralda,120000,8
5399,mujer,18,12,superior,Risaralda,800000,48
5400,mujer,23,11,media,Risaralda,250000,20
5401,hombre,28,11,media,Risaralda,900000,72
5402,hombre,62,10,media,Risaralda,300000,40
5403,mujer,58,4,primaria,Risaralda,300000,36
5404,hombre,52,16,superior,Risaralda,3000000,48
5405,mujer,48,11,media,Risaralda,100000,24
5406,mujer,27,11,media,Risaralda,781242,40
5407,hombre,20,11,media,Risaralda,700000,48
5408,hombre,27,14,superior,Risaralda,200000,48
5409,mujer,30,15,superior,Risaralda,100000,20
5410,mujer,57,5,primaria,Risaralda,50000,80
5411,mujer,50,12,superior,Risaralda,900000,48
5412,hombre,50,11,media,Risaralda,1200000,72
5413,mujer,37,11,media,Risaralda,781242,60
5414,mujer,35,11,media,Risaralda,781242,60
5415,mujer,43,16,superior,Risaralda,3500000,48
5416,hombre,26,8,secundaria,Risaralda,781242,48
5417,mujer,54,5,primaria,Risaralda,720000,72
5418,hombre,53,0,ninguno,Risaralda,1000000,50
5419,mujer,54,5,primaria,Risaralda,100000,12
5420,hombre,20,11,media,Risaralda,1000000,80
5421,hombre,41,9,secundaria,Risaralda,781242,48
5422,mujer,44,5,primaria,Risaralda,500000,40
5423,mujer,26,11,media,Risaralda,800000,48
5424,hombre,24,5,primaria,Risaralda,360000,45
5425,mujer,18,9,secundaria,Risaralda,100000,60
5426,mujer,53,5,primaria,Risaralda,500000,48
5427,mujer,28,11,media,Risaralda,781500,48
5428,hombre,21,13,superior,Risaralda,781242,48
5429,hombre,54,11,media,Risaralda,2567000,60
5430,mujer,28,11,media,Risaralda,781242,48
5431,mujer,19,11,superior,Risaralda,781242,54
5432,hombre,33,19,superior,Risaralda,4000000,48
5433,hombre,52,2,primaria,Risaralda,100000,48
5434,mujer,52,20,superior,Risaralda,3000000,40
5435,mujer,46,14,superior,Risaralda,1300000,40
5436,mujer,48,11,media,Risaralda,800000,35
5437,mujer,53,3,primaria,Risaralda,900000,40
5438,hombre,44,13,superior,Risaralda,781242,48
5439,hombre,24,7,secundaria,Risaralda,781242,48
5440,mujer,31,10,media,Risaralda,400000,42
5441,hombre,35,4,primaria,Risaralda,600000,60
5442,mujer,60,4,primaria,Risaralda,900000,96
5443,hombre,41,11,media,Risaralda,1200000,60
5444,mujer,37,11,media,Risaralda,450000,40
5445,mujer,19,11,media,Risaralda,781242,48
5446,mujer,52,7,secundaria,Risaralda,781242,48
5447,hombre,32,8,secundaria,Risaralda,400000,70
5448,hombre,62,5,primaria,Risaralda,1200000,90
5449,hombre,61,11,media,Risaralda,400000,45
5450,mujer,46,11,media,Risaralda,781242,48
5451,hombre,25,15,superior,Risaralda,150000,6
5452,mujer,23,11,media,Risaralda,1050000,60
5453,mujer,50,9,secundaria,Risaralda,781242,60
5454,mujer,40,12,superior,Risaralda,590600,40
5455,hombre,27,11,media,Risaralda,950000,48
5456,hombre,28,13,superior,Risaralda,1200000,48
5457,mujer,27,7,secundaria,Risaralda,600000,40
5458,mujer,61,3,primaria,Risaralda,250000,35
5459,hombre,42,11,media,Risaralda,850000,45
5460,hombre,38,20,superior,Risaralda,4000000,45
5461,mujer,33,16,superior,Risaralda,3000000,48
5462,hombre,26,11,media,Risaralda,781242,66
5463,hombre,60,17,superior,Santander,600000,50
5464,hombre,30,16,superior,Santander,1241000,48
5465,hombre,33,16,superior,Santander,2000000,50
5466,mujer,31,14,superior,Santander,1200000,56
5467,mujer,53,3,primaria,Santander,100000,10
5468,hombre,26,11,media,Santander,1200000,56
5469,hombre,52,5,primaria,Santander,400000,16
5470,mujer,61,5,primaria,Santander,300000,28
5471,hombre,40,11,media,Santander,950000,48
5472,hombre,31,7,secundaria,Santander,1600000,72
5473,hombre,40,11,media,Santander,1000000,50
5474,mujer,41,11,media,Santander,70000,10
5475,hombre,47,5,primaria,Santander,781200,72
5476,mujer,19,12,superior,Santander,1300000,45
5477,hombre,48,16,superior,Santander,2740000,34
5478,hombre,28,17,superior,Santander,2800000,45
5479,mujer,28,17,superior,Santander,1750000,45
5480,hombre,26,7,secundaria,Santander,4000000,48
5481,hombre,59,11,media,Santander,8000000,40
5482,hombre,49,11,media,Santander,300000,48
5483,mujer,29,14,superior,Santander,900000,48
5484,hombre,34,8,secundaria,Santander,480000,82
5485,mujer,30,11,media,Santander,1800000,52
5486,hombre,37,5,primaria,Santander,700000,72
5487,mujer,26,5,primaria,Santander,500000,48
5488,hombre,28,9,secundaria,Santander,900000,50
5489,mujer,20,13,superior,Santander,980000,48
5490,mujer,28,14,superior,Santander,800000,48
5491,hombre,31,11,media,Santander,750000,30
5492,mujer,32,3,primaria,Santander,902000,72
5493,hombre,53,5,primaria,Santander,1000000,72
5494,hombre,43,6,secundaria,Santander,1200000,48
5495,mujer,40,5,primaria,Santander,580000,36
5496,hombre,25,13,superior,Santander,780000,40
5497,mujer,40,13,superior,Santander,781200,44
5498,mujer,64,0,ninguno,Santander,160000,24
5499,hombre,39,11,media,Santander,1260000,25
5500,mujer,35,11,media,Santander,1000000,25
5501,hombre,24,11,media,Santander,700000,24
5502,mujer,23,11,media,Santander,350000,50
5503,hombre,26,11,media,Santander,400000,40
5504,hombre,57,4,primaria,Santander,1000000,20
5505,mujer,40,2,primaria,Santander,981200,56
5506,hombre,26,9,secundaria,Santander,900000,72
5507,hombre,21,11,media,Santander,1000000,50
5508,hombre,40,11,media,Santander,700000,60
5509,mujer,25,11,media,Santander,600000,79
5510,hombre,23,11,media,Santander,700000,60
5511,mujer,42,11,media,Santander,890000,60
5512,mujer,36,17,superior,Santander,3000000,30
5513,mujer,29,17,superior,Santander,3000000,40
5514,hombre,52,16,superior,Santander,781200,45
5515,mujer,47,14,superior,Santander,1300000,70
5516,hombre,49,5,primaria,Santander,781200,48
5517,mujer,46,14,superior,Santander,781200,40
5518,mujer,51,11,media,Santander,1088000,54
5519,hombre,38,5,primaria,Santander,350000,36
5520,mujer,37,11,media,Santander,600000,40
5521,hombre,25,11,media,Santander,900000,72
5522,mujer,52,8,secundaria,Santander,2300000,40
5523,hombre,46,11,media,Santander,1500000,52
5524,mujer,54,5,primaria,Santander,800000,48
5525,mujer,60,9,secundaria,Santander,700000,48
5526,hombre,27,11,media,Santander,500000,40
5527,mujer,39,18,superior,Santander,3200000,30
5528,hombre,43,16,superior,Santander,1000000,48
5529,hombre,41,5,primaria,Santander,550000,30
5530,hombre,38,11,media,Santander,450000,49
5531,hombre,63,7,secundaria,Sucre,600000,50
5532,mujer,58,7,secundaria,Sucre,300000,24
5533,mujer,38,19,superior,Sucre,3700000,40
5534,hombre,39,14,superior,Sucre,700000,60
5535,mujer,58,13,superior,Sucre,781242,40
5536,mujer,53,11,media,Sucre,300000,42
5537,hombre,56,11,media,Sucre,781242,48
5538,hombre,27,16,superior,Sucre,1200000,48
5539,mujer,25,16,superior,Sucre,1250000,48
5540,hombre,34,12,superior,Sucre,781242,48
5541,mujer,37,17,superior,Sucre,1500000,60
5542,mujer,48,11,media,Sucre,781242,48
5543,hombre,53,11,media,Sucre,980000,48
5544,mujer,51,11,media,Sucre,500000,28
5545,mujer,36,16,superior,Sucre,400000,42
5546,hombre,50,5,primaria,Sucre,400000,40
5547,mujer,53,0,ninguno,Sucre,450000,40
5548,hombre,21,4,primaria,Sucre,300000,30
5549,hombre,35,11,media,Sucre,800000,50
5550,mujer,33,3,primaria,Sucre,600000,42
5551,mujer,46,17,superior,Sucre,3600000,30
5552,hombre,30,13,superior,Sucre,1100000,48
5553,mujer,57,5,primaria,Sucre,100000,20
5554,hombre,31,11,media,Sucre,600000,42
5555,hombre,21,11,media,Sucre,500000,48
5556,hombre,48,13,superior,Sucre,100000,48
5557,hombre,31,13,superior,Sucre,500000,48
5558,hombre,38,11,media,Tolima,1700000,72
5559,mujer,34,11,media,Tolima,150000,15
5560,hombre,58,11,media,Tolima,1300000,48
5561,hombre,27,13,superior,Tolima,1300000,48
5562,mujer,23,15,superior,Tolima,300000,15
5563,mujer,37,5,primaria,Tolima,1260000,60
5564,mujer,51,7,secundaria,Tolima,841242,48
5565,mujer,54,11,media,Tolima,250000,40
5566,hombre,24,14,superior,Tolima,450000,20
5567,mujer,50,16,superior,Tolima,2300000,48
5568,hombre,22,11,media,Tolima,1000000,48
5569,mujer,21,13,superior,Tolima,800000,48
5570,hombre,51,11,media,Tolima,900000,50
5571,mujer,24,15,superior,Tolima,900000,48
5572,hombre,38,16,superior,Tolima,2000000,48
5573,hombre,55,6,secundaria,Tolima,900000,50
5574,mujer,47,5,primaria,Tolima,280000,84
5575,hombre,21,12,superior,Tolima,781242,48
5576,mujer,29,11,media,Tolima,1050000,70
5577,hombre,26,5,primaria,Tolima,2000000,48
5578,mujer,40,5,primaria,Tolima,300000,70
5579,mujer,26,13,superior,Tolima,781242,48
5580,hombre,64,5,primaria,Tolima,2000000,60
5581,hombre,49,5,primaria,Tolima,900000,60
5582,hombre,33,11,media,Tolima,1060000,60
5583,hombre,48,17,superior,Tolima,600000,3
5584,mujer,38,14,superior,Tolima,1000000,48
5585,mujer,26,14,superior,Tolima,900000,40
5586,mujer,43,12,superior,Tolima,1300000,48
5587,hombre,56,19,superior,Tolima,6051000,30
5588,mujer,36,5,primaria,Tolima,900000,48
5589,hombre,31,15,superior,Tolima,2300000,70
5590,mujer,29,17,superior,Tolima,2600000,48
5591,mujer,32,17,superior,Tolima,1730000,40
5592,hombre,42,11,media,Tolima,850000,84
5593,mujer,28,13,superior,Tolima,1100000,72
5594,hombre,38,5,primaria,Tolima,1200000,60
5595,mujer,45,16,superior,Tolima,2300000,48
5596,hombre,49,18,superior,Tolima,1900000,20
5597,mujer,60,18,superior,Tolima,3865000,30
5598,hombre,52,11,media,Tolima,5000000,60
5599,hombre,48,14,superior,Tolima,2000000,48
5600,mujer,24,16,superior,Tolima,781242,48
5601,mujer,30,15,superior,Tolima,600000,40
5602,hombre,45,16,superior,Tolima,3000000,48
5603,hombre,58,5,primaria,Tolima,1400000,60
5604,hombre,50,8,secundaria,Tolima,781242,48
5605,hombre,20,14,superior,Tolima,781242,48
5606,mujer,58,0,ninguno,Tolima,300000,72
5607,hombre,58,19,superior,Valle del Cauca,3500000,72
5608,mujer,41,17,superior,Valle del Cauca,2500000,48
5609,mujer,43,14,superior,Valle del Cauca,1500000,48
5610,hombre,23,15,superior,Valle del Cauca,50000,12
5611,hombre,57,11,media,Valle del Cauca,2000000,84
5612,mujer,54,18,superior,Valle del Cauca,2300000,40
5613,mujer,36,13,superior,Valle del Cauca,1101242,48
5614,mujer,59,11,media,Valle del Cauca,940000,49
5615,hombre,34,15,superior,Valle del Cauca,1700000,43
5616,mujer,25,16,superior,Valle del Cauca,700000,21
5617,hombre,45,14,superior,Valle del Cauca,200000,20
5618,hombre,32,19,superior,Valle del Cauca,4350000,40
5619,mujer,34,14,superior,Valle del Cauca,781242,48
5620,mujer,59,11,media,Valle del Cauca,120000,5
5621,hombre,43,8,secundaria,Valle del Cauca,1200000,60
5622,mujer,63,9,secundaria,Valle del Cauca,1400000,70
5623,hombre,60,12,superior,Valle del Cauca,1300000,30
5624,mujer,59,19,superior,Valle del Cauca,3200000,40
5625,hombre,33,11,media,Valle del Cauca,500000,51
5626,hombre,41,11,media,Valle del Cauca,600000,54
5627,mujer,30,15,superior,Valle del Cauca,1353000,46
5628,mujer,25,14,superior,Valle del Cauca,1000000,48
5629,mujer,23,11,superior,Valle del Cauca,781242,48
5630,mujer,60,5,primaria,Valle del Cauca,300000,35
5631,mujer,53,13,superior,Valle del Cauca,920000,40
5632,hombre,24,16,superior,Valle del Cauca,1400000,60
5633,mujer,31,16,superior,Valle del Cauca,781242,44
5634,hombre,27,14,superior,Valle del Cauca,1810000,40
5635,hombre,20,11,media,Valle del Cauca,600000,54
5636,mujer,32,4,primaria,Valle del Cauca,300000,40
5637,mujer,25,11,media,Valle del Cauca,800000,42
5638,mujer,52,11,media,Valle del Cauca,200000,40
5639,mujer,23,14,superior,Valle del Cauca,781242,48
5640,mujer,21,4,primaria,Valle del Cauca,500000,50
5641,mujer,34,3,primaria,Valle del Cauca,168000,40
5642,hombre,51,11,media,Valle del Cauca,1100000,72
5643,mujer,23,13,superior,Valle del Cauca,934000,48
5644,mujer,34,16,superior,Valle del Cauca,861000,48
5645,mujer,33,2,primaria,Valle del Cauca,1021242,55
5646,hombre,46,16,superior,Valle del Cauca,500000,32
5647,mujer,34,11,media,Valle del Cauca,1000000,48
5648,hombre,45,11,media,Valle del Cauca,1200000,48
5649,hombre,50,5,primaria,Valle del Cauca,900000,54
5650,hombre,22,11,media,Valle del Cauca,1200000,42
5651,hombre,22,11,superior,Valle del Cauca,895000,48
5652,hombre,24,11,media,Valle del Cauca,2500000,49
5653,hombre,60,7,secundaria,Valle del Cauca,1100000,48
5654,mujer,46,11,media,Valle del Cauca,781242,48
5655,hombre,56,11,media,Valle del Cauca,3350000,48
5656,hombre,45,5,primaria,Valle del Cauca,781242,60
5657,hombre,35,11,media,Valle del Cauca,1200000,72
5658,hombre,28,11,media,Valle del Cauca,1000000,48
5659,hombre,28,11,media,Valle del Cauca,900000,49
5660,mujer,28,13,superior,Valle del Cauca,800000,54
5661,hombre,31,23,superior,Valle del Cauca,6200000,30
5662,mujer,47,19,superior,Valle del Cauca,1800000,40
5663,mujer,24,15,superior,Valle del Cauca,950000,48
5664,mujer,30,11,superior,Valle del Cauca,1200000,45
5665,mujer,56,3,primaria,Valle del Cauca,120000,20
5666,hombre,46,16,superior,Antioquia,5500000,84
5667,hombre,56,13,superior,Antioquia,1080000,48
5668,hombre,39,16,superior,Antioquia,2000000,40
5669,mujer,54,7,secundaria,Antioquia,400000,60
5670,hombre,40,12,superior,Antioquia,1350000,48
5671,mujer,39,11,media,Antioquia,25000,5
5672,mujer,54,5,primaria,Antioquia,800000,50
5673,hombre,52,7,secundaria,Antioquia,800000,52
5674,mujer,65,8,secundaria,Antioquia,144000,24
5675,hombre,43,11,media,Antioquia,781242,48
5676,hombre,35,15,superior,Antioquia,1300000,48
5677,hombre,42,11,media,Antioquia,781242,48
5678,mujer,31,11,media,Antioquia,781242,48
5679,hombre,35,18,superior,Antioquia,11000000,60
5680,mujer,36,17,superior,Antioquia,4000000,24
5681,mujer,20,11,media,Antioquia,1320000,50
5682,hombre,47,5,primaria,Antioquia,781242,48
5683,hombre,48,5,primaria,Antioquia,1000000,48
5684,mujer,48,11,media,Antioquia,1200000,48
5685,hombre,53,7,secundaria,Antioquia,1200000,48
5686,mujer,22,13,superior,Antioquia,400000,32
5687,hombre,22,11,media,Antioquia,800000,54
5688,mujer,58,19,superior,Antioquia,1300000,16
5689,mujer,38,16,superior,Antioquia,8000000,20
5690,hombre,24,14,superior,Antioquia,781242,48
5691,hombre,22,14,superior,Antioquia,300000,40
5692,hombre,50,17,superior,Antioquia,1600000,48
5693,mujer,44,11,media,Antioquia,230000,72
5694,hombre,50,14,superior,Antioquia,2100000,48
5695,hombre,43,7,secundaria,Antioquia,1000000,50
5696,hombre,18,11,media,Antioquia,300000,48
5697,hombre,39,7,secundaria,Antioquia,300000,24
5698,mujer,22,11,media,Antioquia,781242,30
5699,hombre,21,11,media,Antioquia,1000000,48
5700,hombre,24,9,secundaria,Antioquia,898000,48
5701,hombre,59,2,primaria,Antioquia,781242,48
5702,mujer,27,17,superior,Antioquia,2820000,40
5703,mujer,42,11,media,Antioquia,1200000,60
5704,hombre,27,11,media,Antioquia,2000000,105
5705,mujer,31,15,superior,Antioquia,1024000,48
5706,hombre,32,11,media,Antioquia,920000,60
5707,hombre,38,7,secundaria,Antioquia,400000,50
5708,mujer,38,11,media,Antioquia,1250000,48
5709,mujer,37,11,media,Antioquia,781242,48
5710,hombre,43,11,media,Antioquia,1300000,48
5711,mujer,48,7,secundaria,Antioquia,180000,56
5712,hombre,39,11,media,Antioquia,1000000,70
5713,mujer,35,15,superior,Antioquia,1243000,48
5714,mujer,60,11,media,Antioquia,781242,48
5715,hombre,58,13,superior,Antioquia,3500000,48
5716,mujer,26,16,superior,Antioquia,2300000,48
5717,mujer,25,16,superior,Antioquia,1416000,48
5718,hombre,22,15,superior,Antioquia,1526000,48
5719,hombre,57,2,primaria,Antioquia,900000,48
5720,mujer,52,11,media,Antioquia,20000,20
5721,hombre,46,5,primaria,Antioquia,781242,60
5722,mujer,43,5,primaria,Antioquia,800000,40
5723,hombre,23,10,media,Antioquia,1000000,50
5724,hombre,44,9,secundaria,Antioquia,1500000,58
5725,mujer,28,11,media,Antioquia,1000000,30
5726,mujer,22,13,superior,Antioquia,800000,50
5727,hombre,32,11,media,Antioquia,800000,90
5728,hombre,29,11,media,Antioquia,900000,48
5729,hombre,27,11,media,Antioquia,781242,48
5730,mujer,24,13,superior,Antioquia,781242,48
5731,hombre,55,4,primaria,Antioquia,4000000,87
5732,mujer,32,16,superior,Antioquia,781242,48
5733,mujer,25,16,superior,Antioquia,781242,48
5734,mujer,29,11,media,Antioquia,1000000,48
5735,hombre,31,11,media,Antioquia,781242,48
5736,mujer,27,13,superior,Antioquia,2600000,44
5737,mujer,32,5,primaria,Antioquia,1400000,84
5738,hombre,52,11,media,Antioquia,1081242,48
5739,mujer,52,11,media,Antioquia,4000000,70
5740,hombre,26,6,secundaria,Antioquia,1600000,60
5741,hombre,60,11,media,Antioquia,1556000,48
5742,hombre,40,11,media,Antioquia,781242,48
5743,mujer,40,11,media,Antioquia,800000,55
5744,hombre,21,11,media,Antioquia,781242,48
5745,mujer,55,3,primaria,Antioquia,200000,60
5746,hombre,57,8,secundaria,Antioquia,500000,36
5747,mujer,28,13,superior,Antioquia,781242,48
5748,hombre,41,13,superior,Antioquia,800000,60
5749,hombre,42,8,secundaria,Antioquia,100000,20
5750,mujer,51,5,primaria,Antioquia,781242,48
5751,mujer,40,11,media,Antioquia,100000,10
5752,hombre,51,8,secundaria,Antioquia,1000000,70
5753,hombre,28,11,media,Antioquia,1270000,48
5754,hombre,60,7,secundaria,Antioquia,781242,48
5755,hombre,36,5,secundaria,Antioquia,781242,48
5756,mujer,33,11,media,Antioquia,1101242,48
5757,hombre,21,11,media,Antioquia,781200,48
5758,mujer,47,7,secundaria,Antioquia,2300000,48
5759,mujer,21,11,media,Antioquia,1800000,48
5760,mujer,49,5,primaria,Antioquia,800000,45
5761,hombre,22,11,media,Antioquia,781242,48
5762,mujer,51,5,primaria,Antioquia,300000,48
5763,hombre,53,8,secundaria,Antioquia,1200000,48
5764,hombre,30,13,superior,Antioquia,1100000,48
5765,hombre,49,9,secundaria,Antioquia,600000,48
5766,hombre,28,8,secundaria,Antioquia,350000,16
5767,hombre,29,11,media,Antioquia,1300000,70
5768,hombre,36,7,secundaria,Antioquia,1250000,50
5769,hombre,35,11,media,Antioquia,975000,48
5770,mujer,47,14,superior,Antioquia,2800000,60
5771,hombre,58,5,primaria,Antioquia,781242,48
5772,mujer,28,14,superior,Antioquia,2000000,60
5773,mujer,59,5,primaria,Antioquia,240000,36
5774,hombre,51,6,secundaria,Antioquia,800000,48
5775,hombre,28,11,media,Antioquia,700000,48
5776,hombre,37,14,superior,Antioquia,1400000,48
5777,hombre,27,5,primaria,Antioquia,781242,48
5778,hombre,53,3,primaria,Antioquia,1200000,45
5779,hombre,25,11,media,Antioquia,781242,56
5780,hombre,22,9,secundaria,Antioquia,960000,48
5781,hombre,25,10,media,Antioquia,781242,48
5782,mujer,22,11,superior,Antioquia,1200000,48
5783,mujer,55,8,secundaria,Antioquia,60000,12
5784,mujer,28,11,media,Antioquia,900000,48
5785,hombre,29,5,primaria,Antioquia,200000,14
5786,hombre,29,14,superior,Antioquia,2000000,40
5787,mujer,27,11,media,Antioquia,781200,60
5788,hombre,39,11,media,Antioquia,1200000,48
5789,mujer,45,11,media,Antioquia,100000,3
5790,hombre,51,5,primaria,Antioquia,1200000,72
5791,hombre,18,10,media,Antioquia,800000,60
5792,mujer,38,16,superior,Antioquia,2589000,40
5793,hombre,36,16,superior,Antioquia,3200000,45
5794,mujer,39,18,superior,Antioquia,3700000,48
5795,mujer,46,11,media,Antioquia,781242,48
5796,hombre,21,14,superior,Antioquia,1000000,56
5797,hombre,55,11,media,Antioquia,920000,48
5798,hombre,25,11,media,Antioquia,500000,40
5799,hombre,59,11,media,Antioquia,400000,40
5800,hombre,51,13,superior,Antioquia,781242,48
5801,hombre,61,11,media,Antioquia,800000,48
5802,hombre,29,17,superior,Antioquia,3200000,40
5803,mujer,30,21,superior,Antioquia,3000000,40
5804,hombre,50,6,secundaria,Atlantico,1000000,60
5805,mujer,50,14,superior,Atlantico,3000000,48
5806,mujer,22,14,superior,Atlantico,850000,48
5807,mujer,54,16,superior,Atlantico,1000000,16
5808,hombre,49,11,media,Atlantico,1400000,48
5809,mujer,54,11,media,Atlantico,953000,48
5810,hombre,26,16,superior,Atlantico,1500000,55
5811,hombre,53,6,secundaria,Atlantico,900000,84
5812,mujer,56,6,secundaria,Atlantico,600000,48
5813,mujer,32,16,superior,Atlantico,140000,36
5814,hombre,39,13,superior,Atlantico,120000,60
5815,hombre,45,16,superior,Atlantico,950000,48
5816,hombre,46,11,media,Atlantico,800000,48
5817,hombre,63,17,superior,Atlantico,3000000,40
5818,mujer,62,16,superior,Atlantico,1700000,40
5819,hombre,58,5,primaria,Atlantico,1200000,72
5820,mujer,54,11,media,Atlantico,500000,40
5821,hombre,62,4,primaria,Atlantico,800000,40
5822,hombre,32,16,superior,Atlantico,2300000,30
5823,hombre,30,11,media,Atlantico,821116,60
5824,mujer,53,13,superior,Atlantico,1500000,48
5825,mujer,24,14,superior,Atlantico,1100000,60
5826,hombre,26,13,superior,Atlantico,800000,48
5827,mujer,29,13,superior,Atlantico,781242,48
5828,mujer,63,9,secundaria,Atlantico,1200000,60
5829,mujer,29,11,media,Atlantico,781000,48
5830,mujer,24,11,media,Atlantico,240000,20
5831,mujer,50,16,superior,Atlantico,2888878,40
5832,mujer,23,15,superior,Atlantico,396000,40
5833,hombre,28,16,superior,Atlantico,5000000,48
5834,mujer,27,16,superior,Atlantico,2400000,40
5835,mujer,27,16,superior,Atlantico,5000000,60
5836,mujer,28,16,superior,Atlantico,1500000,48
5837,hombre,54,18,superior,Atlantico,5000000,48
5838,mujer,52,16,superior,Atlantico,5200000,48
5839,mujer,32,16,superior,Atlantico,3500000,48
5840,hombre,42,16,superior,Atlantico,2000000,48
5841,mujer,35,16,superior,Atlantico,1000000,25
5842,hombre,49,16,superior,Atlantico,1700000,40
5843,mujer,47,16,superior,Atlantico,1400000,40
5844,mujer,40,11,media,Atlantico,1500000,40
5845,hombre,49,8,secundaria,Atlantico,1200000,48
5846,mujer,39,7,secundaria,Atlantico,908000,56
5847,hombre,21,10,media,Atlantico,930000,54
5848,mujer,18,11,media,Atlantico,1100000,84
5849,hombre,50,8,secundaria,Atlantico,780000,48
5850,mujer,21,11,media,Atlantico,780000,44
5851,hombre,27,11,media,Atlantico,900000,48
5852,hombre,31,11,media,Atlantico,900000,48
5853,hombre,36,5,primaria,Atlantico,400000,50
5854,hombre,33,11,media,Atlantico,850000,48
5855,mujer,25,13,superior,Atlantico,1200000,60
5856,hombre,60,9,secundaria,Atlantico,400000,84
5857,hombre,50,3,primaria,Atlantico,1000000,98
5858,mujer,21,11,media,Atlantico,200000,16
5859,mujer,21,11,media,Atlantico,2400000,48
5860,hombre,52,11,media,Atlantico,1010000,60
5861,hombre,57,4,primaria,Atlantico,1200000,60
5862,hombre,33,11,media,Atlantico,900000,44
5863,mujer,37,7,secundaria,Atlantico,400000,42
5864,mujer,34,8,secundaria,Atlantico,900000,42
5865,hombre,51,14,superior,Atlantico,1200000,48
5866,hombre,32,11,media,Atlantico,800000,48
5867,mujer,29,11,media,Atlantico,800000,48
5868,hombre,34,11,media,Atlantico,786000,48
5869,hombre,44,11,media,Atlantico,1000000,84
5870,mujer,37,11,media,Atlantico,781000,56
5871,mujer,52,11,media,Atlantico,821116,48
5872,hombre,49,16,superior,Atlantico,1821116,48
5873,mujer,21,12,superior,Atlantico,821116,48
5874,hombre,19,11,media,Atlantico,600000,40
5875,hombre,32,9,secundaria,Atlantico,900000,70
5876,mujer,34,13,superior,Atlantico,870000,60
5877,hombre,23,16,superior,Atlantico,3000000,40
5878,hombre,51,11,media,Atlantico,1000000,96
5879,mujer,43,11,media,Atlantico,150000,36
5880,hombre,49,9,secundaria,Atlantico,3500000,48
5881,mujer,47,3,primaria,Atlantico,1900000,35
5882,hombre,20,12,superior,Atlantico,1200000,48
5883,hombre,42,11,media,Atlantico,821116,48
5884,hombre,63,13,superior,Atlantico,4000000,48
5885,hombre,58,11,media,Atlantico,700000,48
5886,mujer,51,12,superior,Atlantico,600000,48
5887,mujer,50,13,superior,Atlantico,480000,48
5888,hombre,49,14,superior,Atlantico,800000,56
5889,hombre,23,11,media,Atlantico,480000,60
5890,mujer,37,14,superior,Atlantico,150000,10
5891,mujer,54,5,primaria,Atlantico,1000000,130
5892,mujer,45,11,media,Atlantico,800000,77
5893,hombre,19,12,superior,Atlantico,1650000,35
5894,hombre,52,9,secundaria,Atlantico,600000,40
5895,hombre,24,8,secundaria,Atlantico,300000,40
5896,hombre,35,14,superior,Atlantico,1200000,50
5897,mujer,33,16,superior,Atlantico,1500000,48
5898,hombre,40,17,superior,Atlantico,1800000,30
5899,mujer,29,17,superior,Atlantico,3100000,30
5900,mujer,41,16,superior,Atlantico,821116,48
5901,hombre,39,13,superior,Atlantico,903116,48
5902,hombre,27,6,secundaria,Atlantico,1500000,105
5903,mujer,32,11,media,Atlantico,900000,48
5904,hombre,31,11,media,Atlantico,1000000,40
5905,mujer,50,5,primaria,Atlantico,400000,60
5906,hombre,24,11,media,Atlantico,400000,40
5907,mujer,21,11,media,Atlantico,500000,54
5908,mujer,62,0,ninguno,Atlantico,800000,48
5909,hombre,30,10,media,Atlantico,400000,40
5910,mujer,21,11,media,Atlantico,800000,48
5911,mujer,58,4,primaria,Atlantico,60000,4
5912,hombre,39,4,primaria,Atlantico,700000,48
5913,hombre,46,15,superior,Atlantico,2500000,40
5914,mujer,41,17,superior,Atlantico,600000,16
5915,hombre,65,7,secundaria,Atlantico,1200000,56
5916,hombre,29,11,media,Atlantico,900000,60
5917,hombre,47,11,media,Atlantico,400000,40
5918,hombre,47,3,primaria,Atlantico,800000,42
5919,hombre,35,16,superior,Atlantico,1100000,60
5920,hombre,65,7,secundaria,Atlantico,240000,15
5921,mujer,58,16,superior,Atlantico,2000000,40
5922,hombre,45,11,media,Atlantico,1050000,56
5923,hombre,34,16,superior,Atlantico,1562484,48
5924,mujer,27,15,superior,Atlantico,250000,21
5925,hombre,36,12,superior,Atlantico,500000,48
5926,mujer,49,3,primaria,Atlantico,600000,30
5927,mujer,30,7,secundaria,Atlantico,120000,63
5928,hombre,29,7,secundaria,Atlantico,1240000,70
5929,mujer,45,5,primaria,Atlantico,220000,9
5930,hombre,40,8,secundaria,Atlantico,720000,66
5931,mujer,22,11,media,Atlantico,120000,35
5932,hombre,49,11,media,Atlantico,1000000,72
5933,mujer,49,11,media,Atlantico,48000,6
5934,hombre,42,2,primaria,Atlantico,900000,48
5935,mujer,32,2,primaria,Atlantico,500000,44
5936,hombre,60,11,media,Atlantico,3500000,50
5937,mujer,32,16,superior,Atlantico,1000000,48
5938,hombre,33,13,superior,Atlantico,900000,48
5939,hombre,53,11,media,Atlantico,1200000,72
5940,mujer,54,11,media,Atlantico,100000,20
5941,mujer,23,14,superior,Atlantico,900000,48
5942,hombre,41,13,superior,Atlantico,800000,60
5943,hombre,58,11,media,Atlantico,1400000,48
5944,mujer,56,11,media,Atlantico,150000,20
5945,hombre,47,3,primaria,Atlantico,900000,72
5946,hombre,21,11,media,Atlantico,840000,60
5947,hombre,57,11,media,Atlantico,750000,84
5948,mujer,26,16,superior,Atlantico,600000,42
5949,hombre,44,13,superior,Atlantico,1500000,48
5950,hombre,40,12,superior,Atlantico,570000,72
5951,mujer,41,7,secundaria,Atlantico,450000,30
5952,hombre,38,8,secundaria,Atlantico,1140000,72
5953,mujer,23,13,superior,Atlantico,781000,45
5954,hombre,46,11,media,Atlantico,320000,32
5955,mujer,40,11,media,Atlantico,900000,48
5956,mujer,41,14,superior,Atlantico,1100000,48
5957,hombre,53,8,secundaria,Atlantico,901242,48
5958,mujer,51,11,media,Atlantico,50000,7
5959,mujer,48,5,primaria,Atlantico,510000,48
5960,hombre,61,6,secundaria,Atlantico,1000000,60
5961,mujer,57,13,superior,Atlantico,200000,36
5962,hombre,38,11,media,Atlantico,900000,63
5963,hombre,38,11,media,Atlantico,900000,60
5964,hombre,54,13,superior,Atlantico,1000000,48
5965,hombre,32,14,superior,Atlantico,901242,48
5966,mujer,34,11,media,Atlantico,781242,48
5967,hombre,40,11,media,Atlantico,1200000,48
5968,hombre,43,7,secundaria,Atlantico,900000,98
5969,mujer,22,11,media,Atlantico,1000000,48
5970,hombre,46,6,secundaria,Atlantico,800000,70
5971,hombre,48,11,media,Atlantico,750000,48
5972,mujer,43,11,media,Atlantico,650000,8
5973,hombre,52,3,primaria,Atlantico,800000,48
5974,mujer,58,11,media,Atlantico,300000,36
5975,mujer,39,11,media,Atlantico,600000,70
5976,mujer,59,7,secundaria,Atlantico,800000,14
5977,hombre,30,8,secundaria,Atlantico,760000,74
5978,mujer,41,13,superior,Atlantico,900000,48
5979,hombre,28,7,secundaria,Atlantico,500000,48
5980,hombre,23,11,media,Atlantico,600000,60
5981,mujer,37,14,superior,Atlantico,380000,60
5982,hombre,29,11,media,Atlantico,900000,50
5983,hombre,45,17,superior,Atlantico,1000000,72
5984,hombre,33,5,primaria,Atlantico,200000,72
5985,mujer,37,12,superior,Atlantico,300000,30
5986,hombre,33,5,primaria,Atlantico,300000,30
5987,mujer,53,11,media,Atlantico,700000,35
5988,hombre,18,11,media,Atlantico,300000,40
5989,hombre,37,11,media,Atlantico,400000,40
5990,mujer,61,11,media,Atlantico,280000,48
5991,hombre,34,11,media,Atlantico,800000,56
5992,hombre,32,11,media,Atlantico,600000,60
5993,mujer,45,11,media,Atlantico,300000,40
5994,hombre,52,11,media,Atlantico,1000000,48
5995,mujer,43,11,media,Atlantico,800000,48
5996,hombre,23,16,superior,Atlantico,1400000,48
5997,hombre,20,13,superior,Atlantico,300000,40
5998,hombre,37,13,superior,Atlantico,2000000,48
5999,hombre,18,13,superior,Atlantico,900000,48
6000,mujer,51,13,superior,Bogota D.C.,1581242,72
6001,mujer,29,15,superior,Bogota D.C.,6000000,48
6002,hombre,40,17,superior,Bogota D.C.,4000000,48
6003,mujer,44,7,secundaria,Bogota D.C.,400000,40
6004,hombre,37,11,media,Bogota D.C.,450000,40
6005,hombre,40,13,superior,Bogota D.C.,900000,40
6006,hombre,52,11,media,Bogota D.C.,1157000,48
6007,hombre,19,14,superior,Bogota D.C.,781242,45
6008,hombre,60,11,media,Bogota D.C.,781242,40
6009,mujer,25,14,superior,Bogota D.C.,781242,40
6010,mujer,41,7,secundaria,Bogota D.C.,600000,24
6011,mujer,32,11,media,Bogota D.C.,600000,55
6012,hombre,42,11,media,Bogota D.C.,1600000,40
6013,mujer,36,11,media,Bogota D.C.,1064000,44
6014,hombre,58,16,superior,Bogota D.C.,35000000,40
6015,mujer,54,18,superior,Bogota D.C.,7000000,40
6016,hombre,53,16,superior,Bogota D.C.,734000,70
6017,mujer,60,16,superior,Bogota D.C.,734000,84
6018,hombre,29,13,superior,Bogota D.C.,1384000,35
6019,mujer,37,19,superior,Bogota D.C.,7000000,55
6020,hombre,55,18,superior,Bogota D.C.,15000000,35
6021,mujer,29,16,superior,Bogota D.C.,4000000,55
6022,mujer,25,12,superior,Bogota D.C.,781242,60
6023,mujer,50,5,primaria,Bogota D.C.,580000,24
6024,hombre,55,7,secundaria,Bogota D.C.,1000000,72
6025,mujer,44,11,media,Bogota D.C.,981242,50
6026,mujer,26,13,superior,Bogota D.C.,820000,45
6027,mujer,49,11,media,Bogota D.C.,350000,79
6028,mujer,23,16,superior,Bogota D.C.,2313000,40
6029,hombre,45,9,secundaria,Bogota D.C.,1500000,48
6030,hombre,46,9,secundaria,Bogota D.C.,2000000,48
6031,hombre,21,11,media,Bogota D.C.,1200000,48
6032,hombre,22,11,media,Bogota D.C.,1200000,48
6033,mujer,39,19,superior,Bogota D.C.,20000000,48
6034,hombre,54,11,media,Bogota D.C.,1000000,48
6035,hombre,27,16,superior,Bogota D.C.,828116,48
6036,hombre,54,11,media,Bogota D.C.,800000,84
6037,mujer,53,4,primaria,Bogota D.C.,420000,20
6038,mujer,30,16,superior,Bogota D.C.,2650000,60
6039,hombre,49,5,primaria,Bogota D.C.,1200000,35
6040,mujer,45,8,secundaria,Bogota D.C.,150000,7
6041,mujer,28,18,superior,Bogota D.C.,3000000,45
6042,hombre,24,11,media,Bogota D.C.,2000000,60
6043,hombre,28,13,superior,Bogota D.C.,1300000,54
6044,mujer,31,18,superior,Bogota D.C.,14000000,30
6045,hombre,33,16,superior,Bogota D.C.,6700000,48
6046,hombre,33,8,secundaria,Bogota D.C.,600000,60
6047,mujer,29,16,superior,Bogota D.C.,2000000,40
6048,hombre,26,16,superior,Bogota D.C.,3300000,60
6049,mujer,41,16,superior,Bogota D.C.,5800000,40
6050,mujer,53,5,primaria,Bogota D.C.,1081242,48
6051,hombre,37,13,superior,Bogota D.C.,1000000,48
6052,mujer,53,15,superior,Bogota D.C.,5000000,35
6053,hombre,22,15,superior,Bogota D.C.,200000,6
6054,hombre,24,11,media,Bogota D.C.,1500000,50
6055,mujer,23,14,superior,Bogota D.C.,700000,80
6056,hombre,32,13,superior,Bogota D.C.,1000000,51
6057,mujer,30,11,media,Bogota D.C.,781242,48
6058,hombre,61,9,secundaria,Bogota D.C.,800000,48
6059,mujer,25,14,superior,Bogota D.C.,1000000,48
6060,mujer,35,16,superior,Bogota D.C.,1500000,48
6061,mujer,30,16,superior,Bogota D.C.,900000,24
6062,hombre,27,14,superior,Bogota D.C.,1000000,60
6063,hombre,35,14,superior,Bogota D.C.,781242,48
6064,hombre,41,9,secundaria,Bogota D.C.,1200000,84
6065,mujer,43,11,media,Bogota D.C.,901242,66
6066,hombre,23,11,media,Bogota D.C.,1140000,48
6067,mujer,59,5,primaria,Bogota D.C.,270000,18
6068,hombre,47,9,secundaria,Bogota D.C.,2000000,80
6069,mujer,38,11,media,Bogota D.C.,810000,48
6070,mujer,38,11,media,Bogota D.C.,781242,48
6071,hombre,48,8,secundaria,Bogota D.C.,900000,60
6072,mujer,38,11,media,Bogota D.C.,868000,62
6073,hombre,28,10,media,Bogota D.C.,100000,72
6074,mujer,23,11,media,Bogota D.C.,781242,54
6075,hombre,26,11,media,Bogota D.C.,900000,50
6076,hombre,52,11,media,Bogota D.C.,1200000,48
6077,mujer,49,14,superior,Bogota D.C.,781242,50
6078,hombre,58,13,superior,Bogota D.C.,650000,30
6079,mujer,59,16,superior,Bogota D.C.,720000,30
6080,mujer,24,16,superior,Bogota D.C.,1000000,60
6081,hombre,27,14,superior,Bogota D.C.,2138765,40
6082,mujer,44,5,primaria,Bogota D.C.,781242,48
6083,mujer,37,16,superior,Bogota D.C.,1300000,45
6084,hombre,36,16,superior,Bogota D.C.,1770000,40
6085,mujer,56,15,superior,Bogota D.C.,100000,12
6086,mujer,36,20,superior,Bogota D.C.,625000,60
6087,hombre,31,5,primaria,Bogota D.C.,904000,48
6088,mujer,26,14,superior,Bogota D.C.,781242,40
6089,mujer,29,7,secundaria,Bogota D.C.,1000000,72
6090,mujer,46,5,primaria,Bogota D.C.,900000,48
6091,hombre,50,13,superior,Bogota D.C.,1000000,60
6092,hombre,21,11,media,Bogota D.C.,781242,48
6093,mujer,47,11,media,Bogota D.C.,781242,48
6094,hombre,53,20,superior,Bogota D.C.,6500000,45
6095,mujer,48,16,superior,Bogota D.C.,3900000,48
6096,hombre,26,13,superior,Bogota D.C.,1300000,48
6097,mujer,25,16,superior,Bogota D.C.,1200000,45
6098,mujer,34,11,media,Bogota D.C.,900000,48
6099,hombre,37,21,superior,Bogota D.C.,4000000,40
6100,mujer,38,18,superior,Bogota D.C.,5700000,40
6101,hombre,35,15,superior,Bogota D.C.,1680000,48
6102,mujer,44,3,primaria,Bogota D.C.,1141242,48
6103,hombre,62,5,primaria,Bogota D.C.,200000,50
6104,hombre,23,14,superior,Bogota D.C.,1100000,40
6105,hombre,28,12,superior,Bogota D.C.,2420000,48
6106,mujer,35,11,media,Bogota D.C.,2200000,48
6107,mujer,40,16,superior,Bogota D.C.,1300000,40
6108,hombre,22,12,superior,Bogota D.C.,700000,36
6109,hombre,22,11,media,Bogota D.C.,849000,48
6110,mujer,53,9,secundaria,Bogota D.C.,796200,48
6111,hombre,51,11,media,Bogota D.C.,1000000,60
6112,mujer,24,11,media,Bogota D.C.,2000000,56
6113,mujer,39,11,media,Bogota D.C.,1000000,70
6114,hombre,52,11,media,Bogota D.C.,1700000,72
6115,mujer,20,14,superior,Bogota D.C.,1000000,24
6116,hombre,50,5,primaria,Bogota D.C.,150000,72
6117,hombre,32,11,superior,Bogota D.C.,1130000,48
6118,mujer,53,15,superior,Bogota D.C.,2800000,30
6119,hombre,61,17,superior,Bogota D.C.,5000000,72
6120,hombre,24,16,superior,Bogota D.C.,1600000,40
6121,hombre,43,6,secundaria,Bogota D.C.,350000,48
6122,mujer,40,11,media,Bogota D.C.,810000,48
6123,mujer,21,14,superior,Bogota D.C.,900000,48
6124,mujer,29,11,media,Bogota D.C.,1117242,70
6125,hombre,51,11,media,Bogota D.C.,1250000,48
6126,hombre,20,11,media,Bogota D.C.,781242,48
6127,mujer,22,14,superior,Bogota D.C.,1000000,40
6128,hombre,30,11,media,Bogota D.C.,1300000,40
6129,hombre,21,11,media,Bogota D.C.,781242,48
6130,hombre,41,11,media,Bogota D.C.,1300000,90
6131,hombre,53,9,secundaria,Bogota D.C.,1000000,48
6132,hombre,56,8,secundaria,Bogota D.C.,600000,38
6133,mujer,44,11,media,Bogota D.C.,700000,66
6134,hombre,56,11,media,Bogota D.C.,916242,70
6135,mujer,28,18,superior,Bogota D.C.,2000000,40
6136,mujer,37,20,superior,Bogota D.C.,1600000,48
6137,hombre,40,12,superior,Bogota D.C.,800000,63
6138,hombre,60,17,superior,Bogota D.C.,4000000,90
6139,mujer,28,15,superior,Bogota D.C.,900000,40
6140,hombre,20,13,superior,Bogota D.C.,1400000,78
6141,hombre,50,5,primaria,Bogota D.C.,1800000,60
6142,mujer,39,5,primaria,Bogota D.C.,950000,36
6143,mujer,33,10,media,Bogota D.C.,900000,48
6144,hombre,40,11,superior,Bogota D.C.,4500000,48
6145,mujer,38,11,media,Bogota D.C.,781242,40
6146,hombre,32,19,superior,Bogota D.C.,1800000,48
6147,hombre,44,11,media,Bogota D.C.,1200000,48
6148,mujer,35,11,media,Bogota D.C.,781242,48
6149,hombre,32,3,primaria,Bogota D.C.,800000,78
6150,hombre,45,17,superior,Bogota D.C.,4000000,45
6151,mujer,42,16,superior,Bogota D.C.,3000000,44
6152,mujer,39,13,superior,Bogota D.C.,800000,40
6153,hombre,33,11,media,Bogota D.C.,900000,50
6154,hombre,38,11,media,Bogota D.C.,1370000,60
6155,mujer,34,11,media,Bogota D.C.,900000,48
6156,hombre,46,5,primaria,Bogota D.C.,1000000,68
6157,hombre,45,8,secundaria,Bogota D.C.,5000000,72
6158,mujer,44,11,media,Bogota D.C.,1000000,60
6159,hombre,20,11,media,Bogota D.C.,800000,36
6160,mujer,33,11,media,Bogota D.C.,1000000,48
6161,mujer,30,19,superior,Bogota D.C.,1900000,40
6162,mujer,41,11,media,Bogota D.C.,781242,48
6163,mujer,36,16,superior,Bogota D.C.,1020000,45
6164,hombre,32,11,media,Bogota D.C.,1100000,48
6165,mujer,26,11,media,Bogota D.C.,2500000,30
6166,hombre,23,11,media,Bogota D.C.,900000,60
6167,mujer,28,11,media,Bogota D.C.,1700000,48
6168,mujer,21,11,media,Bogota D.C.,781242,48
6169,mujer,44,16,superior,Bogota D.C.,1500000,40
6170,hombre,45,9,secundaria,Bogota D.C.,820000,72
6171,hombre,25,13,superior,Bogota D.C.,942000,48
6172,hombre,60,16,superior,Bogota D.C.,18500000,45
6173,hombre,28,17,superior,Bogota D.C.,10000000,30
6174,mujer,40,19,superior,Bogota D.C.,4800000,40
6175,hombre,46,16,superior,Bogota D.C.,2000000,40
6176,mujer,43,17,superior,Bogota D.C.,1000000,10
6177,mujer,38,16,superior,Bogota D.C.,900000,48
6178,mujer,63,10,media,Bogota D.C.,1381242,40
6179,hombre,46,18,superior,Bogota D.C.,4100000,40
6180,hombre,39,14,superior,Bogota D.C.,7000000,40
6181,mujer,37,16,superior,Bogota D.C.,781242,40
6182,mujer,46,16,superior,Bogota D.C.,13500000,50
6183,hombre,36,5,primaria,Bogota D.C.,1600000,48
6184,mujer,46,21,superior,Bogota D.C.,1200000,48
6185,hombre,40,5,primaria,Bogota D.C.,1100000,48
6186,mujer,22,16,superior,Bogota D.C.,850000,42
6187,mujer,52,17,superior,Bogota D.C.,6000000,48
6188,mujer,34,17,superior,Bogota D.C.,781242,60
6189,mujer,40,7,secundaria,Bogota D.C.,1021242,48
6190,hombre,29,13,superior,Bogota D.C.,860000,50
6191,mujer,26,20,superior,Bogota D.C.,735000,36
6192,hombre,49,14,superior,Bogota D.C.,5000000,60
6193,hombre,24,15,superior,Bogota D.C.,1350000,42
6194,mujer,25,17,superior,Bogota D.C.,1000000,48
6195,hombre,57,5,primaria,Bogota D.C.,1500000,50
6196,hombre,23,11,media,Bogota D.C.,2000000,70
6197,hombre,30,13,superior,Bogota D.C.,1800000,50
6198,mujer,20,12,superior,Bogota D.C.,781242,56
6199,hombre,29,18,superior,Bogota D.C.,1400000,40
6200,mujer,18,11,media,Bogota D.C.,920000,84
6201,hombre,35,3,primaria,Bogota D.C.,1300000,54
6202,hombre,41,11,media,Bogota D.C.,3000000,30
6203,hombre,37,17,superior,Bogota D.C.,3800000,45
6204,mujer,29,18,superior,Bogota D.C.,4200000,55
6205,mujer,45,11,media,Bogota D.C.,830000,48
6206,hombre,43,16,superior,Bogota D.C.,3500000,45
6207,hombre,58,11,media,Bogota D.C.,3000000,30
6208,hombre,26,20,superior,Bogota D.C.,3000000,40
6209,mujer,24,15,superior,Bogota D.C.,1000000,40
6210,mujer,43,19,superior,Bogota D.C.,2900000,48
6211,mujer,59,11,media,Bogota D.C.,400000,50
6212,mujer,32,12,superior,Bogota D.C.,781242,48
6213,hombre,64,5,primaria,Bogota D.C.,700000,20
6214,hombre,65,7,secundaria,Bogota D.C.,800000,40
6215,hombre,20,12,superior,Bogota D.C.,800000,45
6216,hombre,24,8,secundaria,Bogota D.C.,1300000,72
6217,mujer,20,11,media,Bogota D.C.,1350000,72
6218,hombre,43,16,superior,Bogota D.C.,900000,70
6219,hombre,24,16,superior,Bogota D.C.,2800000,40
6220,hombre,29,14,superior,Bogota D.C.,1800000,40
6221,mujer,26,13,superior,Bogota D.C.,1500000,48
6222,hombre,38,11,media,Bogota D.C.,1200000,84
6223,hombre,46,13,superior,Bogota D.C.,1000000,50
6224,mujer,40,18,superior,Bogota D.C.,1500000,50
6225,mujer,45,11,media,Bolivar,500000,48
6226,hombre,21,13,superior,Bolivar,781242,48
6227,hombre,19,12,superior,Bolivar,760000,48
6228,hombre,49,11,media,Bolivar,350000,40
6229,mujer,56,5,primaria,Bolivar,670000,48
6230,hombre,45,0,ninguno,Bolivar,800000,60
6231,mujer,42,6,secundaria,Bolivar,100000,40
6232,mujer,32,14,superior,Bolivar,1600000,48
6233,hombre,58,11,media,Bolivar,1300000,60
6234,hombre,31,14,superior,Bolivar,600000,30
6235,hombre,30,11,media,Bolivar,2100000,48
6236,hombre,28,11,media,Bolivar,1200000,66
6237,mujer,28,11,media,Bolivar,781242,48
6238,hombre,24,5,primaria,Bolivar,800000,55
6239,hombre,34,11,media,Bolivar,700000,55
6240,hombre,53,5,primaria,Bolivar,1000000,60
6241,hombre,31,13,superior,Bolivar,800000,70
6242,hombre,24,11,media,Bolivar,600000,40
6243,mujer,20,11,media,Bolivar,300000,15
6244,hombre,32,13,superior,Bolivar,800000,48
6245,mujer,28,8,secundaria,Bolivar,500000,40
6246,hombre,33,11,media,Bolivar,1000000,60
6247,mujer,35,7,secundaria,Bolivar,800000,55
6248,hombre,33,11,media,Bolivar,800000,48
6249,mujer,56,9,secundaria,Bolivar,600000,30
6250,mujer,28,11,media,Bolivar,781242,48
6251,mujer,45,9,secundaria,Bolivar,400000,40
6252,mujer,45,11,media,Bolivar,700000,60
6253,mujer,20,11,media,Bolivar,600000,30
6254,hombre,45,10,media,Bolivar,1100000,70
6255,mujer,44,11,media,Bolivar,500000,50
6256,hombre,46,9,secundaria,Bolivar,869453,48
6257,mujer,46,13,superior,Bolivar,800000,50
6258,mujer,41,13,superior,Bolivar,400000,40
6259,hombre,39,13,superior,Bolivar,1000000,60
6260,mujer,47,11,media,Bolivar,869453,48
6261,mujer,26,13,superior,Bolivar,1000000,48
6262,hombre,25,11,media,Bolivar,700000,50
6263,hombre,61,16,superior,Bolivar,800000,3
6264,mujer,53,3,primaria,Bolivar,400000,40
6265,mujer,25,11,media,Bolivar,400000,40
6266,hombre,33,11,media,Bolivar,750000,48
6267,mujer,36,11,media,Bolivar,200000,30
6268,hombre,26,11,media,Bolivar,1200000,48
6269,hombre,52,5,primaria,Bolivar,850000,40
6270,mujer,64,3,primaria,Bolivar,400000,40
6271,mujer,43,16,superior,Bolivar,900000,48
6272,mujer,40,13,superior,Bolivar,1090000,48
6273,hombre,39,11,media,Bolivar,1000000,48
6274,hombre,53,9,secundaria,Bolivar,1500000,48
6275,hombre,33,13,superior,Bolivar,750000,40
6276,mujer,56,5,primaria,Bolivar,1300000,40
6277,hombre,42,16,superior,Bolivar,2400000,48
6278,hombre,22,12,superior,Bolivar,869453,48
6279,mujer,40,10,media,Bolivar,850000,40
6280,mujer,36,11,media,Bolivar,1500000,48
6281,hombre,40,11,media,Bolivar,1200000,60
6282,mujer,62,8,secundaria,Bolivar,700000,48
6283,hombre,33,11,media,Bolivar,781242,48
6284,hombre,42,14,superior,Bolivar,1600000,48
6285,hombre,56,11,media,Bolivar,781242,48
6286,hombre,21,11,media,Bolivar,450000,60
6287,mujer,20,11,media,Bolivar,300000,50
6288,hombre,45,11,media,Bolivar,1200000,60
6289,mujer,45,11,media,Bolivar,400000,40
6290,hombre,31,11,media,Bolivar,800000,60
6291,mujer,32,13,superior,Bolivar,1000000,48
6292,hombre,62,11,media,Bolivar,1000000,40
6293,mujer,31,11,media,Bolivar,450000,36
6294,mujer,27,11,media,Bolivar,420000,36
6295,hombre,61,11,media,Bolivar,1500000,60
6296,hombre,35,14,superior,Bolivar,1600000,48
6297,hombre,27,11,media,Bolivar,800000,40
6298,hombre,36,11,media,Bolivar,800000,40
6299,hombre,57,11,media,Bolivar,900000,50
6300,mujer,34,14,superior,Bolivar,1100000,48
6301,hombre,63,5,primaria,Bolivar,630000,40
6302,mujer,39,11,media,Bolivar,781242,48
6303,hombre,44,11,media,Bolivar,1700000,48
6304,hombre,54,5,primaria,Bolivar,900000,60
6305,mujer,51,14,superior,Bolivar,900000,55
6306,hombre,26,8,secundaria,Bolivar,781242,48
6307,hombre,50,7,secundaria,Bolivar,1500000,50
6308,mujer,30,13,superior,Bolivar,900000,48
6309,hombre,29,13,superior,Bolivar,700000,30
6310,hombre,22,13,superior,Bolivar,500000,40
6311,mujer,49,13,superior,Bolivar,700000,36
6312,mujer,48,11,media,Bolivar,600000,45
6313,hombre,33,11,media,Bolivar,1200000,48
6314,mujer,30,11,media,Bolivar,820000,48
6315,mujer,40,8,secundaria,Bolivar,1400000,30
6316,hombre,53,3,primaria,Bolivar,700000,55
6317,mujer,49,7,secundaria,Bolivar,400000,40
6318,mujer,59,13,superior,Bolivar,300000,30
6319,mujer,35,16,superior,Bolivar,1500000,40
6320,hombre,40,13,superior,Bolivar,1800000,48
6321,mujer,28,11,media,Bolivar,900000,36
6322,hombre,54,5,primaria,Bolivar,1200000,40
6323,mujer,39,11,media,Bolivar,1000000,30
6324,hombre,38,11,media,Bolivar,900000,48
6325,mujer,46,14,superior,Bolivar,1500000,48
6326,hombre,55,5,primaria,Bolivar,1200000,48
6327,hombre,31,11,media,Bolivar,1000000,48
6328,mujer,50,16,superior,Boyaca,2000000,40
6329,mujer,56,1,primaria,Boyaca,350000,30
6330,hombre,24,11,media,Boyaca,340000,40
6331,mujer,40,3,primaria,Boyaca,700000,60
6332,hombre,22,5,primaria,Boyaca,600000,40
6333,mujer,32,14,superior,Boyaca,781242,40
6334,mujer,59,11,media,Boyaca,300000,30
6335,hombre,40,11,media,Boyaca,2500000,70
6336,mujer,37,13,superior,Boyaca,1200000,40
6337,hombre,31,17,superior,Boyaca,2000000,48
6338,mujer,31,17,superior,Boyaca,1500000,40
6339,hombre,41,11,media,Boyaca,1500000,48
6340,mujer,39,13,superior,Boyaca,816000,48
6341,hombre,28,17,superior,Boyaca,3500000,40
6342,mujer,37,16,superior,Boyaca,7000000,20
6343,mujer,34,16,superior,Boyaca,500000,48
6344,hombre,47,11,media,Boyaca,900000,40
6345,hombre,35,11,superior,Boyaca,781242,61
6346,hombre,39,18,superior,Boyaca,2900000,48
6347,mujer,38,16,superior,Boyaca,981242,48
6348,mujer,35,13,superior,Boyaca,800000,40
6349,hombre,43,18,superior,Boyaca,3000000,48
6350,mujer,42,17,superior,Boyaca,3000000,40
6351,hombre,61,11,media,Caldas,781242,48
6352,hombre,48,11,media,Caldas,781242,48
6353,mujer,22,14,superior,Caldas,2280000,60
6354,mujer,42,11,media,Caldas,781242,48
6355,mujer,61,11,media,Caldas,450000,30
6356,hombre,35,14,superior,Caldas,1450000,48
6357,hombre,38,14,superior,Caldas,1171863,48
6358,mujer,26,12,superior,Caldas,781242,48
6359,mujer,38,8,secundaria,Caldas,450000,30
6360,hombre,59,8,secundaria,Caldas,1081242,72
6361,hombre,49,8,secundaria,Caldas,1171800,60
6362,hombre,33,11,media,Caldas,1200000,40
6363,hombre,56,6,secundaria,Caldas,1600000,40
6364,mujer,32,16,superior,Caldas,2000000,48
6365,hombre,35,13,superior,Caldas,1000000,72
6366,hombre,28,11,media,Caldas,800000,48
6367,mujer,37,8,secundaria,Caldas,781242,54
6368,hombre,62,5,primaria,Caldas,800000,48
6369,hombre,42,11,media,Caldas,1021242,48
6370,mujer,39,13,superior,Caldas,1000000,48
6371,hombre,65,16,superior,Caldas,300000,30
6372,hombre,63,5,primaria,Caldas,1600000,60
6373,mujer,46,13,superior,Caldas,540000,24
6374,mujer,23,15,superior,Caldas,980000,75
6375,mujer,41,14,superior,Caldas,3100000,82
6376,hombre,26,14,superior,Caldas,1060000,82
6377,mujer,29,16,superior,Caldas,781242,48
6378,mujer,25,15,superior,Caldas,781242,50
6379,hombre,43,11,media,Caldas,1200000,15
6380,hombre,57,0,ninguno,Caqueta,500000,50
6381,mujer,41,11,media,Caqueta,500000,50
6382,mujer,39,12,superior,Caqueta,800000,60
6383,hombre,37,11,media,Caqueta,700000,50
6384,hombre,29,11,media,Caqueta,800000,40
6385,mujer,37,13,superior,Caqueta,700000,50
6386,mujer,38,12,superior,Caqueta,800000,48
6387,hombre,40,11,media,Caqueta,800000,50
6388,hombre,20,11,media,Caqueta,150000,12
6389,mujer,61,6,secundaria,Caqueta,120000,20
6390,mujer,42,3,primaria,Caqueta,150000,40
6391,hombre,28,6,secundaria,Caqueta,80000,60
6392,hombre,24,6,secundaria,Caqueta,240000,70
6393,mujer,62,4,primaria,Caqueta,400000,60
6394,mujer,28,11,media,Caqueta,500000,60
6395,mujer,20,14,superior,Caqueta,806000,48
6396,mujer,60,2,primaria,Caqueta,100000,60
6397,mujer,34,3,primaria,Caqueta,100000,35
6398,mujer,30,12,superior,Caqueta,1000000,30
6399,mujer,36,5,primaria,Caqueta,150000,70
6400,hombre,50,11,media,Caqueta,650000,40
6401,mujer,37,11,media,Caqueta,400000,30
6402,hombre,20,11,media,Caqueta,500000,40
6403,mujer,23,11,media,Caqueta,1500000,60
6404,mujer,22,15,superior,Caqueta,900000,20
6405,mujer,59,16,superior,Caqueta,2000000,98
6406,hombre,25,13,superior,Caqueta,2400000,72
6407,hombre,37,19,superior,Caqueta,4500000,48
6408,hombre,37,16,superior,Caqueta,7000000,70
6409,hombre,40,9,secundaria,Caqueta,1300000,70
6410,hombre,28,11,media,Caqueta,200000,84
6411,hombre,33,5,primaria,Caqueta,1300000,48
6412,mujer,42,16,superior,Caqueta,1300000,48
6413,hombre,58,11,media,Caqueta,900000,48
6414,hombre,37,12,superior,Caqueta,780000,48
6415,hombre,43,14,superior,Caqueta,2300000,48
6416,mujer,40,11,media,Caqueta,1600000,48
6417,mujer,45,13,superior,Caqueta,830000,40
6418,hombre,39,12,superior,Caqueta,750000,48
6419,hombre,31,15,superior,Caqueta,900000,48
6420,mujer,26,15,superior,Caqueta,900000,40
6421,hombre,33,19,superior,Caqueta,4000000,40
6422,mujer,40,19,superior,Caqueta,4000000,48
6423,hombre,61,18,superior,Caqueta,3700000,48
6424,hombre,39,13,superior,Caqueta,1200000,60
6425,mujer,38,16,superior,Caqueta,4000000,40
6426,mujer,22,16,superior,Caqueta,780000,40
6427,mujer,54,18,superior,Caqueta,3100000,32
6428,mujer,20,12,superior,Caqueta,250000,20
6429,mujer,50,16,superior,Caqueta,3500000,48
6430,mujer,28,13,superior,Caqueta,900000,60
6431,mujer,45,11,media,Caqueta,782000,48
6432,hombre,29,11,media,Caqueta,840000,48
6433,hombre,33,13,superior,Caqueta,650000,60
6434,mujer,24,16,superior,Caqueta,1270000,48
6435,mujer,19,11,superior,Caqueta,700000,72
6436,hombre,34,16,superior,Caqueta,2000000,40
6437,mujer,57,2,primaria,Caqueta,150000,18
6438,hombre,40,13,superior,Caqueta,1700000,70
6439,hombre,19,11,superior,Caqueta,420000,20
6440,hombre,57,16,superior,Caqueta,800000,28
6441,mujer,40,6,secundaria,Caqueta,85000,20
6442,hombre,27,11,media,Caqueta,2000000,60
6443,mujer,35,16,superior,Caqueta,780000,48
6444,hombre,27,16,superior,Caqueta,1000000,48
6445,hombre,22,14,superior,Caqueta,800000,48
6446,hombre,19,11,media,Caqueta,800000,48
6447,mujer,50,16,superior,Caqueta,1411000,40
6448,mujer,25,18,superior,Caqueta,2000000,40
6449,hombre,54,6,secundaria,Caqueta,700000,48
6450,hombre,54,6,secundaria,Caqueta,500000,30
6451,mujer,60,18,superior,Caqueta,3600000,48
6452,hombre,60,11,media,Caqueta,400000,40
6453,hombre,44,11,media,Caqueta,2500000,60
6454,hombre,55,9,secundaria,Cauca,781242,48
6455,mujer,33,11,media,Cauca,781242,54
6456,mujer,26,13,superior,Cauca,320000,30
6457,hombre,35,11,media,Cauca,1000000,70
6458,hombre,35,11,media,Cauca,150000,48
6459,hombre,25,11,media,Cauca,100000,40
6460,mujer,41,5,primaria,Cauca,200000,10
6461,hombre,53,3,primaria,Cauca,400000,48
6462,mujer,65,3,primaria,Cauca,320000,49
6463,mujer,34,13,superior,Cauca,447612,24
6464,hombre,39,11,media,Cauca,1000000,48
6465,mujer,51,11,media,Cauca,828116,44
6466,hombre,51,11,media,Cauca,900000,44
6467,hombre,26,11,media,Cauca,480000,32
6468,hombre,47,11,media,Cauca,450000,21
6469,hombre,33,5,primaria,Cauca,720000,48
6470,hombre,37,10,media,Cauca,400000,48
6471,hombre,21,15,superior,Cauca,1300000,48
6472,hombre,45,7,secundaria,Cauca,828116,50
6473,mujer,58,13,superior,Cauca,1400000,48
6474,hombre,54,13,superior,Cauca,1200000,40
6475,mujer,37,17,superior,Cauca,3200000,40
6476,hombre,39,13,superior,Cauca,782000,56
6477,mujer,53,17,superior,Cauca,3860000,30
6478,hombre,57,17,superior,Cauca,2000000,48
6479,mujer,56,9,secundaria,Cauca,1000000,54
6480,hombre,59,12,superior,Cauca,1300000,30
6481,mujer,56,7,secundaria,Cauca,782000,48
6482,hombre,38,5,primaria,Cauca,780000,60
6483,mujer,29,7,secundaria,Cauca,500000,36
6484,mujer,56,15,superior,Cauca,600000,48
6485,hombre,37,6,secundaria,Cauca,350000,30
6486,hombre,51,4,primaria,Cauca,700000,48
6487,hombre,46,7,secundaria,Cauca,700000,60
6488,mujer,40,11,media,Cauca,781242,48
6489,hombre,38,7,secundaria,Cauca,450000,54
6490,mujer,35,11,media,Cauca,100000,16
6491,mujer,38,5,primaria,Cauca,780000,48
6492,hombre,39,14,superior,Cauca,3800000,70
6493,mujer,39,16,superior,Cauca,2000000,40
6494,hombre,26,19,superior,Cauca,1000000,20
6495,hombre,41,11,media,Cauca,600000,52
6496,hombre,48,22,superior,Cauca,3000000,40
6497,mujer,35,17,superior,Cauca,3000000,50
6498,hombre,42,16,superior,Cauca,3500000,40
6499,mujer,62,18,superior,Cauca,2000000,30
6500,mujer,39,19,superior,Cauca,7600000,30
6501,hombre,39,13,superior,Cauca,2800000,48
6502,hombre,57,11,media,Cauca,782000,40
6503,mujer,57,11,media,Cauca,1600000,48
6504,hombre,46,16,superior,Cauca,3500000,55
6505,mujer,49,11,media,Cauca,900000,40
6506,mujer,45,16,superior,Cauca,3600000,40
6507,hombre,60,16,superior,Cauca,1000000,48
6508,hombre,60,17,superior,Cauca,3700000,40
6509,mujer,59,17,superior,Cauca,3700000,40
6510,hombre,28,16,superior,Cauca,781000,36
6511,mujer,24,16,superior,Cauca,388000,20
6512,mujer,32,16,superior,Cauca,900000,60
6513,mujer,37,6,secundaria,Cauca,180000,12
6514,mujer,51,0,ninguno,Cauca,220000,18
6515,hombre,32,15,superior,Cauca,1168000,40
6516,hombre,21,11,media,Cauca,30000,14
6517,hombre,44,16,superior,Cauca,5000000,72
6518,mujer,33,11,media,Cauca,400000,63
6519,hombre,51,11,media,Cauca,781212,48
6520,mujer,36,5,primaria,Cauca,790000,45
6521,hombre,61,18,superior,Cauca,3700000,30
6522,mujer,61,17,superior,Cauca,3700000,30
6523,hombre,38,16,superior,Cesar,1800000,48
6524,mujer,45,11,media,Cesar,300000,20
6525,hombre,55,13,superior,Cesar,400000,40
6526,mujer,51,9,secundaria,Cesar,240000,24
6527,hombre,32,10,media,Cesar,600000,48
6528,mujer,38,8,secundaria,Cesar,1100000,48
6529,hombre,32,9,secundaria,Cesar,900000,60
6530,mujer,48,5,primaria,Cesar,120000,63
6531,hombre,43,5,primaria,Cesar,781242,72
6532,mujer,37,7,secundaria,Cesar,120000,14
6533,mujer,38,6,secundaria,Cesar,150000,36
6534,hombre,36,8,secundaria,Cesar,780000,84
6535,mujer,33,11,superior,Cesar,370000,42
6536,mujer,48,11,media,Cesar,180000,12
6537,mujer,50,4,primaria,Cesar,100000,20
6538,hombre,33,5,primaria,Cesar,800000,48
6539,hombre,24,11,media,Cesar,600000,48
6540,hombre,32,7,secundaria,Cesar,1200000,48
6541,mujer,30,10,media,Cesar,580000,42
6542,hombre,42,0,ninguno,Cesar,781242,48
6543,hombre,22,11,media,Cesar,828200,48
6544,mujer,21,10,media,Cesar,50000,21
6545,hombre,28,11,media,Cesar,828200,48
6546,mujer,61,8,secundaria,Cesar,400000,40
6547,mujer,38,8,secundaria,Cesar,580000,64
6548,hombre,37,11,media,Cesar,750000,50
6549,hombre,60,11,media,Cesar,800000,48
6550,mujer,49,4,primaria,Cesar,500000,60
6551,hombre,28,3,primaria,Cesar,600000,52
6552,hombre,51,11,media,Cesar,1500000,48
6553,mujer,26,16,superior,Cesar,150000,20
6554,mujer,52,16,superior,Cesar,600000,48
6555,mujer,23,11,media,Cesar,900000,48
6556,hombre,65,8,secundaria,Cesar,400000,24
6557,hombre,35,19,superior,Cesar,2000000,48
6558,mujer,36,16,superior,Cesar,1600000,48
6559,hombre,39,11,media,Cesar,800000,60
6560,mujer,39,0,ninguno,Cesar,500000,48
6561,hombre,60,5,primaria,Cesar,700000,60
6562,mujer,27,16,superior,Cesar,1200000,48
6563,mujer,26,11,media,Cesar,900000,48
6564,hombre,30,8,secundaria,Cesar,800000,48
6565,mujer,24,16,superior,Cesar,1500000,48
6566,mujer,24,11,media,Cesar,200000,20
6567,hombre,62,5,primaria,Cesar,1000000,48
6568,mujer,61,5,primaria,Cesar,100000,14
6569,mujer,40,16,superior,Cesar,860000,48
6570,hombre,61,16,superior,Cesar,3000000,40
6571,hombre,50,16,superior,Cesar,2138000,40
6572,mujer,48,5,primaria,Cesar,1000000,35
6573,hombre,32,11,media,Cesar,860000,48
6574,mujer,24,11,media,Cesar,1500000,48
6575,hombre,62,11,media,Cesar,1500000,70
6576,hombre,27,16,superior,Cesar,1500000,48
6577,mujer,28,16,superior,Cesar,2200000,48
6578,mujer,42,11,media,Cesar,840000,48
6579,hombre,59,16,superior,Cesar,2000000,10
6580,mujer,56,16,superior,Cesar,1150000,56
6581,hombre,35,16,superior,Cesar,1000000,15
6582,mujer,50,18,superior,Cesar,3000000,48
6583,mujer,29,16,superior,Cesar,400000,30
6584,hombre,30,14,superior,Cesar,950000,40
6585,hombre,42,11,media,Cesar,800000,40
6586,mujer,29,7,secundaria,Cesar,900000,48
6587,hombre,41,13,superior,Cesar,850000,52
6588,mujer,23,13,superior,Cesar,1000000,21
6589,mujer,25,15,superior,Cesar,828200,40
6590,mujer,20,13,superior,Cesar,300000,28
6591,mujer,62,17,superior,Cesar,3000000,40
6592,mujer,34,13,superior,Cesar,855000,60
6593,hombre,31,11,media,Cesar,800000,40
6594,mujer,25,13,superior,Cesar,900000,56
6595,mujer,48,11,media,Cesar,850000,60
6596,hombre,49,11,media,Cesar,860000,48
6597,mujer,62,13,superior,Cesar,100000,49
6598,mujer,59,3,primaria,Cesar,500000,40
6599,hombre,22,11,media,Cesar,840000,72
6600,hombre,42,7,secundaria,Cesar,1200000,48
6601,hombre,22,11,media,Cesar,781242,72
6602,mujer,27,11,media,Cesar,1000000,61
6603,hombre,25,16,superior,Cesar,800000,48
6604,mujer,44,11,media,Cesar,750000,55
6605,hombre,47,0,ninguno,Cesar,760000,48
6606,hombre,44,16,superior,Cordoba,850000,40
6607,hombre,49,2,primaria,Cordoba,1100000,48
6608,mujer,45,5,primaria,Cordoba,600000,24
6609,mujer,39,11,media,Cordoba,781242,48
6610,hombre,45,14,superior,Cordoba,1000000,48
6611,hombre,32,7,secundaria,Cordoba,781242,48
6612,hombre,41,11,media,Cordoba,600000,50
6613,hombre,39,11,media,Cordoba,900000,60
6614,mujer,36,11,media,Cordoba,660000,54
6615,mujer,19,11,media,Cordoba,400000,56
6616,hombre,21,11,media,Cordoba,781242,48
6617,hombre,31,5,primaria,Cordoba,150000,48
6618,mujer,28,7,secundaria,Cordoba,370000,48
6619,hombre,23,11,media,Cordoba,300000,48
6620,hombre,43,5,primaria,Cordoba,600000,48
6621,hombre,28,11,media,Cordoba,300000,48
6622,hombre,28,16,superior,Cordoba,1000000,48
6623,hombre,24,11,media,Cordoba,781242,48
6624,mujer,35,11,media,Cordoba,750000,48
6625,hombre,35,11,media,Cordoba,400000,48
6626,hombre,30,16,superior,Cordoba,600000,48
6627,mujer,30,16,superior,Cordoba,500000,48
6628,hombre,35,11,media,Cordoba,1500000,48
6629,hombre,56,18,superior,Cordoba,1600000,30
6630,hombre,28,16,superior,Cordoba,1400000,40
6631,mujer,39,13,superior,Cordoba,781242,46
6632,mujer,47,11,media,Cordoba,600000,35
6633,hombre,28,15,superior,Cordoba,800000,30
6634,mujer,40,11,media,Cordoba,800000,48
6635,mujer,64,5,primaria,Cordoba,240000,30
6636,hombre,56,11,media,Cordoba,1300000,48
6637,mujer,57,16,superior,Cordoba,1000000,48
6638,mujer,44,13,superior,Cordoba,1400000,48
6639,mujer,40,16,superior,Cordoba,1600000,48
6640,hombre,45,11,media,Cordoba,600000,40
6641,hombre,38,11,media,Cordoba,800000,50
6642,mujer,34,16,superior,Cordoba,2500000,48
6643,hombre,61,11,media,Cordoba,300000,50
6644,mujer,60,11,media,Cordoba,200000,30
6645,hombre,54,18,superior,Cordoba,3200000,48
6646,mujer,53,16,superior,Cordoba,3500000,30
6647,mujer,29,16,superior,Cordoba,1500000,48
6648,mujer,31,4,primaria,Cordoba,420000,56
6649,hombre,34,11,media,Cordoba,781242,48
6650,mujer,33,11,media,Cordoba,360000,48
6651,hombre,52,3,primaria,Cordoba,200000,48
6652,mujer,45,11,media,Cordoba,100000,48
6653,hombre,54,5,primaria,Cordoba,800000,48
6654,hombre,30,0,ninguno,Cordoba,600000,40
6655,mujer,28,3,primaria,Cordoba,400000,44
6656,hombre,43,11,media,Cordoba,1000000,45
6657,mujer,27,14,superior,Cordoba,300000,40
6658,hombre,28,11,media,Cordoba,781242,48
6659,mujer,25,11,media,Cordoba,700000,52
6660,hombre,59,11,media,Cordoba,900000,64
6661,mujer,44,11,media,Cordoba,300000,26
6662,hombre,59,8,secundaria,Cordoba,450000,56
6663,hombre,31,14,superior,Cordoba,1903486,48
6664,hombre,38,13,superior,Cordoba,1600000,48
6665,hombre,23,13,superior,Cordoba,781242,48
6666,hombre,52,2,primaria,Cordoba,800000,44
6667,hombre,26,11,media,Cordoba,800000,48
6668,hombre,40,18,superior,Cordoba,3000000,48
6669,mujer,39,16,superior,Cordoba,1200000,48
6670,hombre,61,11,media,Cordoba,1200000,48
6671,hombre,46,11,media,Cordoba,1500000,48
6672,hombre,25,7,secundaria,Cordoba,750000,56
6673,hombre,35,11,media,Cordoba,1008000,48
6674,mujer,31,11,media,Cordoba,781242,48
6675,hombre,21,11,superior,Choco,300000,63
6676,hombre,23,11,media,Choco,781242,48
6677,hombre,37,12,superior,Choco,1400000,30
6678,mujer,41,13,superior,Choco,600000,66
6679,mujer,53,12,superior,Choco,600000,60
6680,mujer,59,11,media,Choco,782300,65
6681,mujer,28,16,superior,Choco,1500000,40
6682,hombre,37,18,superior,Choco,2000000,48
6683,mujer,39,16,superior,Choco,1300000,48
6684,mujer,51,14,superior,Choco,782300,30
6685,mujer,38,18,superior,Choco,1200000,45
6686,hombre,42,11,media,Choco,1200000,60
6687,mujer,34,16,superior,Choco,828116,40
6688,mujer,40,13,superior,Choco,800000,56
6689,mujer,55,16,superior,Choco,3600000,30
6690,hombre,33,10,media,Choco,1012000,80
6691,mujer,18,0,ninguno,Choco,650000,48
6692,mujer,59,17,superior,Choco,3000000,30
6693,mujer,29,11,media,Choco,900000,54
6694,hombre,25,5,primaria,Choco,200000,70
6695,mujer,41,11,media,Choco,800000,48
6696,hombre,28,8,secundaria,Choco,800000,66
6697,hombre,50,11,media,Choco,450000,48
6698,hombre,45,3,primaria,Choco,150000,98
6699,hombre,24,13,superior,Choco,600000,48
6700,mujer,39,5,primaria,Choco,150000,28
6701,hombre,56,11,media,Choco,800000,61
6702,mujer,55,16,superior,Choco,2800000,30
6703,mujer,30,16,superior,Choco,800000,30
6704,hombre,48,14,superior,Choco,1500000,60
6705,mujer,47,12,superior,Choco,500000,30
6706,mujer,29,16,superior,Choco,781242,40
6707,mujer,29,16,superior,Huila,1800000,48
6708,mujer,64,5,primaria,Huila,900000,45
6709,mujer,61,0,ninguno,Huila,200000,40
6710,mujer,30,9,secundaria,Huila,781000,48
6711,hombre,45,5,primaria,Huila,1000000,48
6712,mujer,30,11,media,Huila,781242,48
6713,hombre,49,5,primaria,Huila,600000,84
6714,hombre,48,5,primaria,Huila,200000,40
6715,hombre,35,6,secundaria,Huila,300000,48
6716,mujer,23,11,media,Huila,920000,48
6717,hombre,25,9,secundaria,Huila,950000,60
6718,hombre,38,8,secundaria,Huila,900000,48
6719,mujer,22,6,secundaria,Huila,400000,48
6720,mujer,60,1,primaria,Huila,200000,25
6721,hombre,29,3,primaria,Huila,360000,72
6722,mujer,34,11,media,Huila,900000,50
6723,mujer,40,13,superior,Huila,950000,48
6724,hombre,42,11,media,Huila,1200000,50
6725,mujer,48,4,primaria,Huila,180000,20
6726,mujer,24,11,media,Huila,300000,20
6727,hombre,54,5,primaria,Huila,781000,60
6728,mujer,39,12,superior,Huila,400000,24
6729,hombre,51,11,media,Huila,1200000,48
6730,mujer,51,11,media,Huila,950000,48
6731,mujer,22,13,superior,Huila,1470000,48
6732,hombre,58,0,ninguno,Huila,700000,30
6733,mujer,40,7,secundaria,Huila,150000,28
6734,mujer,35,9,secundaria,Huila,960000,65
6735,mujer,60,5,primaria,Huila,100000,12
6736,mujer,34,12,superior,Huila,60000,84
6737,hombre,23,17,superior,Huila,60000,12
6738,mujer,23,15,superior,Huila,100000,25
6739,mujer,50,13,superior,Huila,900000,48
6740,hombre,23,14,superior,Huila,828116,48
6741,mujer,61,5,primaria,Huila,500000,48
6742,hombre,22,5,primaria,Huila,1000000,48
6743,hombre,29,11,media,Huila,1700000,48
6744,mujer,28,13,superior,Huila,1830000,56
6745,hombre,35,11,media,Huila,828000,48
6746,hombre,50,11,media,Huila,800000,48
6747,mujer,48,14,superior,Huila,600000,14
6748,hombre,22,14,superior,Huila,1100000,56
6749,hombre,46,11,media,Huila,1000000,48
6750,mujer,41,16,superior,Huila,2200000,45
6751,hombre,59,16,superior,Huila,3000000,40
6752,hombre,36,0,ninguno,Huila,150000,60
6753,hombre,41,1,primaria,Huila,300000,84
6754,hombre,59,17,superior,Huila,5500000,40
6755,mujer,63,11,media,Huila,1500000,20
6756,mujer,28,15,superior,Huila,781000,48
6757,hombre,57,11,media,Huila,800000,48
6758,hombre,42,23,superior,Huila,8000000,54
6759,hombre,52,16,superior,Huila,6000000,55
6760,mujer,41,13,superior,Huila,800000,48
6761,hombre,32,9,secundaria,Huila,800000,48
6762,hombre,22,12,superior,Huila,800000,20
6763,hombre,61,18,superior,Huila,3700000,22
6764,mujer,57,16,superior,Huila,5000000,40
6765,mujer,54,5,primaria,Huila,600000,60
6766,hombre,40,15,superior,Huila,1500000,48
6767,hombre,56,7,secundaria,Huila,816000,90
6768,mujer,52,11,media,Huila,510000,15
6769,mujer,33,18,superior,Huila,2192000,44
6770,mujer,51,16,superior,Huila,3100000,48
6771,mujer,47,16,superior,Huila,2400000,30
6772,mujer,58,16,superior,Huila,2500000,40
6773,hombre,30,15,superior,Huila,1800000,45
6774,mujer,30,12,superior,Huila,1000000,48
6775,hombre,49,18,superior,Huila,5000000,40
6776,hombre,39,5,primaria,Huila,1200000,45
6777,mujer,40,9,secundaria,Huila,200000,40
6778,mujer,25,13,superior,Huila,1600000,48
6779,mujer,57,3,primaria,Huila,360000,30
6780,hombre,34,3,primaria,Huila,490000,60
6781,hombre,25,7,secundaria,Huila,550000,70
6782,mujer,60,16,superior,Huila,3000000,40
6783,hombre,58,25,superior,Huila,5000000,48
6784,mujer,51,16,superior,Huila,781800,48
6785,hombre,38,16,superior,Huila,2000000,44
6786,hombre,45,4,primaria,Huila,400000,60
6787,hombre,24,9,secundaria,Huila,700000,48
6788,mujer,26,5,primaria,Huila,500000,48
6789,hombre,48,2,primaria,Huila,900000,48
6790,mujer,46,9,secundaria,Huila,700000,48
6791,hombre,45,11,media,Huila,800000,48
6792,mujer,35,11,media,Huila,400000,40
6793,mujer,35,11,media,Huila,1200000,56
6794,hombre,38,13,superior,Huila,1200000,56
6795,hombre,43,13,superior,Huila,800000,48
6796,mujer,32,11,media,Huila,781242,48
6797,hombre,51,16,superior,Huila,3400000,48
6798,mujer,47,16,superior,Huila,900000,48
6799,hombre,24,12,superior,Huila,950000,50
6800,hombre,21,12,superior,Huila,781000,70
6801,hombre,50,3,primaria,Huila,300000,47
6802,mujer,46,3,primaria,Huila,525000,48
6803,mujer,40,9,secundaria,Huila,850000,48
6804,mujer,30,9,secundaria,Huila,900000,50
6805,hombre,40,8,secundaria,Huila,1000000,60
6806,hombre,40,14,superior,Huila,800000,55
6807,hombre,49,17,superior,Huila,2800000,60
6808,mujer,51,11,media,Huila,1900000,60
6809,mujer,29,11,media,Huila,920000,48
6810,hombre,48,8,secundaria,Huila,1650000,84
6811,mujer,29,11,media,Huila,400000,50
6812,hombre,24,5,primaria,La Guajira,900000,72
6813,hombre,34,5,primaria,La Guajira,800000,82
6814,mujer,30,1,primaria,La Guajira,150000,28
6815,mujer,46,5,primaria,La Guajira,650000,45
6816,hombre,18,7,secundaria,La Guajira,300000,50
6817,hombre,26,5,primaria,La Guajira,200000,50
6818,hombre,26,8,secundaria,La Guajira,400000,72
6819,hombre,44,4,primaria,La Guajira,30000,20
6820,hombre,49,9,secundaria,La Guajira,600000,48
6821,hombre,22,7,secundaria,La Guajira,400000,35
6822,mujer,49,0,ninguno,La Guajira,60000,6
6823,hombre,22,7,secundaria,La Guajira,350000,50
6824,hombre,25,11,media,La Guajira,500000,60
6825,mujer,34,8,secundaria,La Guajira,660000,16
6826,hombre,41,11,media,La Guajira,800000,72
6827,mujer,19,9,secundaria,La Guajira,420000,48
6828,mujer,31,11,media,La Guajira,550000,70
6829,hombre,39,11,media,La Guajira,600000,70
6830,mujer,56,11,media,La Guajira,500000,24
6831,hombre,29,13,superior,La Guajira,781242,56
6832,hombre,33,11,media,La Guajira,1000000,48
6833,hombre,48,7,secundaria,La Guajira,1400000,70
6834,hombre,25,11,media,La Guajira,400000,21
6835,hombre,64,11,media,La Guajira,600000,70
6836,hombre,38,16,superior,La Guajira,2600000,40
6837,mujer,41,20,superior,La Guajira,2050000,40
6838,mujer,54,5,primaria,La Guajira,500000,40
6839,mujer,29,16,superior,La Guajira,300000,20
6840,hombre,23,6,secundaria,La Guajira,600000,48
6841,hombre,28,7,secundaria,La Guajira,600000,60
6842,hombre,46,11,media,La Guajira,800000,56
6843,hombre,56,11,media,La Guajira,600000,50
6844,hombre,23,6,secundaria,La Guajira,300000,56
6845,hombre,28,6,secundaria,La Guajira,400000,50
6846,hombre,29,11,media,La Guajira,400000,48
6847,mujer,57,17,superior,La Guajira,4000000,40
6848,mujer,53,17,superior,La Guajira,4000000,40
6849,hombre,31,11,media,La Guajira,750000,70
6850,mujer,28,13,superior,La Guajira,1300000,70
6851,hombre,20,12,superior,La Guajira,1200000,70
6852,mujer,52,13,superior,La Guajira,800000,40
6853,mujer,53,11,media,La Guajira,260000,70
6854,mujer,56,16,superior,La Guajira,1500000,40
6855,hombre,26,16,superior,La Guajira,1200000,40
6856,mujer,29,16,superior,La Guajira,1500000,40
6857,mujer,54,5,primaria,La Guajira,850000,40
6858,mujer,20,13,superior,La Guajira,1100000,40
6859,hombre,62,19,superior,La Guajira,3800000,40
6860,mujer,53,16,superior,La Guajira,350000,48
6861,mujer,59,9,secundaria,La Guajira,230000,30
6862,mujer,34,11,media,La Guajira,781242,40
6863,mujer,29,11,media,La Guajira,1150000,48
6864,hombre,47,14,superior,La Guajira,3040000,48
6865,hombre,39,16,superior,La Guajira,600000,48
6866,mujer,38,16,superior,La Guajira,2000000,40
6867,hombre,42,11,media,La Guajira,1700000,60
6868,mujer,49,8,secundaria,La Guajira,640000,48
6869,hombre,22,9,secundaria,La Guajira,420000,48
6870,mujer,46,4,primaria,La Guajira,588000,60
6871,hombre,47,5,primaria,La Guajira,900000,56
6872,hombre,53,7,secundaria,La Guajira,850000,72
6873,mujer,31,2,primaria,La Guajira,120000,28
6874,mujer,27,11,superior,La Guajira,450000,42
6875,mujer,46,6,secundaria,La Guajira,480000,36
6876,mujer,18,6,secundaria,La Guajira,500000,48
6877,mujer,42,9,secundaria,La Guajira,710000,48
6878,hombre,40,11,media,La Guajira,600000,48
6879,hombre,30,11,media,La Guajira,870000,84
6880,hombre,43,14,superior,La Guajira,1000000,48
6881,mujer,38,13,superior,La Guajira,300000,14
6882,hombre,62,16,superior,La Guajira,3100000,56
6883,hombre,38,11,media,La Guajira,500000,50
6884,mujer,41,5,primaria,La Guajira,490000,48
6885,mujer,24,11,media,La Guajira,870000,48
6886,hombre,18,4,primaria,La Guajira,600000,70
6887,hombre,28,16,superior,La Guajira,600000,48
6888,mujer,25,8,secundaria,La Guajira,150000,56
6889,hombre,51,2,primaria,La Guajira,600000,60
6890,hombre,51,4,primaria,Magdalena,375000,48
6891,hombre,37,11,media,Magdalena,2000000,48
6892,mujer,31,16,superior,Magdalena,860000,60
6893,mujer,40,3,primaria,Magdalena,1600000,48
6894,hombre,41,11,media,Magdalena,3000000,84
6895,hombre,49,11,media,Magdalena,2000000,48
6896,hombre,39,19,superior,Magdalena,3300000,30
6897,mujer,64,5,primaria,Magdalena,787500,48
6898,mujer,44,13,superior,Magdalena,1400000,60
6899,mujer,42,8,secundaria,Magdalena,200000,12
6900,hombre,20,10,media,Magdalena,300000,12
6901,hombre,33,8,secundaria,Magdalena,800000,40
6902,mujer,31,9,secundaria,Magdalena,900000,60
6903,mujer,32,13,superior,Magdalena,1000000,28
6904,hombre,32,14,superior,Magdalena,1350000,48
6905,hombre,50,11,media,Magdalena,900000,60
6906,mujer,50,11,media,Magdalena,300000,30
6907,hombre,46,8,secundaria,Magdalena,1500000,60
6908,hombre,51,5,primaria,Magdalena,781242,54
6909,hombre,22,12,superior,Magdalena,1200000,54
6910,hombre,19,11,superior,Magdalena,1100000,78
6911,hombre,31,16,superior,Magdalena,800000,60
6912,mujer,29,16,superior,Magdalena,900000,48
6913,mujer,42,17,superior,Magdalena,1987000,48
6914,hombre,53,11,media,Magdalena,1300000,48
6915,hombre,61,5,primaria,Magdalena,30000,48
6916,hombre,49,11,media,Magdalena,1500000,48
6917,hombre,30,11,media,Magdalena,1082000,90
6918,mujer,27,12,superior,Magdalena,864000,48
6919,hombre,38,11,media,Magdalena,1500000,60
6920,mujer,41,16,superior,Magdalena,2500000,28
6921,hombre,45,15,superior,Magdalena,781242,56
6922,mujer,42,7,secundaria,Magdalena,600000,48
6923,hombre,23,11,media,Magdalena,1005242,84
6924,hombre,18,11,media,Magdalena,300000,30
6925,hombre,43,11,media,Magdalena,400000,35
6926,mujer,39,8,secundaria,Magdalena,700000,40
6927,hombre,29,11,media,Magdalena,1200000,72
6928,hombre,55,14,superior,Magdalena,800000,35
6929,hombre,47,1,primaria,Magdalena,800000,50
6930,mujer,39,11,media,Magdalena,781242,48
6931,hombre,37,11,media,Magdalena,700000,84
6932,hombre,43,2,primaria,Magdalena,700000,54
6933,mujer,32,11,media,Magdalena,200000,16
6934,hombre,24,9,secundaria,Magdalena,1064000,63
6935,mujer,52,6,secundaria,Magdalena,720000,48
6936,hombre,20,13,superior,Magdalena,1200000,60
6937,mujer,18,10,media,Magdalena,350000,30
6938,mujer,48,14,superior,Magdalena,781242,40
6939,mujer,39,11,media,Magdalena,360000,39
6940,hombre,56,7,secundaria,Magdalena,1400000,40
6941,mujer,52,3,primaria,Magdalena,820000,48
6942,hombre,50,10,media,Magdalena,900000,50
6943,hombre,27,12,superior,Magdalena,1020000,48
6944,mujer,28,14,superior,Magdalena,800000,48
6945,mujer,39,13,superior,Magdalena,781242,48
6946,mujer,34,11,media,Magdalena,375000,48
6947,hombre,37,11,media,Magdalena,200000,48
6948,mujer,43,11,media,Magdalena,300000,35
6949,hombre,34,11,media,Magdalena,960000,48
6950,hombre,39,11,media,Magdalena,450000,72
6951,hombre,53,0,ninguno,Magdalena,700000,48
6952,hombre,37,11,media,Magdalena,781242,70
6953,mujer,26,16,superior,Magdalena,600000,60
6954,mujer,57,11,media,Magdalena,300000,32
6955,mujer,31,12,superior,Magdalena,391000,24
6956,mujer,37,11,media,Magdalena,972800,48
6957,mujer,37,8,secundaria,Magdalena,350000,25
6958,mujer,38,5,primaria,Magdalena,40000,20
6959,hombre,42,5,primaria,Magdalena,700000,50
6960,hombre,35,0,ninguno,Magdalena,600000,48
6961,hombre,58,5,primaria,Meta,1500000,60
6962,mujer,60,13,superior,Meta,680000,74
6963,hombre,48,11,media,Meta,950000,50
6964,mujer,35,11,media,Meta,450000,42
6965,mujer,32,11,media,Meta,1100000,54
6966,hombre,58,3,primaria,Meta,850000,45
6967,hombre,30,11,media,Meta,1300000,60
6968,mujer,21,12,superior,Meta,1000000,90
6969,mujer,24,11,media,Meta,900000,50
6970,hombre,31,12,superior,Meta,1200000,48
6971,hombre,22,11,media,Meta,900000,48
6972,mujer,26,13,superior,Meta,800000,53
6973,hombre,27,11,media,Meta,1500000,55
6974,mujer,26,11,media,Meta,1200000,50
6975,hombre,25,11,media,Meta,1000000,50
6976,mujer,20,12,superior,Meta,1200000,45
6977,hombre,40,11,media,Meta,850000,50
6978,mujer,27,6,secundaria,Meta,450000,36
6979,hombre,45,11,media,Meta,1600000,60
6980,mujer,54,5,primaria,Meta,450000,54
6981,hombre,48,11,media,Meta,900000,60
6982,hombre,40,14,superior,Meta,1200000,48
6983,mujer,35,11,media,Meta,400000,20
6984,mujer,26,11,media,Meta,250000,20
6985,hombre,26,11,media,Meta,1200000,54
6986,mujer,61,16,superior,Meta,300000,92
6987,mujer,44,17,superior,Meta,3800000,40
6988,mujer,61,16,superior,Meta,18000000,40
6989,hombre,38,11,media,Meta,150000,48
6990,mujer,33,16,superior,Meta,800000,48
6991,hombre,34,11,media,Meta,781200,48
6992,hombre,42,10,media,Meta,900000,54
6993,mujer,43,11,media,Meta,100000,10
6994,hombre,39,11,media,Meta,2000000,84
6995,mujer,31,14,superior,Meta,20000,30
6996,mujer,44,5,primaria,Meta,400000,30
6997,hombre,27,11,media,Meta,741242,51
6998,hombre,26,11,media,Meta,600000,30
6999,hombre,20,11,media,Meta,600000,40
7000,mujer,57,11,media,Meta,600000,40
7001,mujer,21,11,media,Meta,1200000,56
7002,mujer,36,11,media,Meta,781242,48
7003,hombre,37,16,superior,Meta,3200000,60
7004,mujer,35,11,media,Meta,100000,30
7005,hombre,21,11,media,Meta,600000,84
7006,hombre,43,10,media,Meta,750000,50
7007,hombre,20,11,media,Meta,500000,77
7008,hombre,21,11,media,Meta,600000,84
7009,mujer,58,11,media,Meta,900000,56
7010,hombre,27,11,media,Meta,900000,63
7011,mujer,48,11,media,Meta,870000,63
7012,hombre,42,11,media,Meta,1240000,63
7013,mujer,52,6,secundaria,Meta,600000,70
7014,mujer,29,10,media,Meta,880000,70
7015,hombre,29,11,media,Meta,1000000,44
7016,mujer,56,11,media,Meta,500000,50
7017,hombre,35,11,media,Meta,2400000,60
7018,mujer,26,11,media,Meta,781242,44
7019,mujer,38,6,secundaria,Meta,781200,48
7020,mujer,53,11,media,Meta,600000,32
7021,mujer,53,16,superior,Meta,3100000,48
7022,hombre,26,19,superior,Meta,1500000,48
7023,hombre,34,13,superior,Meta,1100000,60
7024,hombre,28,11,media,Meta,1000000,60
7025,hombre,24,16,superior,Narino,1400000,48
7026,hombre,28,16,superior,Narino,50000,48
7027,hombre,45,9,secundaria,Narino,1300000,70
7028,mujer,51,16,superior,Narino,150000,24
7029,hombre,40,13,superior,Narino,800000,48
7030,mujer,45,13,superior,Narino,780000,48
7031,mujer,35,16,superior,Narino,600000,36
7032,mujer,53,12,superior,Narino,1785000,49
7033,hombre,28,16,superior,Narino,700000,40
7034,hombre,47,5,primaria,Narino,1100000,44
7035,mujer,57,1,primaria,Narino,630000,50
7036,hombre,23,11,media,Narino,700000,54
7037,hombre,42,3,primaria,Narino,1040000,55
7038,mujer,41,11,media,Narino,940000,48
7039,hombre,21,10,media,Narino,1040000,44
7040,hombre,54,5,primaria,Narino,1000000,48
7041,mujer,57,16,superior,Narino,820000,44
7042,hombre,45,11,media,Narino,780000,48
7043,mujer,44,11,media,Narino,200000,54
7044,mujer,38,16,superior,Narino,500000,48
7045,mujer,45,12,superior,Narino,1150000,36
7046,hombre,41,5,primaria,Narino,2000000,44
7047,hombre,36,11,media,Narino,781242,48
7048,hombre,28,16,superior,Narino,600000,48
7049,hombre,27,11,media,Narino,850000,48
7050,mujer,24,11,media,Narino,200000,48
7051,hombre,29,3,primaria,Narino,650000,48
7052,mujer,31,5,primaria,Narino,200000,48
7053,mujer,30,11,media,Narino,300000,30
7054,mujer,50,5,primaria,Narino,800000,48
7055,mujer,30,16,superior,Narino,900000,40
7056,hombre,30,11,media,Narino,1800000,48
7057,mujer,43,14,superior,Narino,350000,22
7058,hombre,45,11,media,Narino,500000,35
7059,hombre,31,11,media,Narino,700000,44
7060,mujer,42,3,primaria,Narino,781242,48
7061,mujer,42,11,media,Narino,650000,49
7062,hombre,39,11,media,Narino,600000,40
7063,mujer,36,13,superior,Narino,60000,36
7064,mujer,46,3,primaria,Narino,630000,48
7065,hombre,50,0,ninguno,Narino,550000,40
7066,hombre,20,12,superior,Narino,200000,48
7067,hombre,47,8,secundaria,Narino,1200000,54
7068,mujer,42,11,media,Narino,400000,28
7069,hombre,23,11,media,Narino,1000000,72
7070,hombre,57,11,media,Narino,1200000,72
7071,hombre,50,13,superior,Narino,1150000,40
7072,mujer,40,11,media,Narino,1030000,54
7073,hombre,21,11,media,Narino,806000,48
7074,mujer,23,11,media,Narino,580000,30
7075,hombre,40,9,secundaria,Narino,800000,60
7076,hombre,36,11,media,Narino,700000,40
7077,hombre,22,16,superior,Narino,1700000,60
7078,hombre,39,14,superior,Narino,800000,56
7079,mujer,41,5,primaria,Narino,781242,48
7080,hombre,45,10,media,Narino,781242,48
7081,hombre,22,13,superior,Narino,350000,28
7082,hombre,34,4,primaria,Narino,200000,54
7083,hombre,19,9,secundaria,Narino,680000,48
7084,mujer,55,7,secundaria,Narino,850000,56
7085,hombre,64,5,primaria,Narino,300000,50
7086,hombre,31,11,media,Narino,600000,30
7087,hombre,22,10,media,Narino,780000,44
7088,hombre,53,18,superior,Narino,2400000,48
7089,mujer,49,5,primaria,Narino,850000,70
7090,hombre,43,5,primaria,Narino,780000,54
7091,mujer,21,11,media,Narino,700000,70
7092,mujer,25,11,media,Narino,560000,77
7093,hombre,22,11,media,Narino,600000,48
7094,mujer,63,2,primaria,Narino,120000,10
7095,mujer,42,5,primaria,Narino,350000,70
7096,hombre,32,11,media,Narino,600000,44
7097,mujer,33,4,primaria,Narino,250000,48
7098,mujer,61,3,primaria,Narino,80000,12
7099,mujer,30,3,primaria,Narino,200000,24
7100,mujer,35,5,primaria,Narino,300000,20
7101,mujer,48,5,primaria,Narino,440000,62
7102,mujer,44,13,superior,Narino,250000,62
7103,hombre,42,8,secundaria,Narino,600000,44
7104,hombre,60,17,superior,Narino,1800000,40
7105,hombre,33,17,superior,Narino,2000000,40
7106,mujer,23,11,media,Narino,850000,40
7107,hombre,42,16,superior,Narino,2000000,20
7108,hombre,26,17,superior,Narino,800000,40
7109,hombre,43,15,superior,Narino,1000000,60
7110,mujer,34,17,superior,Narino,1800000,35
7111,hombre,37,16,superior,Narino,200000,20
7112,hombre,59,17,superior,Narino,3000000,40
7113,mujer,56,16,superior,Narino,3200000,40
7114,hombre,27,17,superior,Narino,2800000,36
7115,mujer,24,11,media,Narino,700000,40
7116,hombre,45,18,superior,Narino,3000000,40
7117,mujer,45,17,superior,Narino,2800000,30
7118,mujer,45,18,superior,Narino,2200000,48
7119,hombre,47,11,media,Narino,600000,48
7120,mujer,44,16,superior,Narino,1470000,48
7121,mujer,56,11,media,Narino,400000,20
7122,hombre,37,5,primaria,Narino,800000,48
7123,hombre,30,11,media,N. de Santander,1400000,54
7124,mujer,20,11,media,N. de Santander,600000,60
7125,hombre,24,5,primaria,N. de Santander,750000,50
7126,hombre,59,5,primaria,N. de Santander,700000,60
7127,mujer,44,5,primaria,N. de Santander,400000,40
7128,hombre,53,11,media,N. de Santander,800000,72
7129,hombre,28,11,media,N. de Santander,828116,54
7130,mujer,48,11,media,N. de Santander,1700000,40
7131,hombre,35,2,primaria,N. de Santander,800000,60
7132,hombre,20,11,media,N. de Santander,400000,50
7133,hombre,51,4,primaria,N. de Santander,800000,45
7134,mujer,31,16,superior,N. de Santander,781242,59
7135,hombre,41,11,media,N. de Santander,1300000,70
7136,mujer,50,3,primaria,N. de Santander,300000,40
7137,hombre,30,11,media,N. de Santander,1200000,50
7138,hombre,54,18,superior,N. de Santander,3000000,40
7139,mujer,35,11,media,N. de Santander,781242,54
7140,hombre,51,4,primaria,N. de Santander,781242,48
7141,hombre,39,3,primaria,N. de Santander,781242,54
7142,hombre,55,3,primaria,N. de Santander,150000,40
7143,hombre,23,6,secundaria,N. de Santander,200000,30
7144,hombre,50,11,media,N. de Santander,781242,48
7145,mujer,22,14,superior,N. de Santander,781242,48
7146,mujer,32,11,media,N. de Santander,450000,27
7147,hombre,42,11,media,N. de Santander,780000,65
7148,hombre,42,2,primaria,N. de Santander,450000,48
7149,hombre,42,7,secundaria,N. de Santander,650000,72
7150,mujer,62,4,primaria,N. de Santander,380000,48
7151,hombre,25,11,media,N. de Santander,800000,60
7152,mujer,39,11,media,N. de Santander,825000,54
7153,hombre,35,3,primaria,N. de Santander,740000,50
7154,mujer,40,11,media,N. de Santander,250000,12
7155,mujer,32,8,secundaria,N. de Santander,800000,72
7156,mujer,35,5,primaria,N. de Santander,700000,50
7157,hombre,34,13,superior,N. de Santander,1500000,60
7158,hombre,18,7,secundaria,N. de Santander,900000,60
7159,hombre,37,11,media,Quindio,782000,72
7160,hombre,36,7,secundaria,Risaralda,1000000,70
7161,mujer,33,16,superior,Risaralda,3200000,60
7162,hombre,57,10,media,Risaralda,3000000,40
7163,hombre,38,5,primaria,Risaralda,781242,80
7164,mujer,53,6,secundaria,Risaralda,500000,48
7165,mujer,49,13,superior,Risaralda,1000000,40
7166,mujer,58,19,superior,Risaralda,3200000,40
7167,hombre,49,16,superior,Risaralda,2800000,48
7168,hombre,42,13,superior,Risaralda,2000000,60
7169,mujer,49,17,superior,Risaralda,7000000,48
7170,mujer,64,5,primaria,Risaralda,350000,25
7171,hombre,60,5,primaria,Risaralda,470000,24
7172,hombre,34,11,media,Risaralda,781242,63
7173,mujer,32,13,superior,Risaralda,781242,48
7174,hombre,28,11,media,Risaralda,1600000,84
7175,hombre,30,11,media,Risaralda,2000000,72
7176,hombre,32,11,media,Risaralda,2000000,72
7177,mujer,41,20,superior,Risaralda,3000000,76
7178,mujer,43,25,superior,Risaralda,7200000,40
7179,mujer,25,9,secundaria,Santander,400000,4
7180,mujer,33,11,media,Santander,2000000,48
7181,mujer,38,14,superior,Santander,1000000,50
7182,mujer,56,11,media,Santander,800000,60
7183,mujer,38,16,superior,Santander,1200000,48
7184,mujer,28,16,superior,Santander,1200000,48
7185,hombre,32,7,secundaria,Santander,1000000,40
7186,hombre,38,11,media,Santander,900000,48
7187,hombre,57,10,media,Santander,1000000,64
7188,hombre,31,16,superior,Santander,800000,48
7189,mujer,48,16,superior,Santander,1800000,48
7190,hombre,24,16,superior,Santander,240000,32
7191,hombre,24,17,superior,Santander,1800000,48
7192,hombre,56,11,media,Santander,1200000,60
7193,mujer,50,11,media,Santander,120000,13
7194,hombre,32,11,media,Santander,1200000,60
7195,hombre,26,14,superior,Santander,800000,60
7196,mujer,51,8,secundaria,Santander,300000,50
7197,mujer,23,11,media,Santander,900000,50
7198,mujer,23,11,media,Santander,781242,48
7199,mujer,22,11,media,Santander,781242,50
7200,mujer,56,15,superior,Santander,1700000,48
7201,hombre,53,16,superior,Santander,2600000,45
7202,hombre,39,16,superior,Santander,4000000,48
7203,hombre,34,11,media,Santander,2000000,60
7204,mujer,25,11,media,Santander,300000,22
7205,mujer,27,11,media,Santander,800000,48
7206,mujer,41,5,primaria,Santander,980000,50
7207,hombre,31,11,media,Santander,1200000,36
7208,hombre,51,5,primaria,Santander,1500000,50
7209,mujer,46,9,secundaria,Santander,800000,70
7210,hombre,28,8,secundaria,Santander,700000,48
7211,hombre,26,11,media,Santander,1200000,56
7212,mujer,54,8,secundaria,Santander,360000,30
7213,mujer,42,5,primaria,Santander,300000,30
7214,hombre,45,15,superior,Santander,900000,60
7215,mujer,35,5,primaria,Santander,952000,60
7216,hombre,30,5,primaria,Santander,992000,72
7217,hombre,28,16,superior,Santander,500000,22
7218,hombre,23,15,superior,Santander,300000,30
7219,mujer,47,2,primaria,Santander,140000,14
7220,hombre,53,7,secundaria,Santander,850000,50
7221,hombre,52,3,primaria,Santander,600000,50
7222,hombre,35,11,media,Santander,800000,45
7223,hombre,20,11,media,Santander,510000,60
7224,mujer,23,11,media,Santander,500000,60
7225,hombre,60,1,primaria,Santander,1300000,48
7226,mujer,39,16,superior,Santander,1020000,40
7227,mujer,48,11,media,Santander,900000,48
7228,hombre,52,11,media,Santander,600000,40
7229,hombre,32,11,media,Santander,890000,50
7230,mujer,23,11,media,Santander,800000,50
7231,mujer,27,17,superior,Santander,1500000,24
7232,hombre,25,14,superior,Santander,931200,91
7233,hombre,31,11,media,Santander,1000000,40
7234,mujer,33,5,primaria,Santander,800000,48
7235,mujer,36,13,superior,Santander,2300000,60
7236,hombre,51,11,media,Santander,900000,48
7237,mujer,43,16,superior,Santander,1000000,60
7238,mujer,60,17,superior,Santander,3500000,30
7239,mujer,36,11,media,Santander,1000000,48
7240,mujer,26,14,superior,Santander,1000000,48
7241,mujer,35,11,media,Santander,900000,60
7242,hombre,44,4,primaria,Santander,1000000,40
7243,mujer,29,14,superior,Santander,1200000,30
7244,mujer,55,11,media,Sucre,360000,7
7245,hombre,34,16,superior,Sucre,750000,65
7246,mujer,46,11,media,Sucre,1081242,48
7247,hombre,18,11,superior,Sucre,300000,28
7248,mujer,45,8,secundaria,Sucre,70000,18
7249,hombre,40,11,media,Sucre,400000,38
7250,mujer,44,13,superior,Sucre,500000,30
7251,mujer,42,11,media,Sucre,300000,26
7252,hombre,44,11,media,Sucre,1000000,38
7253,hombre,55,8,secundaria,Sucre,550000,48
7254,mujer,51,5,primaria,Sucre,25000,2
7255,hombre,25,5,primaria,Sucre,780000,56
7256,hombre,54,20,superior,Sucre,1300000,48
7257,mujer,50,7,secundaria,Sucre,250000,20
7258,mujer,39,16,superior,Sucre,1900000,44
7259,hombre,32,11,media,Sucre,1100000,49
7260,hombre,35,16,superior,Sucre,2400000,40
7261,hombre,40,11,media,Sucre,2000000,72
7262,mujer,37,16,superior,Sucre,1200000,48
7263,hombre,43,12,superior,Sucre,1500000,60
7264,hombre,40,16,superior,Sucre,800000,35
7265,hombre,58,12,superior,Sucre,250000,8
7266,mujer,49,13,superior,Sucre,300000,70
7267,hombre,35,17,superior,Sucre,700000,48
7268,mujer,30,16,superior,Sucre,5300000,40
7269,hombre,37,14,superior,Sucre,1000000,42
7270,mujer,31,11,superior,Sucre,150000,24
7271,hombre,36,16,superior,Sucre,1000000,70
7272,mujer,45,11,media,Sucre,781242,48
7273,mujer,51,13,superior,Sucre,1800000,60
7274,mujer,23,16,superior,Sucre,781242,48
7275,hombre,45,11,media,Sucre,1500000,50
7276,hombre,23,16,superior,Sucre,1000000,48
7277,mujer,52,5,primaria,Sucre,1050000,48
7278,mujer,53,11,media,Sucre,250000,18
7279,hombre,44,3,primaria,Sucre,300000,49
7280,hombre,49,11,media,Sucre,8000000,50
7281,mujer,44,11,media,Sucre,500000,40
7282,hombre,24,16,superior,Sucre,700000,35
7283,mujer,48,13,superior,Sucre,1100000,54
7284,hombre,57,11,media,Sucre,800000,60
7285,mujer,27,16,superior,Sucre,781242,48
7286,hombre,56,5,primaria,Sucre,600000,30
7287,mujer,26,16,superior,Sucre,2000000,48
7288,mujer,51,11,media,Sucre,500000,49
7289,hombre,32,11,media,Sucre,3000000,70
7290,mujer,63,17,superior,Sucre,3000000,40
7291,hombre,56,18,superior,Sucre,7000000,40
7292,mujer,60,18,superior,Sucre,7000000,40
7293,hombre,45,16,superior,Sucre,7000000,40
7294,mujer,43,16,superior,Sucre,1200000,40
7295,hombre,62,9,secundaria,Sucre,2000000,60
7296,mujer,55,16,superior,Sucre,1500000,40
7297,mujer,28,18,superior,Sucre,2000000,48
7298,hombre,34,11,media,Sucre,1050000,60
7299,mujer,30,11,media,Sucre,10000,4
7300,hombre,55,3,primaria,Sucre,400000,70
7301,hombre,44,3,primaria,Sucre,580000,50
7302,hombre,39,11,media,Sucre,781242,40
7303,hombre,28,11,media,Sucre,450000,70
7304,mujer,29,12,superior,Sucre,450000,60
7305,hombre,21,6,secundaria,Sucre,680000,48
7306,hombre,19,9,secundaria,Sucre,680000,48
7307,mujer,28,11,media,Sucre,781242,48
7308,mujer,22,11,media,Sucre,200000,25
7309,hombre,23,11,media,Sucre,781242,48
7310,mujer,55,7,secundaria,Sucre,100000,23
7311,hombre,24,15,superior,Sucre,360000,21
7312,mujer,39,5,primaria,Sucre,300000,36
7313,hombre,44,4,primaria,Sucre,700000,50
7314,hombre,44,3,primaria,Sucre,480000,56
7315,hombre,31,11,media,Sucre,600000,52
7316,hombre,58,4,primaria,Sucre,300000,60
7317,mujer,58,0,ninguno,Sucre,90000,18
7318,mujer,25,11,media,Sucre,400000,48
7319,hombre,58,1,primaria,Sucre,210000,40
7320,mujer,27,16,superior,Sucre,781242,40
7321,hombre,53,11,media,Sucre,780000,60
7322,mujer,40,2,primaria,Sucre,540000,42
7323,mujer,22,11,superior,Sucre,25000,14
7324,hombre,30,5,primaria,Sucre,500000,48
7325,mujer,29,16,superior,Sucre,1420000,48
7326,mujer,23,11,media,Sucre,850000,40
7327,mujer,64,3,primaria,Sucre,781242,48
7328,hombre,36,11,media,Sucre,500000,54
7329,mujer,43,13,superior,Sucre,781242,48
7330,hombre,49,13,superior,Sucre,900000,48
7331,hombre,31,9,secundaria,Sucre,1420000,48
7332,mujer,28,13,superior,Sucre,630000,48
7333,hombre,24,11,media,Sucre,781242,48
7334,hombre,54,11,media,Sucre,800000,45
7335,mujer,52,5,primaria,Sucre,500000,26
7336,hombre,55,5,primaria,Sucre,600000,49
7337,mujer,47,7,secundaria,Sucre,300000,42
7338,hombre,52,1,primaria,Sucre,700000,40
7339,hombre,18,5,primaria,Sucre,450000,42
7340,mujer,20,9,secundaria,Sucre,100000,21
7341,hombre,50,1,primaria,Sucre,1141242,40
7342,mujer,35,5,primaria,Sucre,500000,14
7343,hombre,52,4,primaria,Sucre,1000000,56
7344,mujer,58,11,media,Sucre,100000,10
7345,hombre,55,0,ninguno,Sucre,400000,48
7346,mujer,39,3,primaria,Sucre,200000,20
7347,hombre,62,3,primaria,Sucre,500000,48
7348,hombre,52,9,secundaria,Sucre,700000,63
7349,hombre,25,11,media,Sucre,781242,48
7350,mujer,27,11,media,Sucre,1081242,84
7351,hombre,33,14,superior,Sucre,900000,56
7352,hombre,33,11,media,Sucre,600000,40
7353,hombre,51,0,ninguno,Sucre,700000,50
7354,mujer,21,10,media,Sucre,80000,24
7355,hombre,37,5,primaria,Sucre,750000,50
7356,mujer,54,8,secundaria,Sucre,96000,18
7357,mujer,40,16,superior,Sucre,1100000,48
7358,hombre,46,7,secundaria,Sucre,700000,50
7359,mujer,37,15,superior,Sucre,300000,27
7360,hombre,44,7,secundaria,Sucre,800000,60
7361,hombre,48,16,superior,Sucre,3500000,40
7362,hombre,41,11,media,Sucre,800000,48
7363,hombre,34,11,media,Sucre,950000,48
7364,mujer,61,3,primaria,Sucre,60000,10
7365,hombre,25,11,media,Sucre,450000,56
7366,mujer,45,11,media,Sucre,100000,48
7367,hombre,46,5,primaria,Sucre,900000,60
7368,mujer,23,16,superior,Sucre,781242,48
7369,mujer,49,5,primaria,Sucre,530000,42
7370,mujer,28,13,superior,Sucre,80000,30
7371,hombre,26,13,superior,Sucre,900000,49
7372,hombre,44,5,primaria,Sucre,1000000,56
7373,hombre,26,9,secundaria,Sucre,600000,50
7374,hombre,38,3,primaria,Sucre,6000000,50
7375,mujer,36,13,superior,Sucre,5000000,40
7376,hombre,46,11,media,Sucre,800000,63
7377,mujer,40,11,media,Sucre,100000,10
7378,mujer,23,11,media,Sucre,450000,60
7379,hombre,54,0,ninguno,Sucre,500000,50
7380,mujer,33,0,ninguno,Sucre,500000,42
7381,hombre,45,5,primaria,Sucre,750000,50
7382,mujer,38,13,superior,Sucre,420000,30
7383,hombre,45,11,media,Sucre,800000,60
7384,hombre,55,9,secundaria,Sucre,450000,48
7385,mujer,64,5,primaria,Sucre,300000,25
7386,hombre,45,11,media,Sucre,600000,48
7387,mujer,35,11,media,Sucre,500000,42
7388,hombre,48,13,superior,Sucre,600000,49
7389,hombre,45,11,media,Sucre,800000,48
7390,mujer,65,5,primaria,Sucre,781242,40
7391,hombre,34,11,media,Sucre,781242,48
7392,hombre,20,9,secundaria,Sucre,1000000,70
7393,mujer,33,5,primaria,Sucre,300000,48
7394,hombre,49,6,secundaria,Sucre,600000,50
7395,hombre,25,11,media,Sucre,2000000,48
7396,hombre,56,11,media,Sucre,2000000,49
7397,hombre,34,16,superior,Sucre,781242,56
7398,mujer,31,16,superior,Sucre,1000000,30
7399,hombre,47,16,superior,Sucre,3500000,48
7400,mujer,44,16,superior,Sucre,500000,28
7401,mujer,61,14,superior,Sucre,1200000,40
7402,hombre,31,18,superior,Sucre,700000,42
7403,hombre,61,5,primaria,Sucre,2000000,72
7404,mujer,40,12,superior,Sucre,1300000,60
7405,hombre,29,13,superior,Sucre,1000000,48
7406,mujer,24,16,superior,Sucre,828116,48
7407,mujer,28,16,superior,Sucre,781242,48
7408,hombre,50,11,media,Tolima,1000000,72
7409,hombre,38,16,superior,Tolima,900000,48
7410,mujer,46,2,primaria,Tolima,970000,72
7411,hombre,25,8,secundaria,Tolima,800000,60
7412,mujer,25,11,media,Tolima,160000,36
7413,hombre,63,5,primaria,Tolima,1800000,40
7414,mujer,50,11,media,Tolima,1200000,40
7415,mujer,32,16,superior,Tolima,1800000,48
7416,mujer,27,6,secundaria,Tolima,150000,18
7417,hombre,35,11,media,Tolima,1400000,60
7418,hombre,45,16,superior,Tolima,2000000,43
7419,mujer,44,16,superior,Tolima,2000000,48
7420,hombre,32,11,media,Tolima,1300000,86
7421,mujer,27,16,superior,Tolima,800000,60
7422,mujer,38,14,superior,Tolima,940000,48
7423,mujer,21,14,superior,Tolima,800000,48
7424,mujer,26,13,superior,Tolima,800000,48
7425,hombre,36,11,media,Tolima,1000000,45
7426,hombre,43,23,superior,Valle del Cauca,2000000,48
7427,mujer,37,11,media,Valle del Cauca,2000000,40
7428,mujer,40,11,media,Valle del Cauca,4000000,54
7429,mujer,23,16,superior,Valle del Cauca,781242,48
7430,mujer,19,11,superior,Valle del Cauca,800000,40
7431,mujer,20,11,superior,Valle del Cauca,800000,40
7432,hombre,56,5,primaria,Valle del Cauca,1000000,60
7433,mujer,30,13,superior,Valle del Cauca,1100000,49
7434,mujer,38,16,superior,Valle del Cauca,250000,20
7435,hombre,36,11,media,Valle del Cauca,2500000,52
7436,hombre,59,13,superior,Valle del Cauca,1600000,60
7437,hombre,31,11,media,Valle del Cauca,1170000,54
7438,hombre,23,11,media,Valle del Cauca,900000,54
7439,hombre,33,16,superior,Valle del Cauca,1600000,48
7440,mujer,30,16,superior,Valle del Cauca,2000000,48
7441,hombre,63,18,superior,Valle del Cauca,1000000,20
7442,hombre,60,16,superior,Valle del Cauca,3336723,30
7443,mujer,42,11,media,Valle del Cauca,781242,48
7444,hombre,28,11,media,Valle del Cauca,150000,56
7445,mujer,37,16,superior,Valle del Cauca,800000,10
7446,mujer,61,5,primaria,Valle del Cauca,100000,40
7447,mujer,27,16,superior,Valle del Cauca,1050000,48
7448,hombre,64,5,primaria,Valle del Cauca,2000000,28
7449,hombre,52,5,primaria,Valle del Cauca,950000,45
7450,mujer,26,11,media,Valle del Cauca,900000,48
7451,hombre,34,11,media,Valle del Cauca,781242,48
7452,hombre,56,10,media,Valle del Cauca,1300000,48
7453,mujer,59,5,primaria,Valle del Cauca,2000000,30
7454,mujer,46,11,media,Valle del Cauca,100000,10
7455,hombre,51,11,media,Valle del Cauca,901242,40
7456,mujer,26,11,media,Valle del Cauca,200000,40
7457,hombre,49,11,media,Valle del Cauca,1000000,60
7458,mujer,26,14,superior,Valle del Cauca,950000,48
7459,mujer,23,13,superior,Valle del Cauca,1200000,48
7460,hombre,28,11,media,Valle del Cauca,1200000,56
7461,hombre,26,11,media,Valle del Cauca,1200000,60
7462,hombre,31,11,media,Valle del Cauca,2400000,72
7463,mujer,29,11,media,Valle del Cauca,380000,20
7464,hombre,18,11,media,Valle del Cauca,830000,50
7465,hombre,41,13,superior,Valle del Cauca,1500000,77
7466,hombre,45,17,superior,Valle del Cauca,5300000,50
7467,hombre,23,11,media,Valle del Cauca,1595000,48
7468,hombre,37,15,superior,Valle del Cauca,2200000,50
7469,mujer,40,11,media,Valle del Cauca,800000,40
7470,hombre,43,24,superior,Valle del Cauca,5000000,60
7471,mujer,36,19,superior,Valle del Cauca,6000000,48
7472,hombre,41,8,secundaria,Valle del Cauca,480000,54
7473,hombre,52,5,primaria,Valle del Cauca,600000,48
7474,mujer,37,5,primaria,Valle del Cauca,320000,16
7475,hombre,26,11,media,Valle del Cauca,1000000,48
7476,hombre,56,7,secundaria,Valle del Cauca,787211,48
7477,hombre,27,11,media,Valle del Cauca,881242,44
7478,hombre,65,1,primaria,Valle del Cauca,400000,24
7479,hombre,40,11,media,Valle del Cauca,781242,48
7480,mujer,39,11,media,Valle del Cauca,781242,48
7481,hombre,54,4,primaria,Valle del Cauca,781242,96
7482,hombre,30,11,media,Valle del Cauca,1000000,60
7483,mujer,26,11,media,Valle del Cauca,781242,48
7484,mujer,29,7,secundaria,Valle del Cauca,781242,50
7485,hombre,63,4,primaria,Valle del Cauca,1100000,48
7486,mujer,37,9,secundaria,Valle del Cauca,640000,45
7487,hombre,29,11,media,Valle del Cauca,781242,54
7488,hombre,28,11,media,Valle del Cauca,828000,52
7489,hombre,34,5,primaria,Valle del Cauca,800000,70
7490,hombre,48,5,primaria,Valle del Cauca,500000,69
7491,mujer,49,11,media,Valle del Cauca,781242,48
7492,hombre,25,16,superior,Valle del Cauca,1500000,40
7493,mujer,25,13,superior,Valle del Cauca,1100000,48
7494,mujer,43,6,secundaria,Valle del Cauca,400000,70
7495,hombre,23,11,media,Valle del Cauca,900000,48
7496,hombre,21,11,media,Valle del Cauca,900000,54
7497,mujer,43,7,secundaria,Valle del Cauca,800000,96
7498,hombre,47,6,secundaria,Valle del Cauca,100000,48
7499,mujer,44,11,media,Valle del Cauca,781242,48
7500,mujer,57,11,media,Valle del Cauca,700000,24
7501,mujer,47,11,media,Valle del Cauca,1100000,24
7502,mujer,29,11,media,Valle del Cauca,1600000,48
7503,hombre,35,7,secundaria,Valle del Cauca,900000,60
7504,hombre,46,19,superior,Valle del Cauca,10000000,60
7505,hombre,48,11,media,Valle del Cauca,4800000,60
7506,mujer,43,14,superior,Valle del Cauca,3323000,40
7507,mujer,23,11,media,Valle del Cauca,900000,48
7508,hombre,52,11,media,Valle del Cauca,800000,30
7509,hombre,46,4,primaria,Valle del Cauca,781242,69
7510,hombre,27,11,media,Valle del Cauca,781242,56
7511,hombre,41,5,primaria,Valle del Cauca,1200000,48
7512,mujer,45,8,secundaria,Valle del Cauca,100000,40
7513,hombre,40,11,media,Valle del Cauca,1000000,48
7514,mujer,36,11,media,Valle del Cauca,1500000,48
7515,hombre,53,4,primaria,Valle del Cauca,600000,48
7516,mujer,29,13,superior,Valle del Cauca,1800000,48
7517,hombre,34,11,media,Valle del Cauca,781242,96
7518,mujer,36,6,secundaria,Valle del Cauca,300000,54
7519,hombre,50,7,secundaria,Valle del Cauca,900000,60
7520,mujer,51,18,superior,Valle del Cauca,2900000,20
7521,hombre,19,11,superior,Valle del Cauca,800000,48
7522,mujer,33,16,superior,Valle del Cauca,3200000,45
7523,mujer,30,7,secundaria,Valle del Cauca,900000,48
7524,mujer,28,16,superior,Valle del Cauca,2050000,60
7525,hombre,36,16,superior,Valle del Cauca,1800000,24
7526,hombre,39,16,superior,Valle del Cauca,1100000,48
7527,mujer,61,8,secundaria,Valle del Cauca,180000,40
7528,mujer,30,8,secundaria,Valle del Cauca,700000,48
7529,hombre,55,11,media,Cordoba,650000,60
7530,mujer,28,11,media,Cordoba,400000,20
7531,hombre,31,11,media,Cordoba,800000,48
7532,mujer,28,11,media,Cordoba,800000,60
7533,mujer,54,9,secundaria,Cordoba,600000,48
7534,hombre,65,11,media,Cordoba,1000000,54
7535,mujer,45,5,primaria,Cordoba,180000,16
7536,mujer,25,11,media,Cordoba,250000,39
7537,hombre,20,9,secundaria,Cordoba,500000,48
7538,hombre,18,8,secundaria,Cordoba,150000,21
7539,mujer,48,13,superior,Cordoba,920000,48
7540,hombre,24,16,superior,Cordoba,730000,54
7541,mujer,46,13,superior,Cordoba,200000,30
7542,mujer,38,13,media,Cordoba,800000,48
7543,hombre,54,18,superior,Cordoba,4000000,30
7544,hombre,23,16,superior,Cordoba,2200000,46
7545,hombre,30,11,media,Cordoba,1060000,54
7546,mujer,61,4,primaria,Cordoba,700000,70
7547,hombre,39,14,superior,Cordoba,800000,60
7548,hombre,41,11,media,Cordoba,3000000,60
7549,mujer,31,11,media,Cordoba,300000,20
7550,hombre,37,14,superior,Cordoba,280000,35
7551,hombre,59,3,primaria,Cordoba,700000,44
7552,mujer,36,5,primaria,Cordoba,280000,45
7553,mujer,52,5,primaria,Cordoba,781400,48
7554,mujer,54,9,secundaria,Cordoba,20000,24
7555,mujer,47,9,secundaria,Cordoba,750000,54
7556,hombre,65,11,media,Cordoba,2000000,44
7557,hombre,37,18,superior,Cordoba,3000000,50
7558,mujer,35,11,media,Cordoba,1000000,40
7559,hombre,34,19,superior,Cordoba,3200000,40
7560,mujer,29,17,superior,Cordoba,1300000,40
7561,mujer,42,5,primaria,Cordoba,730000,52
7562,mujer,61,11,media,Cordoba,2000000,70
7563,hombre,36,8,secundaria,Cordoba,550000,60
7564,mujer,34,11,media,Cordoba,380000,48
7565,hombre,24,5,primaria,Cordoba,500000,50
7566,hombre,19,5,primaria,Cordoba,500000,60
7567,mujer,43,11,media,Cordoba,781242,48
7568,hombre,26,11,media,Cordoba,620000,46
7569,hombre,19,6,secundaria,Cordoba,400000,60
7570,hombre,24,2,primaria,Cordoba,450000,54
7571,mujer,63,3,primaria,Cordoba,50000,14
7572,hombre,40,11,media,Cordoba,781242,48
7573,mujer,47,11,media,Cordoba,610000,55
7574,mujer,50,4,primaria,Cordoba,400000,45
7575,mujer,23,11,media,Cordoba,440000,50
7576,mujer,38,7,secundaria,Cordoba,510000,46
7577,hombre,32,5,primaria,Cordoba,340000,54
7578,hombre,35,5,primaria,Cordoba,600000,49
7579,mujer,48,3,primaria,Cordoba,350000,40
7580,hombre,24,11,media,Cordoba,600000,56
7581,hombre,34,4,primaria,Cordoba,500000,48
7582,hombre,30,8,secundaria,Cordoba,500000,54
7583,mujer,45,4,primaria,Cordoba,100000,21
7584,hombre,47,5,primaria,Cordoba,800000,54
7585,hombre,45,8,secundaria,Cordoba,1000000,50
7586,mujer,43,11,media,Cordoba,200000,18
7587,mujer,49,8,secundaria,Cordoba,500000,50
7588,hombre,48,18,superior,Cordoba,4000000,30
7589,mujer,45,17,superior,Cordoba,3200000,30
7590,mujer,53,5,primaria,Cordoba,1200000,50
7591,hombre,48,14,superior,Cordoba,3000000,48
7592,mujer,38,11,media,Cordoba,1200000,48
7593,hombre,38,18,superior,Cordoba,2800000,30
7594,mujer,38,16,superior,Cordoba,2800000,30
7595,hombre,61,18,superior,Cordoba,3700000,30
7596,mujer,64,9,secundaria,Cordoba,700000,40
7597,mujer,58,11,media,Cordoba,300000,30
7598,hombre,37,11,media,Cordoba,2000000,50
7599,hombre,64,16,superior,Cordoba,3120000,30
7600,hombre,35,11,media,Cordoba,800000,58
7601,mujer,29,11,media,Cordoba,470000,40
7602,hombre,35,10,media,Cordoba,600000,60
7603,mujer,34,5,primaria,Cordoba,200000,12
7604,hombre,29,11,media,Cordoba,600000,48
7605,hombre,27,9,secundaria,Cordoba,500000,56
7606,mujer,54,11,media,Cordoba,340000,30
7607,mujer,22,16,superior,Cordoba,130000,30
7608,hombre,44,11,media,Cordoba,1000000,58
7609,mujer,48,5,primaria,Cordoba,320000,48
7610,mujer,25,11,media,Cordoba,300000,40
7611,hombre,23,9,secundaria,Cordoba,250000,50
7612,hombre,53,5,primaria,Cordoba,820000,60
7613,mujer,46,5,primaria,Cordoba,500000,50
7614,hombre,27,11,media,Cordoba,620000,60
7615,hombre,57,5,primaria,Cordoba,1000000,65
7616,hombre,55,2,primaria,Valle del Cauca,570000,24
7617,hombre,64,6,secundaria,Valle del Cauca,150000,70
7618,mujer,37,11,media,Valle del Cauca,240000,56
7619,mujer,37,6,secundaria,Valle del Cauca,304000,14
7620,hombre,53,11,media,Valle del Cauca,1000000,88
7621,hombre,21,13,superior,Valle del Cauca,900000,50
7622,mujer,20,13,superior,Valle del Cauca,781242,45
7623,hombre,25,4,primaria,Valle del Cauca,600000,40
7624,hombre,23,11,media,Valle del Cauca,148000,32
7625,mujer,32,9,secundaria,Antioquia,781200,48
7626,mujer,38,11,media,Antioquia,280000,21
7627,mujer,24,11,media,Antioquia,781300,40
7628,hombre,22,11,media,Antioquia,800000,48
7629,hombre,48,14,superior,Antioquia,830000,48
7630,hombre,37,16,superior,Antioquia,19400000,48
7631,mujer,49,9,secundaria,Antioquia,781242,48
7632,mujer,50,11,media,Antioquia,1121242,48
7633,hombre,25,13,superior,Antioquia,1300000,40
7634,mujer,30,11,media,Antioquia,31489,48
7635,mujer,32,11,media,Antioquia,800000,48
7636,hombre,39,8,secundaria,Antioquia,700000,48
7637,hombre,18,10,media,Antioquia,120000,40
7638,mujer,43,14,superior,Antioquia,1217000,48
7639,hombre,39,3,primaria,Antioquia,1021242,48
7640,hombre,48,5,primaria,Antioquia,800000,72
7641,mujer,46,11,media,Antioquia,781242,48
7642,hombre,53,11,media,Antioquia,781242,48
7643,mujer,53,5,primaria,Antioquia,480000,40
7644,hombre,33,11,media,Antioquia,1100000,68
7645,hombre,41,13,superior,Antioquia,1600000,48
7646,hombre,39,13,superior,Antioquia,1633000,48
7647,mujer,39,13,superior,Antioquia,1164000,48
7648,hombre,29,16,superior,Antioquia,3000000,50
7649,hombre,32,14,superior,Antioquia,1500000,48
7650,hombre,59,11,media,Antioquia,2500000,54
7651,mujer,42,14,superior,Antioquia,500000,40
7652,hombre,40,14,superior,Antioquia,3500000,72
7653,mujer,38,11,media,Antioquia,1925000,48
7654,mujer,27,18,superior,Antioquia,4600000,48
7655,hombre,55,8,secundaria,Antioquia,1600000,60
7656,hombre,19,11,media,Antioquia,1000000,54
7657,mujer,27,14,superior,Antioquia,900000,48
7658,hombre,36,11,media,Antioquia,900000,48
7659,hombre,36,11,media,Antioquia,900000,54
7660,mujer,26,15,superior,Antioquia,2000000,48
7661,mujer,23,14,superior,Antioquia,2000000,48
7662,hombre,26,11,media,Antioquia,1200000,48
7663,mujer,37,11,media,Antioquia,781242,48
7664,mujer,58,3,primaria,Antioquia,200000,72
7665,hombre,52,11,media,Antioquia,1200000,50
7666,hombre,29,14,superior,Antioquia,781242,48
7667,mujer,25,15,superior,Antioquia,1600000,48
7668,hombre,60,11,media,Antioquia,4500000,45
7669,mujer,57,11,media,Antioquia,781242,24
7670,mujer,59,14,superior,Antioquia,2500000,48
7671,hombre,56,11,media,Antioquia,1000000,50
7672,mujer,63,11,media,Atlantico,800000,16
7673,hombre,23,13,superior,Atlantico,920000,48
7674,mujer,23,12,superior,Atlantico,781000,48
7675,hombre,32,16,superior,Atlantico,1350000,40
7676,mujer,28,15,superior,Atlantico,781242,48
7677,mujer,54,16,superior,Atlantico,3200000,48
7678,mujer,64,5,primaria,Atlantico,460000,20
7679,hombre,36,11,media,Atlantico,840000,48
7680,hombre,63,17,superior,Bogota D.C.,10000000,84
7681,mujer,60,18,superior,Bogota D.C.,5000000,30
7682,mujer,41,5,primaria,Bogota D.C.,1500000,48
7683,hombre,25,11,media,Bogota D.C.,1500000,48
7684,mujer,61,23,superior,Bogota D.C.,8000000,30
7685,hombre,36,11,media,Bolivar,781242,48
7686,hombre,52,5,primaria,Bolivar,500000,40
7687,hombre,35,3,primaria,Bolivar,700000,40
7688,mujer,29,11,media,Bolivar,300000,40
7689,mujer,40,11,media,Bolivar,500000,48
7690,hombre,45,8,secundaria,Bolivar,600000,48
7691,hombre,40,5,primaria,Bolivar,600000,50
7692,mujer,47,11,media,Bolivar,250000,30
7693,hombre,44,8,secundaria,Bolivar,1000000,48
7694,hombre,36,11,media,Bolivar,900000,40
7695,mujer,54,5,primaria,Bolivar,300000,25
7696,mujer,61,7,secundaria,Bolivar,200000,20
7697,mujer,25,13,superior,Bolivar,300000,40
7698,mujer,34,13,superior,Bolivar,800000,40
7699,mujer,33,11,media,Bolivar,900000,48
7700,hombre,37,11,media,Bolivar,781242,48
7701,hombre,30,7,secundaria,Bolivar,650000,40
7702,hombre,34,11,media,Bolivar,1400000,60
7703,mujer,29,11,media,Bolivar,600000,40
7704,hombre,27,5,primaria,Boyaca,300000,48
7705,mujer,62,2,primaria,Boyaca,500000,25
7706,hombre,39,14,superior,Boyaca,1600000,48
7707,mujer,32,11,media,Boyaca,781242,48
7708,mujer,34,11,media,Boyaca,1400000,48
7709,mujer,43,5,primaria,Boyaca,100000,60
7710,hombre,20,6,secundaria,Boyaca,800000,72
7711,mujer,43,5,primaria,Boyaca,420000,21
7712,hombre,43,5,primaria,Boyaca,1000000,50
7713,mujer,33,14,superior,Boyaca,1200000,40
7714,mujer,18,11,media,Boyaca,170000,30
7715,mujer,65,20,superior,Boyaca,3600000,40
7716,hombre,51,4,primaria,Boyaca,1000000,48
7717,hombre,43,14,superior,Boyaca,1800000,40
7718,mujer,40,14,superior,Boyaca,1500000,48
7719,hombre,56,5,primaria,Boyaca,600000,50
7720,mujer,51,5,primaria,Boyaca,200000,20
7721,hombre,22,13,superior,Boyaca,300000,50
7722,mujer,23,11,media,Boyaca,300000,50
7723,hombre,42,12,superior,Boyaca,1000000,50
7724,mujer,43,16,superior,Boyaca,1900000,40
7725,hombre,29,16,superior,Boyaca,800000,30
7726,mujer,25,16,superior,Boyaca,800000,30
7727,mujer,47,13,superior,Boyaca,781242,40
7728,mujer,52,11,media,Boyaca,800000,70
7729,hombre,34,12,superior,Boyaca,500000,40
7730,hombre,33,11,media,Boyaca,800000,30
7731,mujer,27,11,media,Boyaca,250000,5
7732,hombre,27,12,superior,Boyaca,400000,30
7733,hombre,20,13,superior,Boyaca,300000,70
7734,hombre,23,12,superior,Boyaca,1028000,56
7735,hombre,25,15,superior,Boyaca,1000000,72
7736,mujer,29,11,media,Boyaca,781242,40
7737,hombre,24,12,superior,Boyaca,500000,40
7738,hombre,27,8,secundaria,Boyaca,360000,40
7739,hombre,26,11,media,Boyaca,400000,70
7740,hombre,30,8,secundaria,Boyaca,400000,36
7741,hombre,27,11,media,Boyaca,100000,48
7742,hombre,40,11,media,Boyaca,781242,48
7743,hombre,60,5,primaria,Boyaca,300000,24
7744,hombre,52,2,primaria,Boyaca,1000000,48
7745,hombre,58,3,primaria,Boyaca,200000,48
7746,hombre,38,21,superior,Boyaca,2000000,40
7747,mujer,32,19,superior,Boyaca,4300000,40
7748,mujer,31,16,superior,Boyaca,1500000,40
7749,hombre,31,11,media,Boyaca,781242,48
7750,mujer,33,19,superior,Boyaca,6615000,74
7751,hombre,36,11,media,Boyaca,1800000,60
7752,mujer,35,17,superior,Boyaca,400000,50
7753,hombre,52,19,superior,Boyaca,2980000,40
7754,mujer,34,17,superior,Boyaca,1800000,40
7755,hombre,42,18,superior,Boyaca,2100000,40
7756,hombre,49,11,media,Caldas,1100000,48
7757,hombre,51,2,primaria,Caldas,500000,72
7758,mujer,25,14,superior,Caldas,900000,48
7759,hombre,36,5,primaria,Caldas,1000000,72
7760,hombre,22,11,media,Caldas,781242,48
7761,mujer,23,13,superior,Caldas,900000,48
7762,hombre,41,8,secundaria,Caldas,450000,40
7763,mujer,34,11,media,Caldas,981242,55
7764,mujer,43,9,secundaria,Caldas,781242,48
7765,mujer,23,14,superior,Caldas,950000,48
7766,mujer,20,11,media,Caldas,781242,48
7767,hombre,46,9,secundaria,Caldas,1000000,60
7768,mujer,44,5,primaria,Caldas,781242,48
7769,hombre,22,17,superior,Caldas,580000,48
7770,hombre,21,11,media,Caldas,781242,48
7771,hombre,25,16,superior,Caldas,1228000,44
7772,hombre,28,15,superior,Caldas,781242,48
7773,mujer,32,13,superior,Caldas,450000,24
7774,hombre,50,5,primaria,Caldas,800000,55
7775,mujer,50,7,secundaria,Caldas,781242,48
7776,hombre,29,8,secundaria,Caldas,781242,60
7777,mujer,35,18,superior,Caldas,3000000,48
7778,hombre,47,8,secundaria,Caldas,800000,24
7779,mujer,41,11,media,Caldas,781242,60
7780,mujer,44,5,primaria,Caldas,400000,35
7781,mujer,20,13,superior,Caldas,630000,35
7782,hombre,46,13,superior,Caldas,3300000,50
7783,hombre,39,0,ninguno,Caldas,800000,48
7784,hombre,37,11,media,Caldas,500000,50
7785,hombre,54,3,primaria,Caldas,781242,48
7786,hombre,43,2,primaria,Caldas,781242,54
7787,mujer,20,11,media,Caldas,800000,60
7788,mujer,56,5,primaria,Caldas,900000,40
7789,hombre,43,5,primaria,Caldas,800000,48
7790,hombre,22,11,media,Caldas,781242,48
7791,mujer,21,11,media,Caldas,2000000,40
7792,hombre,39,2,primaria,Caldas,1200000,60
7793,hombre,21,11,media,Caldas,1000000,48
7794,hombre,51,13,superior,Caldas,3000000,60
7795,hombre,40,11,media,Caldas,781242,48
7796,hombre,31,16,superior,Caldas,1800000,40
7797,mujer,33,20,superior,Caldas,3900000,48
7798,hombre,50,13,superior,Caldas,600000,40
7799,mujer,36,13,superior,Caldas,800000,48
7800,hombre,36,6,secundaria,Caldas,781242,50
7801,hombre,61,5,primaria,Caldas,400000,48
7802,mujer,32,13,superior,Caldas,800000,60
7803,hombre,24,13,superior,Caldas,781242,48
7804,hombre,33,11,media,Caldas,781242,45
7805,mujer,27,11,media,Caldas,781242,45
7806,mujer,31,16,superior,Caldas,2500000,54
7807,hombre,30,9,secundaria,Caldas,600000,60
7808,hombre,54,13,superior,Caldas,941242,60
7809,mujer,40,13,superior,Caldas,800000,48
7810,hombre,37,10,media,Caldas,800000,48
7811,mujer,56,5,primaria,Caldas,200000,56
7812,mujer,48,11,media,Caldas,2000000,72
7813,hombre,36,6,secundaria,Caldas,800000,50
7814,hombre,34,11,media,Caldas,1000000,48
7815,mujer,25,16,superior,Caldas,1500000,40
7816,hombre,32,13,superior,Caldas,1101242,40
7817,mujer,56,16,superior,Caldas,2000000,48
7818,hombre,36,16,superior,Caldas,6000000,48
7819,mujer,34,16,superior,Caldas,400000,14
7820,hombre,38,20,superior,Caldas,1000000,30
7821,hombre,43,16,superior,Caldas,1700000,42
7822,hombre,55,11,media,Caldas,2000000,20
7823,mujer,41,16,superior,Caldas,2500000,50
7824,hombre,47,9,secundaria,Caldas,781242,60
7825,mujer,65,5,primaria,Caldas,400000,20
7826,hombre,53,6,secundaria,Caldas,1000000,60
7827,hombre,30,18,superior,Caldas,2190000,48
7828,hombre,64,5,primaria,Caldas,900000,50
7829,mujer,52,9,secundaria,Caldas,1100000,70
7830,hombre,28,11,media,Caldas,1200000,70
7831,hombre,26,11,media,Caldas,1000000,70
7832,hombre,64,11,media,Caldas,800000,40
7833,hombre,30,11,media,Caldas,1000000,50
7834,hombre,62,11,media,Caldas,1800000,48
7835,hombre,45,13,superior,Cauca,2000000,40
7836,hombre,42,11,media,Cauca,1500000,44
7837,mujer,33,11,media,Cauca,700000,24
7838,hombre,59,13,media,Cauca,800000,48
7839,hombre,41,9,secundaria,Cauca,700000,40
7840,hombre,36,16,superior,Cauca,2500000,40
7841,mujer,62,5,primaria,Cauca,300000,50
7842,mujer,23,11,media,Cauca,50000,2
7843,hombre,21,11,media,Cauca,800000,60
7844,hombre,37,11,superior,Cauca,950000,66
7845,mujer,37,10,media,Cauca,360000,48
7846,hombre,44,5,primaria,Cauca,300000,30
7847,hombre,64,18,superior,Cauca,3700000,35
7848,hombre,56,17,superior,Cauca,4800000,40
7849,hombre,52,5,primaria,Cauca,700000,63
7850,hombre,57,5,primaria,Cauca,200000,48
7851,hombre,59,8,secundaria,Cauca,782000,48
7852,mujer,36,11,media,Cauca,500000,24
7853,hombre,38,7,secundaria,Cauca,800000,60
7854,mujer,30,13,superior,Cauca,800000,54
7855,mujer,39,13,superior,Cauca,300000,24
7856,hombre,59,16,superior,Cauca,2500000,40
7857,hombre,44,6,secundaria,Cauca,921000,91
7858,mujer,46,11,media,Cauca,600000,35
7859,hombre,28,11,media,Cauca,500000,38
7860,mujer,27,12,superior,Cauca,800000,15
7861,hombre,55,5,primaria,Cauca,864000,48
7862,mujer,53,5,primaria,Cauca,45000,14
7863,hombre,35,12,superior,Cauca,900000,48
7864,hombre,41,13,superior,Cauca,3000000,54
7865,hombre,30,12,superior,Cauca,1219000,70
7866,hombre,26,9,secundaria,Cauca,850000,56
7867,hombre,34,11,media,Cauca,1000000,54
7868,hombre,28,5,primaria,Cauca,400000,60
7869,hombre,22,8,secundaria,Cauca,400000,60
7870,mujer,40,10,media,Cauca,480000,54
7871,mujer,40,11,media,Cauca,781242,48
7872,mujer,21,13,superior,Cauca,528000,60
7873,mujer,49,8,secundaria,Cauca,250000,60
7874,hombre,51,19,superior,Cauca,2500000,21
7875,mujer,46,16,superior,Cauca,3800000,49
7876,mujer,35,9,secundaria,Cauca,80000,30
7877,hombre,36,11,media,Cauca,2500000,72
7878,hombre,26,11,media,Cauca,781242,60
7879,hombre,54,0,ninguno,Cauca,200000,54
7880,hombre,31,3,primaria,Cauca,180000,54
7881,hombre,36,16,superior,Cauca,1880000,40
7882,mujer,36,16,superior,Cauca,600000,36
7883,hombre,53,3,primaria,Cauca,50000,8
7884,hombre,61,16,superior,Cauca,3500000,45
7885,mujer,64,16,superior,Cauca,100000,40
7886,hombre,37,17,superior,Cauca,3400000,40
7887,mujer,54,16,superior,Cauca,1200000,20
7888,hombre,25,15,superior,Cauca,781242,40
7889,mujer,25,14,superior,Cauca,840000,74
7890,mujer,22,14,superior,Cauca,981000,44
7891,mujer,52,16,superior,Cauca,1424000,40
7892,hombre,52,5,primaria,Cesar,1200000,48
7893,hombre,21,7,secundaria,Cordoba,300000,30
7894,hombre,43,5,primaria,Cordoba,980000,50
7895,hombre,60,5,primaria,Cordoba,600000,45
7896,mujer,18,11,media,Cordoba,300000,40
7897,mujer,39,8,secundaria,Cordoba,350000,40
7898,mujer,40,4,primaria,Cordoba,350000,42
7899,hombre,48,16,superior,Cordoba,2000000,46
7900,mujer,60,18,superior,Choco,3680000,30
7901,mujer,22,11,media,Choco,800000,66
7902,mujer,21,12,superior,Choco,400000,40
7903,hombre,22,14,superior,Choco,1200000,56
7904,mujer,56,12,superior,Choco,400000,50
7905,mujer,34,11,media,Choco,300000,30
7906,mujer,35,11,media,Choco,300000,20
7907,hombre,44,13,superior,Choco,800000,48
7908,mujer,36,16,superior,Choco,300000,30
7909,hombre,47,2,primaria,Choco,450000,50
7910,mujer,41,0,ninguno,Choco,400000,40
7911,hombre,44,18,superior,Choco,3000000,40
7912,mujer,41,18,superior,Choco,2000000,40
7913,mujer,60,4,primaria,Choco,250000,40
7914,hombre,31,16,superior,Choco,800000,48
7915,hombre,32,13,superior,Choco,900000,48
7916,mujer,55,16,superior,Choco,300000,91
7917,hombre,34,4,primaria,Choco,200000,48
7918,mujer,64,0,ninguno,Choco,300000,21
7919,hombre,51,3,primaria,Choco,900000,70
7920,mujer,19,11,media,Choco,800000,48
7921,mujer,35,12,superior,Choco,400000,36
7922,mujer,26,12,superior,Choco,700000,48
7923,hombre,25,12,superior,Huila,900000,40
7924,mujer,59,14,superior,Huila,100000,20
7925,hombre,24,11,media,Huila,150000,40
7926,hombre,43,8,secundaria,Huila,800000,48
7927,hombre,41,5,primaria,Huila,700000,72
7928,hombre,63,5,primaria,Huila,2000000,50
7929,mujer,27,16,superior,Huila,781232,50
7930,hombre,40,11,media,Huila,1800000,48
7931,hombre,52,9,secundaria,Huila,1000000,50
7932,mujer,59,11,media,Huila,200000,48
7933,hombre,62,6,secundaria,Huila,800000,56
7934,hombre,19,12,superior,Huila,250000,25
7935,hombre,50,5,primaria,Huila,850000,48
7936,hombre,24,11,media,Huila,781242,48
7937,hombre,41,11,media,Huila,900000,48
7938,mujer,45,11,media,Huila,950000,48
7939,hombre,40,4,primaria,Huila,400000,60
7940,hombre,31,11,media,Huila,800000,48
7941,mujer,21,11,media,Huila,781000,56
7942,hombre,46,4,primaria,Huila,1100000,48
7943,mujer,48,5,primaria,Huila,400000,20
7944,hombre,33,5,primaria,Huila,800000,56
7945,mujer,38,5,primaria,Huila,500000,49
7946,mujer,55,16,superior,La Guajira,1200000,56
7947,hombre,21,8,secundaria,La Guajira,400000,56
7948,mujer,54,11,media,La Guajira,150000,18
7949,mujer,60,2,primaria,La Guajira,780000,30
7950,hombre,41,6,secundaria,La Guajira,1000000,48
7951,hombre,36,11,media,La Guajira,870000,48
7952,hombre,25,1,primaria,La Guajira,600000,60
7953,mujer,45,8,secundaria,La Guajira,120000,16
7954,hombre,56,0,ninguno,La Guajira,750000,84
7955,hombre,32,16,superior,La Guajira,1100000,40
7956,mujer,24,18,superior,La Guajira,1200000,40
7957,mujer,40,13,superior,La Guajira,1100000,48
7958,mujer,52,5,primaria,La Guajira,600000,48
7959,hombre,22,11,superior,La Guajira,300000,48
7960,hombre,26,11,media,La Guajira,850000,72
7961,mujer,44,14,superior,La Guajira,1200000,48
7962,hombre,19,11,superior,La Guajira,750000,72
7963,mujer,31,11,media,La Guajira,150000,22
7964,hombre,55,0,ninguno,Magdalena,1500000,98
7965,mujer,34,14,superior,Magdalena,600000,48
7966,hombre,37,11,media,Magdalena,800000,70
7967,mujer,28,11,media,Magdalena,1000000,40
7968,mujer,54,11,media,Magdalena,1000000,50
7969,hombre,65,10,media,Magdalena,800000,50
7970,hombre,39,11,media,Magdalena,781242,56
7971,mujer,64,16,superior,Magdalena,300000,40
7972,mujer,43,16,superior,Magdalena,300000,70
7973,hombre,21,14,superior,Magdalena,400000,24
7974,hombre,50,6,secundaria,Magdalena,450000,40
7975,mujer,47,0,ninguno,Magdalena,24000,4
7976,mujer,44,11,media,Magdalena,800000,60
7977,hombre,52,5,primaria,Magdalena,900000,60
7978,mujer,21,13,superior,Magdalena,1200000,48
7979,hombre,25,13,superior,Magdalena,800000,48
7980,hombre,20,7,secundaria,Magdalena,900000,60
7981,hombre,39,8,secundaria,Magdalena,900000,84
7982,mujer,31,9,secundaria,Magdalena,500000,40
7983,hombre,22,14,superior,Magdalena,600000,84
7984,hombre,49,8,secundaria,Magdalena,250000,84
7985,hombre,25,11,media,Magdalena,1000000,60
7986,mujer,63,16,superior,Magdalena,1600000,30
7987,mujer,52,16,superior,Magdalena,1300000,48
7988,hombre,47,16,superior,Magdalena,3563562,40
7989,mujer,43,14,superior,Magdalena,1150000,40
7990,hombre,41,11,media,Magdalena,700000,54
7991,hombre,56,16,superior,Magdalena,9000000,40
7992,mujer,54,16,superior,Magdalena,4000000,40
7993,hombre,46,11,media,Magdalena,2000000,48
7994,mujer,33,16,superior,Magdalena,781242,48
7995,hombre,26,11,superior,Magdalena,781242,72
7996,mujer,54,11,media,Magdalena,1128116,48
7997,mujer,21,11,media,Magdalena,781242,56
7998,hombre,35,10,media,Magdalena,700000,56
7999,hombre,50,7,secundaria,Magdalena,800000,48
8000,mujer,31,11,media,Magdalena,3000000,48
8001,mujer,35,11,media,Magdalena,1000000,48
8002,hombre,34,16,superior,Magdalena,2500000,48
8003,hombre,48,17,superior,Magdalena,3500000,50
8004,hombre,58,5,primaria,Magdalena,400000,30
8005,mujer,29,16,superior,Magdalena,1600000,40
8006,hombre,23,12,superior,Magdalena,300000,20
8007,hombre,45,18,superior,Magdalena,9000000,72
8008,hombre,44,11,media,Meta,800000,48
8009,hombre,51,6,secundaria,Meta,1200000,60
8010,hombre,22,11,media,Meta,850000,50
8011,mujer,43,11,media,Meta,2700000,60
8012,hombre,26,11,media,Meta,800000,42
8013,hombre,24,11,media,Meta,800000,50
8014,hombre,25,14,superior,Meta,800000,40
8015,mujer,19,11,media,Meta,750000,40
8016,hombre,63,7,secundaria,Meta,200000,48
8017,hombre,54,11,media,Meta,1800000,48
8018,mujer,49,9,secundaria,Meta,900000,35
8019,hombre,62,18,superior,Meta,3000000,30
8020,mujer,57,18,superior,Meta,4000000,30
8021,hombre,45,5,primaria,Meta,2000000,50
8022,hombre,20,14,superior,Meta,1000000,48
8023,hombre,32,11,media,Meta,1380000,84
8024,mujer,32,3,primaria,Meta,900000,32
8025,hombre,49,16,superior,Meta,3000000,40
8026,hombre,41,7,secundaria,Meta,1500000,72
8027,hombre,35,11,media,Meta,2500000,84
8028,hombre,28,14,superior,Meta,1000000,50
8029,mujer,28,15,superior,Meta,870000,10
8030,hombre,41,16,superior,Meta,2800000,40
8031,mujer,42,16,superior,Meta,931242,56
8032,hombre,21,11,media,Meta,142000,30
8033,hombre,41,3,primaria,Meta,1500000,60
8034,hombre,20,11,media,Meta,800000,48
8035,hombre,35,16,superior,Meta,2700000,48
8036,mujer,30,16,superior,Meta,2300000,44
8037,hombre,40,7,secundaria,Meta,1200000,42
8038,hombre,21,11,media,Meta,1800000,48
8039,mujer,58,0,ninguno,Meta,190000,40
8040,hombre,25,11,media,Meta,850000,50
8041,mujer,37,5,primaria,Meta,550000,40
8042,hombre,23,8,secundaria,Meta,1200000,56
8043,mujer,24,8,secundaria,Meta,1280000,72
8044,mujer,45,11,media,Meta,790000,48
8045,hombre,25,13,superior,Meta,1000000,84
8046,hombre,31,8,secundaria,Meta,1000000,48
8047,mujer,27,11,media,Meta,700000,40
8048,mujer,45,11,media,Meta,400000,30
8049,mujer,26,6,secundaria,Meta,1400000,15
8050,mujer,26,14,superior,Meta,840000,48
8051,hombre,25,11,media,Meta,800000,66
8052,hombre,63,5,primaria,Meta,700000,45
8053,hombre,34,8,secundaria,Meta,400000,48
8054,mujer,62,5,primaria,Meta,200000,20
8055,hombre,33,11,media,Meta,2000000,50
8056,mujer,32,16,superior,Meta,1500000,48
8057,mujer,46,11,media,Meta,800000,55
8058,mujer,42,5,primaria,Narino,520000,48
8059,mujer,60,5,primaria,Narino,200000,30
8060,mujer,33,19,superior,Narino,2200000,37
8061,hombre,32,15,superior,Narino,800000,30
8062,hombre,27,11,media,Narino,300000,38
8063,mujer,24,11,media,Narino,300000,36
8064,mujer,32,16,superior,Narino,3700000,60
8065,hombre,32,11,media,Narino,900000,72
8066,mujer,32,11,media,Narino,100000,30
8067,hombre,47,13,superior,Narino,2900000,40
8068,mujer,63,11,media,Narino,500000,25
8069,mujer,30,11,media,Narino,500000,48
8070,mujer,51,5,primaria,Narino,300000,36
8071,hombre,62,16,superior,Narino,210000,24
8072,hombre,51,16,superior,Narino,10000000,40
8073,mujer,52,13,superior,Narino,1660000,44
8074,hombre,35,13,superior,Narino,700000,48
8075,mujer,53,5,primaria,Narino,800000,56
8076,mujer,47,1,primaria,Narino,980000,52
8077,hombre,38,11,media,Narino,925148,48
8078,mujer,57,2,primaria,Narino,150000,20
8079,hombre,43,5,primaria,Narino,400000,48
8080,hombre,23,12,superior,Narino,900000,48
8081,hombre,23,16,superior,Narino,781242,36
8082,mujer,28,16,superior,Narino,1200000,38
8083,hombre,59,5,primaria,Narino,300000,72
8084,hombre,36,13,superior,Narino,300000,48
8085,mujer,51,5,primaria,Narino,400000,40
8086,mujer,31,17,superior,Narino,4000000,40
8087,mujer,50,5,primaria,Narino,350000,28
8088,mujer,63,11,media,Narino,500000,40
8089,mujer,51,5,primaria,Narino,500000,36
8090,hombre,29,16,superior,Narino,1600000,48
8091,hombre,50,2,primaria,Narino,800000,48
8092,mujer,41,11,media,N. de Santander,600000,40
8093,hombre,53,5,primaria,N. de Santander,780000,60
8094,hombre,28,7,secundaria,N. de Santander,700000,50
8095,hombre,36,5,primaria,N. de Santander,1200000,55
8096,hombre,31,11,media,N. de Santander,949000,84
8097,mujer,37,11,media,N. de Santander,160000,8
8098,hombre,28,7,secundaria,Quindio,782000,48
8099,mujer,58,5,primaria,Quindio,60000,15
8100,hombre,55,1,primaria,Quindio,840000,84
8101,hombre,48,2,primaria,Quindio,781242,50
8102,hombre,31,11,media,Quindio,500000,40
8103,mujer,23,11,media,Quindio,781242,48
8104,hombre,33,11,media,Quindio,900000,72
8105,mujer,31,11,media,Quindio,1300000,48
8106,hombre,54,11,media,Quindio,900000,50
8107,mujer,59,6,secundaria,Quindio,1117242,48
8108,mujer,19,13,superior,Quindio,920000,48
8109,hombre,45,7,secundaria,Quindio,1100000,55
8110,mujer,58,13,superior,Quindio,781242,40
8111,mujer,36,9,secundaria,Quindio,781242,60
8112,mujer,29,11,media,Quindio,1182000,60
8113,mujer,56,12,superior,Quindio,300000,3
8114,mujer,34,19,superior,Quindio,1750000,60
8115,hombre,45,8,secundaria,Quindio,1500000,48
8116,mujer,27,11,media,Quindio,480000,36
8117,mujer,58,0,ninguno,Quindio,240000,20
8118,hombre,40,14,superior,Quindio,900000,55
8119,hombre,24,11,media,Quindio,782000,40
8120,mujer,51,5,primaria,Risaralda,981242,48
8121,mujer,24,13,superior,Risaralda,1081242,48
8122,mujer,21,11,media,Risaralda,200000,40
8123,hombre,19,9,secundaria,Risaralda,800000,48
8124,hombre,62,5,primaria,Risaralda,700000,40
8125,mujer,27,6,secundaria,Risaralda,600000,40
8126,hombre,24,11,media,Risaralda,781242,48
8127,mujer,40,11,media,Risaralda,781242,50
8128,hombre,55,11,media,Risaralda,2500000,30
8129,hombre,44,16,superior,Risaralda,800000,40
8130,hombre,53,11,media,Risaralda,240000,66
8131,mujer,21,14,superior,Risaralda,781242,48
8132,mujer,51,1,primaria,Risaralda,800000,95
8133,hombre,20,11,superior,Risaralda,781242,48
8134,hombre,49,11,media,Risaralda,728000,42
8135,mujer,26,11,media,Risaralda,781242,48
8136,hombre,25,14,superior,Risaralda,1500000,48
8137,mujer,29,13,superior,Risaralda,781242,48
8138,hombre,32,11,media,Risaralda,781242,84
8139,hombre,60,11,media,Risaralda,700000,49
8140,mujer,32,11,media,Risaralda,781242,48
8141,hombre,32,11,media,Risaralda,900000,70
8142,mujer,29,11,media,Risaralda,200000,50
8143,mujer,48,6,secundaria,Risaralda,50000,40
8144,hombre,20,11,media,Risaralda,800000,54
8145,hombre,41,11,media,Risaralda,781242,48
8146,hombre,42,11,media,Risaralda,781242,56
8147,hombre,39,13,superior,Risaralda,800000,48
8148,mujer,28,13,superior,Risaralda,900000,48
8149,hombre,42,2,primaria,Risaralda,800000,48
8150,mujer,33,11,media,Risaralda,781242,48
8151,mujer,54,3,primaria,Risaralda,420000,42
8152,mujer,31,11,media,Risaralda,781242,48
8153,mujer,22,13,superior,Risaralda,781242,56
8154,hombre,23,11,media,Risaralda,1200000,58
8155,hombre,19,9,secundaria,Risaralda,781242,50
8156,mujer,53,16,superior,Risaralda,800000,40
8157,mujer,25,16,superior,Risaralda,4000000,48
8158,hombre,49,11,media,Risaralda,1000000,70
8159,mujer,46,5,primaria,Risaralda,500000,60
8160,hombre,22,11,media,Risaralda,500000,50
8161,hombre,49,18,superior,Risaralda,3000000,40
8162,mujer,46,17,superior,Risaralda,2000000,40
8163,hombre,38,8,secundaria,Risaralda,900000,42
8164,mujer,23,8,secundaria,Risaralda,200000,48
8165,mujer,35,18,superior,Risaralda,3612000,45
8166,hombre,47,5,primaria,Risaralda,200000,60
8167,hombre,22,8,secundaria,Risaralda,800000,48
8168,mujer,57,16,superior,Risaralda,5000000,60
8169,mujer,58,13,superior,Risaralda,70000,40
8170,hombre,35,5,primaria,Risaralda,1000000,46
8171,mujer,25,9,secundaria,Risaralda,500000,40
8172,hombre,19,11,media,Risaralda,781242,48
8173,mujer,22,14,superior,Risaralda,290000,18
8174,hombre,48,4,primaria,Risaralda,900000,50
8175,mujer,24,16,superior,Risaralda,1200000,40
8176,hombre,22,11,media,Risaralda,781242,48
8177,hombre,39,11,media,Risaralda,781242,48
8178,hombre,55,3,primaria,Risaralda,781242,48
8179,hombre,47,5,primaria,Risaralda,800000,45
8180,mujer,26,13,superior,Risaralda,781242,48
8181,hombre,42,4,primaria,Risaralda,400000,50
8182,hombre,35,5,primaria,Risaralda,700000,50
8183,hombre,23,11,media,Risaralda,781500,48
8184,mujer,56,3,primaria,Risaralda,600000,40
8185,hombre,58,5,primaria,Risaralda,600000,60
8186,hombre,25,11,media,Risaralda,1200000,72
8187,mujer,61,6,secundaria,Risaralda,750000,40
8188,hombre,36,13,superior,Risaralda,800000,48
8189,mujer,22,13,superior,Risaralda,1200000,54
8190,mujer,56,18,superior,Santander,5200000,48
8191,hombre,49,16,superior,Santander,781242,55
8192,hombre,21,14,superior,Santander,300000,15
8193,hombre,59,11,media,Santander,800000,50
8194,hombre,56,11,media,Santander,2000000,60
8195,hombre,25,11,media,Santander,1100000,60
8196,mujer,20,14,superior,Santander,400000,30
8197,hombre,50,7,secundaria,Santander,1450000,48
8198,mujer,51,11,media,Santander,1300000,48
8199,mujer,42,16,superior,Santander,2000000,48
8200,mujer,22,15,superior,Santander,540000,30
8201,hombre,26,11,media,Santander,458000,36
8202,mujer,22,13,superior,Santander,830000,40
8203,hombre,44,11,media,Santander,3100000,40
8204,mujer,39,14,superior,Santander,3800000,40
8205,hombre,31,16,superior,Santander,1760000,30
8206,hombre,56,14,superior,Santander,400000,40
8207,mujer,49,16,superior,Santander,500000,28
8208,hombre,42,16,superior,Santander,1000000,50
8209,hombre,32,11,media,Santander,1041200,72
8210,hombre,38,10,media,Santander,1566400,90
8211,mujer,55,17,superior,Santander,425000,18
8212,hombre,23,13,superior,Santander,900000,56
8213,mujer,57,14,superior,Santander,2500000,40
8214,hombre,51,11,media,Santander,700000,48
8215,mujer,53,14,superior,Santander,1600000,40
8216,mujer,48,11,media,Santander,700000,48
8217,mujer,28,13,superior,Santander,900000,48
8218,hombre,31,11,superior,Santander,1320000,24
8219,hombre,28,14,superior,Santander,1600000,48
8220,mujer,33,11,media,Santander,5000000,48
8221,mujer,56,6,secundaria,Santander,100000,22
8222,mujer,18,11,media,Santander,200000,36
8223,hombre,46,11,media,Santander,2000000,48
8224,mujer,43,18,superior,Santander,3000000,48
8225,mujer,54,2,primaria,Santander,1000000,48
8226,hombre,26,11,media,Santander,300000,24
8227,hombre,52,16,superior,Santander,1100000,48
8228,mujer,49,14,superior,Santander,900000,50
8229,mujer,20,14,superior,Santander,800000,50
8230,mujer,36,11,media,Santander,640000,80
8231,mujer,30,11,media,Santander,981200,60
8232,hombre,33,11,media,Santander,700000,88
8233,hombre,31,11,media,Santander,1000000,48
8234,mujer,51,5,primaria,Santander,941200,48
8235,hombre,50,5,primaria,Santander,3000000,8
8236,hombre,26,11,media,Santander,1200000,48
8237,hombre,51,8,secundaria,Santander,100000,50
8238,mujer,39,11,media,Santander,367500,48
8239,hombre,27,11,media,Santander,900000,60
8240,hombre,52,5,primaria,Santander,1000000,38
8241,hombre,50,6,secundaria,Santander,1800000,60
8242,mujer,40,13,superior,Santander,700000,40
8243,hombre,25,11,media,Santander,900000,60
8244,mujer,46,11,media,Santander,510000,24
8245,hombre,42,11,media,Santander,400000,72
8246,hombre,23,9,secundaria,Santander,350000,72
8247,mujer,24,4,primaria,Santander,210000,24
8248,hombre,32,11,media,Sucre,400000,40
8249,mujer,26,12,superior,Sucre,781242,48
8250,hombre,52,11,media,Sucre,900000,40
8251,mujer,52,5,primaria,Sucre,120000,23
8252,hombre,60,0,ninguno,Sucre,300000,60
8253,mujer,63,2,primaria,Sucre,70000,23
8254,hombre,35,3,primaria,Sucre,500000,42
8255,hombre,38,11,media,Sucre,600000,48
8256,hombre,34,13,superior,Tolima,1100000,48
8257,hombre,54,6,secundaria,Tolima,1200000,60
8258,hombre,48,11,media,Tolima,800000,70
8259,hombre,41,11,media,Tolima,800000,60
8260,mujer,37,16,superior,Tolima,400000,10
8261,hombre,37,16,superior,Tolima,3000000,48
8262,hombre,55,16,superior,Tolima,5000000,40
8263,mujer,51,20,superior,Tolima,3000000,50
8264,mujer,47,13,superior,Tolima,400000,21
8265,hombre,48,11,media,Tolima,1800000,48
8266,hombre,45,16,superior,Tolima,1600000,45
8267,mujer,44,11,media,Tolima,1900000,45
8268,mujer,40,11,media,Tolima,781242,48
8269,hombre,19,12,superior,Tolima,240000,26
8270,hombre,52,11,media,Tolima,1100000,48
8271,hombre,27,9,secundaria,Tolima,880000,48
8272,hombre,43,7,secundaria,Tolima,1200000,54
8273,hombre,42,11,media,Tolima,1600000,72
8274,hombre,63,5,primaria,Tolima,500000,42
8275,hombre,35,11,media,Tolima,1000000,60
8276,hombre,50,11,media,Tolima,1060000,48
8277,hombre,45,11,media,Tolima,1700000,40
8278,hombre,49,11,media,Tolima,500000,48
8279,hombre,50,3,primaria,Tolima,700000,45
8280,mujer,65,0,ninguno,Tolima,630000,48
8281,mujer,22,5,primaria,Tolima,1060000,40
8282,mujer,52,0,ninguno,Tolima,380000,40
8283,mujer,63,11,media,Tolima,900000,48
8284,mujer,60,5,primaria,Tolima,850000,40
8285,hombre,23,11,media,Tolima,400000,30
8286,hombre,41,11,media,Tolima,800000,60
8287,mujer,47,11,media,Tolima,300000,28
8288,mujer,35,1,primaria,Tolima,826000,48
8289,mujer,28,18,superior,Valle del Cauca,3000000,48
8290,hombre,55,5,primaria,Valle del Cauca,700000,66
8291,hombre,58,16,superior,Valle del Cauca,6000000,48
8292,mujer,53,16,superior,Valle del Cauca,1500000,20
8293,mujer,52,11,media,Valle del Cauca,100000,10
8294,hombre,33,17,superior,Valle del Cauca,2000000,72
8295,mujer,34,18,superior,Valle del Cauca,2800000,40
8296,hombre,41,21,superior,Valle del Cauca,2400000,40
8297,mujer,51,11,media,Valle del Cauca,80000,24
8298,hombre,52,19,superior,Valle del Cauca,2500000,32
8299,mujer,44,16,superior,Valle del Cauca,5400000,20
8300,hombre,54,16,superior,Valle del Cauca,2740000,48
8301,mujer,39,16,superior,Valle del Cauca,2200000,49
8302,hombre,42,18,superior,Valle del Cauca,5000000,60
8303,mujer,40,17,superior,Valle del Cauca,1500000,20
8304,mujer,50,26,superior,Valle del Cauca,5100000,60
8305,hombre,50,11,media,Valle del Cauca,30000000,72
8306,mujer,33,11,media,Valle del Cauca,500000,15
8307,mujer,34,16,superior,Valle del Cauca,1200000,60
8308,mujer,34,7,secundaria,Valle del Cauca,600000,30
8309,hombre,62,9,secundaria,Valle del Cauca,1000000,20
8310,hombre,42,11,media,Valle del Cauca,1000000,48
8311,mujer,57,11,media,Valle del Cauca,940000,48
8312,mujer,56,11,media,Valle del Cauca,1300000,48
8313,hombre,48,8,secundaria,Valle del Cauca,700000,30
8314,hombre,44,11,media,Valle del Cauca,798000,48
8315,hombre,26,13,superior,Valle del Cauca,781242,48
8316,hombre,22,11,superior,Valle del Cauca,781242,48
8317,hombre,57,16,superior,Valle del Cauca,700000,84
8318,hombre,30,11,media,Valle del Cauca,920000,48
8319,mujer,43,8,secundaria,Antioquia,1500000,105
8320,hombre,32,14,superior,Antioquia,781242,58
8321,mujer,34,16,superior,Antioquia,120000,60
8322,hombre,18,11,media,Antioquia,900000,70
8323,hombre,23,10,media,Antioquia,900000,48
8324,mujer,20,13,superior,Antioquia,781242,48
8325,mujer,49,11,media,Antioquia,828100,48
8326,hombre,40,11,media,Antioquia,800000,48
8327,hombre,47,17,superior,Antioquia,5500000,48
8328,mujer,37,17,superior,Antioquia,8160000,40
8329,hombre,37,20,superior,Antioquia,2200000,48
8330,mujer,36,14,superior,Antioquia,2000000,48
8331,mujer,34,13,superior,Antioquia,1300000,48
8332,mujer,58,11,media,Antioquia,800000,48
8333,hombre,36,12,superior,Antioquia,920000,48
8334,mujer,22,11,media,Antioquia,1500000,30
8335,mujer,23,14,superior,Antioquia,1500000,30
8336,hombre,33,5,primaria,Antioquia,1190000,84
8337,mujer,63,13,superior,Antioquia,50000,30
8338,hombre,41,8,secundaria,Antioquia,1500000,55
8339,mujer,22,13,superior,Antioquia,400000,24
8340,hombre,30,11,media,Antioquia,1200000,48
8341,mujer,21,14,superior,Antioquia,781242,48
8342,hombre,40,18,superior,Antioquia,6050000,48
8343,hombre,31,11,media,Antioquia,1671332,48
8344,mujer,40,14,superior,Antioquia,900000,48
8345,hombre,54,11,media,Antioquia,50000,50
8346,hombre,26,14,superior,Antioquia,781242,40
8347,mujer,33,11,media,Antioquia,1300000,48
8348,hombre,26,14,superior,Antioquia,1050000,48
8349,hombre,51,5,primaria,Antioquia,320000,56
8350,hombre,44,11,media,Antioquia,1600000,48
8351,hombre,60,2,primaria,Antioquia,1300000,50
8352,mujer,53,0,ninguno,Antioquia,900000,42
8353,hombre,62,9,secundaria,Antioquia,800000,72
8354,mujer,59,11,media,Antioquia,40000,2
8355,hombre,29,13,superior,Antioquia,840000,48
8356,hombre,50,8,secundaria,Antioquia,1000000,72
8357,mujer,37,18,superior,Antioquia,2300000,20
8358,mujer,32,16,superior,Antioquia,400000,8
8359,mujer,27,12,superior,Antioquia,1000000,70
8360,hombre,38,9,secundaria,Antioquia,500000,48
8361,hombre,29,11,media,Antioquia,1200000,48
8362,hombre,42,5,primaria,Antioquia,1100000,54
8363,hombre,38,17,superior,Antioquia,1280000,48
8364,mujer,33,7,secundaria,Antioquia,70000,10
8365,mujer,30,16,superior,Antioquia,625000,50
8366,mujer,31,11,media,Antioquia,750000,40
8367,hombre,46,20,superior,Antioquia,4200000,48
8368,mujer,41,12,superior,Antioquia,1500000,48
8369,mujer,34,4,primaria,Antioquia,100000,50
8370,mujer,42,11,media,Antioquia,781242,48
8371,mujer,52,3,primaria,Antioquia,876000,66
8372,mujer,30,12,superior,Antioquia,1200000,40
8373,hombre,47,5,primaria,Antioquia,800000,54
8374,mujer,40,5,primaria,Antioquia,300000,24
8375,mujer,21,6,secundaria,Antioquia,250000,3
8376,hombre,33,11,media,Antioquia,200000,11
8377,mujer,28,11,media,Antioquia,400000,21
8378,hombre,41,14,superior,Antioquia,3000000,50
8379,hombre,31,12,superior,Antioquia,1700000,60
8380,mujer,31,13,superior,Antioquia,1000000,48
8381,mujer,59,9,secundaria,Antioquia,1000000,48
8382,hombre,63,8,secundaria,Antioquia,600000,48
8383,mujer,29,17,superior,Antioquia,350000,15
8384,mujer,36,11,media,Antioquia,150000,30
8385,mujer,61,5,primaria,Antioquia,50000,6
8386,mujer,24,11,media,Antioquia,300000,24
8387,hombre,37,11,media,Antioquia,1600000,48
8388,mujer,57,4,primaria,Antioquia,30000,3
8389,mujer,32,18,superior,Antioquia,2900000,48
8390,hombre,32,15,superior,Antioquia,3000000,40
8391,mujer,41,11,media,Antioquia,1060000,48
8392,mujer,36,11,media,Antioquia,300000,50
8393,hombre,30,10,media,Antioquia,100000,48
8394,hombre,39,10,media,Antioquia,300000,50
8395,hombre,42,9,secundaria,Antioquia,500000,50
8396,hombre,21,10,media,Antioquia,736000,58
8397,hombre,43,3,primaria,Antioquia,1400000,48
8398,hombre,33,11,media,Antioquia,1200000,48
8399,mujer,25,12,superior,Antioquia,781242,48
8400,mujer,33,16,superior,Antioquia,3000000,60
8401,hombre,30,11,media,Antioquia,4500000,54
8402,mujer,33,9,secundaria,Antioquia,496000,16
8403,hombre,30,6,secundaria,Antioquia,920000,60
8404,mujer,60,11,media,Antioquia,30000,4
8405,hombre,58,8,secundaria,Antioquia,300000,40
8406,hombre,45,16,superior,Antioquia,3200000,48
8407,mujer,44,16,superior,Antioquia,5000000,48
8408,hombre,37,11,media,Antioquia,820000,48
8409,mujer,38,3,primaria,Antioquia,120000,8
8410,hombre,37,18,superior,Antioquia,7600000,40
8411,hombre,46,5,primaria,Antioquia,2000000,48
8412,mujer,55,11,media,Antioquia,1100000,48
8413,hombre,26,13,superior,Antioquia,1370000,48
8414,hombre,34,13,superior,Antioquia,1500000,72
8415,hombre,55,11,media,Antioquia,2300000,48
8416,hombre,22,12,superior,Antioquia,750000,40
8417,mujer,41,5,primaria,Antioquia,200000,26
8418,hombre,44,4,primaria,Antioquia,900000,48
8419,mujer,61,11,media,Atlantico,100000,20
8420,hombre,41,11,media,Atlantico,480000,48
8421,hombre,44,11,media,Atlantico,1400000,48
8422,hombre,52,11,media,Atlantico,800000,72
8423,hombre,42,11,media,Atlantico,820000,48
8424,mujer,36,11,media,Atlantico,800000,48
8425,hombre,29,11,media,Atlantico,700000,60
8426,hombre,30,8,secundaria,Atlantico,2000000,91
8427,hombre,64,7,secundaria,Atlantico,1200000,72
8428,hombre,25,11,media,Atlantico,600000,48
8429,mujer,39,11,media,Atlantico,240000,16
8430,hombre,34,5,primaria,Atlantico,3000000,84
8431,hombre,33,16,superior,Atlantico,1110000,48
8432,mujer,31,16,superior,Atlantico,1400000,40
8433,mujer,38,11,media,Atlantico,1000000,48
8434,mujer,38,13,superior,Bogota D.C.,1500000,48
8435,hombre,37,13,superior,Bogota D.C.,1250000,48
8436,hombre,37,5,primaria,Bogota D.C.,720000,60
8437,hombre,55,19,superior,Boyaca,3500000,40
8438,hombre,37,9,secundaria,Boyaca,781242,48
8439,hombre,20,14,superior,Boyaca,160000,12
8440,hombre,25,11,media,Boyaca,950000,45
8441,mujer,26,13,superior,Boyaca,1100000,44
8442,mujer,22,6,secundaria,Boyaca,472000,24
8443,mujer,26,11,media,Boyaca,800000,48
8444,mujer,27,11,media,Boyaca,450000,40
8445,mujer,42,11,media,Boyaca,890000,48
8446,hombre,38,13,superior,Boyaca,781242,48
8447,hombre,55,1,primaria,Boyaca,700000,40
8448,mujer,45,5,primaria,Boyaca,400000,40
8449,hombre,64,11,media,Boyaca,15000000,48
8450,mujer,53,13,superior,Boyaca,930000,40
8451,mujer,28,16,superior,Boyaca,1400000,40
8452,hombre,33,18,superior,Boyaca,2500000,48
8453,hombre,53,11,media,Boyaca,781242,74
8454,mujer,33,17,superior,Boyaca,1900000,48
8455,hombre,31,13,superior,Boyaca,700000,56
8456,mujer,37,14,superior,Boyaca,1000000,48
8457,hombre,44,6,secundaria,Boyaca,1000000,48
8458,hombre,28,11,media,Boyaca,781242,48
8459,mujer,30,9,secundaria,Boyaca,500000,48
8460,hombre,47,11,media,Boyaca,2000000,48
8461,mujer,22,13,superior,Boyaca,781242,52
8462,mujer,45,11,media,Boyaca,250000,48
8463,hombre,45,11,media,Boyaca,600000,55
8464,hombre,24,16,superior,Boyaca,781242,48
8465,mujer,20,13,superior,Boyaca,781242,40
8466,mujer,50,19,superior,Boyaca,3500000,40
8467,hombre,46,19,superior,Boyaca,1500000,48
8468,hombre,30,17,superior,Boyaca,1000000,20
8469,hombre,57,19,superior,Boyaca,2500000,40
8470,mujer,37,21,superior,Boyaca,2000000,20
8471,hombre,50,11,media,Boyaca,1100000,70
8472,mujer,36,13,superior,Boyaca,781242,48
8473,mujer,38,21,superior,Boyaca,1700000,40
8474,mujer,40,18,superior,Boyaca,781242,40
8475,mujer,29,18,superior,Boyaca,2000000,50
8476,mujer,42,21,superior,Boyaca,3000000,40
8477,hombre,44,16,superior,Boyaca,2136000,44
8478,mujer,40,19,superior,Boyaca,12600000,48
8479,mujer,33,16,superior,Boyaca,2600000,48
8480,hombre,49,13,superior,Boyaca,1980000,48
8481,mujer,48,11,media,Boyaca,200000,20
8482,mujer,60,17,superior,Boyaca,5600000,40
8483,mujer,48,14,superior,Boyaca,1300000,45
8484,mujer,26,18,superior,Boyaca,2200000,46
8485,hombre,57,24,superior,Boyaca,2500000,40
8486,mujer,45,3,primaria,Boyaca,100000,48
8487,mujer,23,11,media,Boyaca,200000,36
8488,hombre,41,16,superior,Boyaca,1000000,48
8489,mujer,41,13,superior,Boyaca,781242,48
8490,hombre,55,18,superior,Boyaca,8900000,40
8491,hombre,32,19,superior,Boyaca,2300000,40
8492,hombre,45,16,superior,Boyaca,3400000,48
8493,mujer,41,18,superior,Boyaca,1500000,35
8494,hombre,65,16,superior,Boyaca,500000,5
8495,mujer,56,16,superior,Boyaca,2400000,40
8496,mujer,43,9,secundaria,Boyaca,1010000,55
8497,hombre,60,1,primaria,Boyaca,450000,96
8498,mujer,39,11,media,Boyaca,781242,48
8499,hombre,42,7,secundaria,Boyaca,900000,78
8500,hombre,21,11,media,Boyaca,600000,56
8501,hombre,50,5,primaria,Boyaca,1000000,48
8502,hombre,30,16,superior,Boyaca,2000000,48
8503,mujer,54,11,media,Boyaca,1261242,48
8504,hombre,23,14,superior,Boyaca,450000,15
8505,hombre,51,17,superior,Boyaca,2600000,70
8506,hombre,27,13,superior,Boyaca,781242,48
8507,hombre,38,17,superior,Boyaca,4800000,40
8508,mujer,40,19,superior,Boyaca,3000000,40
8509,mujer,44,13,superior,Boyaca,830000,54
8510,hombre,43,8,secundaria,Boyaca,800000,60
8511,hombre,28,13,superior,Caldas,1500000,50
8512,mujer,27,13,superior,Caldas,800000,45
8513,hombre,32,11,media,Caldas,1100000,48
8514,hombre,42,5,primaria,Caldas,500000,64
8515,hombre,51,3,primaria,Caldas,1400000,48
8516,mujer,49,3,primaria,Caldas,415000,24
8517,hombre,53,3,primaria,Caldas,100000,60
8518,hombre,38,11,media,Caldas,1000000,50
8519,mujer,64,5,primaria,Caldas,25000,8
8520,hombre,58,8,secundaria,Caldas,200000,48
8521,mujer,45,7,secundaria,Caldas,100000,24
8522,hombre,54,9,secundaria,Caldas,600000,50
8523,mujer,43,11,media,Caldas,500000,25
8524,mujer,26,11,media,Caldas,781242,48
8525,hombre,30,9,secundaria,Caldas,500000,48
8526,hombre,62,5,primaria,Caldas,781242,48
8527,mujer,49,5,primaria,Caldas,1140000,84
8528,mujer,45,2,primaria,Caldas,781242,48
8529,hombre,48,5,primaria,Caldas,800000,60
8530,mujer,26,13,superior,Caldas,781242,48
8531,hombre,52,14,superior,Caldas,1100000,60
8532,mujer,51,16,superior,Caldas,2800000,48
8533,hombre,28,18,superior,Caldas,2000000,48
8534,mujer,34,11,media,Caldas,700000,24
8535,hombre,49,16,superior,Caldas,1500000,40
8536,hombre,38,11,media,Caldas,720000,50
8537,hombre,45,11,media,Caldas,781242,56
8538,hombre,36,14,superior,Caldas,1800000,90
8539,hombre,52,5,primaria,Caldas,781242,48
8540,hombre,31,11,media,Caldas,781242,48
8541,hombre,38,11,media,Caldas,781242,48
8542,mujer,41,11,media,Caldas,660000,40
8543,mujer,51,14,superior,Caldas,2300000,48
8544,mujer,25,16,superior,Caldas,1400000,48
8545,hombre,58,13,superior,Caldas,1000000,30
8546,mujer,28,17,superior,Caldas,2200000,46
8547,hombre,47,7,secundaria,Caldas,800000,48
8548,mujer,33,11,media,Caldas,1500000,48
8549,mujer,55,5,primaria,Caldas,30000,4
8550,mujer,32,17,superior,Caldas,1000000,48
8551,mujer,19,13,superior,Caldas,100000,5
8552,hombre,50,11,media,Caldas,4000000,50
8553,mujer,50,11,media,Caldas,781242,48
8554,hombre,52,11,media,Caldas,700000,35
8555,hombre,42,11,media,Caldas,781242,48
8556,mujer,38,16,superior,Caldas,1500000,48
8557,hombre,49,14,superior,Caldas,2000000,55
8558,mujer,48,13,superior,Caldas,2000000,50
8559,hombre,37,16,superior,Caldas,3600000,48
8560,mujer,39,17,superior,Caldas,2000000,48
8561,hombre,47,16,superior,Caldas,2500000,48
8562,mujer,49,22,superior,Caldas,8000000,48
8563,hombre,27,17,superior,Caldas,1500000,48
8564,mujer,37,20,superior,Caldas,4000000,40
8565,mujer,45,18,superior,Caldas,3800000,48
8566,hombre,31,9,secundaria,Caldas,120000,36
8567,hombre,35,3,primaria,Caldas,150000,70
8568,hombre,36,18,superior,Caldas,5000000,72
8569,hombre,43,20,superior,Caldas,4150000,48
8570,hombre,23,13,superior,Caldas,781242,48
8571,hombre,61,16,superior,Caldas,2300000,87
8572,hombre,36,19,superior,Caldas,781242,50
8573,mujer,34,13,superior,Caldas,781242,48
8574,mujer,61,5,primaria,Caldas,240000,30
8575,mujer,31,11,media,Caldas,400000,50
8576,hombre,30,13,superior,Caldas,2200000,60
8577,hombre,38,13,superior,Caldas,3000000,60
8578,mujer,33,14,superior,Caldas,600000,20
8579,hombre,56,11,media,Caldas,1100000,55
8580,mujer,24,7,secundaria,Caldas,600000,35
8581,mujer,51,11,media,Caqueta,200000,30
8582,mujer,54,0,ninguno,Caqueta,200000,30
8583,hombre,55,5,primaria,Caqueta,300000,40
8584,hombre,33,11,media,Caqueta,1250000,50
8585,hombre,47,11,media,Caqueta,800000,48
8586,mujer,34,16,superior,Caqueta,1000000,48
8587,hombre,62,2,primaria,Caqueta,100000,20
8588,mujer,52,9,secundaria,Caqueta,500000,40
8589,mujer,44,11,media,Caqueta,800000,50
8590,hombre,21,11,media,Caqueta,1000000,50
8591,hombre,37,9,secundaria,Caqueta,1660000,48
8592,mujer,26,13,superior,Caqueta,900000,48
8593,hombre,56,5,primaria,Caqueta,700000,45
8594,mujer,51,5,primaria,Caqueta,150000,24
8595,mujer,35,11,media,Caqueta,360000,24
8596,mujer,32,5,primaria,Caqueta,800000,54
8597,mujer,33,11,media,Caqueta,800000,60
8598,hombre,53,5,primaria,Caqueta,900000,93
8599,hombre,30,16,superior,Caqueta,2700000,42
8600,mujer,26,15,superior,Caqueta,1600000,48
8601,mujer,30,12,superior,Caqueta,830000,48
8602,hombre,27,13,superior,Caqueta,1000000,48
8603,hombre,29,11,media,Caqueta,830000,48
8604,hombre,57,3,primaria,Caqueta,1200000,30
8605,hombre,45,14,superior,Caqueta,2000000,60
8606,mujer,38,16,superior,Caqueta,800000,40
8607,mujer,55,13,superior,Caqueta,782000,48
8608,mujer,31,18,superior,Caqueta,2500000,48
8609,hombre,27,14,superior,Caqueta,1500000,48
8610,mujer,50,18,superior,Caqueta,4000000,40
8611,hombre,45,19,superior,Caqueta,4000000,40
8612,hombre,53,18,superior,Caqueta,1800000,44
8613,mujer,52,19,superior,Caqueta,2600000,40
8614,mujer,38,11,media,Caqueta,1100000,60
8615,hombre,62,5,primaria,Caqueta,350000,70
8616,mujer,30,13,superior,Caqueta,780000,54
8617,hombre,57,18,superior,Caqueta,3000000,50
8618,mujer,50,3,primaria,Caqueta,700000,60
8619,hombre,27,16,superior,Caqueta,1300000,60
8620,mujer,44,1,primaria,Caqueta,300000,26
8621,hombre,50,11,media,Caqueta,1600000,48
8622,mujer,45,13,superior,Caqueta,800000,48
8623,mujer,33,11,media,Caqueta,750000,60
8624,hombre,57,2,primaria,Caqueta,900000,60
8625,mujer,52,2,primaria,Caqueta,200000,14
8626,hombre,30,11,media,Caqueta,780000,48
8627,hombre,25,11,superior,Caqueta,500000,40
8628,hombre,64,5,primaria,Cauca,300000,21
8629,hombre,24,14,superior,Cauca,600000,70
8630,hombre,20,12,superior,Cauca,781212,54
8631,mujer,54,19,superior,Cauca,4200000,24
8632,hombre,64,11,media,Cauca,1000000,48
8633,mujer,61,11,media,Cauca,781000,40
8634,hombre,28,14,superior,Cauca,660000,30
8635,mujer,34,16,superior,Cauca,1000000,48
8636,mujer,33,16,superior,Cauca,1000000,48
8637,mujer,40,16,superior,Cauca,900000,47
8638,hombre,38,17,superior,Cauca,3700000,40
8639,mujer,34,17,superior,Cauca,900000,60
8640,mujer,40,7,secundaria,Cauca,200000,24
8641,hombre,19,11,media,Cauca,400000,70
8642,hombre,22,11,media,Cauca,782000,48
8643,mujer,37,11,media,Cauca,782000,60
8644,mujer,20,11,media,Cauca,400000,30
8645,hombre,27,3,primaria,Cauca,782000,48
8646,mujer,27,11,media,Cauca,360000,20
8647,hombre,55,9,secundaria,Cauca,828116,84
8648,hombre,32,11,media,Cauca,840000,60
8649,hombre,26,5,primaria,Cauca,828116,112
8650,hombre,38,5,primaria,Cauca,300000,56
8651,mujer,37,9,secundaria,Cauca,400000,60
8652,hombre,42,6,secundaria,Cauca,828116,54
8653,hombre,49,4,primaria,Cauca,300000,60
8654,hombre,37,11,media,Cauca,781242,48
8655,mujer,34,11,media,Cauca,781242,48
8656,mujer,40,13,superior,Cauca,782000,48
8657,mujer,43,5,primaria,Cauca,500000,40
8658,hombre,23,11,media,Cauca,800000,60
8659,mujer,37,11,media,Cauca,300000,42
8660,mujer,35,13,superior,Cauca,300000,15
8661,mujer,27,9,secundaria,Cauca,70000,6
8662,hombre,39,5,primaria,Cauca,782000,48
8663,mujer,39,5,primaria,Cauca,200000,20
8664,mujer,35,11,media,Cauca,500000,48
8665,mujer,56,5,primaria,Cauca,250000,35
8666,mujer,35,13,superior,Cauca,869400,40
8667,hombre,29,13,superior,Cauca,1000000,54
8668,hombre,54,0,ninguno,Cauca,300000,40
8669,hombre,52,5,primaria,Cauca,300000,48
8670,hombre,42,11,media,Cauca,782000,48
8671,mujer,46,4,primaria,Cauca,500000,40
8672,hombre,24,11,media,Cauca,216000,20
8673,hombre,29,9,secundaria,Cauca,500000,48
8674,mujer,29,5,primaria,Cauca,150000,24
8675,mujer,48,11,media,Cauca,600000,8
8676,mujer,28,16,superior,Cauca,1182500,30
8677,mujer,40,18,superior,Cauca,4699440,30
8678,hombre,41,18,superior,Cauca,3110000,30
8679,hombre,32,3,primaria,Cauca,30000,8
8680,mujer,29,11,media,Cauca,781242,48
8681,hombre,52,5,primaria,Cauca,400000,44
8682,mujer,62,7,secundaria,Cauca,781242,65
8683,hombre,47,4,primaria,Cauca,600000,67
8684,mujer,63,4,primaria,Cauca,168000,30
8685,mujer,57,11,media,Cauca,370000,30
8686,mujer,53,11,media,Cauca,200000,50
8687,mujer,59,11,media,Cauca,1600000,40
8688,mujer,37,18,superior,Cauca,3700000,40
8689,mujer,39,17,superior,Cauca,3600000,36
8690,mujer,32,11,media,Cauca,640000,25
8691,hombre,40,5,primaria,Cauca,200000,44
8692,hombre,46,7,secundaria,Cauca,780000,48
8693,mujer,54,5,primaria,Cauca,280000,16
8694,mujer,35,0,ninguno,Cauca,775000,30
8695,hombre,20,11,media,Cauca,400000,70
8696,hombre,38,11,media,Cauca,2500000,96
8697,mujer,38,18,superior,Cauca,1500000,15
8698,hombre,41,7,secundaria,Cauca,600000,60
8699,hombre,58,13,superior,Cauca,1300000,40
8700,mujer,56,13,superior,Cauca,1188000,50
8701,hombre,28,16,superior,Cauca,1000000,40
8702,hombre,24,11,superior,Cauca,1536000,53
8703,hombre,32,11,media,Cesar,780000,56
8704,hombre,29,11,media,Cesar,800000,49
8705,hombre,27,11,media,Cesar,600000,50
8706,hombre,26,11,media,Cesar,700000,48
8707,hombre,20,11,media,Cesar,500000,45
8708,hombre,65,11,media,Cesar,900000,48
8709,hombre,27,11,media,Cesar,700000,48
8710,hombre,61,6,secundaria,Cesar,750000,48
8711,hombre,41,16,superior,Cesar,3500000,48
8712,mujer,29,16,superior,Cesar,3000000,48
8713,mujer,32,16,superior,Cesar,1200000,48
8714,hombre,39,10,media,Cesar,660000,32
8715,mujer,47,11,media,Cesar,750000,48
8716,hombre,29,11,media,Cesar,500000,40
8717,hombre,35,0,ninguno,Cordoba,200000,62
8718,mujer,51,0,ninguno,Cordoba,300000,40
8719,hombre,39,11,media,Cordoba,1100000,72
8720,mujer,34,11,media,Cordoba,75000,20
8721,hombre,24,11,media,Cordoba,250000,50
8722,hombre,30,5,primaria,Cordoba,500000,48
8723,hombre,31,11,media,Cordoba,1200000,52
8724,hombre,35,11,media,Cordoba,781242,54
8725,mujer,33,11,media,Cordoba,180000,16
8726,mujer,56,0,ninguno,Cordoba,375000,38
8727,hombre,59,0,ninguno,Cordoba,400000,40
8728,hombre,31,11,media,Cordoba,520000,52
8729,mujer,28,8,secundaria,Cordoba,300000,45
8730,hombre,53,13,superior,Cordoba,900000,44
8731,hombre,19,11,media,Cordoba,781242,50
8732,mujer,39,13,superior,Cordoba,150000,30
8733,hombre,32,11,media,Cordoba,2000000,48
8734,hombre,25,16,superior,Cordoba,1400000,30
8735,hombre,47,16,superior,Cordoba,800000,40
8736,hombre,43,13,superior,Cordoba,1100000,48
8737,mujer,23,13,superior,Cordoba,700000,40
8738,mujer,19,11,media,Cordoba,440000,42
8739,hombre,32,16,superior,Cordoba,1200000,44
8740,hombre,61,5,primaria,Cordoba,700000,48
8741,mujer,53,11,media,Cordoba,700000,48
8742,mujer,44,11,media,Cordoba,500000,40
8743,mujer,36,7,secundaria,Cordoba,600000,72
8744,hombre,22,11,media,Cordoba,700000,48
8745,hombre,45,13,superior,Cordoba,781242,46
8746,mujer,43,11,media,Cordoba,500000,40
8747,mujer,63,0,ninguno,Cordoba,300000,35
8748,hombre,62,5,primaria,Cordoba,800000,50
8749,hombre,19,11,media,Cordoba,210000,35
8750,hombre,40,11,media,Cordoba,800000,60
8751,hombre,42,5,primaria,Cordoba,500000,48
8752,hombre,58,5,primaria,Cordoba,1500000,40
8753,hombre,56,5,primaria,Cordoba,900000,40
8754,mujer,33,11,media,Cordoba,720000,40
8755,mujer,34,12,superior,Choco,900000,72
8756,hombre,39,11,media,Choco,1500000,56
8757,mujer,30,11,media,Choco,1500000,77
8758,hombre,36,11,media,Choco,800000,48
8759,mujer,60,16,superior,Choco,1900000,40
8760,mujer,25,16,superior,Choco,3700000,72
8761,hombre,52,17,superior,Choco,2500000,30
8762,hombre,54,0,ninguno,Choco,2000000,70
8763,mujer,65,17,superior,Choco,5200000,40
8764,mujer,27,16,superior,Choco,3200000,30
8765,mujer,36,18,superior,Choco,1800000,40
8766,hombre,62,16,superior,Choco,1800000,30
8767,mujer,27,16,superior,Choco,1000000,50
8768,hombre,28,11,media,Choco,1000000,50
8769,mujer,32,12,superior,Choco,250000,30
8770,mujer,50,15,superior,Choco,1800000,60
8771,hombre,24,16,superior,Choco,500000,70
8772,hombre,47,16,superior,Choco,5800000,40
8773,mujer,35,18,superior,Choco,3800000,40
8774,mujer,20,11,media,Choco,350000,48
8775,hombre,35,13,superior,Choco,600000,48
8776,mujer,53,16,superior,Choco,2500000,30
8777,mujer,63,16,superior,Choco,4000000,30
8778,mujer,61,12,superior,Choco,100000,14
8779,mujer,61,16,superior,Choco,4000000,30
8780,hombre,55,7,secundaria,Choco,781242,48
8781,mujer,28,13,superior,Huila,450000,42
8782,mujer,22,11,media,Huila,700000,48
8783,mujer,44,13,superior,Huila,1050000,48
8784,mujer,58,13,superior,Huila,800000,48
8785,mujer,19,11,media,Huila,500000,10
8786,hombre,46,11,media,Huila,900000,70
8787,mujer,43,9,secundaria,Huila,80000,16
8788,mujer,18,12,superior,Huila,830000,40
8789,hombre,52,0,ninguno,Huila,900000,70
8790,mujer,36,7,secundaria,Huila,500000,50
8791,hombre,35,8,secundaria,Huila,1200000,48
8792,mujer,27,11,media,Huila,450000,24
8793,hombre,25,11,media,Huila,800000,55
8794,hombre,28,13,superior,Huila,2200000,56
8795,hombre,61,5,primaria,Huila,350000,40
8796,mujer,31,13,superior,Huila,781000,48
8797,hombre,32,8,secundaria,Huila,800000,48
8798,mujer,35,17,superior,Huila,1500000,40
8799,hombre,32,13,superior,Huila,781242,48
8800,hombre,30,13,superior,Huila,800000,48
8801,mujer,29,16,superior,Huila,1903000,45
8802,hombre,25,11,media,Huila,900000,48
8803,hombre,56,5,primaria,Huila,500000,48
8804,mujer,23,14,superior,Huila,900000,48
8805,mujer,35,11,media,Huila,900000,48
8806,mujer,31,11,media,Huila,350000,16
8807,hombre,64,16,superior,La Guajira,800000,40
8808,mujer,61,20,superior,La Guajira,4200000,40
8809,hombre,39,4,primaria,La Guajira,900000,78
8810,hombre,45,5,primaria,La Guajira,450000,60
8811,hombre,34,11,media,La Guajira,800000,48
8812,hombre,31,5,primaria,La Guajira,400000,60
8813,hombre,32,16,superior,La Guajira,3600000,48
8814,mujer,45,18,superior,La Guajira,2900000,40
8815,mujer,52,13,superior,La Guajira,820000,48
8816,hombre,47,23,superior,La Guajira,1200000,48
8817,hombre,43,13,superior,La Guajira,781242,48
8818,hombre,59,5,primaria,La Guajira,600000,42
8819,mujer,38,18,superior,La Guajira,3100000,30
8820,hombre,33,11,media,La Guajira,800000,48
8821,hombre,52,5,primaria,La Guajira,200000,48
8822,mujer,46,5,primaria,La Guajira,400000,48
8823,hombre,34,13,superior,La Guajira,800000,48
8824,hombre,30,16,superior,La Guajira,70000,20
8825,hombre,50,6,secundaria,La Guajira,870000,84
8826,hombre,47,11,media,La Guajira,1000000,84
8827,hombre,23,11,media,La Guajira,1000000,60
8828,mujer,62,11,media,La Guajira,200000,42
8829,mujer,46,13,superior,La Guajira,1200000,48
8830,mujer,48,17,superior,La Guajira,1800000,48
8831,mujer,42,18,superior,La Guajira,2500000,30
8832,mujer,30,16,superior,Magdalena,500000,48
8833,mujer,51,11,media,Magdalena,600000,48
8834,mujer,50,11,media,Magdalena,800000,60
8835,hombre,18,6,secundaria,Magdalena,800000,48
8836,hombre,60,5,primaria,Magdalena,781300,72
8837,mujer,60,11,media,Magdalena,18000,20
8838,hombre,32,11,media,Magdalena,900000,48
8839,mujer,30,11,media,Magdalena,500000,40
8840,mujer,20,12,superior,Magdalena,600000,40
8841,hombre,50,5,primaria,Magdalena,300000,48
8842,mujer,27,16,superior,Magdalena,1731000,40
8843,hombre,18,5,primaria,Magdalena,800000,60
8844,hombre,42,7,secundaria,Magdalena,800000,48
8845,hombre,37,11,media,Magdalena,450000,50
8846,hombre,48,11,media,Magdalena,400000,50
8847,hombre,46,11,media,Magdalena,1060000,48
8848,hombre,30,11,media,Magdalena,900000,72
8849,mujer,33,15,superior,Magdalena,781300,40
8850,mujer,44,13,superior,Magdalena,787500,48
8851,mujer,25,11,media,Magdalena,2900000,56
8852,mujer,61,3,primaria,Magdalena,1000000,72
8853,hombre,48,3,primaria,Magdalena,700000,72
8854,hombre,42,11,media,Magdalena,1500000,48
8855,hombre,55,16,superior,Magdalena,50000,40
8856,hombre,33,11,media,Magdalena,1600000,72
8857,hombre,45,14,superior,Magdalena,1450000,40
8858,mujer,39,16,superior,Magdalena,2500000,40
8859,hombre,53,8,secundaria,Magdalena,2300000,30
8860,mujer,23,11,media,Magdalena,230000,7
8861,hombre,28,6,secundaria,Magdalena,700000,72
8862,hombre,51,16,superior,Magdalena,3000000,40
8863,mujer,51,16,superior,Magdalena,4500000,40
8864,mujer,40,11,media,Magdalena,1000000,48
8865,hombre,43,11,media,Magdalena,800000,48
8866,hombre,57,11,media,Magdalena,1700000,72
8867,hombre,31,11,media,Magdalena,800000,40
8868,mujer,29,14,superior,Magdalena,1300000,50
8869,hombre,43,16,superior,Magdalena,1200000,48
8870,mujer,40,11,media,Magdalena,80000,21
8871,mujer,19,11,media,Magdalena,750000,63
8872,hombre,38,11,media,Magdalena,880000,48
8873,mujer,33,11,media,Magdalena,781000,48
8874,mujer,19,10,media,Magdalena,710000,48
8875,hombre,58,9,secundaria,Magdalena,1000000,30
8876,hombre,30,15,superior,Magdalena,800000,48
8877,mujer,21,11,media,Magdalena,1000000,60
8878,mujer,23,16,superior,Magdalena,800000,40
8879,hombre,42,11,media,Magdalena,700000,60
8880,mujer,41,11,media,Magdalena,1500000,60
8881,hombre,47,11,media,Magdalena,600000,56
8882,hombre,42,11,media,Magdalena,1800000,48
8883,hombre,23,15,superior,Magdalena,787500,48
8884,hombre,21,15,superior,Magdalena,1300000,40
8885,hombre,44,11,media,Magdalena,781300,48
8886,mujer,39,11,media,Magdalena,500000,24
8887,hombre,49,5,primaria,Magdalena,750000,48
8888,mujer,47,8,secundaria,Magdalena,580000,48
8889,hombre,57,3,primaria,Magdalena,350000,60
8890,mujer,32,11,media,Magdalena,1790000,60
8891,hombre,61,11,media,Magdalena,900000,40
8892,mujer,48,11,media,Magdalena,3000000,48
8893,hombre,37,18,superior,Magdalena,2633097,30
8894,mujer,43,17,superior,Magdalena,3000000,30
8895,hombre,43,18,superior,Magdalena,2633000,30
8896,hombre,26,14,superior,Magdalena,200000,70
8897,hombre,49,0,ninguno,Magdalena,787500,48
8898,hombre,52,5,primaria,Magdalena,700000,48
8899,mujer,47,11,media,Magdalena,901300,54
8900,hombre,25,11,media,Magdalena,650000,72
8901,mujer,19,6,secundaria,Magdalena,350000,24
8902,hombre,31,11,media,Magdalena,1000000,48
8903,mujer,27,13,superior,Magdalena,820000,48
8904,mujer,33,12,superior,Magdalena,1100000,21
8905,hombre,51,11,media,Magdalena,1500000,80
8906,mujer,40,8,secundaria,Magdalena,650000,48
8907,mujer,52,14,superior,Magdalena,1600000,48
8908,mujer,35,14,superior,Magdalena,1500000,40
8909,mujer,41,18,superior,Magdalena,4000000,48
8910,hombre,38,11,media,Magdalena,1000000,48
8911,mujer,33,11,media,Magdalena,400000,40
8912,mujer,65,11,media,Magdalena,620000,72
8913,hombre,51,7,secundaria,Magdalena,1500000,48
8914,mujer,56,9,secundaria,Magdalena,350000,30
8915,hombre,27,11,media,Magdalena,900000,48
8916,hombre,31,11,media,Magdalena,800000,48
8917,mujer,19,11,media,Magdalena,200000,35
8918,hombre,32,16,superior,Magdalena,781000,48
8919,mujer,31,14,superior,Magdalena,600000,36
8920,hombre,33,11,media,Magdalena,781300,48
8921,hombre,48,11,media,Magdalena,1000000,48
8922,mujer,38,16,superior,Magdalena,1700000,40
8923,hombre,35,11,media,Magdalena,1105000,40
8924,mujer,35,14,superior,Magdalena,951000,48
8925,mujer,34,11,media,Magdalena,200000,30
8926,hombre,37,16,superior,Magdalena,781242,35
8927,hombre,33,13,superior,Magdalena,1100000,40
8928,hombre,51,11,media,Magdalena,4000000,105
8929,mujer,33,11,media,Magdalena,400000,105
8930,hombre,21,11,media,Magdalena,900000,50
8931,mujer,55,14,superior,Magdalena,400000,48
8932,hombre,51,14,superior,Magdalena,1200000,48
8933,mujer,50,11,media,Magdalena,900000,30
8934,mujer,21,14,superior,Magdalena,1900000,48
8935,mujer,35,11,media,Magdalena,460000,45
8936,mujer,59,8,secundaria,Magdalena,400000,40
8937,mujer,43,15,superior,Magdalena,210000,30
8938,mujer,62,11,media,Magdalena,2000000,40
8939,hombre,49,6,secundaria,Meta,465000,96
8940,hombre,23,11,media,Meta,810000,48
8941,mujer,65,5,primaria,Meta,300000,40
8942,mujer,18,11,media,Meta,1400000,63
8943,mujer,59,23,superior,Meta,3700000,40
8944,mujer,26,16,superior,Meta,800000,48
8945,hombre,27,16,superior,Meta,1500000,45
8946,hombre,23,13,superior,Meta,890000,60
8947,hombre,43,11,media,Meta,1000000,90
8948,hombre,31,5,primaria,Meta,840000,90
8949,hombre,37,17,superior,Meta,2000000,70
8950,mujer,34,16,superior,Meta,800000,40
8951,mujer,59,7,secundaria,Meta,150000,30
8952,hombre,41,11,media,Meta,800000,14
8953,mujer,39,16,superior,Meta,2500000,48
8954,hombre,19,11,superior,Meta,500000,12
8955,hombre,46,11,media,Meta,741242,56
8956,mujer,40,11,media,Meta,300000,24
8957,mujer,21,12,superior,Meta,1180000,56
8958,hombre,56,3,primaria,Meta,600000,70
8959,mujer,54,1,primaria,Meta,870000,55
8960,hombre,24,11,media,Meta,940000,72
8961,hombre,56,13,superior,Meta,1108000,40
8962,mujer,51,6,secundaria,Meta,741242,56
8963,mujer,23,16,superior,Meta,741242,48
8964,hombre,40,11,media,Meta,990000,48
8965,hombre,40,11,media,Meta,990000,48
8966,hombre,25,11,media,Meta,900000,48
8967,mujer,20,9,secundaria,Meta,900000,80
8968,mujer,31,14,superior,Meta,1000000,45
8969,hombre,48,16,superior,Meta,2200000,48
8970,mujer,29,17,superior,Meta,4188100,40
8971,hombre,28,11,media,Meta,680000,60
8972,hombre,43,11,media,Meta,2200000,44
8973,mujer,45,11,media,Meta,600000,50
8974,hombre,44,20,superior,Meta,3600000,44
8975,mujer,32,16,superior,Meta,1200000,45
8976,hombre,49,11,media,Meta,1200000,60
8977,mujer,32,17,superior,Meta,4600000,60
8978,mujer,40,18,superior,Meta,2000000,44
8979,hombre,31,16,superior,Meta,1000000,44
8980,mujer,49,11,media,Meta,741242,56
8981,mujer,47,19,superior,Meta,3000000,30
8982,hombre,40,14,superior,Meta,1500000,48
8983,hombre,29,6,secundaria,Meta,700000,72
8984,mujer,24,6,secundaria,Meta,1000000,72
8985,hombre,48,15,superior,Meta,700000,60
8986,hombre,26,11,media,Meta,860000,48
8987,hombre,36,11,media,Meta,850000,44
8988,mujer,34,17,superior,Meta,3900000,40
8989,mujer,43,19,superior,Meta,3800000,40
8990,hombre,22,7,secundaria,Meta,900000,50
8991,hombre,25,5,primaria,Meta,900000,50
8992,hombre,54,5,primaria,Meta,200000,48
8993,mujer,55,5,primaria,Meta,50000,40
8994,hombre,20,8,secundaria,Meta,750000,48
8995,mujer,36,5,primaria,Meta,806000,48
8996,mujer,58,7,secundaria,Meta,150000,40
8997,hombre,56,9,secundaria,Meta,600000,48
8998,mujer,45,14,superior,Meta,1200000,60
8999,hombre,24,11,media,Meta,300000,40
9000,mujer,22,11,media,Meta,980000,60
9001,hombre,23,11,media,Meta,400000,40
9002,hombre,21,2,primaria,Meta,980000,48
9003,mujer,27,9,secundaria,Meta,800000,48
9004,hombre,28,13,superior,Meta,1500000,48
9005,mujer,25,13,superior,Meta,1000000,48
9006,mujer,32,11,media,Meta,1181200,48
9007,mujer,52,4,primaria,Meta,300000,50
9008,hombre,28,11,media,Meta,900000,50
9009,hombre,30,11,media,Meta,1100000,48
9010,mujer,35,3,primaria,Meta,970000,72
9011,hombre,19,7,secundaria,Meta,820000,44
9012,hombre,43,11,media,Meta,820000,60
9013,hombre,41,11,media,Meta,2000000,48
9014,hombre,42,11,media,Meta,2400000,84
9015,mujer,41,11,media,Meta,400000,30
9016,mujer,24,11,media,Meta,400000,30
9017,hombre,35,9,secundaria,Meta,900000,60
9018,hombre,50,7,secundaria,Meta,1000000,84
9019,mujer,65,0,ninguno,Meta,300000,90
9020,hombre,37,11,media,Meta,400000,40
9021,mujer,34,8,secundaria,Meta,300000,40
9022,hombre,39,11,media,Meta,1500000,44
9023,hombre,45,6,secundaria,Meta,900000,80
9024,hombre,46,8,secundaria,Meta,1200000,80
9025,hombre,31,11,media,Meta,2500000,44
9026,mujer,23,11,media,Meta,480000,12
9027,hombre,57,11,media,Meta,870000,60
9028,hombre,38,9,secundaria,Meta,900000,54
9029,mujer,30,8,secundaria,Meta,100000,24
9030,hombre,56,2,primaria,Meta,2800000,62
9031,mujer,28,16,superior,Meta,1200000,48
9032,mujer,55,14,superior,Meta,800000,48
9033,hombre,63,16,superior,Meta,1200000,50
9034,mujer,50,16,superior,Meta,1200000,40
9035,hombre,58,9,secundaria,Meta,840000,54
9036,hombre,50,13,superior,Meta,2500000,70
9037,hombre,36,18,superior,Narino,3000000,40
9038,hombre,52,7,secundaria,Narino,845000,44
9039,hombre,48,5,primaria,Narino,500000,44
9040,mujer,55,14,superior,Narino,1700000,40
9041,hombre,57,11,media,Narino,500000,24
9042,hombre,26,11,media,Narino,500000,20
9043,mujer,32,11,media,Narino,300000,38
9044,hombre,34,9,secundaria,Narino,700000,48
9045,hombre,40,16,superior,Narino,2000000,42
9046,mujer,41,16,superior,Narino,900000,15
9047,mujer,56,2,primaria,Narino,800000,36
9048,mujer,32,11,media,Narino,781242,48
9049,hombre,54,7,secundaria,Narino,780000,48
9050,mujer,55,9,secundaria,Narino,250000,15
9051,hombre,32,16,superior,Narino,600000,30
9052,mujer,47,16,superior,Narino,1600000,42
9053,hombre,56,13,superior,Narino,500000,60
9054,mujer,37,3,primaria,Narino,350000,24
9055,hombre,49,5,primaria,Narino,300000,15
9056,hombre,18,4,primaria,Narino,80000,12
9057,mujer,34,5,primaria,Narino,500000,30
9058,hombre,32,5,primaria,Narino,350000,72
9059,hombre,24,11,media,Narino,781242,48
9060,mujer,42,5,primaria,Narino,530000,40
9061,hombre,46,5,primaria,Narino,900000,54
9062,hombre,54,4,primaria,Narino,900000,48
9063,hombre,24,11,media,Narino,700000,72
9064,hombre,23,5,primaria,Narino,700000,72
9065,mujer,20,11,media,Narino,250000,40
9066,hombre,64,11,media,Narino,100000,26
9067,mujer,46,16,superior,Narino,3000000,30
9068,mujer,28,5,primaria,Narino,720000,48
9069,hombre,47,5,primaria,Narino,200000,15
9070,hombre,54,2,primaria,Narino,200000,15
9071,hombre,27,11,media,Narino,800000,48
9072,hombre,31,11,media,Narino,1200000,45
9073,mujer,39,5,primaria,Narino,100000,48
9074,mujer,46,5,primaria,Narino,780000,66
9075,hombre,26,11,media,Narino,700000,24
9076,mujer,49,22,superior,Narino,3400000,40
9077,mujer,54,18,superior,Narino,2400000,40
9078,mujer,43,5,primaria,Narino,400000,36
9079,hombre,65,16,superior,Narino,3300000,40
9080,hombre,58,16,superior,Narino,4800000,40
9081,hombre,36,11,media,Narino,700000,48
9082,hombre,34,11,media,Narino,1000000,45
9083,hombre,36,11,media,Narino,1500000,50
9084,mujer,48,11,media,Narino,1000000,40
9085,hombre,47,6,secundaria,Narino,900000,60
9086,hombre,39,16,superior,Narino,1800000,44
9087,hombre,28,7,secundaria,Narino,700000,60
9088,hombre,34,17,superior,Narino,2400000,40
9089,hombre,33,11,media,N. de Santander,800000,21
9090,hombre,38,11,media,N. de Santander,1200000,48
9091,hombre,23,5,primaria,N. de Santander,781242,48
9092,hombre,54,16,superior,N. de Santander,800000,60
9093,hombre,44,11,media,N. de Santander,2000000,46
9094,mujer,42,11,media,N. de Santander,2200000,84
9095,hombre,40,11,media,N. de Santander,1800000,48
9096,hombre,26,11,media,N. de Santander,900000,54
9097,mujer,29,11,media,N. de Santander,781242,54
9098,mujer,47,16,superior,N. de Santander,600000,70
9099,mujer,31,16,superior,N. de Santander,700000,80
9100,hombre,27,11,media,N. de Santander,700000,80
9101,mujer,35,16,superior,N. de Santander,500000,50
9102,hombre,33,3,primaria,N. de Santander,500000,50
9103,mujer,31,11,media,N. de Santander,240000,30
9104,mujer,33,11,media,N. de Santander,500000,30
9105,hombre,31,7,secundaria,N. de Santander,1200000,57
9106,hombre,36,13,superior,N. de Santander,781242,48
9107,hombre,36,11,media,N. de Santander,700000,50
9108,hombre,25,9,secundaria,N. de Santander,781242,54
9109,mujer,21,11,media,N. de Santander,600000,72
9110,mujer,23,7,secundaria,N. de Santander,300000,40
9111,mujer,26,7,secundaria,N. de Santander,250000,40
9112,hombre,55,11,media,N. de Santander,900000,72
9113,mujer,50,11,media,N. de Santander,781242,40
9114,mujer,31,16,superior,N. de Santander,781242,48
9115,hombre,55,5,primaria,N. de Santander,781242,48
9116,hombre,29,9,secundaria,N. de Santander,600000,48
9117,hombre,40,5,primaria,N. de Santander,500000,50
9118,mujer,25,13,superior,N. de Santander,700000,40
9119,mujer,46,20,superior,N. de Santander,2200000,30
9120,mujer,40,15,superior,N. de Santander,1500000,60
9121,hombre,53,5,primaria,N. de Santander,2000000,80
9122,hombre,39,11,media,N. de Santander,2600000,48
9123,mujer,34,14,superior,N. de Santander,1177000,60
9124,mujer,49,16,superior,N. de Santander,3700000,48
9125,hombre,46,16,superior,N. de Santander,1800000,48
9126,mujer,42,16,superior,N. de Santander,800000,48
9127,hombre,44,7,secundaria,N. de Santander,781242,48
9128,hombre,60,11,media,N. de Santander,900000,65
9129,mujer,41,5,primaria,N. de Santander,400000,48
9130,hombre,46,11,media,N. de Santander,200000,60
9131,hombre,44,11,media,N. de Santander,400000,50
9132,hombre,61,11,media,N. de Santander,2150000,50
9133,hombre,36,5,primaria,N. de Santander,500000,54
9134,hombre,28,15,superior,N. de Santander,781242,48
9135,mujer,46,11,media,N. de Santander,120000,12
9136,mujer,28,4,primaria,N. de Santander,300000,42
9137,hombre,35,13,superior,N. de Santander,887000,48
9138,hombre,46,3,primaria,N. de Santander,1200000,60
9139,mujer,42,11,media,N. de Santander,789500,48
9140,hombre,25,13,superior,N. de Santander,1200000,48
9141,hombre,35,9,secundaria,N. de Santander,600000,63
9142,hombre,28,9,secundaria,N. de Santander,600000,54
9143,hombre,40,11,media,N. de Santander,1000000,70
9144,hombre,35,6,secundaria,N. de Santander,600000,72
9145,mujer,30,11,media,N. de Santander,800000,40
9146,mujer,22,14,superior,N. de Santander,785000,72
9147,hombre,42,5,primaria,N. de Santander,800000,48
9148,hombre,41,13,superior,N. de Santander,1600000,48
9149,mujer,37,8,secundaria,N. de Santander,400000,14
9150,hombre,20,7,secundaria,N. de Santander,240000,54
9151,hombre,49,11,media,N. de Santander,1200000,50
9152,mujer,27,13,superior,N. de Santander,787000,56
9153,hombre,22,9,secundaria,N. de Santander,2000000,50
9154,hombre,45,11,media,N. de Santander,1150000,48
9155,mujer,42,16,superior,N. de Santander,1500000,50
9156,hombre,53,11,media,Quindio,900000,72
9157,hombre,19,11,media,Quindio,990000,54
9158,hombre,38,11,media,Quindio,781242,70
9159,mujer,37,11,media,Quindio,200000,20
9160,hombre,48,22,superior,Quindio,25000000,72
9161,mujer,46,17,superior,Quindio,300000,3
9162,hombre,33,17,superior,Quindio,8000000,40
9163,hombre,27,16,superior,Quindio,3800000,48
9164,mujer,23,15,superior,Quindio,828000,48
9165,mujer,64,7,secundaria,Quindio,200000,22
9166,mujer,50,5,primaria,Quindio,690000,54
9167,mujer,25,14,superior,Quindio,700000,36
9168,mujer,28,14,superior,Quindio,781000,54
9169,mujer,37,5,primaria,Quindio,200000,40
9170,hombre,32,9,secundaria,Quindio,900000,54
9171,mujer,31,11,media,Quindio,781242,65
9172,hombre,37,11,media,Quindio,500000,55
9173,mujer,59,6,secundaria,Quindio,200000,20
9174,mujer,32,9,secundaria,Quindio,500000,50
9175,mujer,44,11,media,Quindio,1200000,48
9176,hombre,63,6,secundaria,Quindio,731242,60
9177,hombre,51,5,primaria,Quindio,400000,55
9178,mujer,28,11,media,Quindio,781242,48
9179,hombre,37,11,media,Quindio,2200000,84
9180,hombre,23,16,superior,Quindio,900000,30
9181,hombre,33,13,superior,Quindio,1500000,40
9182,hombre,57,1,primaria,Quindio,1020000,45
9183,mujer,55,11,media,Quindio,800000,45
9184,mujer,34,16,superior,Quindio,781242,48
9185,mujer,23,16,superior,Quindio,400000,24
9186,mujer,47,11,media,Quindio,480000,66
9187,mujer,22,14,superior,Quindio,1000000,44
9188,mujer,29,11,media,Quindio,900000,48
9189,hombre,43,8,secundaria,Quindio,781242,48
9190,hombre,46,11,media,Quindio,781242,53
9191,hombre,48,11,media,Quindio,1000000,54
9192,mujer,51,11,media,Quindio,781000,48
9193,mujer,25,16,superior,Quindio,1700000,30
9194,hombre,57,5,primaria,Quindio,800000,60
9195,hombre,38,19,superior,Quindio,4200000,48
9196,hombre,52,11,media,Quindio,1800000,60
9197,mujer,51,11,media,Quindio,480000,30
9198,hombre,20,11,media,Quindio,781242,55
9199,mujer,49,5,primaria,Quindio,1200000,56
9200,mujer,28,12,superior,Quindio,1562500,54
9201,hombre,62,6,secundaria,Quindio,781242,105
9202,mujer,62,8,secundaria,Quindio,160000,8
9203,hombre,63,2,primaria,Quindio,400000,10
9204,hombre,28,11,media,Quindio,700000,50
9205,mujer,26,11,media,Quindio,800000,50
9206,mujer,28,11,media,Quindio,400000,50
9207,hombre,56,5,primaria,Quindio,960000,65
9208,hombre,31,14,superior,Quindio,781242,60
9209,mujer,28,11,media,Quindio,781242,50
9210,mujer,55,3,primaria,Quindio,800000,20
9211,hombre,34,11,media,Quindio,1300000,48
9212,hombre,54,1,primaria,Quindio,781242,50
9213,mujer,27,8,secundaria,Quindio,400000,70
9214,hombre,37,5,primaria,Quindio,500000,50
9215,hombre,55,14,superior,Quindio,1700000,60
9216,mujer,48,11,media,Quindio,600000,30
9217,hombre,28,11,media,Quindio,700000,30
9218,hombre,31,11,media,Quindio,740000,54
9219,mujer,48,8,secundaria,Quindio,882000,48
9220,hombre,43,3,primaria,Quindio,300000,30
9221,mujer,47,1,primaria,Quindio,120000,30
9222,hombre,59,0,ninguno,Quindio,850000,60
9223,hombre,35,11,media,Quindio,800000,70
9224,hombre,25,9,secundaria,Quindio,781242,48
9225,hombre,24,11,media,Quindio,800000,54
9226,hombre,26,11,media,Quindio,2000000,60
9227,mujer,53,13,superior,Quindio,781242,48
9228,mujer,51,11,media,Quindio,781242,48
9229,hombre,46,3,primaria,Quindio,960000,60
9230,mujer,47,11,media,Quindio,560000,60
9231,mujer,33,14,superior,Quindio,938000,53
9232,mujer,28,12,superior,Quindio,850000,48
9233,hombre,39,16,superior,Quindio,1000000,45
9234,mujer,32,11,media,Quindio,900000,40
9235,hombre,60,11,media,Quindio,100000,40
9236,hombre,29,11,media,Quindio,780000,70
9237,hombre,37,10,media,Quindio,1000000,48
9238,hombre,58,0,ninguno,Quindio,380000,60
9239,hombre,59,10,media,Quindio,500000,60
9240,hombre,37,11,media,Quindio,800000,50
9241,hombre,36,10,media,Quindio,781242,60
9242,mujer,46,6,secundaria,Quindio,931242,55
9243,mujer,28,11,media,Quindio,600000,20
9244,hombre,19,11,media,Quindio,480000,54
9245,mujer,24,11,media,Quindio,600000,54
9246,hombre,37,5,primaria,Quindio,700000,54
9247,mujer,43,11,media,Quindio,600000,40
9248,mujer,44,11,media,Quindio,1000000,20
9249,mujer,65,9,secundaria,Quindio,300000,27
9250,hombre,34,11,media,Quindio,782000,48
9251,hombre,47,6,secundaria,Quindio,300000,70
9252,hombre,53,11,media,Quindio,700000,40
9253,hombre,49,9,secundaria,Quindio,400000,60
9254,hombre,32,7,secundaria,Risaralda,1000000,48
9255,mujer,27,11,media,Risaralda,594000,24
9256,hombre,43,7,secundaria,Risaralda,850000,48
9257,mujer,45,5,primaria,Risaralda,160000,12
9258,hombre,42,4,primaria,Risaralda,781242,66
9259,mujer,37,4,primaria,Risaralda,700000,40
9260,mujer,62,3,primaria,Risaralda,300000,20
9261,hombre,27,5,primaria,Risaralda,700000,45
9262,hombre,33,5,primaria,Risaralda,781242,56
9263,mujer,60,12,superior,Risaralda,100000,50
9264,mujer,27,14,superior,Risaralda,1200000,45
9265,mujer,56,13,superior,Risaralda,1000000,48
9266,mujer,19,11,superior,Risaralda,400000,30
9267,hombre,38,6,secundaria,Risaralda,2000000,70
9268,hombre,32,5,primaria,Risaralda,1000000,70
9269,hombre,32,11,media,Risaralda,1700000,48
9270,mujer,35,11,media,Risaralda,600000,40
9271,hombre,46,5,primaria,Risaralda,900000,55
9272,mujer,27,13,superior,Risaralda,781242,48
9273,hombre,22,11,media,Risaralda,781242,48
9274,hombre,58,11,media,Risaralda,700000,72
9275,hombre,29,11,media,Risaralda,781242,48
9276,mujer,55,14,superior,Risaralda,300000,48
9277,hombre,51,5,primaria,Risaralda,500000,45
9278,hombre,24,11,media,Risaralda,781242,48
9279,mujer,42,11,media,Risaralda,3000000,48
9280,hombre,24,13,superior,Risaralda,781242,48
9281,hombre,31,16,superior,Risaralda,2500000,48
9282,mujer,30,16,superior,Risaralda,1200000,48
9283,hombre,24,16,superior,Risaralda,1100000,50
9284,hombre,54,8,secundaria,Risaralda,100000,80
9285,hombre,23,14,superior,Risaralda,900000,48
9286,hombre,34,11,media,Risaralda,900000,40
9287,hombre,26,11,media,Risaralda,1200000,48
9288,mujer,37,18,superior,Risaralda,4000000,40
9289,mujer,35,16,superior,Risaralda,900000,44
9290,hombre,42,18,superior,Risaralda,6000000,56
9291,mujer,26,16,superior,Risaralda,1200000,72
9292,hombre,35,13,superior,Risaralda,1500000,48
9293,mujer,39,13,superior,Risaralda,400000,24
9294,mujer,38,13,superior,Risaralda,1500000,48
9295,hombre,43,21,superior,Risaralda,2625000,48
9296,mujer,50,12,superior,Risaralda,250000,40
9297,mujer,28,16,superior,Risaralda,1800000,45
9298,hombre,32,14,superior,Risaralda,900000,48
9299,hombre,45,16,superior,Risaralda,3500000,48
9300,mujer,45,16,superior,Risaralda,3500000,48
9301,hombre,52,20,superior,Risaralda,6800000,40
9302,hombre,19,12,superior,Risaralda,1100000,48
9303,mujer,41,16,superior,Risaralda,1500000,40
9304,mujer,27,17,superior,Risaralda,3000000,40
9305,mujer,49,16,superior,Risaralda,500000,20
9306,hombre,64,7,secundaria,Risaralda,1200000,72
9307,mujer,38,14,superior,Risaralda,1200000,44
9308,hombre,32,17,superior,Risaralda,4000000,72
9309,hombre,25,16,superior,Risaralda,5000000,30
9310,hombre,47,16,superior,Risaralda,3000000,74
9311,mujer,39,16,superior,Risaralda,3000000,74
9312,hombre,42,14,superior,Risaralda,700000,40
9313,mujer,59,16,superior,Risaralda,2000000,54
9314,hombre,61,15,superior,Risaralda,2000000,105
9315,mujer,60,13,superior,Risaralda,1000000,32
9316,mujer,33,16,superior,Risaralda,3000000,40
9317,mujer,30,16,superior,Risaralda,781242,40
9318,hombre,22,15,superior,Risaralda,525000,25
9319,hombre,39,21,superior,Risaralda,6000000,60
9320,mujer,41,16,superior,Risaralda,3000000,20
9321,mujer,55,5,primaria,Risaralda,300000,20
9322,hombre,31,11,media,Risaralda,781242,48
9323,mujer,24,11,media,Risaralda,781242,48
9324,hombre,39,11,media,Risaralda,900000,54
9325,mujer,33,11,media,Risaralda,781242,48
9326,hombre,37,11,media,Risaralda,900000,48
9327,hombre,45,11,media,Risaralda,900000,84
9328,hombre,41,13,superior,Risaralda,2500000,48
9329,mujer,31,11,media,Risaralda,781242,48
9330,hombre,19,12,superior,Risaralda,781242,48
9331,mujer,43,11,media,Risaralda,600000,45
9332,hombre,37,11,media,Risaralda,800000,45
9333,mujer,23,4,primaria,Risaralda,781242,48
9334,hombre,28,11,media,Risaralda,1000000,48
9335,mujer,41,5,primaria,Risaralda,400000,40
9336,hombre,36,5,primaria,Risaralda,800000,54
9337,hombre,26,11,media,Santander,900000,50
9338,mujer,28,11,media,Santander,200000,14
9339,hombre,64,2,primaria,Santander,300000,50
9340,mujer,51,5,primaria,Santander,400000,20
9341,hombre,26,11,media,Santander,1200000,60
9342,mujer,30,9,secundaria,Santander,200000,15
9343,hombre,44,11,media,Santander,1200000,60
9344,hombre,48,5,primaria,Santander,1600000,60
9345,mujer,45,11,media,Santander,781242,48
9346,hombre,26,9,secundaria,Santander,782000,48
9347,mujer,45,16,superior,Santander,1800000,40
9348,hombre,30,11,media,Santander,850000,48
9349,mujer,50,11,media,Santander,700000,48
9350,hombre,63,11,media,Santander,1000000,72
9351,hombre,49,14,superior,Santander,2390000,48
9352,mujer,34,16,superior,Santander,901250,48
9353,mujer,28,18,superior,Santander,2500000,48
9354,mujer,26,16,superior,Santander,960000,70
9355,hombre,27,16,superior,Santander,1300000,66
9356,hombre,24,11,media,Santander,922271,60
9357,hombre,32,5,primaria,Santander,781200,60
9358,hombre,45,1,primaria,Santander,1100000,50
9359,mujer,38,11,media,Santander,350000,10
9360,hombre,19,12,superior,Santander,200000,24
9361,hombre,62,5,primaria,Santander,600000,60
9362,mujer,60,5,primaria,Santander,600000,20
9363,mujer,30,11,media,Santander,300000,30
9364,hombre,48,11,media,Santander,3000000,60
9365,mujer,34,11,media,Santander,1600000,36
9366,mujer,28,11,media,Santander,60000,30
9367,mujer,59,4,primaria,Santander,400000,44
9368,mujer,56,11,media,Santander,781242,48
9369,mujer,32,11,media,Santander,781242,48
9370,mujer,51,18,superior,Santander,900000,48
9371,hombre,57,11,media,Santander,800000,84
9372,mujer,22,16,superior,Santander,1000000,36
9373,hombre,60,1,primaria,Santander,1200000,48
9374,hombre,31,3,primaria,Santander,1450000,48
9375,hombre,55,5,primaria,Santander,475000,48
9376,mujer,43,3,primaria,Santander,900000,60
9377,hombre,61,2,primaria,Santander,1000000,45
9378,mujer,56,5,primaria,Santander,528000,27
9379,hombre,54,4,primaria,Santander,880000,64
9380,hombre,44,5,primaria,Santander,900000,53
9381,mujer,46,10,media,Santander,800000,47
9382,mujer,60,11,media,Santander,600000,40
9383,mujer,45,11,media,Santander,1200000,48
9384,mujer,31,16,superior,Santander,3500000,72
9385,hombre,35,13,superior,Santander,1500000,48
9386,hombre,24,14,superior,Santander,1100000,48
9387,hombre,40,5,primaria,Santander,300000,40
9388,mujer,55,9,secundaria,Santander,600000,48
9389,hombre,65,5,primaria,Santander,600000,40
9390,hombre,43,11,media,Santander,1500000,48
9391,hombre,47,5,primaria,Santander,1000000,52
9392,hombre,50,11,media,Santander,1500000,48
9393,mujer,39,11,media,Santander,880000,48
9394,hombre,20,11,media,Santander,500000,30
9395,hombre,63,3,primaria,Santander,700000,50
9396,hombre,61,2,primaria,Santander,500000,50
9397,hombre,48,8,secundaria,Santander,800000,48
9398,hombre,24,14,superior,Santander,1100000,48
9399,mujer,29,5,primaria,Santander,450000,44
9400,hombre,54,3,primaria,Santander,1200000,59
9401,hombre,42,11,media,Santander,550000,70
9402,hombre,44,9,secundaria,Santander,700000,48
9403,hombre,52,5,primaria,Santander,900000,56
9404,mujer,54,11,media,Santander,781242,60
9405,mujer,48,11,media,Santander,1650000,48
9406,hombre,54,9,secundaria,Santander,1200000,40
9407,hombre,49,5,primaria,Santander,400000,54
9408,hombre,30,11,media,Santander,1050000,50
9409,hombre,51,11,media,Santander,1200000,60
9410,mujer,47,11,media,Santander,781242,48
9411,hombre,35,11,media,Santander,1200000,60
9412,hombre,46,16,superior,Santander,1740000,20
9413,mujer,46,16,superior,Santander,3000000,40
9414,hombre,49,9,secundaria,Santander,2000000,60
9415,hombre,19,11,superior,Santander,700000,36
9416,mujer,36,11,media,Santander,1200000,60
9417,mujer,24,12,superior,Santander,1300000,56
9418,hombre,30,11,media,Santander,1280000,84
9419,mujer,28,11,media,Santander,3500000,60
9420,mujer,56,11,media,Santander,900000,40
9421,mujer,35,11,media,Santander,800000,50
9422,mujer,54,5,primaria,Santander,500000,72
9423,hombre,29,11,media,Santander,1500000,70
9424,hombre,28,12,superior,Santander,1200000,72
9425,mujer,51,4,primaria,Santander,310000,24
9426,hombre,25,14,superior,Santander,1000000,40
9427,hombre,23,14,superior,Santander,1800000,48
9428,hombre,41,2,primaria,Santander,900000,60
9429,mujer,40,8,secundaria,Santander,1300000,40
9430,hombre,51,2,primaria,Santander,600000,60
9431,mujer,49,5,primaria,Santander,901242,50
9432,hombre,26,2,primaria,Santander,700000,60
9433,hombre,23,5,primaria,Santander,500000,50
9434,hombre,54,11,media,Sucre,800000,50
9435,mujer,48,11,media,Sucre,450000,42
9436,hombre,58,5,primaria,Sucre,300000,72
9437,mujer,55,5,primaria,Sucre,200000,72
9438,hombre,37,11,media,Sucre,840000,48
9439,hombre,52,0,ninguno,Sucre,600000,48
9440,hombre,48,9,secundaria,Sucre,200000,48
9441,mujer,46,13,superior,Sucre,300000,24
9442,hombre,53,8,secundaria,Sucre,1200000,49
9443,hombre,49,7,secundaria,Sucre,800000,50
9444,mujer,34,11,media,Sucre,450000,40
9445,mujer,50,15,superior,Sucre,781242,40
9446,hombre,36,12,superior,Sucre,3200000,72
9447,hombre,43,11,media,Sucre,1500000,48
9448,mujer,38,16,superior,Sucre,400000,28
9449,hombre,30,11,media,Sucre,781242,48
9450,mujer,39,11,media,Sucre,660000,48
9451,hombre,50,11,media,Sucre,781242,40
9452,mujer,38,5,primaria,Sucre,600000,40
9453,hombre,26,11,media,Sucre,781242,40
9454,hombre,56,5,primaria,Sucre,500000,84
9455,mujer,53,3,primaria,Sucre,100000,21
9456,hombre,38,13,superior,Sucre,781242,40
9457,mujer,36,13,superior,Sucre,781242,40
9458,hombre,42,16,superior,Sucre,600000,48
9459,mujer,36,13,superior,Sucre,500000,48
9460,hombre,23,11,media,Sucre,700000,49
9461,hombre,28,17,superior,Sucre,3500000,48
9462,mujer,22,12,superior,Sucre,781242,48
9463,mujer,54,7,secundaria,Sucre,560000,49
9464,mujer,42,13,superior,Sucre,960000,48
9465,hombre,35,11,media,Sucre,1200000,60
9466,mujer,61,5,primaria,Tolima,200000,40
9467,hombre,49,11,media,Tolima,1200000,70
9468,mujer,46,11,media,Tolima,800000,60
9469,hombre,25,13,superior,Tolima,900000,60
9470,hombre,27,16,superior,Tolima,900000,50
9471,mujer,60,10,media,Tolima,100000,60
9472,hombre,55,10,media,Tolima,600000,48
9473,hombre,22,11,media,Tolima,800000,70
9474,hombre,46,17,superior,Tolima,2500000,40
9475,mujer,21,11,media,Tolima,300000,9
9476,hombre,30,11,media,Tolima,700000,48
9477,mujer,33,14,superior,Tolima,930000,60
9478,mujer,56,5,primaria,Tolima,2500000,52
9479,mujer,32,16,superior,Tolima,2000000,40
9480,hombre,34,15,superior,Tolima,1500000,40
9481,hombre,53,16,superior,Tolima,1100000,48
9482,mujer,53,16,superior,Tolima,1500000,48
9483,hombre,29,2,primaria,Tolima,1600000,52
9484,hombre,44,14,superior,Tolima,1200000,40
9485,mujer,34,11,media,Tolima,300000,12
9486,hombre,35,11,media,Tolima,800000,70
9487,hombre,46,5,primaria,Tolima,400000,40
9488,hombre,31,11,media,Tolima,781242,48
9489,mujer,30,11,media,Tolima,800000,48
9490,mujer,35,4,primaria,Tolima,20000,70
9491,mujer,59,11,media,Tolima,400000,24
9492,hombre,23,11,media,Tolima,900000,60
9493,mujer,53,5,primaria,Tolima,300000,40
9494,mujer,33,11,media,Tolima,781242,48
9495,hombre,43,11,media,Tolima,1000000,72
9496,mujer,29,16,superior,Tolima,781242,24
9497,hombre,63,8,secundaria,Tolima,1500000,40
9498,mujer,60,14,superior,Tolima,1100000,40
9499,hombre,33,11,media,Tolima,1200000,72
9500,hombre,26,14,superior,Tolima,870000,40
9501,hombre,49,5,primaria,Tolima,900000,72
9502,hombre,46,14,superior,Tolima,900000,45
9503,hombre,53,3,primaria,Tolima,789100,70
9504,mujer,43,5,primaria,Tolima,1050000,52
9505,hombre,23,13,superior,Tolima,781600,48
9506,hombre,19,11,superior,Tolima,400000,70
9507,mujer,37,7,secundaria,Tolima,300000,50
9508,hombre,26,11,media,Tolima,1100000,48
9509,mujer,39,11,media,Tolima,980000,48
9510,hombre,22,8,secundaria,Tolima,1400000,60
9511,hombre,19,11,media,Tolima,700000,30
9512,mujer,35,13,superior,Tolima,781242,70
9513,mujer,28,6,secundaria,Tolima,120000,10
9514,mujer,21,13,superior,Tolima,900000,50
9515,mujer,58,5,primaria,Tolima,800000,60
9516,hombre,30,11,media,Tolima,450000,40
9517,hombre,58,2,primaria,Tolima,800000,36
9518,hombre,18,11,media,Tolima,1000000,48
9519,mujer,39,11,media,Tolima,781242,48
9520,hombre,50,3,primaria,Tolima,700000,54
9521,mujer,27,14,superior,Tolima,1300000,77
9522,hombre,30,11,media,Tolima,700000,45
9523,hombre,62,11,media,Tolima,1500000,70
9524,hombre,28,13,superior,Tolima,900000,105
9525,mujer,51,13,superior,Tolima,1000000,84
9526,hombre,30,14,superior,Tolima,400000,30
9527,mujer,36,13,superior,Tolima,400000,48
9528,mujer,29,16,superior,Tolima,1700000,48
9529,mujer,36,14,superior,Tolima,900000,45
9530,hombre,40,14,superior,Tolima,1000000,48
9531,mujer,63,13,superior,Tolima,600000,40
9532,mujer,39,12,superior,Tolima,900000,70
9533,mujer,42,17,superior,Valle del Cauca,4500000,54
9534,hombre,24,17,superior,Valle del Cauca,1260000,54
9535,hombre,51,23,superior,Valle del Cauca,6000000,40
9536,mujer,51,18,superior,Valle del Cauca,5000000,60
9537,hombre,49,5,primaria,Valle del Cauca,1000000,66
9538,mujer,36,11,media,Valle del Cauca,320000,25
9539,mujer,35,11,media,Valle del Cauca,400000,49
9540,hombre,37,13,superior,Valle del Cauca,1000000,48
9541,mujer,40,13,superior,Valle del Cauca,1100000,48
9542,hombre,51,11,media,Valle del Cauca,70000,36
9543,mujer,62,3,primaria,Valle del Cauca,1000000,42
9544,hombre,59,2,primaria,Valle del Cauca,99000,24
9545,hombre,56,16,superior,Valle del Cauca,2200000,20
9546,mujer,28,14,superior,Valle del Cauca,900000,30
9547,mujer,32,11,media,Valle del Cauca,1200000,48
9548,hombre,32,7,secundaria,Valle del Cauca,1200000,48
9549,mujer,33,16,superior,Valle del Cauca,700000,39
9550,mujer,44,14,superior,Valle del Cauca,920000,48
9551,mujer,26,11,media,Valle del Cauca,1250000,35
9552,mujer,55,11,media,Valle del Cauca,1300000,68
9553,mujer,18,11,media,Valle del Cauca,781242,48
9554,mujer,40,17,superior,Valle del Cauca,2400000,50
9555,hombre,63,5,primaria,Valle del Cauca,600000,40
9556,hombre,40,11,media,Valle del Cauca,1200000,63
9557,mujer,38,13,superior,Valle del Cauca,4200000,40
9558,hombre,39,11,media,Valle del Cauca,1200000,60
9559,hombre,29,11,media,Valle del Cauca,1200000,60
9560,hombre,40,8,secundaria,Valle del Cauca,1100000,48
9561,mujer,38,13,superior,Valle del Cauca,781242,45
9562,hombre,26,16,superior,Valle del Cauca,3400000,42
9563,hombre,38,15,superior,Valle del Cauca,2000000,48
9564,mujer,34,16,superior,Valle del Cauca,1800000,48
9565,mujer,45,11,media,Valle del Cauca,450000,18
9566,hombre,41,5,primaria,Valle del Cauca,650000,72
9567,hombre,42,22,superior,Valle del Cauca,4000000,30
9568,mujer,43,21,superior,Valle del Cauca,2900000,30
9569,hombre,33,9,secundaria,Valle del Cauca,900000,54
9570,hombre,42,11,media,Valle del Cauca,1200000,65
9571,hombre,41,11,media,Valle del Cauca,2000000,15
9572,mujer,39,11,media,Valle del Cauca,100000,30
9573,hombre,61,7,secundaria,Valle del Cauca,1000000,72
9574,mujer,54,8,secundaria,Valle del Cauca,960000,48
9575,hombre,38,11,media,Valle del Cauca,700000,40
9576,hombre,31,11,media,Valle del Cauca,1000000,55
9577,mujer,30,11,media,Valle del Cauca,1000000,40
9578,mujer,32,18,superior,Valle del Cauca,950000,48
9579,hombre,40,11,media,Valle del Cauca,1300000,48
9580,hombre,38,11,media,Valle del Cauca,400000,50
9581,mujer,36,11,media,Valle del Cauca,781242,48
9582,hombre,34,11,media,Valle del Cauca,1800000,66
9583,hombre,58,5,primaria,Antioquia,1600000,50
9584,hombre,32,11,media,Antioquia,781242,48
9585,hombre,55,11,media,Antioquia,1000000,60
9586,hombre,24,11,media,Antioquia,930000,48
9587,hombre,36,11,media,Antioquia,900000,48
9588,mujer,35,12,superior,Antioquia,781242,48
9589,hombre,37,11,media,Antioquia,900000,60
9590,hombre,33,16,superior,Antioquia,1350000,48
9591,hombre,30,12,superior,Antioquia,2200000,40
9592,hombre,57,4,primaria,Antioquia,1200000,60
9593,mujer,56,14,superior,Antioquia,1100000,54
9594,mujer,46,11,media,Antioquia,100000,6
9595,hombre,22,13,superior,Antioquia,500000,48
9596,hombre,23,12,superior,Antioquia,2000000,48
9597,hombre,28,11,media,Antioquia,240000,15
9598,hombre,40,11,media,Antioquia,1000000,48
9599,mujer,52,9,secundaria,Antioquia,905000,48
9600,mujer,29,12,superior,Antioquia,1200000,48
9601,hombre,65,5,primaria,Antioquia,781200,48
9602,mujer,36,7,secundaria,Antioquia,781200,48
9603,hombre,28,7,secundaria,Antioquia,781200,48
9604,hombre,25,11,media,Antioquia,1000000,40
9605,mujer,29,13,superior,Antioquia,50000,4
9606,hombre,50,3,primaria,Antioquia,1500000,55
9607,mujer,50,6,secundaria,Antioquia,890000,48
9608,hombre,59,7,secundaria,Antioquia,900000,48
9609,hombre,64,5,primaria,Antioquia,100000,12
9610,mujer,39,11,superior,Antioquia,781242,48
9611,hombre,36,11,media,Antioquia,800000,20
9612,hombre,39,14,superior,Antioquia,800000,54
9613,hombre,37,10,media,Antioquia,781242,48
9614,mujer,39,13,superior,Antioquia,781242,48
9615,hombre,37,5,primaria,Antioquia,800000,50
9616,mujer,37,13,superior,Antioquia,1400000,54
9617,mujer,61,16,superior,Antioquia,5000000,40
9618,hombre,32,16,superior,Antioquia,2000000,40
9619,mujer,44,16,superior,Antioquia,1000000,60
9620,hombre,47,16,superior,Antioquia,1900000,40
9621,hombre,36,15,superior,Antioquia,861242,48
9622,hombre,35,5,primaria,Antioquia,800000,40
9623,hombre,63,11,media,Antioquia,781242,48
9624,mujer,55,11,media,Antioquia,1780000,48
9625,hombre,28,11,media,Antioquia,781242,48
9626,mujer,22,11,media,Antioquia,1200000,48
9627,hombre,58,5,primaria,Antioquia,781300,48
9628,mujer,31,13,superior,Antioquia,2050000,70
9629,mujer,35,5,primaria,Antioquia,820000,48
9630,mujer,43,11,media,Antioquia,931200,66
9631,mujer,20,14,superior,Antioquia,781200,48
9632,hombre,47,5,primaria,Antioquia,700000,70
9633,mujer,37,5,primaria,Antioquia,800000,60
9634,hombre,39,16,superior,Antioquia,2300000,48
9635,mujer,34,18,superior,Antioquia,4200000,48
9636,hombre,56,11,media,Antioquia,1300000,60
9637,mujer,55,11,media,Antioquia,981242,30
9638,mujer,26,12,superior,Antioquia,1100000,48
9639,hombre,39,14,superior,Antioquia,800000,45
9640,mujer,39,13,superior,Antioquia,960000,48
9641,hombre,25,13,superior,Antioquia,781242,50
9642,mujer,49,4,primaria,Antioquia,60000,5
9643,mujer,29,13,superior,Antioquia,800000,48
9644,hombre,26,11,media,Antioquia,781242,48
9645,mujer,29,16,superior,Antioquia,1600000,48
9646,mujer,42,14,superior,Antioquia,600000,12
9647,mujer,35,11,media,Antioquia,2000000,60
9648,mujer,19,5,primaria,Antioquia,60000,20
9649,hombre,22,13,superior,Antioquia,781242,48
9650,hombre,26,11,media,Antioquia,1100000,48
9651,mujer,62,3,primaria,Antioquia,250000,40
9652,hombre,40,2,primaria,Antioquia,400000,48
9653,hombre,31,9,secundaria,Antioquia,600000,48
9654,hombre,58,5,primaria,Antioquia,1600000,48
9655,hombre,20,11,media,Antioquia,1100000,48
9656,mujer,47,17,superior,Antioquia,1800000,38
9657,mujer,57,11,media,Antioquia,1000000,48
9658,hombre,24,12,superior,Antioquia,850000,48
9659,hombre,23,14,superior,Antioquia,1300000,48
9660,hombre,41,11,media,Antioquia,200000,48
9661,hombre,33,0,ninguno,Antioquia,800000,48
9662,mujer,25,8,secundaria,Antioquia,100000,2
9663,hombre,48,8,secundaria,Antioquia,320000,36
9664,mujer,43,11,media,Antioquia,1600000,60
9665,hombre,56,11,media,Antioquia,1200000,48
9666,mujer,27,15,superior,Antioquia,1500000,48
9667,hombre,26,12,superior,Antioquia,1000000,42
9668,hombre,22,11,media,Antioquia,800000,25
9669,hombre,60,10,media,Antioquia,400000,40
9670,mujer,45,11,media,Antioquia,781242,48
9671,hombre,26,2,primaria,Antioquia,1200000,56
9672,mujer,30,10,media,Antioquia,781242,48
9673,hombre,60,12,superior,Antioquia,1000000,48
9674,mujer,60,20,superior,Antioquia,3000000,24
9675,hombre,31,16,superior,Antioquia,1000000,48
9676,mujer,28,18,superior,Antioquia,3700000,35
9677,hombre,61,11,media,Antioquia,1600000,60
9678,mujer,53,9,secundaria,Antioquia,781242,48
9679,hombre,31,11,media,Antioquia,50000,20
9680,hombre,19,13,superior,Antioquia,400000,48
9681,mujer,21,3,primaria,Antioquia,60000,20
9682,hombre,60,5,primaria,Antioquia,1200000,85
9683,mujer,34,11,media,Antioquia,781242,48
9684,mujer,37,11,media,Antioquia,300000,40
9685,hombre,51,8,secundaria,Antioquia,800000,60
9686,hombre,44,14,superior,Antioquia,5000000,48
9687,mujer,46,17,superior,Antioquia,4000000,48
9688,mujer,37,13,superior,Antioquia,520000,60
9689,hombre,28,13,superior,Antioquia,1700000,60
9690,mujer,25,11,media,Antioquia,300000,20
9691,hombre,40,11,media,Antioquia,1000000,50
9692,hombre,33,12,superior,Antioquia,800000,60
9693,hombre,41,5,primaria,Antioquia,170000,40
9694,hombre,44,5,primaria,Antioquia,200000,20
9695,mujer,21,11,media,Antioquia,240000,24
9696,hombre,55,8,secundaria,Antioquia,400000,50
9697,hombre,27,0,ninguno,Antioquia,300000,50
9698,mujer,58,0,ninguno,Antioquia,150000,24
9699,mujer,26,16,superior,Antioquia,1800000,48
9700,mujer,40,3,primaria,Antioquia,320000,30
9701,mujer,19,11,media,Antioquia,781242,48
9702,hombre,55,13,superior,Antioquia,2000000,60
9703,mujer,54,11,media,Antioquia,500000,15
9704,hombre,32,14,superior,Antioquia,1200000,48
9705,mujer,41,11,media,Antioquia,500000,45
9706,hombre,51,5,primaria,Antioquia,1000000,60
9707,mujer,49,5,primaria,Antioquia,981242,48
9708,hombre,20,9,secundaria,Antioquia,781200,48
9709,hombre,19,11,media,Antioquia,781242,48
9710,mujer,48,0,ninguno,Antioquia,80000,16
9711,hombre,58,0,ninguno,Antioquia,100000,50
9712,hombre,53,0,ninguno,Antioquia,600000,70
9713,hombre,22,8,secundaria,Antioquia,1200000,48
9714,mujer,21,11,media,Antioquia,781242,48
9715,hombre,53,15,superior,Antioquia,781242,48
9716,mujer,47,15,superior,Antioquia,2500000,48
9717,mujer,51,3,primaria,Antioquia,200000,60
9718,hombre,24,11,media,Antioquia,600000,48
9719,hombre,27,14,superior,Antioquia,2000000,48
9720,hombre,23,11,media,Antioquia,2000000,48
9721,mujer,36,11,media,Antioquia,1300000,60
9722,hombre,45,16,superior,Antioquia,1000000,48
9723,mujer,19,11,media,Antioquia,1200000,60
9724,hombre,20,11,media,Antioquia,600000,30
9725,hombre,43,11,media,Atlantico,821116,70
9726,mujer,46,11,media,Atlantico,200000,42
9727,mujer,24,13,superior,Atlantico,921116,48
9728,hombre,42,13,superior,Atlantico,925148,48
9729,mujer,37,11,media,Atlantico,100000,14
9730,hombre,30,8,secundaria,Atlantico,160000,20
9731,hombre,43,11,media,Atlantico,600000,48
9732,mujer,41,11,media,Atlantico,340000,60
9733,hombre,58,3,primaria,Atlantico,500000,48
9734,hombre,62,5,primaria,Atlantico,550000,50
9735,hombre,23,11,media,Atlantico,1050000,48
9736,mujer,30,11,media,Atlantico,450000,30
9737,mujer,26,16,superior,Atlantico,5000000,48
9738,hombre,52,11,media,Atlantico,1000000,48
9739,mujer,46,11,media,Atlantico,700000,10
9740,hombre,48,11,media,Atlantico,1368000,72
9741,hombre,44,21,superior,Atlantico,7800000,48
9742,hombre,46,16,superior,Atlantico,2000000,48
9743,hombre,26,9,secundaria,Atlantico,800000,48
9744,hombre,28,11,media,Atlantico,400000,48
9745,mujer,38,16,superior,Atlantico,500000,20
9746,hombre,25,16,superior,Atlantico,1600000,45
9747,mujer,46,11,media,Atlantico,200000,8
9748,mujer,24,9,secundaria,Atlantico,500000,40
9749,hombre,35,11,media,Atlantico,781242,48
9750,mujer,32,11,media,Atlantico,540000,42
9751,hombre,53,11,media,Atlantico,900000,48
9752,hombre,23,9,secundaria,Atlantico,700000,36
9753,hombre,27,11,media,Atlantico,500000,48
9754,mujer,19,11,media,Atlantico,490000,60
9755,mujer,47,11,media,Atlantico,360000,40
9756,hombre,29,11,media,Atlantico,1300000,48
9757,mujer,27,11,media,Atlantico,850000,48
9758,hombre,39,5,primaria,Atlantico,781000,48
9759,hombre,30,11,media,Atlantico,781000,48
9760,hombre,63,0,ninguno,Atlantico,800000,48
9761,mujer,56,5,primaria,Atlantico,120000,21
9762,hombre,37,9,secundaria,Atlantico,781000,48
9763,hombre,18,11,media,Atlantico,720000,40
9764,hombre,32,9,secundaria,Atlantico,800000,48
9765,hombre,33,16,superior,Atlantico,1600000,40
9766,mujer,33,11,media,Atlantico,300000,20
9767,hombre,58,11,media,Atlantico,600000,48
9768,mujer,26,15,superior,Atlantico,1000000,48
9769,hombre,43,7,secundaria,Atlantico,800000,48
9770,hombre,18,7,secundaria,Atlantico,60000,40
9771,hombre,47,11,media,Atlantico,1100000,48
9772,hombre,41,11,media,Atlantico,1100000,48
9773,mujer,38,14,superior,Atlantico,1200000,48
9774,hombre,32,11,media,Atlantico,800000,60
9775,mujer,27,5,primaria,Atlantico,930000,10
9776,hombre,23,14,superior,Atlantico,400000,48
9777,mujer,22,13,superior,Atlantico,1100000,48
9778,hombre,28,14,superior,Atlantico,900000,48
9779,hombre,29,11,media,Atlantico,900000,20
9780,mujer,28,11,media,Atlantico,320000,24
9781,mujer,58,3,primaria,Atlantico,220000,8
9782,hombre,56,21,superior,Atlantico,10000000,48
9783,mujer,44,16,superior,Atlantico,2200000,42
9784,hombre,47,11,media,Atlantico,1200000,48
9785,hombre,42,11,media,Atlantico,781242,66
9786,mujer,28,16,superior,Atlantico,1400000,48
9787,hombre,29,11,media,Atlantico,800000,48
9788,mujer,53,11,media,Atlantico,450000,60
9789,hombre,37,11,media,Atlantico,1200000,56
9790,mujer,37,11,media,Atlantico,300000,21
9791,mujer,59,5,primaria,Atlantico,1200000,84
9792,mujer,44,9,secundaria,Atlantico,720000,56
9793,hombre,23,10,media,Atlantico,1000000,70
9794,hombre,26,15,superior,Atlantico,1800000,48
9795,mujer,54,11,media,Atlantico,402000,20
9796,mujer,25,9,secundaria,Atlantico,850000,60
9797,hombre,35,3,primaria,Atlantico,1800000,56
9798,mujer,34,14,superior,Atlantico,50000,7
9799,hombre,23,14,superior,Atlantico,800000,48
9800,hombre,29,5,primaria,Atlantico,840000,48
9801,hombre,56,16,superior,Atlantico,3000000,40
9802,mujer,54,17,superior,Atlantico,3000000,40
9803,hombre,32,9,secundaria,Atlantico,1200000,48
9804,mujer,48,11,media,Atlantico,800000,60
9805,hombre,23,12,superior,Atlantico,800000,56
9806,mujer,63,11,media,Atlantico,200000,10
9807,hombre,46,11,media,Atlantico,850000,48
9808,hombre,41,5,primaria,Atlantico,900000,70
9809,mujer,34,6,secundaria,Atlantico,780000,70
9810,mujer,42,17,superior,Atlantico,1200000,44
9811,hombre,48,13,superior,Atlantico,1000000,44
9812,mujer,43,11,media,Atlantico,120000,5
9813,hombre,28,5,primaria,Atlantico,900000,70
9814,hombre,31,17,superior,Atlantico,1500000,54
9815,mujer,31,14,superior,Atlantico,1675000,60
9816,hombre,23,11,media,Atlantico,900000,64
9817,hombre,54,14,superior,Atlantico,900000,48
9818,hombre,22,14,superior,Atlantico,500000,20
9819,hombre,29,17,superior,Atlantico,3000000,48
9820,hombre,29,11,media,Atlantico,781000,48
9821,mujer,23,14,superior,Atlantico,800000,48
9822,hombre,50,11,media,Atlantico,180000,10
9823,hombre,52,11,media,Atlantico,500000,30
9824,hombre,46,8,secundaria,Atlantico,1400000,48
9825,mujer,25,11,media,Atlantico,600000,48
9826,mujer,57,5,primaria,Atlantico,300000,40
9827,hombre,35,11,media,Atlantico,900000,84
9828,mujer,30,11,media,Atlantico,1400000,84
9829,hombre,27,11,media,Atlantico,1200000,48
9830,mujer,27,11,media,Atlantico,900000,84
9831,hombre,25,11,media,Atlantico,1200000,48
9832,hombre,23,11,media,Atlantico,400000,40
9833,hombre,60,5,primaria,Atlantico,690000,72
9834,mujer,60,11,media,Atlantico,150000,40
9835,hombre,26,11,media,Atlantico,925148,48
9836,hombre,46,11,media,Atlantico,900000,84
9837,hombre,43,11,media,Atlantico,800000,60
9838,hombre,23,5,primaria,Atlantico,300000,48
9839,hombre,58,1,primaria,Atlantico,750000,78
9840,hombre,37,5,primaria,Atlantico,600000,84
9841,mujer,44,11,media,Atlantico,1250000,60
9842,hombre,54,11,media,Atlantico,900000,44
9843,hombre,63,4,primaria,Atlantico,830000,50
9844,mujer,31,14,superior,Atlantico,1050000,48
9845,hombre,27,11,media,Atlantico,900000,72
9846,mujer,29,5,primaria,Atlantico,610000,48
9847,hombre,60,3,primaria,Atlantico,900000,60
9848,hombre,58,9,secundaria,Atlantico,300000,70
9849,hombre,44,8,secundaria,Atlantico,800000,44
9850,mujer,41,11,media,Atlantico,800000,48
9851,hombre,44,5,primaria,Atlantico,1000000,84
9852,hombre,24,11,media,Atlantico,900000,84
9853,hombre,22,11,media,Atlantico,600000,20
9854,mujer,26,11,media,Atlantico,900000,48
9855,hombre,33,11,media,Atlantico,800000,48
9856,hombre,53,11,media,Atlantico,400000,40
9857,hombre,36,11,media,Atlantico,900000,60
9858,hombre,51,7,secundaria,Atlantico,200000,18
9859,mujer,51,5,primaria,Atlantico,300000,3
9860,hombre,33,11,media,Atlantico,50000,20
9861,mujer,53,4,primaria,Atlantico,500000,40
9862,hombre,27,9,secundaria,Atlantico,480000,40
9863,mujer,31,11,media,Atlantico,786000,48
9864,hombre,37,11,media,Atlantico,850000,48
9865,mujer,60,4,primaria,Atlantico,60000,20
9866,mujer,23,16,superior,Atlantico,1530000,48
9867,mujer,53,11,media,Atlantico,600000,24
9868,mujer,55,5,primaria,Atlantico,180000,20
9869,hombre,20,5,primaria,Atlantico,400000,20
9870,hombre,38,11,media,Atlantico,1600000,80
9871,mujer,35,11,media,Atlantico,500000,30
9872,mujer,35,5,primaria,Atlantico,80000,10
9873,hombre,41,11,media,Atlantico,400000,50
9874,hombre,35,11,media,Atlantico,200000,60
9875,hombre,39,6,secundaria,Atlantico,600000,72
9876,mujer,35,6,secundaria,Atlantico,960000,48
9877,hombre,34,6,secundaria,Atlantico,600000,56
9878,mujer,26,10,media,Atlantico,600000,48
9879,mujer,32,13,superior,Atlantico,781242,48
9880,mujer,62,5,primaria,Atlantico,850000,60
9881,hombre,44,8,secundaria,Atlantico,1100000,70
9882,mujer,40,7,secundaria,Atlantico,500000,14
9883,hombre,62,11,media,Atlantico,600000,30
9884,hombre,57,8,secundaria,Atlantico,840000,84
9885,mujer,48,11,media,Atlantico,850000,48
9886,hombre,28,11,media,Atlantico,300000,30
9887,mujer,25,13,superior,Atlantico,800000,48
9888,hombre,53,5,primaria,Atlantico,600000,44
9889,hombre,23,13,superior,Atlantico,800000,44
9890,hombre,52,9,secundaria,Atlantico,900000,60
9891,mujer,45,10,media,Atlantico,83000,50
9892,mujer,53,7,secundaria,Atlantico,50000,30
9893,mujer,50,11,media,Atlantico,200000,45
9894,hombre,25,11,media,Atlantico,925124,48
9895,hombre,34,8,secundaria,Atlantico,200000,40
9896,hombre,55,5,primaria,Atlantico,800000,50
9897,mujer,51,9,secundaria,Atlantico,150000,18
9898,mujer,26,7,secundaria,Atlantico,80000,9
9899,hombre,28,4,primaria,Atlantico,600000,60
9900,hombre,47,13,superior,Atlantico,786000,48
9901,mujer,45,13,superior,Atlantico,80000,10
9902,mujer,44,11,media,Atlantico,784300,60
9903,mujer,35,13,superior,Atlantico,2000000,24
9904,mujer,57,11,media,Atlantico,2000000,60
9905,hombre,56,16,superior,Atlantico,600000,42
9906,mujer,52,13,superior,Atlantico,1000000,40
9907,hombre,46,13,superior,Atlantico,1200000,60
9908,hombre,35,11,media,Atlantico,1200000,84
9909,mujer,37,11,media,Atlantico,50000,40
9910,mujer,28,11,media,Atlantico,150000,21
9911,hombre,34,11,media,Atlantico,781242,48
9912,hombre,30,4,primaria,Atlantico,2000000,48
9913,mujer,38,14,superior,Atlantico,1200000,48
9914,mujer,36,9,secundaria,Atlantico,400000,48
9915,mujer,33,11,media,Atlantico,781000,48
9916,hombre,35,10,media,Atlantico,1000000,70
9917,hombre,23,11,media,Atlantico,780000,48
9918,hombre,41,5,primaria,Atlantico,781000,48
9919,hombre,37,11,media,Atlantico,781242,48
9920,hombre,61,5,primaria,Atlantico,780000,112
9921,hombre,47,11,media,Atlantico,600000,84
9922,mujer,37,7,secundaria,Atlantico,340000,20
9923,hombre,36,11,media,Atlantico,1000000,56
9924,hombre,23,9,secundaria,Atlantico,480000,48
9925,hombre,33,14,superior,Atlantico,781000,48
9926,hombre,35,11,media,Atlantico,1500000,84
9927,mujer,21,11,media,Atlantico,600000,84
9928,hombre,25,15,superior,Atlantico,500000,48
9929,mujer,58,3,primaria,Atlantico,150000,8
9930,hombre,18,11,media,Atlantico,200000,48
9931,mujer,47,11,media,Atlantico,30000,8
9932,mujer,25,13,superior,Atlantico,480000,32
9933,hombre,25,12,superior,Atlantico,786000,48
9934,mujer,41,5,primaria,Atlantico,180000,70
9935,hombre,38,5,primaria,Atlantico,400000,48
9936,hombre,56,11,media,Atlantico,850000,56
9937,hombre,21,11,media,Atlantico,90000,14
9938,mujer,61,11,media,Atlantico,1500000,48
9939,mujer,36,11,superior,Atlantico,890000,48
9940,mujer,55,11,media,Atlantico,900000,54
9941,mujer,23,11,media,Atlantico,900000,54
9942,hombre,26,9,secundaria,Atlantico,750000,84
9943,mujer,28,11,media,Atlantico,150000,21
9944,hombre,33,20,superior,Atlantico,2200000,50
9945,hombre,60,18,superior,Atlantico,15000000,45
9946,hombre,41,25,superior,Atlantico,10783000,60
9947,hombre,65,6,secundaria,Atlantico,1800000,48
9948,mujer,30,17,superior,Atlantico,3000000,50
9949,hombre,28,17,superior,Atlantico,2700000,44
9950,hombre,54,11,media,Atlantico,1500000,48
9951,mujer,31,11,media,Atlantico,50000,4
9952,mujer,35,16,superior,Atlantico,4350000,48
9953,mujer,26,11,media,Atlantico,950000,48
9954,mujer,24,13,superior,Atlantico,872000,56
9955,hombre,41,15,superior,Atlantico,1700000,48
9956,mujer,42,16,superior,Atlantico,2200000,48
9957,mujer,56,5,primaria,Atlantico,55000,30
9958,mujer,29,13,superior,Atlantico,787000,48
9959,hombre,22,11,media,Atlantico,1100000,56
9960,hombre,63,5,primaria,Atlantico,450000,60
9961,mujer,58,6,secundaria,Atlantico,250000,25
9962,mujer,37,11,media,Atlantico,784300,48
9963,mujer,53,11,media,Bogota D.C.,200000,14
9964,hombre,39,16,superior,Bogota D.C.,2600000,48
9965,mujer,50,13,superior,Bogota D.C.,1600000,48
9966,hombre,27,11,media,Bogota D.C.,1200000,48
9967,hombre,28,16,superior,Bogota D.C.,1060000,48
9968,hombre,27,14,superior,Bogota D.C.,2400000,60
9969,mujer,54,9,secundaria,Bogota D.C.,1028116,60
9970,mujer,31,11,media,Bogota D.C.,1200000,48
9971,mujer,28,12,superior,Bogota D.C.,850000,48
9972,hombre,34,11,media,Bogota D.C.,781242,48
9973,mujer,30,11,media,Bogota D.C.,60000,18
9974,hombre,59,5,primaria,Bogota D.C.,1000000,48
9975,hombre,31,5,primaria,Bogota D.C.,781242,48
9976,mujer,26,11,media,Bogota D.C.,110000,40
9977,hombre,42,11,media,Bogota D.C.,1900000,48
9978,hombre,23,13,superior,Bogota D.C.,981242,48
9979,hombre,34,11,media,Bogota D.C.,600000,40
9980,mujer,34,17,superior,Bogota D.C.,2000000,20
9981,hombre,31,16,superior,Bogota D.C.,1400000,48
9982,hombre,26,11,media,Bogota D.C.,1070000,55
9983,mujer,29,11,media,Bogota D.C.,1400000,48
9984,hombre,29,5,primaria,Bogota D.C.,1000000,84
9985,hombre,27,6,secundaria,Bogota D.C.,400000,72
9986,hombre,25,11,media,Bogota D.C.,800000,40
9987,mujer,27,11,media,Bogota D.C.,781242,48
9988,hombre,27,5,primaria,Bogota D.C.,781242,60
9989,mujer,26,10,media,Bogota D.C.,781242,48
9990,mujer,40,11,media,Bogota D.C.,600000,24
9991,mujer,18,11,media,Bogota D.C.,210000,48
9992,hombre,23,11,media,Bogota D.C.,1000000,48
9993,hombre,47,11,media,Bogota D.C.,1272000,58
9994,mujer,45,11,media,Bogota D.C.,781242,45
9995,hombre,18,11,media,Bogota D.C.,781242,48
9996,mujer,24,14,superior,Bogota D.C.,781242,48
9997,hombre,30,16,superior,Bogota D.C.,5000000,40
9998,mujer,32,14,superior,Bogota D.C.,50000,4
9999,hombre,24,15,superior,Bogota D.C.,1050000,48
10000,mujer,39,11,media,Bogota D.C.,781242,48
10001,mujer,25,11,media,Bogota D.C.,1090000,48
10002,hombre,35,11,media,Bogota D.C.,1074000,45
10003,hombre,54,2,primaria,Bogota D.C.,1000000,48
10004,hombre,38,11,media,Bogota D.C.,931000,48
10005,mujer,35,11,media,Bogota D.C.,781242,48
10006,mujer,29,11,media,Bogota D.C.,950000,70
10007,mujer,35,11,media,Bogota D.C.,950000,48
10008,hombre,31,11,media,Bogota D.C.,1200000,60
10009,hombre,55,11,media,Bogota D.C.,2000000,112
10010,mujer,30,16,superior,Bogota D.C.,2295000,48
10011,hombre,28,16,superior,Bogota D.C.,781242,48
10012,hombre,23,13,superior,Bogota D.C.,1300000,60
10013,mujer,20,11,media,Bogota D.C.,1000000,48
10014,hombre,39,11,media,Bogota D.C.,1021242,48
10015,hombre,34,11,media,Bogota D.C.,1000000,60
10016,mujer,27,10,media,Bogota D.C.,580000,48
10017,mujer,36,16,superior,Bogota D.C.,1500000,40
10018,hombre,23,11,media,Bogota D.C.,781242,48
10019,hombre,32,11,media,Bogota D.C.,860000,45
10020,hombre,40,8,secundaria,Bogota D.C.,1200000,48
10021,hombre,18,11,media,Bogota D.C.,400000,40
10022,hombre,48,5,primaria,Bogota D.C.,600000,48
10023,hombre,55,11,media,Bogota D.C.,800000,48
10024,mujer,47,11,media,Bogota D.C.,550000,20
10025,hombre,51,8,secundaria,Bogota D.C.,900000,63
10026,mujer,51,8,secundaria,Bogota D.C.,360000,40
10027,hombre,29,11,media,Bogota D.C.,1000000,35
10028,mujer,50,11,media,Bogota D.C.,1061987,40
10029,hombre,23,12,superior,Bogota D.C.,1000000,40
10030,mujer,22,14,superior,Bogota D.C.,960000,48
10031,mujer,36,5,secundaria,Bogota D.C.,600000,60
10032,hombre,19,11,media,Bogota D.C.,1200000,48
10033,hombre,47,13,superior,Bogota D.C.,781242,48
10034,mujer,51,5,primaria,Bogota D.C.,500000,60
10035,hombre,50,5,primaria,Bogota D.C.,420000,48
10036,mujer,39,6,secundaria,Bogota D.C.,550000,48
10037,hombre,21,11,media,Bogota D.C.,781242,48
10038,mujer,58,17,superior,Bogota D.C.,2900000,30
10039,hombre,31,18,superior,Bogota D.C.,1200000,48
10040,mujer,27,13,superior,Bogota D.C.,1400000,48
10041,mujer,58,6,secundaria,Bogota D.C.,840000,60
10042,hombre,23,15,superior,Bogota D.C.,2000000,32
10043,hombre,26,11,media,Bogota D.C.,1000000,48
10044,hombre,24,11,media,Bogota D.C.,1100000,48
10045,mujer,50,16,superior,Bogota D.C.,2500000,30
10046,mujer,34,11,media,Bogota D.C.,600000,36
10047,mujer,63,2,primaria,Bogota D.C.,740000,70
10048,hombre,36,6,secundaria,Bogota D.C.,781242,48
10049,hombre,43,15,superior,Bogota D.C.,900000,48
10050,mujer,45,16,superior,Bogota D.C.,2400000,45
10051,hombre,59,5,primaria,Bogota D.C.,1000000,60
10052,mujer,39,18,superior,Bogota D.C.,5000000,48
10053,hombre,31,16,superior,Bogota D.C.,4160000,30
10054,mujer,53,11,media,Bogota D.C.,200000,10
10055,hombre,23,11,media,Bogota D.C.,781242,45
10056,hombre,20,11,media,Bogota D.C.,781242,45
10057,hombre,52,7,secundaria,Bogota D.C.,900000,48
10058,hombre,19,11,media,Bogota D.C.,90000,12
10059,mujer,55,19,superior,Bogota D.C.,500000,48
10060,hombre,19,15,superior,Bogota D.C.,1060000,48
10061,hombre,47,20,superior,Bogota D.C.,8000000,50
10062,mujer,47,19,superior,Bogota D.C.,3500000,40
10063,mujer,46,21,superior,Bogota D.C.,3400000,40
10064,hombre,45,15,superior,Bogota D.C.,2830000,43
10065,mujer,45,20,superior,Bogota D.C.,2300000,30
10066,hombre,23,11,media,Bogota D.C.,781242,48
10067,mujer,38,11,media,Bogota D.C.,800000,64
10068,hombre,41,11,media,Bogota D.C.,1100000,48
10069,hombre,58,16,superior,Bogota D.C.,1800000,20
10070,mujer,26,19,superior,Bogota D.C.,1100000,40
10071,hombre,35,18,superior,Bogota D.C.,2486000,56
10072,hombre,43,11,media,Bogota D.C.,1200000,48
10073,mujer,35,14,superior,Bogota D.C.,781242,48
10074,hombre,30,5,primaria,Bogota D.C.,790000,45
10075,hombre,37,8,secundaria,Bogota D.C.,700000,50
10076,mujer,40,11,media,Bogota D.C.,500000,48
10077,mujer,40,14,superior,Bogota D.C.,400000,56
10078,hombre,20,11,superior,Bogota D.C.,1280000,48
10079,hombre,34,11,media,Bogota D.C.,1500000,48
10080,hombre,39,5,primaria,Bogota D.C.,1000000,60
10081,mujer,37,13,superior,Bogota D.C.,781242,48
10082,hombre,62,18,superior,Bogota D.C.,4500000,40
10083,hombre,36,10,media,Bogota D.C.,400000,70
10084,hombre,36,5,primaria,Bogota D.C.,1000000,60
10085,hombre,29,11,media,Bogota D.C.,840000,48
10086,hombre,44,3,primaria,Bogota D.C.,2800000,66
10087,mujer,44,3,primaria,Bogota D.C.,2800000,66
10088,mujer,19,13,superior,Bogota D.C.,500000,66
10089,hombre,30,11,media,Bogota D.C.,600000,42
10090,hombre,27,16,superior,Bogota D.C.,1500000,48
10091,mujer,30,11,media,Bogota D.C.,877242,48
10092,mujer,32,11,media,Bogota D.C.,620000,21
10093,hombre,25,11,media,Bogota D.C.,1160000,48
10094,mujer,25,13,superior,Bogota D.C.,1130000,48
10095,mujer,43,17,superior,Bogota D.C.,950000,66
10096,hombre,34,14,superior,Bogota D.C.,916000,48
10097,mujer,30,13,superior,Bogota D.C.,1500000,42
10098,mujer,57,6,secundaria,Bogota D.C.,1100000,45
10099,mujer,31,14,superior,Bogota D.C.,1350000,77
10100,hombre,41,6,secundaria,Bogota D.C.,900000,105
10101,mujer,27,14,superior,Bogota D.C.,900000,56
10102,hombre,22,11,media,Bogota D.C.,700000,70
10103,hombre,37,5,primaria,Bogota D.C.,840000,60
10104,mujer,37,11,media,Bogota D.C.,1140000,48
10105,mujer,24,15,superior,Bogota D.C.,500000,60
10106,hombre,26,14,superior,Bogota D.C.,1200000,48
10107,mujer,56,16,superior,Bogota D.C.,1800000,30
10108,mujer,50,15,superior,Bogota D.C.,967000,49
10109,mujer,44,4,primaria,Bogota D.C.,1361242,48
10110,hombre,23,11,media,Bogota D.C.,2300000,48
10111,hombre,25,11,media,Bogota D.C.,1050000,72
10112,hombre,52,3,primaria,Bogota D.C.,90000,48
10113,mujer,48,11,media,Bogota D.C.,781242,48
10114,hombre,26,11,media,Bogota D.C.,781242,48
10115,hombre,22,11,media,Bogota D.C.,150000,30
10116,mujer,23,13,superior,Bogota D.C.,1050000,40
10117,hombre,25,12,superior,Bogota D.C.,881242,48
10118,hombre,64,16,superior,Bogota D.C.,800000,98
10119,hombre,58,5,primaria,Bogota D.C.,600000,48
10120,hombre,50,11,media,Bogota D.C.,781242,48
10121,mujer,44,11,media,Bogota D.C.,981242,40
10122,hombre,32,11,media,Bogota D.C.,781242,48
10123,hombre,54,6,secundaria,Bogota D.C.,2800000,40
10124,mujer,40,11,media,Bogota D.C.,150000,20
10125,hombre,31,11,media,Bogota D.C.,700000,60
10126,mujer,31,14,superior,Bogota D.C.,600000,24
10127,hombre,20,13,superior,Bogota D.C.,1500000,48
10128,mujer,27,14,superior,Bogota D.C.,1624000,48
10129,hombre,46,3,primaria,Bogota D.C.,800000,60
10130,mujer,42,13,superior,Bogota D.C.,781242,36
10131,hombre,50,11,media,Bogota D.C.,1956000,52
10132,mujer,27,12,superior,Bogota D.C.,800000,4
10133,hombre,36,16,superior,Bogota D.C.,1450000,48
10134,mujer,54,2,primaria,Bogota D.C.,1039000,40
10135,hombre,21,11,media,Bogota D.C.,1000000,50
10136,hombre,22,11,media,Bogota D.C.,1200000,60
10137,hombre,36,13,superior,Bogota D.C.,1600000,48
10138,hombre,63,11,media,Bogota D.C.,800000,40
10139,hombre,48,11,media,Bogota D.C.,1800000,36
10140,mujer,46,9,secundaria,Bogota D.C.,1500000,50
10141,mujer,20,10,media,Bogota D.C.,1000000,48
10142,mujer,36,11,media,Bogota D.C.,781242,48
10143,hombre,52,11,media,Bogota D.C.,1500000,50
10144,mujer,29,11,media,Bogota D.C.,835000,48
10145,hombre,37,11,media,Bogota D.C.,1000000,72
10146,mujer,34,11,media,Bogota D.C.,841242,48
10147,hombre,38,17,superior,Bogota D.C.,1400000,70
10148,hombre,37,19,superior,Bogota D.C.,1500000,55
10149,hombre,41,11,media,Bogota D.C.,1100000,72
10150,hombre,36,5,primaria,Bogota D.C.,781242,77
10151,mujer,39,9,secundaria,Bogota D.C.,800000,70
10152,hombre,33,11,media,Bogota D.C.,800000,48
10153,hombre,60,11,media,Bogota D.C.,350000,60
10154,hombre,25,11,media,Bogota D.C.,1230000,77
10155,mujer,32,11,media,Bogota D.C.,900000,48
10156,mujer,47,5,primaria,Bogota D.C.,781242,56
10157,mujer,23,16,superior,Bogota D.C.,300000,40
10158,hombre,36,11,media,Bogota D.C.,850000,48
10159,mujer,41,11,media,Bogota D.C.,400000,30
10160,hombre,25,11,media,Bogota D.C.,781242,48
10161,hombre,49,11,media,Bogota D.C.,800000,72
10162,hombre,33,17,superior,Bogota D.C.,1700000,30
10163,hombre,46,21,superior,Bogota D.C.,3100000,20
10164,hombre,22,11,media,Bogota D.C.,980000,60
10165,hombre,20,12,superior,Bogota D.C.,600000,40
10166,hombre,26,16,superior,Bogota D.C.,660000,50
10167,hombre,61,7,secundaria,Bogota D.C.,730000,48
10168,mujer,55,11,media,Bogota D.C.,781242,48
10169,hombre,20,11,media,Bogota D.C.,744000,72
10170,mujer,26,14,superior,Bogota D.C.,1500000,48
10171,hombre,42,13,superior,Bogota D.C.,1200000,40
10172,mujer,32,16,superior,Bogota D.C.,1830000,43
10173,mujer,45,11,media,Bogota D.C.,700000,32
10174,mujer,35,19,superior,Bogota D.C.,2080000,48
10175,hombre,60,6,secundaria,Bogota D.C.,913000,48
10176,hombre,57,11,media,Bolivar,900000,48
10177,hombre,51,8,secundaria,Bolivar,781242,48
10178,hombre,24,14,superior,Bolivar,400000,40
10179,mujer,20,13,superior,Bolivar,781242,48
10180,mujer,37,0,ninguno,Bolivar,300000,48
10181,mujer,39,3,primaria,Bolivar,300000,48
10182,hombre,40,6,secundaria,Bolivar,500000,48
10183,mujer,46,11,media,Bolivar,1100000,48
10184,hombre,33,11,media,Bolivar,2000000,40
10185,hombre,52,13,superior,Bolivar,1100000,48
10186,hombre,36,11,media,Bolivar,2400000,48
10187,mujer,36,11,media,Bolivar,900000,48
10188,hombre,64,12,superior,Bolivar,1700000,48
10189,mujer,24,16,superior,Bolivar,781242,48
10190,hombre,22,13,superior,Bolivar,1500000,40
10191,hombre,55,13,superior,Bolivar,1600000,48
10192,mujer,47,13,superior,Bolivar,1700000,48
10193,mujer,55,16,superior,Bolivar,1300000,40
10194,mujer,35,8,secundaria,Bolivar,300000,48
10195,hombre,46,11,media,Bolivar,1500000,48
10196,hombre,54,5,primaria,Bolivar,781242,48
10197,mujer,20,13,superior,Bolivar,837000,70
10198,hombre,55,5,primaria,Bolivar,700000,40
10199,hombre,47,5,primaria,Bolivar,700000,48
10200,mujer,51,11,media,Bolivar,700000,48
10201,hombre,40,13,superior,Bolivar,900000,40
10202,hombre,54,5,primaria,Bolivar,500000,40
10203,mujer,56,4,primaria,Bolivar,200000,40
10204,hombre,55,8,secundaria,Bolivar,800000,48
10205,mujer,42,11,media,Bolivar,750000,48
10206,mujer,40,13,superior,Bolivar,150000,40
10207,hombre,43,8,secundaria,Bolivar,700000,48
10208,mujer,45,3,primaria,Bolivar,750000,40
10209,hombre,23,7,secundaria,Bolivar,480000,48
10210,hombre,21,6,secundaria,Bolivar,480000,48
10211,hombre,54,9,secundaria,Bolivar,600000,40
10212,hombre,31,10,media,Bolivar,1200000,56
10213,hombre,52,4,primaria,Bolivar,800000,56
10214,hombre,18,9,secundaria,Bolivar,300000,30
10215,mujer,31,11,media,Bolivar,781242,48
10216,hombre,34,11,media,Bolivar,700000,30
10217,hombre,27,14,superior,Bolivar,600000,30
10218,hombre,28,10,media,Bolivar,869453,48
10219,hombre,25,9,secundaria,Bolivar,300000,30
10220,mujer,27,11,media,Bolivar,600000,48
10221,hombre,31,14,superior,Bolivar,925148,48
10222,hombre,25,10,media,Bolivar,869453,48
10223,hombre,30,7,secundaria,Bolivar,1000000,50
10224,mujer,48,5,primaria,Bolivar,700000,48
10225,hombre,35,7,secundaria,Bolivar,1000000,48
10226,hombre,62,6,secundaria,Bolivar,350000,40
10227,mujer,60,8,secundaria,Bolivar,250000,40
10228,hombre,23,13,superior,Bolivar,781242,48
10229,hombre,41,12,superior,Bolivar,781242,48
10230,hombre,50,7,secundaria,Bolivar,781242,48
10231,mujer,46,11,media,Bolivar,200000,24
10232,mujer,46,11,media,Bolivar,1100000,48
10233,mujer,25,16,superior,Bolivar,1800000,40
10234,mujer,20,13,superior,Bolivar,1000000,40
10235,hombre,39,15,superior,Bolivar,2000000,50
10236,mujer,39,13,superior,Bolivar,800000,40
10237,mujer,60,5,primaria,Bolivar,48000,32
10238,hombre,41,6,secundaria,Bolivar,400000,40
10239,mujer,37,6,secundaria,Bolivar,400000,48
10240,hombre,38,5,primaria,Bolivar,600000,40
10241,mujer,65,5,primaria,Bolivar,1200000,40
10242,hombre,38,7,secundaria,Bolivar,900000,40
10243,mujer,33,11,media,Bolivar,400000,40
10244,hombre,22,11,media,Bolivar,300000,40
10245,mujer,44,11,media,Bolivar,500000,48
10246,hombre,42,7,secundaria,Bolivar,500000,56
10247,hombre,56,11,media,Bolivar,600000,40
10248,hombre,30,11,media,Bolivar,1019453,48
10249,hombre,61,9,secundaria,Bolivar,2100000,48
10250,mujer,30,14,superior,Bolivar,1300000,48
10251,mujer,30,14,superior,Bolivar,1200000,48
10252,hombre,31,11,media,Bolivar,700000,60
10253,mujer,35,16,superior,Bolivar,1500000,48
10254,hombre,35,13,superior,Bolivar,869453,48
10255,mujer,41,11,media,Bolivar,150000,40
10256,hombre,37,14,superior,Bolivar,1400000,48
10257,hombre,52,5,primaria,Bolivar,700000,30
10258,mujer,43,13,superior,Bolivar,1800000,40
10259,mujer,36,16,superior,Bolivar,2000000,48
10260,mujer,39,13,superior,Bolivar,800000,48
10261,hombre,35,15,superior,Bolivar,600000,30
10262,mujer,65,3,primaria,Bolivar,650000,40
10263,mujer,48,11,media,Bolivar,700000,48
10264,hombre,43,11,media,Bolivar,500000,40
10265,hombre,29,8,secundaria,Bolivar,500000,50
10266,hombre,38,9,secundaria,Bolivar,700000,60
10267,hombre,31,11,media,Bolivar,1500000,48
10268,hombre,46,9,secundaria,Bolivar,1200000,48
10269,hombre,35,13,superior,Bolivar,900000,50
10270,mujer,33,13,superior,Bolivar,500000,30
10271,mujer,53,11,media,Bolivar,450000,24
10272,mujer,24,16,superior,Bolivar,1000000,48
10273,hombre,49,11,media,Bolivar,1600000,48
10274,mujer,47,5,primaria,Bolivar,600000,48
10275,hombre,33,11,media,Bolivar,1500000,48
10276,mujer,26,14,superior,Bolivar,600000,48
10277,mujer,23,16,superior,Bolivar,500000,48
10278,hombre,25,16,superior,Bolivar,800000,48
10279,hombre,24,13,superior,Bolivar,300000,40
10280,hombre,29,11,media,Bolivar,1800000,56
10281,hombre,47,6,secundaria,Bolivar,600000,40
10282,mujer,26,5,primaria,Bolivar,781242,48
10283,hombre,35,7,secundaria,Bolivar,500000,48
10284,hombre,58,5,primaria,Bolivar,200000,40
10285,hombre,31,7,secundaria,Bolivar,500000,40
10286,hombre,54,8,secundaria,Bolivar,600000,60
10287,hombre,30,13,superior,Bolivar,800000,48
10288,hombre,30,11,media,Bolivar,1200000,48
10289,mujer,41,5,primaria,Bolivar,800000,48
10290,mujer,27,11,media,Bolivar,781242,40
10291,hombre,38,11,media,Bolivar,2000000,60
10292,mujer,40,13,superior,Bolivar,1200000,48
10293,hombre,33,14,superior,Bolivar,2400000,48
10294,hombre,62,5,primaria,Bolivar,950000,60
10295,mujer,57,5,primaria,Bolivar,800000,48
10296,hombre,38,13,superior,Bolivar,1200000,48
10297,hombre,34,11,media,Bolivar,800000,48
10298,hombre,43,14,superior,Bolivar,600000,40
10299,hombre,36,13,superior,Bolivar,1200000,48
10300,hombre,35,11,media,Bolivar,1000000,40
10301,hombre,46,14,superior,Bolivar,2500000,48
10302,mujer,44,13,superior,Bolivar,869453,48
10303,hombre,56,14,superior,Bolivar,1400000,48
10304,mujer,44,11,media,Bolivar,1080000,48
10305,hombre,40,13,superior,Bolivar,1300000,50
10306,hombre,62,0,ninguno,Bolivar,850000,40
10307,hombre,52,5,primaria,Bolivar,700000,60
10308,mujer,53,0,ninguno,Bolivar,500000,40
10309,hombre,64,11,media,Bolivar,1800000,70
10310,hombre,23,13,superior,Bolivar,1500000,48
10311,mujer,32,11,media,Bolivar,800000,48
10312,hombre,50,9,secundaria,Bolivar,700000,40
10313,hombre,41,5,primaria,Bolivar,700000,48
10314,hombre,42,11,media,Bolivar,869453,48
10315,mujer,23,9,secundaria,Bolivar,600000,60
10316,hombre,35,8,secundaria,Bolivar,869453,48
10317,hombre,49,20,superior,Bolivar,7700000,48
10318,mujer,57,5,primaria,Bolivar,500000,40
10319,mujer,46,8,secundaria,Bolivar,781242,50
10320,mujer,63,16,superior,Bolivar,4000000,40
10321,hombre,55,16,superior,Bolivar,1800000,49
10322,mujer,35,14,superior,Boyaca,781242,48
10323,mujer,48,2,primaria,Boyaca,2161242,48
10324,hombre,48,5,primaria,Boyaca,800000,70
10325,hombre,24,11,superior,Boyaca,496000,18
10326,mujer,22,14,superior,Boyaca,781242,60
10327,mujer,37,20,superior,Boyaca,9000000,48
10328,hombre,39,20,superior,Boyaca,10000000,45
10329,mujer,37,23,superior,Boyaca,5000000,48
10330,mujer,27,17,superior,Boyaca,3100000,40
10331,mujer,58,5,primaria,Boyaca,2500000,50
10332,mujer,28,11,media,Boyaca,500000,70
10333,hombre,27,15,superior,Boyaca,781242,40
10334,mujer,42,11,media,Boyaca,700000,40
10335,hombre,36,16,superior,Boyaca,1000000,44
10336,mujer,47,16,superior,Boyaca,1200000,40
10337,hombre,39,19,superior,Boyaca,3300000,40
10338,hombre,53,11,media,Boyaca,781242,72
10339,hombre,43,11,media,Boyaca,1200000,60
10340,hombre,27,13,superior,Boyaca,781242,48
10341,mujer,52,11,media,Boyaca,4000000,70
10342,hombre,43,8,secundaria,Boyaca,500000,60
10343,mujer,46,11,media,Boyaca,500000,70
10344,mujer,35,8,secundaria,Boyaca,700000,48
10345,mujer,33,14,superior,Boyaca,100000,48
10346,hombre,51,10,media,Boyaca,1400000,48
10347,mujer,62,11,media,Boyaca,350000,84
10348,mujer,35,14,superior,Boyaca,800000,48
10349,hombre,54,11,media,Boyaca,781242,49
10350,mujer,50,7,secundaria,Boyaca,700000,60
10351,hombre,50,8,secundaria,Boyaca,800000,60
10352,hombre,55,11,media,Boyaca,1800000,84
10353,hombre,25,16,superior,Boyaca,3000000,40
10354,mujer,21,19,superior,Boyaca,400000,3
10355,hombre,28,16,superior,Boyaca,3300000,40
10356,mujer,28,16,superior,Boyaca,1600000,40
10357,hombre,30,11,media,Caldas,840000,55
10358,hombre,20,9,secundaria,Caldas,1000000,60
10359,mujer,47,1,primaria,Caldas,240000,24
10360,hombre,24,8,secundaria,Caldas,628000,16
10361,mujer,36,11,media,Caldas,1100000,48
10362,hombre,42,11,media,Caldas,1100000,48
10363,hombre,43,11,media,Caldas,781242,48
10364,mujer,43,13,superior,Caldas,350000,20
10365,hombre,20,13,superior,Caldas,1100000,48
10366,mujer,62,17,superior,Caldas,3700000,35
10367,hombre,37,11,media,Caldas,1200000,48
10368,hombre,49,11,media,Caldas,1000000,65
10369,hombre,63,11,media,Caldas,1200000,48
10370,hombre,53,8,secundaria,Caldas,781242,48
10371,hombre,62,11,media,Caldas,2000000,48
10372,hombre,51,21,superior,Caldas,1500000,48
10373,mujer,40,8,secundaria,Caldas,1231242,48
10374,mujer,33,16,superior,Caldas,2500000,48
10375,mujer,43,5,primaria,Caldas,1800000,48
10376,hombre,49,18,superior,Caldas,2250000,40
10377,mujer,41,13,superior,Caldas,781242,40
10378,mujer,36,16,superior,Caldas,2600000,48
10379,hombre,53,11,media,Caldas,1000000,35
10380,mujer,47,18,superior,Caldas,3300000,35
10381,mujer,45,16,superior,Caldas,1500000,48
10382,mujer,34,16,superior,Caldas,2600000,48
10383,mujer,25,16,superior,Caldas,2200000,48
10384,mujer,62,18,superior,Caldas,2000000,48
10385,mujer,26,18,superior,Caldas,3000000,48
10386,hombre,33,16,superior,Caldas,3360000,48
10387,mujer,25,13,superior,Caldas,2500000,48
10388,hombre,44,5,primaria,Caqueta,500000,60
10389,hombre,19,7,secundaria,Caqueta,500000,50
10390,hombre,31,16,superior,Caqueta,5200000,40
10391,mujer,52,6,secundaria,Caqueta,450000,40
10392,mujer,32,12,superior,Caqueta,1000000,30
10393,mujer,25,11,media,Caqueta,400000,30
10394,hombre,25,10,media,Caqueta,600000,40
10395,hombre,33,11,media,Caqueta,1000000,60
10396,hombre,50,3,primaria,Caqueta,1000000,50
10397,hombre,19,11,media,Caqueta,900000,54
10398,hombre,26,10,media,Caqueta,800000,56
10399,hombre,50,5,primaria,Caqueta,900000,48
10400,hombre,27,3,primaria,Caqueta,800000,40
10401,hombre,47,5,primaria,Caqueta,800000,54
10402,mujer,45,11,media,Caqueta,830000,48
10403,hombre,24,13,superior,Caqueta,400000,49
10404,hombre,40,0,ninguno,Caqueta,800000,84
10405,hombre,26,11,media,Caqueta,1400000,54
10406,mujer,49,7,secundaria,Caqueta,780000,50
10407,mujer,40,11,media,Caqueta,1500000,50
10408,hombre,35,3,primaria,Caqueta,720000,48
10409,mujer,34,4,primaria,Caqueta,1030000,78
10410,mujer,40,19,superior,Caqueta,2400000,40
10411,hombre,56,11,media,Caqueta,1500000,72
10412,mujer,51,5,primaria,Caqueta,110000,36
10413,hombre,45,4,primaria,Caqueta,850000,42
10414,mujer,20,11,media,Caqueta,400000,35
10415,hombre,63,11,media,Caqueta,1300000,40
10416,mujer,30,12,superior,Caqueta,830000,48
10417,hombre,50,0,ninguno,Caqueta,300000,42
10418,hombre,31,6,secundaria,Caqueta,800000,60
10419,mujer,28,13,superior,Caqueta,900000,48
10420,mujer,53,11,media,Caqueta,900000,40
10421,mujer,28,13,superior,Caqueta,1100000,48
10422,hombre,32,13,superior,Caqueta,1400000,60
10423,mujer,31,17,superior,Caqueta,1450000,48
10424,mujer,30,18,superior,Caqueta,1800000,40
10425,hombre,33,11,media,Caqueta,780000,70
10426,mujer,45,16,superior,Caqueta,3800000,48
10427,mujer,43,16,superior,Caqueta,3200000,48
10428,hombre,30,14,superior,Caqueta,1500000,48
10429,hombre,64,18,superior,Caqueta,3300000,40
10430,hombre,44,11,media,Caqueta,782000,48
10431,hombre,31,14,superior,Caqueta,800000,40
10432,hombre,28,16,superior,Caqueta,1200000,48
10433,mujer,24,15,superior,Caqueta,900000,40
10434,hombre,27,11,media,Caqueta,800000,60
10435,hombre,34,11,media,Caqueta,1000000,48
10436,mujer,40,16,superior,Caqueta,1000000,48
10437,mujer,51,5,primaria,Caqueta,1200000,90
10438,mujer,44,6,secundaria,Caqueta,1000000,60
10439,hombre,49,19,superior,Caqueta,5000000,20
10440,mujer,33,19,superior,Caqueta,6000000,40
10441,mujer,23,13,superior,Caqueta,500000,30
10442,hombre,46,1,primaria,Caqueta,500000,54
10443,mujer,18,12,superior,Caqueta,450000,36
10444,hombre,27,11,media,Caqueta,900000,48
10445,mujer,27,11,media,Caqueta,900000,48
10446,hombre,61,0,ninguno,Caqueta,150000,40
10447,mujer,23,11,media,Caqueta,100000,60
10448,mujer,59,5,primaria,Cauca,600000,48
10449,hombre,32,5,primaria,Cauca,600000,40
10450,mujer,52,8,secundaria,Cauca,600000,70
10451,hombre,59,2,primaria,Cauca,600000,54
10452,mujer,57,2,primaria,Cauca,160000,10
10453,hombre,50,15,superior,Cauca,300000,50
10454,mujer,40,9,secundaria,Cauca,800000,63
10455,mujer,40,6,secundaria,Cauca,900000,126
10456,hombre,20,13,superior,Cauca,1300000,56
10457,hombre,53,5,primaria,Cauca,900000,60
10458,mujer,23,26,superior,Cauca,2200000,28
10459,hombre,52,7,secundaria,Cauca,700000,48
10460,hombre,29,11,media,Cauca,700000,40
10461,mujer,52,13,superior,Cauca,870000,54
10462,hombre,56,10,media,Cauca,782000,48
10463,mujer,55,17,superior,Cauca,2500000,55
10464,mujer,29,11,media,Cauca,720000,54
10465,hombre,34,6,secundaria,Cauca,900000,48
10466,mujer,50,4,primaria,Cauca,500000,50
10467,hombre,23,11,media,Cauca,828116,72
10468,hombre,21,11,media,Cauca,400000,48
10469,mujer,57,5,primaria,Cauca,350000,30
10470,mujer,61,9,secundaria,Cauca,600000,66
10471,hombre,31,16,superior,Cauca,1783000,40
10472,hombre,45,5,primaria,Cauca,240000,30
10473,mujer,35,6,secundaria,Cauca,192000,32
10474,mujer,34,11,media,Cauca,30000,8
10475,hombre,48,7,secundaria,Cauca,2000000,54
10476,mujer,40,8,secundaria,Cauca,700000,60
10477,hombre,29,10,media,Cauca,1000000,48
10478,mujer,57,6,secundaria,Cauca,931000,54
10479,mujer,36,12,superior,Cauca,941000,45
10480,hombre,39,11,media,Cauca,700000,72
10481,hombre,31,18,superior,Cauca,2037000,45
10482,mujer,26,5,primaria,Cauca,250000,25
10483,hombre,29,6,secundaria,Cauca,672000,48
10484,mujer,26,16,superior,Cauca,1000000,40
10485,mujer,51,5,primaria,Cauca,700000,60
10486,mujer,26,16,superior,Cauca,781242,48
10487,hombre,22,14,superior,Cauca,700000,60
10488,hombre,47,11,media,Cauca,250000,60
10489,hombre,36,11,media,Cauca,1200000,54
10490,mujer,37,9,secundaria,Cauca,240000,36
10491,hombre,55,5,primaria,Cauca,1000000,42
10492,mujer,55,5,primaria,Cauca,500000,66
10493,mujer,58,13,superior,Cauca,800000,40
10494,hombre,24,5,primaria,Cauca,400000,10
10495,hombre,30,5,primaria,Cauca,600000,54
10496,mujer,34,5,primaria,Cauca,700000,36
10497,hombre,36,16,superior,Cauca,1000000,48
10498,hombre,22,11,media,Cauca,1500000,48
10499,hombre,23,11,media,Cauca,900000,66
10500,hombre,39,15,superior,Cesar,800000,40
10501,mujer,30,13,superior,Cesar,48000,40
10502,hombre,32,11,media,Cesar,1000000,48
10503,mujer,50,18,superior,Cesar,3200000,40
10504,mujer,48,16,superior,Cesar,1500000,40
10505,hombre,27,16,superior,Cesar,700000,40
10506,mujer,37,13,superior,Cesar,800000,48
10507,hombre,53,8,secundaria,Cesar,1440000,48
10508,mujer,53,5,primaria,Cesar,1500000,60
10509,hombre,39,21,superior,Cesar,2800000,40
10510,mujer,38,18,superior,Cesar,729000,24
10511,hombre,47,10,media,Cesar,1000000,48
10512,mujer,40,4,primaria,Cesar,600000,48
10513,hombre,48,11,media,Cesar,800000,48
10514,hombre,27,11,media,Cesar,800000,48
10515,hombre,38,13,superior,Cesar,780000,48
10516,hombre,25,13,superior,Cesar,900000,60
10517,mujer,27,11,media,Cesar,700000,48
10518,hombre,26,11,media,Cesar,700000,48
10519,hombre,27,8,secundaria,Cesar,720000,54
10520,hombre,34,9,secundaria,Cesar,900000,56
10521,mujer,34,11,media,Cesar,450000,36
10522,hombre,25,9,secundaria,Cesar,750000,60
10523,hombre,61,10,media,Cesar,120000,36
10524,hombre,24,10,media,Cesar,700000,70
10525,hombre,40,9,secundaria,Cesar,600000,40
10526,mujer,27,11,media,Cesar,720000,56
10527,mujer,45,11,media,Cesar,800000,45
10528,hombre,41,9,secundaria,Cesar,800000,36
10529,mujer,39,5,primaria,Cesar,300000,50
10530,hombre,18,9,secundaria,Cesar,700000,60
10531,mujer,58,2,primaria,Cesar,20000000,84
10532,hombre,32,10,media,Cesar,700000,66
10533,mujer,19,10,media,Cesar,700000,49
10534,mujer,60,5,primaria,Cesar,166000,70
10535,hombre,25,5,primaria,Cesar,4500000,84
10536,mujer,44,11,media,Cesar,800000,42
10537,mujer,57,5,primaria,Cesar,300000,20
10538,hombre,27,9,secundaria,Cesar,600000,48
10539,hombre,23,11,media,Cesar,781000,48
10540,mujer,38,5,primaria,Cesar,700000,48
10541,hombre,20,11,media,Cesar,400000,48
10542,hombre,30,11,media,Cesar,800000,56
10543,hombre,38,13,superior,Cesar,810000,54
10544,mujer,54,11,media,Cesar,800000,40
10545,hombre,52,14,superior,Cesar,600000,60
10546,hombre,28,14,superior,Cesar,860000,48
10547,mujer,26,15,superior,Cesar,860000,48
10548,hombre,32,11,media,Cesar,1080000,48
10549,mujer,55,14,superior,Cesar,925000,72
10550,hombre,19,5,primaria,Cesar,600000,56
10551,hombre,25,3,primaria,Cesar,1200000,70
10552,mujer,20,11,media,Cesar,120000,12
10553,hombre,54,13,superior,Cesar,900000,40
10554,hombre,46,18,superior,Cesar,1800000,48
10555,mujer,46,18,superior,Cesar,2500000,40
10556,mujer,61,5,primaria,Cesar,600000,35
10557,hombre,26,11,media,Cesar,400000,15
10558,hombre,30,11,media,Cesar,300000,48
10559,mujer,30,11,media,Cesar,450000,40
10560,hombre,24,14,superior,Cesar,800000,40
10561,hombre,20,12,superior,Cesar,900000,48
10562,hombre,53,16,superior,Cesar,3800000,40
10563,mujer,52,16,superior,Cesar,700000,42
10564,hombre,48,16,superior,Cesar,1200000,28
10565,mujer,39,13,superior,Cesar,50000,10
10566,mujer,58,16,superior,Cesar,2400000,48
10567,hombre,54,16,superior,Cesar,2500000,48
10568,hombre,21,11,media,Cesar,800000,48
10569,hombre,36,17,superior,Cesar,999,40
10570,mujer,56,16,superior,Cesar,1800000,40
10571,hombre,38,16,superior,Cesar,2000000,35
10572,mujer,21,11,media,Cesar,350000,9
10573,mujer,50,23,superior,Cesar,3800000,40
10574,mujer,21,5,primaria,Cesar,300000,35
10575,mujer,24,13,superior,Cesar,900000,56
10576,hombre,37,11,media,Cesar,800000,48
10577,mujer,45,11,media,Cesar,1800000,60
10578,hombre,29,16,superior,Cesar,1200000,50
10579,hombre,37,13,superior,Cesar,800000,60
10580,mujer,32,13,superior,Cesar,730000,40
10581,hombre,24,6,secundaria,Cesar,700000,48
10582,mujer,58,3,primaria,Cesar,150000,18
10583,hombre,38,6,secundaria,Cesar,800000,60
10584,mujer,30,9,secundaria,Cesar,200000,84
10585,hombre,39,2,primaria,Cesar,600000,48
10586,mujer,32,5,primaria,Cesar,250000,48
10587,mujer,43,4,primaria,Cesar,160000,24
10588,mujer,23,15,superior,Cesar,980000,48
10589,hombre,28,12,superior,Cesar,781000,48
10590,hombre,38,18,superior,Cesar,4000000,40
10591,mujer,35,16,superior,Cesar,1200000,48
10592,hombre,29,11,media,Cesar,3000000,70
10593,hombre,34,11,media,Cesar,1200000,60
10594,mujer,26,11,media,Cesar,828200,48
10595,hombre,48,5,primaria,Cesar,999,40
10596,mujer,36,11,media,Cesar,999,40
10597,hombre,60,11,media,Cesar,1000000,48
10598,hombre,31,15,superior,Cesar,860000,48
10599,mujer,28,11,media,Cesar,80000,24
10600,mujer,52,11,media,Cesar,700000,48
10601,hombre,24,11,media,Cesar,600000,60
10602,hombre,47,0,ninguno,Cesar,350000,56
10603,hombre,60,11,media,Cesar,600000,40
10604,mujer,36,13,superior,Cesar,1280000,48
10605,hombre,29,14,superior,Cesar,3100000,30
10606,mujer,26,16,superior,Cesar,2200000,56
10607,mujer,26,13,superior,Cesar,1100000,48
10608,hombre,28,9,secundaria,Cesar,720000,48
10609,mujer,53,9,secundaria,Cesar,250000,48
10610,hombre,59,11,media,Cesar,800000,48
10611,mujer,27,11,media,Cesar,860000,40
10612,hombre,34,13,superior,Cesar,2400000,48
10613,mujer,36,16,superior,Cesar,2200000,48
10614,mujer,52,13,superior,Cesar,400000,48
10615,mujer,63,12,superior,Cesar,100000,10
10616,hombre,42,18,superior,Cesar,3500000,40
10617,mujer,42,16,superior,Cesar,500000,28
10618,hombre,28,11,media,Cesar,1200000,20
10619,mujer,24,16,superior,Cesar,1100000,45
10620,mujer,47,11,media,Cesar,800000,48
10621,hombre,36,16,superior,Cesar,2400000,48
10622,mujer,34,17,superior,Cesar,4100000,48
10623,mujer,58,9,secundaria,Cesar,781000,48
10624,mujer,54,9,secundaria,Cesar,781000,50
10625,hombre,50,4,primaria,Cordoba,700000,50
10626,hombre,29,11,media,Cordoba,700000,52
10627,mujer,26,11,media,Cordoba,620000,40
10628,hombre,35,11,media,Cordoba,781242,48
10629,hombre,36,5,primaria,Cordoba,700000,48
10630,hombre,34,3,primaria,Cordoba,200000,20
10631,hombre,42,3,primaria,Cordoba,650000,40
10632,mujer,45,11,media,Cordoba,600000,50
10633,hombre,49,11,media,Cordoba,900000,40
10634,mujer,24,15,superior,Cordoba,781242,48
10635,hombre,33,11,media,Cordoba,781242,48
10636,hombre,25,13,superior,Cordoba,781242,44
10637,mujer,63,14,superior,Cordoba,300000,28
10638,hombre,59,11,media,Cordoba,600000,48
10639,hombre,25,16,superior,Cordoba,1700000,84
10640,mujer,26,16,superior,Cordoba,1100000,98
10641,hombre,32,11,media,Cordoba,150000,48
10642,mujer,34,11,media,Cordoba,800000,48
10643,mujer,54,9,secundaria,Cordoba,1200000,70
10644,hombre,54,11,media,Cordoba,1000000,60
10645,mujer,62,14,superior,Cordoba,1800000,20
10646,mujer,27,18,superior,Cordoba,2000000,48
10647,mujer,23,16,superior,Cordoba,400000,20
10648,hombre,63,16,superior,Cordoba,2000000,40
10649,hombre,64,16,superior,Cordoba,10000000,38
10650,hombre,33,16,superior,Cordoba,930000,46
10651,mujer,51,5,primaria,Cordoba,500000,78
10652,hombre,60,5,primaria,Cordoba,400000,50
10653,hombre,54,5,primaria,Cordoba,900000,48
10654,mujer,52,11,media,Cordoba,1300000,48
10655,hombre,55,11,media,Cordoba,781242,48
10656,mujer,23,11,media,Cordoba,500000,44
10657,hombre,29,11,media,Cordoba,650000,53
10658,hombre,58,11,media,Cordoba,900000,48
10659,mujer,29,11,media,Cordoba,200000,24
10660,mujer,57,5,primaria,Cordoba,900000,48
10661,mujer,38,16,superior,Cordoba,900000,40
10662,hombre,57,19,superior,Cordoba,16000000,72
10663,mujer,26,11,media,Cordoba,600000,5
10664,mujer,30,11,media,Cordoba,781242,48
10665,hombre,38,11,media,Cordoba,600000,46
10666,hombre,20,11,media,Cordoba,380000,42
10667,mujer,57,20,superior,Cordoba,3000000,30
10668,hombre,35,5,primaria,Cordoba,1200000,64
10669,hombre,21,11,media,Cordoba,450000,60
10670,hombre,43,16,superior,Cordoba,1800000,40
10671,mujer,38,18,superior,Cordoba,3000000,40
10672,hombre,45,18,superior,Cordoba,1900000,40
10673,mujer,32,16,superior,Cordoba,2000000,40
10674,hombre,33,18,superior,Cordoba,4100000,40
10675,mujer,43,18,superior,Cordoba,1370000,40
10676,hombre,45,18,superior,Cordoba,2000000,24
10677,hombre,46,18,superior,Cordoba,2000000,40
10678,hombre,56,11,media,Cordoba,800000,48
10679,hombre,35,3,primaria,Cordoba,600000,48
10680,mujer,60,3,primaria,Cordoba,210000,32
10681,hombre,51,4,primaria,Cordoba,500000,48
10682,hombre,36,8,secundaria,Cordoba,400000,48
10683,hombre,28,12,superior,Cordoba,781242,48
10684,hombre,32,11,media,Cordoba,781242,48
10685,mujer,31,11,media,Cordoba,20000,30
10686,hombre,34,9,secundaria,Cordoba,300000,48
10687,hombre,23,10,media,Cordoba,680000,48
10688,hombre,51,11,media,Cordoba,600000,56
10689,mujer,38,16,superior,Cordoba,3000000,40
10690,mujer,34,13,superior,Cordoba,100000,16
10691,mujer,26,16,superior,Cordoba,1000000,48
10692,hombre,41,11,media,Cordoba,781242,48
10693,hombre,38,11,media,Cordoba,781242,48
10694,hombre,30,16,superior,Cordoba,1200000,40
10695,hombre,60,5,primaria,Cordoba,800000,48
10696,hombre,30,13,superior,Cordoba,781242,48
10697,hombre,32,11,media,Cordoba,781242,48
10698,hombre,22,11,media,Cordoba,781242,48
10699,hombre,42,10,media,Cordoba,600000,60
10700,mujer,39,5,primaria,Cordoba,450000,40
10701,hombre,24,8,secundaria,Cordoba,800000,56
10702,hombre,45,3,primaria,Cordoba,500000,84
10703,hombre,60,5,primaria,Cordoba,500000,40
10704,mujer,39,11,media,Cordoba,781242,48
10705,hombre,37,11,media,Cordoba,600000,48
10706,mujer,62,3,primaria,Cordoba,30000,20
10707,hombre,62,2,primaria,Cordoba,600000,48
10708,hombre,30,11,media,Cordoba,1600000,48
10709,hombre,28,11,media,Cordoba,500000,48
10710,hombre,19,13,superior,Cordoba,500000,48
10711,hombre,41,11,media,Cordoba,1600000,48
10712,mujer,65,3,primaria,Cordoba,410000,35
10713,hombre,25,11,media,Cordoba,500000,48
10714,hombre,19,9,secundaria,Cordoba,600000,40
10715,hombre,45,14,superior,Cordoba,781242,48
10716,mujer,53,14,superior,Cordoba,1900000,40
10717,mujer,36,14,superior,Cordoba,400000,48
10718,mujer,18,12,superior,Cordoba,781242,40
10719,hombre,33,16,superior,Cordoba,1650000,48
10720,hombre,37,11,media,Cordoba,781242,48
10721,mujer,24,12,superior,Cordoba,820000,55
10722,mujer,27,17,superior,Cordoba,2200000,48
10723,mujer,27,16,superior,Cordoba,1820000,54
10724,hombre,31,11,media,Cordoba,2700000,48
10725,hombre,38,18,superior,Cordoba,3900000,43
10726,mujer,39,16,superior,Cordoba,2200000,40
10727,mujer,29,11,media,Cordoba,950000,54
10728,mujer,32,11,media,Cordoba,781242,48
10729,mujer,21,11,media,Cordoba,250000,40
10730,hombre,27,11,media,Cordoba,900000,48
10731,hombre,46,11,media,Cordoba,600000,40
10732,mujer,43,11,media,Cordoba,200000,30
10733,mujer,41,16,superior,Cordoba,3000000,48
10734,hombre,43,11,media,Cordoba,781242,48
10735,mujer,38,18,superior,Cordoba,2060000,30
10736,hombre,35,11,media,Cordoba,1800000,84
10737,hombre,31,11,media,Cordoba,900000,48
10738,mujer,30,11,media,Cordoba,1000000,40
10739,hombre,35,18,superior,Cordoba,3000000,40
10740,hombre,52,5,primaria,Cordoba,600000,84
10741,hombre,20,7,secundaria,Cordoba,700000,84
10742,mujer,27,7,secundaria,Cordoba,480000,36
10743,hombre,52,18,superior,Cordoba,2900000,40
10744,mujer,62,4,primaria,Cordoba,870000,50
10745,mujer,62,16,superior,Choco,3641000,30
10746,hombre,50,7,secundaria,Choco,300000,12
10747,mujer,36,11,media,Choco,400000,4
10748,hombre,40,9,secundaria,Choco,1500000,10
10749,hombre,36,11,media,Choco,2000000,80
10750,mujer,45,11,media,Choco,828116,48
10751,mujer,27,14,superior,Choco,50000,12
10752,hombre,39,11,media,Choco,800000,70
10753,mujer,57,16,superior,Choco,3200000,30
10754,mujer,49,16,superior,Choco,2000000,30
10755,hombre,48,16,superior,Choco,3000000,40
10756,mujer,25,16,superior,Choco,2500000,40
10757,mujer,31,14,superior,Choco,900000,40
10758,mujer,34,16,superior,Choco,900000,40
10759,hombre,59,13,superior,Choco,250000,20
10760,hombre,26,11,media,Choco,1000000,60
10761,hombre,34,16,superior,Choco,1500000,60
10762,mujer,57,4,primaria,Choco,900000,40
10763,mujer,35,16,superior,Choco,1500000,40
10764,mujer,56,11,media,Choco,700000,48
10765,mujer,31,13,superior,Choco,816000,56
10766,mujer,18,7,secundaria,Choco,250000,45
10767,mujer,21,15,superior,Choco,300000,15
10768,hombre,33,16,superior,Choco,1800000,30
10769,mujer,29,16,superior,Choco,781242,48
10770,mujer,60,11,media,Choco,1200000,48
10771,mujer,25,13,superior,Choco,500000,48
10772,mujer,24,16,superior,Choco,781242,50
10773,mujer,64,8,secundaria,Choco,400000,48
10774,mujer,26,11,media,Choco,400000,40
10775,mujer,29,11,media,Choco,400000,14
10776,mujer,48,18,superior,Choco,2450000,30
10777,hombre,61,6,secundaria,Choco,2000000,24
10778,hombre,20,11,media,Choco,200000,24
10779,hombre,32,11,media,Choco,1200000,53
10780,mujer,43,16,superior,Choco,1796000,42
10781,hombre,45,13,superior,Choco,600000,21
10782,hombre,60,0,ninguno,Choco,600000,66
10783,hombre,21,11,media,Choco,1200000,66
10784,hombre,28,13,superior,Choco,1284000,48
10785,hombre,38,16,superior,Choco,781242,48
10786,mujer,26,12,superior,Choco,450000,48
10787,mujer,40,13,superior,Choco,781242,48
10788,mujer,30,16,superior,Choco,980000,40
10789,hombre,39,12,superior,Choco,3000000,48
10790,hombre,25,11,media,Choco,828116,84
10791,mujer,26,13,superior,Choco,900000,48
10792,mujer,31,16,superior,Choco,828116,48
10793,mujer,36,16,superior,Choco,828116,40
10794,hombre,42,16,superior,Choco,828116,48
10795,hombre,40,7,secundaria,Choco,6000000,60
10796,hombre,37,11,media,Choco,1300000,72
10797,hombre,35,16,superior,Choco,2400000,48
10798,mujer,32,16,superior,Choco,1600000,45
10799,mujer,19,6,secundaria,Choco,650000,48
10800,mujer,42,16,superior,Choco,1900000,30
10801,hombre,48,4,primaria,Choco,1000000,70
10802,mujer,55,6,secundaria,Choco,300000,30
10803,hombre,53,5,primaria,Huila,350000,50
10804,mujer,45,5,primaria,Huila,650000,48
10805,mujer,25,13,superior,Huila,500000,48
10806,hombre,57,4,primaria,Huila,850000,48
10807,mujer,58,4,primaria,Huila,150000,28
10808,hombre,37,6,secundaria,Huila,700000,47
10809,hombre,45,5,primaria,Huila,900000,49
10810,hombre,25,15,superior,Huila,1200000,48
10811,hombre,35,11,media,Huila,500000,40
10812,mujer,53,5,primaria,Huila,700000,75
10813,hombre,49,5,primaria,Huila,1000000,48
10814,hombre,23,7,secundaria,Huila,1000000,65
10815,hombre,21,8,secundaria,Huila,400000,50
10816,mujer,57,16,superior,Huila,4000000,48
10817,hombre,23,11,media,Huila,700000,48
10818,mujer,22,11,media,Huila,680000,48
10819,hombre,36,16,superior,Huila,2600000,56
10820,hombre,33,16,superior,Huila,1500000,43
10821,mujer,56,11,media,Huila,300000,24
10822,hombre,36,12,superior,Huila,1100000,48
10823,mujer,25,16,superior,Huila,2500000,40
10824,hombre,37,5,primaria,Huila,840000,54
10825,mujer,42,10,media,Huila,620000,30
10826,hombre,35,11,media,Huila,800000,48
10827,hombre,44,4,primaria,Huila,500000,48
10828,mujer,50,0,ninguno,Huila,820000,48
10829,hombre,24,12,superior,Huila,1650000,56
10830,mujer,22,13,superior,Huila,900000,40
10831,hombre,64,4,primaria,Huila,700000,48
10832,hombre,28,6,secundaria,Huila,500000,48
10833,hombre,33,14,superior,Huila,1300000,48
10834,hombre,22,9,secundaria,Huila,1100000,48
10835,mujer,53,19,superior,Huila,6300000,48
10836,hombre,44,11,media,Huila,1200000,60
10837,mujer,36,8,secundaria,Huila,781800,48
10838,mujer,19,11,media,Huila,970000,63
10839,hombre,18,11,media,Huila,700000,40
10840,mujer,59,5,primaria,Huila,200000,20
10841,mujer,25,11,media,Huila,900000,40
10842,mujer,65,5,primaria,Huila,250000,18
10843,mujer,25,9,secundaria,Huila,880000,40
10844,hombre,30,5,primaria,Huila,700000,48
10845,hombre,48,16,superior,Huila,2000000,40
10846,mujer,49,16,superior,Huila,50000,10
10847,hombre,64,4,primaria,Huila,900000,50
10848,hombre,56,11,media,Huila,781800,48
10849,mujer,54,11,media,Huila,600000,48
10850,mujer,51,5,primaria,Huila,200000,48
10851,hombre,56,4,primaria,Huila,1400000,48
10852,mujer,43,8,secundaria,Huila,1300000,66
10853,hombre,55,6,secundaria,Huila,1200000,50
10854,hombre,22,11,media,Huila,850000,50
10855,mujer,19,7,secundaria,Huila,200000,42
10856,mujer,53,7,secundaria,Huila,400000,30
10857,hombre,26,9,secundaria,Huila,600000,40
10858,hombre,65,5,primaria,Huila,850000,70
10859,mujer,48,5,primaria,Huila,770000,54
10860,mujer,54,5,primaria,Huila,150000,30
10861,mujer,27,16,superior,Huila,1400000,12
10862,hombre,25,11,media,Huila,900000,45
10863,mujer,25,11,media,Huila,950000,48
10864,hombre,56,5,primaria,Huila,400000,49
10865,hombre,56,5,primaria,Huila,760000,55
10866,mujer,47,5,primaria,Huila,1400000,84
10867,hombre,52,3,primaria,Huila,2000000,50
10868,mujer,42,3,primaria,Huila,300000,40
10869,mujer,49,11,media,Huila,600000,48
10870,mujer,23,13,superior,Huila,300000,40
10871,mujer,23,16,superior,Huila,2200000,18
10872,hombre,27,13,superior,Huila,1000000,50
10873,hombre,40,11,media,Huila,800000,60
10874,mujer,37,7,secundaria,Huila,300000,25
10875,mujer,19,8,secundaria,Huila,500000,30
10876,hombre,46,6,secundaria,Huila,1000000,84
10877,hombre,22,16,superior,Huila,850000,56
10878,hombre,59,16,superior,Huila,2000000,40
10879,hombre,35,18,superior,Huila,3500000,48
10880,hombre,31,11,media,Huila,950000,48
10881,hombre,60,11,media,Huila,860000,70
10882,mujer,58,6,secundaria,Huila,300000,48
10883,hombre,59,7,secundaria,Huila,1500000,60
10884,hombre,25,17,superior,Huila,1300000,48
10885,mujer,61,3,primaria,Huila,500000,60
10886,hombre,56,10,media,Huila,1000000,48
10887,hombre,25,13,superior,Huila,781800,48
10888,mujer,35,2,primaria,Huila,900000,48
10889,hombre,52,11,media,Huila,1000000,42
10890,hombre,57,12,superior,Huila,1780000,50
10891,mujer,52,14,superior,Huila,250000,2
10892,mujer,49,11,media,Huila,100000,4
10893,hombre,48,11,media,Huila,1000000,70
10894,hombre,57,11,media,Huila,1000000,84
10895,mujer,46,13,superior,Huila,1000000,48
10896,hombre,65,16,superior,Huila,1000000,48
10897,hombre,26,16,superior,Huila,1600000,48
10898,hombre,64,11,media,Huila,1500000,40
10899,hombre,60,11,media,Huila,1451000,48
10900,hombre,34,16,superior,Huila,4340000,60
10901,mujer,51,13,superior,Huila,250000,24
10902,mujer,39,13,superior,Huila,1500000,60
10903,hombre,34,11,media,Huila,2100000,56
10904,mujer,54,11,media,Huila,500000,84
10905,mujer,28,9,secundaria,Huila,781000,60
10906,hombre,26,16,superior,Huila,1400000,40
10907,hombre,24,13,superior,Huila,900000,60
10908,hombre,65,16,superior,Huila,3200000,48
10909,mujer,63,17,superior,Huila,3500000,48
10910,mujer,35,18,superior,Huila,150000,48
10911,hombre,33,11,media,Huila,950000,40
10912,mujer,30,15,superior,Huila,900000,56
10913,hombre,36,16,superior,Huila,1900000,40
10914,mujer,25,16,superior,Huila,100000,3
10915,hombre,37,8,secundaria,Huila,1200000,48
10916,mujer,18,11,media,Huila,80000,24
10917,mujer,20,13,superior,Huila,1400000,84
10918,hombre,21,7,secundaria,Huila,400000,48
10919,mujer,57,16,superior,Huila,3100000,40
10920,hombre,40,18,superior,Huila,2600000,30
10921,hombre,33,16,superior,Huila,1500000,40
10922,mujer,26,11,media,Huila,1500000,48
10923,hombre,54,16,superior,Huila,2000000,48
10924,mujer,43,14,superior,Huila,2200000,48
10925,hombre,36,3,primaria,La Guajira,200000,56
10926,mujer,32,11,media,La Guajira,250000,40
10927,hombre,26,5,primaria,La Guajira,150000,40
10928,hombre,36,11,media,La Guajira,925148,45
10929,hombre,32,11,media,La Guajira,360000,60
10930,mujer,33,5,primaria,La Guajira,50000,40
10931,hombre,64,5,primaria,La Guajira,300000,40
10932,hombre,29,6,secundaria,La Guajira,800000,84
10933,mujer,26,6,secundaria,La Guajira,600000,40
10934,hombre,58,5,primaria,La Guajira,1044000,98
10935,mujer,58,11,media,La Guajira,1020000,60
10936,hombre,31,16,superior,La Guajira,1800000,48
10937,hombre,53,5,primaria,La Guajira,800000,36
10938,mujer,32,11,media,La Guajira,280000,77
10939,hombre,33,11,media,La Guajira,1100000,45
10940,hombre,43,0,ninguno,La Guajira,2000000,45
10941,hombre,30,13,superior,La Guajira,2334000,56
10942,hombre,64,9,secundaria,La Guajira,1000000,56
10943,mujer,34,16,superior,La Guajira,925148,45
10944,hombre,26,13,superior,La Guajira,925148,48
10945,hombre,53,11,media,La Guajira,1000000,84
10946,hombre,25,10,media,La Guajira,500000,45
10947,hombre,28,0,ninguno,La Guajira,350000,45
10948,mujer,28,3,primaria,La Guajira,60000,20
10949,mujer,36,13,superior,La Guajira,70000,21
10950,hombre,37,2,primaria,La Guajira,900000,50
10951,hombre,20,6,secundaria,La Guajira,600000,45
10952,mujer,63,11,media,La Guajira,600000,56
10953,mujer,33,13,superior,La Guajira,400000,56
10954,hombre,29,11,media,La Guajira,781242,54
10955,mujer,56,6,secundaria,La Guajira,660000,63
10956,mujer,30,9,secundaria,La Guajira,600000,84
10957,hombre,21,6,secundaria,La Guajira,450000,48
10958,hombre,58,11,media,La Guajira,700000,60
10959,hombre,44,6,secundaria,La Guajira,360000,40
10960,mujer,38,8,secundaria,La Guajira,450000,30
10961,hombre,50,5,primaria,La Guajira,400000,40
10962,mujer,36,11,media,La Guajira,781242,48
10963,hombre,40,8,secundaria,La Guajira,800000,40
10964,hombre,55,12,superior,La Guajira,600000,70
10965,hombre,42,13,superior,La Guajira,350000,45
10966,mujer,43,15,superior,La Guajira,781242,48
10967,mujer,26,11,media,La Guajira,600000,40
10968,hombre,22,11,media,La Guajira,500000,45
10969,hombre,44,11,media,La Guajira,600000,66
10970,mujer,29,11,media,La Guajira,60000,20
10971,mujer,47,11,media,La Guajira,3000000,48
10972,hombre,25,11,media,La Guajira,1700000,84
10973,hombre,28,8,secundaria,La Guajira,300000,85
10974,mujer,29,13,superior,La Guajira,800000,50
10975,mujer,58,11,media,La Guajira,900000,30
10976,mujer,54,16,superior,La Guajira,2000000,40
10977,hombre,28,10,media,La Guajira,850000,84
10978,hombre,26,11,media,La Guajira,350000,63
10979,hombre,58,11,media,La Guajira,250000,48
10980,hombre,44,6,secundaria,La Guajira,720000,40
10981,mujer,38,8,secundaria,La Guajira,150000,40
10982,hombre,55,14,superior,La Guajira,600000,40
10983,hombre,33,16,superior,La Guajira,1800000,40
10984,hombre,31,16,superior,La Guajira,5300000,48
10985,hombre,63,16,superior,La Guajira,1500000,40
10986,mujer,48,16,superior,La Guajira,1200000,30
10987,hombre,52,11,media,La Guajira,800000,70
10988,hombre,26,14,superior,La Guajira,781242,48
10989,hombre,39,11,media,La Guajira,700000,70
10990,mujer,35,10,media,La Guajira,931243,48
10991,hombre,65,0,ninguno,La Guajira,30000,49
10992,mujer,38,0,ninguno,La Guajira,598000,55
10993,mujer,32,0,ninguno,La Guajira,900000,84
10994,hombre,55,9,secundaria,La Guajira,300000,45
10995,mujer,26,4,primaria,La Guajira,52000,20
10996,mujer,29,16,superior,La Guajira,1032745,46
10997,mujer,36,4,primaria,La Guajira,300000,30
10998,hombre,35,0,ninguno,La Guajira,300000,45
10999,hombre,29,11,media,La Guajira,600000,60
11000,mujer,62,16,superior,La Guajira,2200000,30
11001,hombre,60,2,primaria,La Guajira,200000,48
11002,hombre,64,9,secundaria,La Guajira,300000,60
11003,hombre,28,13,superior,La Guajira,781242,60
11004,mujer,46,4,primaria,La Guajira,435000,20
11005,hombre,19,8,secundaria,La Guajira,800000,84
11006,mujer,27,11,media,La Guajira,781242,48
11007,mujer,43,17,superior,La Guajira,300000,6
11008,hombre,24,7,secundaria,La Guajira,1600000,40
11009,mujer,21,11,media,La Guajira,660000,44
11010,mujer,53,18,superior,La Guajira,4300000,40
11011,mujer,39,4,primaria,La Guajira,360000,45
11012,hombre,20,10,media,La Guajira,500000,50
11013,hombre,39,11,media,La Guajira,800000,70
11014,mujer,31,8,secundaria,La Guajira,200000,30
11015,hombre,23,11,media,La Guajira,800000,48
11016,mujer,63,5,primaria,La Guajira,60000,28
11017,hombre,33,4,primaria,La Guajira,200000,48
11018,hombre,51,6,secundaria,La Guajira,600000,84
11019,mujer,46,0,ninguno,La Guajira,500000,84
11020,hombre,39,11,media,La Guajira,600000,60
11021,mujer,19,11,media,La Guajira,616000,46
11022,hombre,53,14,superior,La Guajira,480000,48
11023,mujer,39,16,superior,La Guajira,422000,40
11024,hombre,42,5,primaria,La Guajira,750000,72
11025,mujer,39,5,primaria,La Guajira,420000,18
11026,hombre,18,11,media,La Guajira,360000,24
11027,hombre,21,11,media,La Guajira,800000,40
11028,hombre,51,11,media,Magdalena,1500000,48
11029,mujer,40,2,primaria,Magdalena,612000,48
11030,mujer,20,11,media,Magdalena,500000,40
11031,hombre,26,13,superior,Magdalena,900000,44
11032,mujer,39,11,media,Magdalena,781242,56
11033,hombre,23,12,superior,Magdalena,781242,48
11034,hombre,53,11,media,Magdalena,1000000,48
11035,mujer,42,14,superior,Magdalena,781242,63
11036,mujer,55,16,superior,Magdalena,150000,30
11037,hombre,43,11,media,Magdalena,2500000,84
11038,mujer,43,11,media,Magdalena,781242,56
11039,hombre,27,11,media,Magdalena,900000,72
11040,mujer,35,11,media,Magdalena,280000,48
11041,hombre,30,11,media,Magdalena,781242,48
11042,mujer,24,11,media,Magdalena,50000,2
11043,hombre,33,11,media,Magdalena,3000000,60
11044,hombre,28,11,media,Magdalena,800000,60
11045,hombre,47,5,primaria,Magdalena,781242,72
11046,mujer,22,17,superior,Magdalena,1000000,48
11047,hombre,33,11,media,Magdalena,781242,48
11048,mujer,38,11,media,Magdalena,1100000,48
11049,mujer,43,11,media,Magdalena,300000,56
11050,hombre,51,11,media,Magdalena,700000,20
11051,mujer,45,13,superior,Magdalena,828116,48
11052,mujer,40,11,media,Magdalena,240000,20
11053,hombre,24,11,media,Magdalena,900000,50
11054,hombre,31,14,superior,Magdalena,931242,60
11055,mujer,30,11,media,Magdalena,600000,72
11056,hombre,22,11,media,Magdalena,640000,60
11057,mujer,24,16,superior,Magdalena,600000,60
11058,hombre,36,14,superior,Magdalena,905000,40
11059,hombre,34,7,secundaria,Magdalena,800000,72
11060,mujer,21,11,media,Magdalena,800000,48
11061,mujer,51,5,primaria,Magdalena,450000,54
11062,hombre,19,8,secundaria,Magdalena,600000,54
11063,hombre,31,11,media,Magdalena,940000,48
11064,hombre,41,2,primaria,Magdalena,600000,80
11065,mujer,28,6,secundaria,Magdalena,200000,12
11066,mujer,45,16,superior,Magdalena,5000000,48
11067,hombre,44,19,superior,Magdalena,7000000,48
11068,mujer,35,11,media,Magdalena,280000,56
11069,mujer,43,16,superior,Magdalena,600000,30
11070,hombre,36,14,superior,Magdalena,1500000,84
11071,hombre,26,16,superior,Magdalena,840000,98
11072,hombre,51,11,media,Magdalena,1020000,72
11073,hombre,28,16,superior,Magdalena,1500000,48
11074,hombre,31,18,superior,Magdalena,3000000,20
11075,mujer,31,16,superior,Magdalena,1800000,30
11076,hombre,52,23,superior,Magdalena,5400000,48
11077,hombre,62,5,primaria,Meta,2000000,84
11078,hombre,51,5,primaria,Meta,900000,105
11079,mujer,50,7,secundaria,Meta,100000,2
11080,hombre,39,11,media,Meta,1290000,70
11081,hombre,45,4,primaria,Meta,1400000,70
11082,hombre,53,7,secundaria,Meta,870000,48
11083,mujer,51,16,superior,Meta,920000,48
11084,hombre,30,11,media,Meta,1500000,48
11085,hombre,31,11,media,Meta,1100000,48
11086,mujer,55,7,secundaria,Narino,210000,15
11087,hombre,26,13,superior,Narino,745000,70
11088,mujer,23,9,secundaria,Narino,260000,36
11089,hombre,52,11,media,Narino,250000,15
11090,hombre,29,16,superior,Narino,700000,40
11091,mujer,31,16,superior,Narino,1600000,48
11092,mujer,28,16,superior,Narino,781242,48
11093,mujer,35,16,superior,Narino,781242,48
11094,hombre,58,11,media,Narino,260000,25
11095,mujer,49,17,superior,Narino,1000000,40
11096,hombre,49,16,superior,Narino,700000,50
11097,hombre,23,16,superior,Narino,900000,40
11098,mujer,19,14,superior,Narino,60000,6
11099,hombre,41,13,superior,Narino,806000,48
11100,mujer,40,19,superior,Narino,2500000,20
11101,hombre,50,11,media,Narino,700000,60
11102,mujer,53,11,media,Narino,2000000,72
11103,hombre,25,12,superior,Narino,552000,24
11104,hombre,45,16,superior,Narino,1800000,40
11105,mujer,43,16,superior,Narino,925000,40
11106,hombre,54,3,primaria,Narino,900000,44
11107,hombre,25,11,media,Narino,1400000,48
11108,hombre,22,11,media,Narino,850000,60
11109,mujer,25,11,media,Narino,800000,60
11110,hombre,51,9,secundaria,Narino,1000000,64
11111,mujer,24,13,superior,Narino,100000,8
11112,hombre,52,23,superior,Narino,1200000,60
11113,hombre,28,9,secundaria,Narino,200000,50
11114,mujer,25,15,superior,Narino,60000,15
11115,mujer,64,5,primaria,Narino,100000,30
11116,mujer,31,14,superior,Narino,719000,56
11117,mujer,42,11,media,Narino,100000,8
11118,hombre,32,11,media,Narino,1000000,44
11119,mujer,32,5,primaria,Narino,600000,40
11120,hombre,54,13,superior,Narino,4900000,40
11121,mujer,61,5,primaria,Narino,300000,25
11122,hombre,33,14,superior,Narino,1200000,40
11123,hombre,27,10,media,Narino,500000,44
11124,mujer,24,11,media,Narino,210000,30
11125,mujer,50,5,primaria,Narino,881242,48
11126,hombre,60,11,media,Narino,781242,48
11127,hombre,24,11,media,Narino,806000,52
11128,mujer,35,11,media,Narino,900000,46
11129,hombre,49,5,primaria,Narino,800000,40
11130,mujer,53,11,media,Narino,450000,24
11131,hombre,31,11,media,Narino,1020000,60
11132,mujer,57,5,primaria,Narino,500000,35
11133,hombre,47,14,superior,Narino,1500000,84
11134,mujer,40,11,media,Narino,760000,54
11135,mujer,54,8,secundaria,Narino,600000,36
11136,mujer,48,17,superior,Narino,2300000,40
11137,mujer,39,21,superior,Narino,3700000,40
11138,hombre,29,11,media,Narino,600000,24
11139,hombre,37,11,media,Narino,500000,60
11140,hombre,32,11,media,Narino,1000000,48
11141,hombre,62,16,superior,Narino,2400000,48
11142,mujer,34,13,superior,Narino,830000,60
11143,hombre,22,15,superior,Narino,1640000,60
11144,mujer,23,11,media,Narino,750000,84
11145,hombre,35,8,secundaria,N. de Santander,240000,24
11146,mujer,49,11,media,N. de Santander,200000,70
11147,hombre,26,11,media,N. de Santander,400000,70
11148,hombre,39,3,primaria,N. de Santander,600000,54
11149,hombre,34,16,superior,N. de Santander,600000,42
11150,hombre,28,16,superior,N. de Santander,2000000,50
11151,mujer,24,14,superior,N. de Santander,950000,45
11152,mujer,28,11,media,N. de Santander,781242,48
11153,hombre,25,11,media,N. de Santander,781242,48
11154,mujer,58,16,superior,N. de Santander,1000000,40
11155,mujer,41,5,primaria,N. de Santander,100000,10
11156,mujer,38,9,secundaria,N. de Santander,550000,65
11157,hombre,37,7,secundaria,N. de Santander,720000,60
11158,mujer,34,13,superior,N. de Santander,150000,30
11159,mujer,36,11,media,N. de Santander,600000,30
11160,hombre,45,18,superior,N. de Santander,6000000,40
11161,hombre,44,5,primaria,N. de Santander,500000,84
11162,hombre,42,9,secundaria,N. de Santander,650000,40
11163,hombre,51,5,primaria,N. de Santander,850000,50
11164,hombre,54,5,primaria,N. de Santander,700000,60
11165,mujer,46,5,primaria,N. de Santander,450000,28
11166,hombre,19,11,media,N. de Santander,500000,60
11167,hombre,20,8,secundaria,N. de Santander,600000,60
11168,mujer,20,11,media,N. de Santander,400000,72
11169,mujer,22,11,media,N. de Santander,900000,72
11170,hombre,50,11,media,N. de Santander,500000,60
11171,hombre,28,12,superior,N. de Santander,450000,56
11172,mujer,28,11,media,N. de Santander,600000,72
11173,mujer,34,7,secundaria,N. de Santander,530000,48
11174,hombre,38,3,primaria,N. de Santander,500000,72
11175,mujer,42,5,primaria,N. de Santander,1000000,40
11176,hombre,30,9,secundaria,N. de Santander,600000,40
11177,hombre,43,11,media,N. de Santander,450000,42
11178,hombre,49,21,superior,N. de Santander,5000000,40
11179,mujer,44,16,superior,N. de Santander,781242,48
11180,mujer,34,16,superior,N. de Santander,900000,48
11181,mujer,36,18,superior,N. de Santander,2000000,42
11182,mujer,54,16,superior,N. de Santander,1000000,65
11183,mujer,25,16,superior,N. de Santander,800000,60
11184,mujer,25,16,superior,N. de Santander,200000,2
11185,mujer,59,11,media,N. de Santander,400000,30
11186,hombre,39,11,media,N. de Santander,900000,60
11187,mujer,34,11,media,N. de Santander,400000,40
11188,hombre,33,14,superior,N. de Santander,781242,48
11189,hombre,55,16,superior,N. de Santander,781242,44
11190,hombre,29,6,secundaria,N. de Santander,1000000,72
11191,mujer,47,11,media,N. de Santander,237500,21
11192,hombre,41,5,primaria,N. de Santander,237500,60
11193,hombre,45,8,secundaria,N. de Santander,2000000,40
11194,hombre,57,6,secundaria,N. de Santander,600000,60
11195,hombre,57,5,primaria,N. de Santander,600000,45
11196,hombre,26,11,media,N. de Santander,500000,30
11197,hombre,32,11,media,N. de Santander,600000,30
11198,mujer,22,11,media,N. de Santander,280000,70
11199,hombre,27,11,media,N. de Santander,1000000,60
11200,mujer,27,11,media,N. de Santander,850000,60
11201,hombre,31,11,media,N. de Santander,800000,48
11202,mujer,32,11,media,N. de Santander,800000,48
11203,mujer,29,16,superior,N. de Santander,781242,40
11204,hombre,41,11,media,N. de Santander,850000,50
11205,mujer,38,16,superior,N. de Santander,400000,56
11206,hombre,45,9,secundaria,N. de Santander,800000,45
11207,hombre,39,11,media,N. de Santander,700000,84
11208,hombre,26,11,media,N. de Santander,1180000,48
11209,mujer,23,11,media,N. de Santander,787000,48
11210,hombre,23,7,secundaria,Quindio,1500000,64
11211,mujer,63,8,secundaria,Quindio,380000,30
11212,mujer,53,17,superior,Quindio,3600000,40
11213,mujer,61,5,primaria,Quindio,110000,16
11214,mujer,39,8,secundaria,Quindio,800000,48
11215,hombre,57,4,primaria,Quindio,800000,72
11216,mujer,31,16,superior,Quindio,1400000,50
11217,hombre,57,13,superior,Quindio,400000,23
11218,mujer,55,11,media,Quindio,982000,48
11219,hombre,35,12,superior,Quindio,300000,20
11220,mujer,44,12,superior,Quindio,782000,47
11221,mujer,49,6,secundaria,Quindio,200000,20
11222,hombre,39,11,media,Quindio,500000,63
11223,hombre,25,16,superior,Quindio,782000,66
11224,hombre,47,5,primaria,Quindio,1000000,50
11225,mujer,25,11,media,Quindio,853242,50
11226,hombre,54,6,secundaria,Quindio,1020000,36
11227,mujer,56,18,superior,Risaralda,10000000,40
11228,mujer,58,2,primaria,Risaralda,1181242,48
11229,hombre,18,11,media,Risaralda,781242,40
11230,hombre,25,8,secundaria,Risaralda,800000,48
11231,mujer,23,9,secundaria,Risaralda,400000,40
11232,mujer,62,5,primaria,Risaralda,600000,28
11233,hombre,25,12,superior,Risaralda,781242,48
11234,hombre,41,11,media,Risaralda,1300000,72
11235,hombre,41,7,secundaria,Risaralda,1200000,72
11236,hombre,42,13,superior,Risaralda,781242,48
11237,hombre,23,13,media,Risaralda,1200000,40
11238,mujer,44,11,media,Risaralda,1200000,40
11239,hombre,37,11,media,Risaralda,2000000,48
11240,mujer,31,11,media,Risaralda,1800000,48
11241,hombre,33,13,superior,Risaralda,1300000,48
11242,mujer,27,13,superior,Risaralda,1000000,48
11243,mujer,57,11,media,Risaralda,60000,20
11244,hombre,46,9,secundaria,Risaralda,900000,45
11245,mujer,29,11,media,Risaralda,200000,40
11246,hombre,46,16,superior,Risaralda,4000000,60
11247,hombre,40,11,media,Risaralda,1000000,60
11248,mujer,21,14,superior,Risaralda,900000,48
11249,hombre,46,16,superior,Risaralda,1500000,40
11250,hombre,28,16,superior,Risaralda,4000000,40
11251,mujer,27,13,superior,Risaralda,200000,6
11252,hombre,41,11,media,Risaralda,2000000,48
11253,mujer,35,14,superior,Risaralda,1000000,40
11254,mujer,49,13,superior,Risaralda,600000,40
11255,hombre,39,11,media,Risaralda,900000,66
11256,hombre,47,5,primaria,Risaralda,600000,45
11257,hombre,48,11,media,Risaralda,800000,48
11258,mujer,46,7,secundaria,Risaralda,781242,48
11259,hombre,22,7,secundaria,Risaralda,700000,50
11260,mujer,55,14,superior,Risaralda,1000000,40
11261,hombre,58,16,superior,Risaralda,6000000,40
11262,hombre,23,14,superior,Risaralda,800000,48
11263,mujer,61,11,media,Risaralda,300000,25
11264,mujer,41,11,media,Risaralda,850000,48
11265,hombre,22,9,secundaria,Risaralda,781242,48
11266,hombre,42,11,media,Santander,2500000,36
11267,mujer,50,11,media,Santander,30000,12
11268,hombre,43,11,media,Santander,2600000,60
11269,hombre,33,11,media,Santander,1000000,40
11270,mujer,21,7,secundaria,Santander,1500000,48
11271,mujer,30,16,superior,Santander,2000000,66
11272,hombre,65,11,media,Santander,400000,40
11273,hombre,18,9,secundaria,Santander,542000,40
11274,mujer,35,16,superior,Santander,2400000,48
11275,mujer,55,8,secundaria,Santander,781200,24
11276,mujer,45,16,superior,Santander,800000,60
11277,hombre,24,15,superior,Santander,300000,20
11278,mujer,28,15,superior,Santander,781200,45
11279,hombre,22,16,superior,Santander,1100000,8
11280,hombre,51,11,media,Santander,1100000,48
11281,mujer,50,11,media,Santander,1800000,48
11282,mujer,28,16,superior,Santander,1000000,48
11283,hombre,30,14,superior,Santander,1500000,48
11284,mujer,34,11,media,Santander,800000,48
11285,hombre,34,16,superior,Santander,1000000,60
11286,mujer,20,14,superior,Santander,900000,60
11287,hombre,46,11,media,Santander,800000,54
11288,hombre,21,11,media,Santander,900000,50
11289,mujer,40,11,media,Santander,2300000,40
11290,hombre,21,15,superior,Santander,900000,48
11291,mujer,31,13,superior,Santander,900000,45
11292,hombre,27,9,secundaria,Santander,1000000,66
11293,hombre,18,10,media,Santander,1100000,55
11294,hombre,56,11,media,Santander,400000,60
11295,mujer,52,5,primaria,Santander,798000,48
11296,mujer,30,11,media,Santander,781242,72
11297,mujer,21,11,media,Santander,850000,40
11298,mujer,29,11,media,Santander,850000,52
11299,mujer,44,17,superior,Santander,2700000,55
11300,mujer,40,17,superior,Santander,2600000,40
11301,hombre,39,11,media,Santander,3000000,72
11302,mujer,34,12,superior,Santander,70000,24
11303,mujer,36,11,media,Santander,781242,48
11304,hombre,47,11,media,Santander,2200000,48
11305,mujer,33,12,superior,Santander,781242,48
11306,mujer,25,11,media,Santander,207000,40
11307,hombre,25,12,superior,Santander,1000000,54
11308,mujer,30,13,superior,Santander,781242,48
11309,hombre,38,11,media,Santander,1350000,92
11310,mujer,28,6,secundaria,Santander,630000,30
11311,hombre,35,8,secundaria,Santander,800000,48
11312,mujer,35,16,superior,Santander,1000000,48
11313,hombre,54,14,superior,Santander,900000,48
11314,mujer,30,16,superior,Santander,1800000,48
11315,hombre,32,12,superior,Santander,800000,48
11316,mujer,31,11,media,Santander,1000000,51
11317,mujer,27,11,media,Santander,781242,48
11318,mujer,26,13,superior,Santander,1000000,48
11319,hombre,29,11,media,Santander,2000000,72
11320,mujer,28,11,media,Santander,900000,48
11321,hombre,47,11,media,Sucre,750000,48
11322,hombre,45,8,secundaria,Sucre,600000,40
11323,hombre,48,11,media,Sucre,1500000,48
11324,hombre,32,8,secundaria,Sucre,500000,48
11325,mujer,62,5,primaria,Sucre,160000,21
11326,hombre,58,0,ninguno,Sucre,500000,60
11327,mujer,24,13,superior,Sucre,781242,48
11328,mujer,55,11,media,Sucre,200000,24
11329,mujer,21,13,superior,Sucre,781242,48
11330,hombre,35,11,media,Sucre,781242,56
11331,hombre,53,13,superior,Sucre,800000,48
11332,mujer,25,13,superior,Sucre,1081242,48
11333,hombre,23,11,media,Sucre,1550000,48
11334,mujer,47,13,superior,Sucre,600000,50
11335,hombre,45,11,media,Sucre,1200000,50
11336,mujer,36,11,media,Sucre,250000,28
11337,hombre,27,11,media,Sucre,500000,40
11338,hombre,23,11,media,Sucre,600000,63
11339,hombre,45,11,media,Sucre,800000,50
11340,mujer,41,11,media,Sucre,35000,20
11341,hombre,18,11,media,Sucre,500000,38
11342,hombre,63,5,primaria,Sucre,450000,50
11343,mujer,34,16,superior,Sucre,500000,30
11344,hombre,49,11,media,Sucre,600000,56
11345,hombre,48,11,media,Sucre,781242,54
11346,mujer,36,12,superior,Sucre,300000,30
11347,hombre,53,11,media,Sucre,781242,52
11348,hombre,53,3,primaria,Sucre,700000,58
11349,hombre,23,10,media,Sucre,680000,50
11350,hombre,41,5,primaria,Sucre,700000,60
11351,hombre,48,5,primaria,Sucre,600000,42
11352,mujer,28,16,superior,Sucre,781242,40
11353,hombre,29,13,superior,Sucre,1200000,48
11354,mujer,48,13,superior,Sucre,1000000,48
11355,hombre,26,9,secundaria,Sucre,720000,50
11356,mujer,52,4,primaria,Sucre,480000,48
11357,hombre,35,7,secundaria,Sucre,900000,50
11358,hombre,57,4,primaria,Sucre,500000,50
11359,hombre,52,8,secundaria,Sucre,750000,50
11360,hombre,30,11,media,Sucre,600000,40
11361,hombre,28,14,superior,Sucre,781242,48
11362,mujer,41,16,superior,Sucre,1600000,48
11363,mujer,52,11,media,Sucre,150000,20
11364,hombre,53,7,secundaria,Sucre,700000,70
11365,hombre,23,16,superior,Sucre,1200000,40
11366,hombre,49,16,superior,Sucre,1100000,48
11367,hombre,60,5,primaria,Sucre,500000,70
11368,mujer,55,7,secundaria,Sucre,100000,18
11369,hombre,33,11,media,Sucre,1900000,84
11370,mujer,29,17,superior,Sucre,1800000,40
11371,mujer,40,16,superior,Sucre,800000,40
11372,mujer,54,8,secundaria,Sucre,350000,28
11373,mujer,61,9,secundaria,Sucre,500000,38
11374,hombre,34,12,superior,Sucre,700000,45
11375,hombre,31,16,superior,Sucre,650000,40
11376,mujer,21,14,superior,Sucre,350000,15
11377,mujer,38,13,superior,Sucre,400000,21
11378,mujer,36,13,superior,Sucre,781249,40
11379,hombre,55,18,superior,Sucre,3000000,48
11380,mujer,51,16,superior,Sucre,1800000,48
11381,mujer,29,17,superior,Sucre,2500000,40
11382,mujer,39,9,secundaria,Sucre,1000000,50
11383,hombre,49,11,media,Sucre,1000000,48
11384,hombre,28,12,superior,Sucre,500000,48
11385,mujer,21,13,media,Sucre,500000,30
11386,hombre,40,11,media,Sucre,400000,21
11387,mujer,55,11,media,Sucre,300000,40
11388,mujer,40,5,primaria,Sucre,40000,15
11389,hombre,51,5,primaria,Sucre,300000,55
11390,hombre,48,11,media,Sucre,800000,50
11391,hombre,57,2,primaria,Sucre,850000,46
11392,mujer,44,0,ninguno,Sucre,400000,21
11393,hombre,22,11,media,Sucre,1200000,65
11394,mujer,20,13,superior,Sucre,570000,20
11395,hombre,64,0,ninguno,Sucre,780000,49
11396,hombre,20,9,secundaria,Sucre,900000,42
11397,hombre,63,1,primaria,Sucre,1200000,50
11398,mujer,52,11,media,Sucre,260000,20
11399,hombre,39,16,superior,Sucre,981242,48
11400,mujer,28,17,superior,Sucre,3000000,49
11401,hombre,49,17,superior,Sucre,3400000,40
11402,mujer,49,17,superior,Sucre,1800000,40
11403,hombre,26,16,superior,Sucre,3600000,40
11404,hombre,49,3,primaria,Sucre,300000,58
11405,hombre,55,5,primaria,Sucre,400000,48
11406,hombre,27,13,superior,Sucre,1600000,50
11407,mujer,51,16,superior,Sucre,2500000,40
11408,hombre,52,20,superior,Sucre,12000000,60
11409,mujer,34,21,superior,Sucre,5600000,53
11410,mujer,29,11,media,Sucre,1170000,56
11411,hombre,41,9,secundaria,Sucre,600000,60
11412,mujer,45,3,primaria,Sucre,360000,21
11413,mujer,62,0,ninguno,Sucre,320000,24
11414,hombre,57,16,superior,Sucre,1000000,49
11415,mujer,48,13,superior,Sucre,1500000,49
11416,hombre,47,11,media,Sucre,900000,50
11417,mujer,56,9,secundaria,Sucre,760000,28
11418,mujer,24,12,superior,Sucre,300000,42
11419,hombre,51,5,primaria,Sucre,781242,48
11420,mujer,55,11,media,Sucre,420000,48
11421,hombre,42,11,media,Sucre,1000000,48
11422,hombre,42,6,secundaria,Sucre,650000,50
11423,hombre,18,7,secundaria,Sucre,400000,45
11424,hombre,40,13,superior,Sucre,1500000,50
11425,mujer,39,14,superior,Sucre,410000,40
11426,hombre,31,16,superior,Sucre,781242,40
11427,mujer,29,16,superior,Sucre,781242,40
11428,hombre,24,11,media,Sucre,1000000,98
11429,mujer,41,17,superior,Sucre,2500000,48
11430,mujer,31,13,superior,Sucre,850000,54
11431,hombre,60,17,superior,Sucre,5200000,40
11432,hombre,34,18,superior,Sucre,1800000,40
11433,hombre,29,17,superior,Sucre,5500000,40
11434,mujer,28,17,superior,Sucre,3500000,40
11435,mujer,48,6,secundaria,Sucre,1050000,50
11436,mujer,21,6,secundaria,Sucre,900000,50
11437,mujer,41,13,superior,Sucre,1960000,96
11438,hombre,37,14,superior,Sucre,900000,48
11439,mujer,33,13,superior,Sucre,500000,24
11440,hombre,46,14,superior,Sucre,2400000,40
11441,hombre,32,14,superior,Sucre,1500000,50
11442,mujer,31,11,media,Sucre,400000,30
11443,hombre,52,14,superior,Sucre,2700000,40
11444,mujer,48,16,superior,Sucre,3500000,48
11445,hombre,58,11,media,Sucre,1000000,40
11446,mujer,53,16,superior,Sucre,1745000,40
11447,mujer,26,16,superior,Sucre,1200000,48
11448,hombre,20,7,secundaria,Sucre,300000,48
11449,mujer,49,19,superior,Sucre,10000000,40
11450,mujer,46,18,superior,Sucre,3000000,48
11451,mujer,24,11,media,Sucre,1100000,54
11452,hombre,44,11,media,Sucre,1100000,49
11453,mujer,41,12,superior,Sucre,200000,48
11454,mujer,22,14,superior,Sucre,1070000,40
11455,hombre,53,16,superior,Sucre,1400000,48
11456,hombre,46,18,superior,Sucre,2500000,48
11457,hombre,38,7,secundaria,Sucre,781242,56
11458,hombre,49,2,primaria,Sucre,500000,40
11459,hombre,60,3,primaria,Sucre,600000,50
11460,mujer,34,13,superior,Sucre,781242,40
11461,hombre,48,11,media,Sucre,900000,40
11462,mujer,47,13,superior,Sucre,1200000,40
11463,mujer,47,11,media,Sucre,781242,48
11464,hombre,46,2,primaria,Sucre,700000,42
11465,mujer,32,11,media,Sucre,750000,48
11466,hombre,28,11,media,Sucre,781242,48
11467,mujer,59,5,primaria,Sucre,270000,40
11468,hombre,35,11,media,Sucre,900000,50
11469,mujer,33,16,superior,Sucre,1000000,40
11470,mujer,61,4,primaria,Sucre,150000,42
11471,mujer,32,13,superior,Sucre,781242,48
11472,mujer,54,7,secundaria,Sucre,300000,28
11473,hombre,43,6,secundaria,Sucre,1500000,70
11474,mujer,43,11,media,Sucre,480000,40
11475,mujer,23,11,media,Sucre,200000,40
11476,hombre,30,11,media,Sucre,900000,60
11477,hombre,36,16,superior,Sucre,900000,84
11478,hombre,47,8,secundaria,Sucre,1000000,45
11479,hombre,60,1,primaria,Sucre,450000,49
11480,hombre,38,12,superior,Sucre,1000000,35
11481,mujer,34,2,primaria,Sucre,50000,12
11482,hombre,32,11,media,Sucre,700000,60
11483,hombre,44,11,media,Sucre,700000,50
11484,hombre,35,5,primaria,Sucre,300000,38
11485,hombre,27,12,superior,Sucre,360000,30
11486,mujer,36,12,superior,Sucre,320000,48
11487,hombre,44,11,media,Sucre,781242,48
11488,mujer,40,11,media,Sucre,20000,18
11489,hombre,48,11,media,Sucre,781242,48
11490,mujer,42,13,superior,Sucre,781242,48
11491,hombre,41,5,primaria,Sucre,700000,50
11492,mujer,37,8,secundaria,Sucre,400000,42
11493,mujer,43,11,media,Sucre,300000,50
11494,hombre,26,7,secundaria,Sucre,1200000,60
11495,mujer,31,8,secundaria,Sucre,800000,50
11496,mujer,18,9,secundaria,Sucre,100000,23
11497,hombre,29,11,media,Sucre,781242,48
11498,mujer,33,16,superior,Sucre,80000,20
11499,hombre,33,10,media,Sucre,600000,50
11500,mujer,30,11,media,Sucre,250000,40
11501,hombre,40,11,media,Sucre,500000,66
11502,mujer,42,13,superior,Sucre,901000,40
11503,mujer,26,13,superior,Sucre,781242,48
11504,hombre,30,13,superior,Sucre,400000,40
11505,mujer,59,8,secundaria,Sucre,510000,56
11506,hombre,60,0,ninguno,Sucre,670000,56
11507,mujer,59,9,secundaria,Sucre,350000,49
11508,hombre,30,11,media,Sucre,750000,54
11509,hombre,39,4,primaria,Sucre,750000,49
11510,mujer,29,11,media,Sucre,540000,48
11511,hombre,35,11,media,Sucre,1770000,70
11512,mujer,33,6,secundaria,Sucre,500000,28
11513,hombre,55,5,primaria,Sucre,900000,48
11514,mujer,48,3,primaria,Sucre,310000,24
11515,hombre,53,5,primaria,Sucre,600000,50
11516,mujer,53,5,primaria,Sucre,450000,42
11517,mujer,34,11,media,Sucre,200000,21
11518,hombre,28,7,secundaria,Sucre,900000,60
11519,hombre,20,11,media,Sucre,600000,50
11520,mujer,63,0,ninguno,Sucre,150000,28
11521,hombre,65,4,primaria,Sucre,250000,26
11522,mujer,55,11,media,Sucre,380000,28
11523,mujer,39,18,superior,Tolima,4200000,40
11524,hombre,54,8,secundaria,Tolima,900000,50
11525,hombre,29,11,media,Tolima,1200000,48
11526,mujer,38,16,superior,Tolima,2400000,15
11527,hombre,43,5,primaria,Tolima,1200000,45
11528,mujer,41,11,media,Tolima,850000,48
11529,mujer,50,11,media,Tolima,800000,60
11530,mujer,31,11,media,Tolima,2200000,70
11531,hombre,29,16,superior,Tolima,1900000,48
11532,hombre,41,13,superior,Tolima,1400000,48
11533,mujer,44,13,superior,Tolima,900000,54
11534,hombre,55,3,primaria,Tolima,1120000,48
11535,hombre,27,14,superior,Tolima,700000,72
11536,mujer,29,11,media,Tolima,900000,70
11537,hombre,48,5,primaria,Tolima,800000,60
11538,hombre,46,3,primaria,Tolima,1500000,70
11539,hombre,50,7,secundaria,Tolima,781242,48
11540,mujer,43,11,media,Tolima,781242,60
11541,mujer,22,11,superior,Tolima,781242,60
11542,mujer,43,11,media,Tolima,850000,45
11543,hombre,45,5,primaria,Tolima,700000,40
11544,hombre,20,12,superior,Tolima,800000,48
11545,mujer,20,12,superior,Tolima,800000,48
11546,mujer,52,3,primaria,Tolima,500000,48
11547,hombre,40,5,primaria,Tolima,781242,45
11548,hombre,32,16,superior,Tolima,1600000,48
11549,mujer,29,16,superior,Tolima,1600000,48
11550,hombre,31,11,media,Tolima,870000,48
11551,mujer,25,11,media,Tolima,580000,40
11552,hombre,40,13,superior,Tolima,1410000,42
11553,mujer,32,8,secundaria,Tolima,781242,48
11554,mujer,47,21,superior,Valle del Cauca,10000000,50
11555,hombre,60,18,superior,Valle del Cauca,4500000,40
11556,mujer,21,15,superior,Valle del Cauca,781242,40
11557,hombre,25,13,superior,Valle del Cauca,900000,48
11558,hombre,21,11,media,Valle del Cauca,821242,48
11559,hombre,48,11,media,Valle del Cauca,1080000,54
11560,mujer,23,13,superior,Valle del Cauca,1050000,48
11561,hombre,49,4,primaria,Valle del Cauca,781242,48
11562,hombre,32,11,media,Valle del Cauca,781242,48
11563,hombre,29,11,media,Valle del Cauca,800000,48
11564,hombre,19,11,media,Valle del Cauca,1000000,56
11565,hombre,53,6,secundaria,Valle del Cauca,800000,48
11566,hombre,47,5,primaria,Valle del Cauca,900000,24
11567,hombre,39,11,media,Valle del Cauca,850000,46
11568,hombre,49,1,primaria,Valle del Cauca,781242,48
11569,mujer,48,11,media,Valle del Cauca,781242,46
11570,mujer,25,16,superior,Valle del Cauca,1300000,45
11571,hombre,27,16,superior,Valle del Cauca,1500000,40
11572,hombre,27,11,media,Valle del Cauca,700000,81
11573,mujer,22,11,media,Valle del Cauca,781242,48
11574,mujer,24,13,superior,Valle del Cauca,781242,48
11575,hombre,32,15,superior,Valle del Cauca,1520000,48
11576,mujer,28,14,superior,Valle del Cauca,1250000,48
11577,hombre,38,16,superior,Valle del Cauca,600000,15
11578,mujer,45,11,media,Valle del Cauca,500000,48
11579,hombre,35,11,media,Valle del Cauca,800000,70
11580,mujer,48,11,media,Valle del Cauca,781242,48
11581,hombre,57,11,media,Valle del Cauca,1200000,42
11582,mujer,49,14,superior,Valle del Cauca,781242,18
11583,mujer,26,14,superior,Valle del Cauca,781242,48
11584,mujer,53,7,secundaria,Valle del Cauca,50000,8
11585,hombre,25,13,superior,Valle del Cauca,1000000,112
11586,mujer,27,11,media,Valle del Cauca,1100000,42
11587,mujer,57,8,secundaria,Valle del Cauca,806000,40
11588,mujer,32,5,primaria,Valle del Cauca,324000,32
11589,mujer,29,11,media,Valle del Cauca,950000,48
11590,mujer,20,13,superior,Valle del Cauca,781242,40
11591,hombre,19,11,media,Valle del Cauca,450000,48
11592,mujer,32,16,superior,Valle del Cauca,700000,35
11593,hombre,36,11,media,Valle del Cauca,1400000,60
11594,mujer,44,13,superior,Valle del Cauca,500000,20
11595,mujer,24,16,superior,Valle del Cauca,1000000,40
11596,hombre,57,6,secundaria,Valle del Cauca,781242,70
11597,mujer,58,6,secundaria,Valle del Cauca,40000,50
11598,hombre,28,11,media,Valle del Cauca,1050000,54
11599,hombre,24,7,secundaria,Valle del Cauca,1100000,60
11600,hombre,33,16,superior,Valle del Cauca,1250000,48
11601,mujer,35,15,superior,Valle del Cauca,2500000,48
11602,hombre,36,16,superior,Valle del Cauca,1800000,48
11603,mujer,39,14,superior,Valle del Cauca,900000,48
11604,hombre,49,16,superior,Valle del Cauca,3290000,45
11605,mujer,56,11,media,Valle del Cauca,1554000,48
11606,hombre,34,11,media,Valle del Cauca,1300000,56
11607,mujer,42,16,superior,Valle del Cauca,5000000,48
11608,hombre,45,17,superior,Valle del Cauca,3700000,48
11609,hombre,56,11,media,Valle del Cauca,700000,40
11610,hombre,27,11,media,Valle del Cauca,1060000,84
11611,mujer,26,11,media,Valle del Cauca,820000,77
11612,hombre,46,18,superior,Valle del Cauca,5000000,60
11613,hombre,29,11,media,Valle del Cauca,781242,48
11614,hombre,35,11,media,Valle del Cauca,1300000,48
11615,hombre,56,19,superior,Valle del Cauca,4000000,42
11616,hombre,23,14,superior,Valle del Cauca,804000,48
11617,hombre,27,7,secundaria,Valle del Cauca,1041242,54
11618,mujer,43,4,primaria,Valle del Cauca,1075000,54
11619,hombre,20,6,secundaria,Valle del Cauca,700000,60
11620,hombre,36,15,superior,Valle del Cauca,3000000,48
11621,mujer,50,6,secundaria,Valle del Cauca,250000,4
11622,hombre,31,7,secundaria,Valle del Cauca,940000,48
11623,hombre,46,16,superior,Valle del Cauca,4980000,48
11624,mujer,40,11,media,Valle del Cauca,600000,42
11625,hombre,40,11,media,Valle del Cauca,800000,30
11626,mujer,53,17,superior,Valle del Cauca,1600000,60
11627,hombre,55,19,superior,Valle del Cauca,2800000,40
11628,hombre,49,6,secundaria,Valle del Cauca,585000,48
11629,mujer,37,8,secundaria,Valle del Cauca,800000,42
11630,hombre,46,4,primaria,Valle del Cauca,2200000,52
11631,mujer,28,20,superior,Valle del Cauca,2700000,60
11632,hombre,32,15,superior,Valle del Cauca,1200000,48
11633,mujer,26,5,primaria,Valle del Cauca,781242,84
11634,hombre,53,17,superior,Valle del Cauca,2400000,40
11635,mujer,28,11,media,Valle del Cauca,781242,45
11636,hombre,38,11,media,Valle del Cauca,781242,57
11637,hombre,33,1,primaria,Valle del Cauca,1300000,56
11638,mujer,35,5,primaria,Valle del Cauca,400000,40
11639,hombre,33,7,secundaria,Valle del Cauca,800000,70
11640,mujer,23,11,media,Valle del Cauca,781242,48
11641,mujer,33,17,superior,Valle del Cauca,1500000,6
11642,hombre,36,11,media,Valle del Cauca,1000000,54
11643,mujer,30,9,secundaria,Valle del Cauca,973242,48
11644,mujer,33,7,secundaria,Valle del Cauca,800000,20
11645,hombre,31,11,media,Valle del Cauca,1320000,48
11646,hombre,44,11,media,Valle del Cauca,781242,48
11647,mujer,27,11,media,Antioquia,500000,70
11648,mujer,20,11,media,Antioquia,500000,70
11649,mujer,26,1,primaria,Antioquia,500000,70
11650,mujer,19,8,secundaria,Antioquia,500000,70
11651,hombre,64,2,primaria,Antioquia,800000,56
11652,hombre,60,0,ninguno,Antioquia,400000,48
11653,mujer,48,11,media,Antioquia,781242,48
11654,mujer,47,11,media,Antioquia,1000000,54
11655,hombre,39,11,media,Antioquia,1500000,70
11656,hombre,32,11,media,Antioquia,781242,77
11657,mujer,37,3,primaria,Antioquia,80000,20
11658,mujer,33,7,secundaria,Antioquia,740000,70
11659,mujer,28,0,ninguno,Antioquia,400000,40
11660,mujer,39,0,ninguno,Antioquia,710000,48
11661,hombre,23,7,secundaria,Antioquia,781242,84
11662,hombre,20,7,secundaria,Antioquia,800000,70
11663,mujer,31,11,media,Antioquia,600000,60
11664,hombre,58,19,superior,Antioquia,3200000,40
11665,mujer,62,0,ninguno,Antioquia,90000,50
11666,hombre,32,2,primaria,Antioquia,800000,70
11667,hombre,49,5,primaria,Narino,500000,40
11668,mujer,25,13,superior,Narino,150000,28
11669,mujer,65,5,primaria,Narino,500000,84
11670,hombre,53,5,primaria,Narino,100000,48
11671,mujer,50,5,primaria,Narino,50000,3
11672,hombre,27,8,secundaria,Narino,800000,84
11673,mujer,28,12,superior,Narino,400000,84
11674,hombre,23,10,media,Narino,1800000,70
11675,mujer,54,0,ninguno,Narino,20000,14
11676,mujer,26,6,secundaria,Narino,346000,36
11677,mujer,22,5,primaria,Narino,450000,40
11678,hombre,51,11,media,Narino,800000,48
11679,hombre,58,7,secundaria,Narino,1200000,56
11680,mujer,58,9,secundaria,Narino,600000,30
11681,hombre,38,10,media,Narino,600000,36
11682,hombre,35,8,secundaria,Narino,500000,48
11683,hombre,36,11,media,Narino,800000,35
11684,mujer,46,8,secundaria,Narino,600000,53
11685,hombre,45,5,primaria,Narino,860000,40
11686,mujer,61,3,primaria,Narino,36000,25
11687,hombre,40,3,primaria,Narino,500000,49
11688,hombre,57,11,media,Narino,200000,32
11689,mujer,59,7,secundaria,Narino,1000000,54
11690,mujer,44,16,superior,Narino,1682839,40
11691,hombre,57,17,superior,Narino,3700000,30
11692,hombre,46,11,media,Narino,250000,24
11693,mujer,47,5,primaria,Narino,150000,20
11694,hombre,48,3,primaria,Narino,230000,66
11695,mujer,42,5,primaria,Narino,200000,32
11696,hombre,33,13,superior,Narino,200000,32
11697,hombre,28,14,superior,Narino,200000,20
11698,mujer,25,14,superior,Narino,300000,28
11699,mujer,40,11,media,Narino,350000,42
11700,hombre,44,3,primaria,Narino,300000,35
11701,hombre,55,2,primaria,Narino,250000,32
11702,mujer,58,4,primaria,Narino,180000,24
11703,hombre,26,11,media,Narino,300000,40
11704,hombre,48,11,media,Narino,1300000,50
11705,mujer,33,11,media,Narino,490000,44
11706,mujer,50,18,superior,Narino,3325000,25
11707,hombre,56,11,media,Narino,1100000,36
11708,mujer,56,4,primaria,Narino,100000,21
11709,hombre,54,5,primaria,Narino,180000,32
11710,mujer,52,5,primaria,Narino,250000,48
11711,hombre,47,11,media,Narino,2000000,40
11712,hombre,57,11,media,Narino,1450000,24
11713,hombre,38,16,superior,Narino,1300000,36
11714,mujer,20,5,primaria,Narino,300000,30
11715,mujer,53,7,secundaria,Narino,400000,6
11716,hombre,61,18,superior,Narino,2500000,30
11717,hombre,50,17,superior,Narino,2000000,36
11718,mujer,39,12,superior,Narino,300000,28
11719,hombre,28,11,media,Narino,2000000,60
11720,hombre,22,12,superior,Narino,1600000,48
11721,mujer,50,2,primaria,Narino,100000,70
11722,hombre,41,5,primaria,Narino,200000,28
11723,hombre,49,4,primaria,Narino,2000000,48
11724,hombre,54,5,primaria,Narino,300000,32
11725,mujer,57,16,superior,Narino,3000000,40
11726,hombre,46,9,secundaria,Narino,800000,40
11727,mujer,43,11,media,Narino,700000,54
11728,hombre,26,5,primaria,Narino,500000,50
11729,hombre,52,11,media,Narino,1000000,65
11730,mujer,50,11,media,Narino,828116,60
11731,hombre,33,5,primaria,Narino,781242,60
11732,mujer,28,9,secundaria,Narino,790000,66
11733,hombre,30,11,media,Narino,500000,60
11734,mujer,29,14,superior,Narino,2000000,48
11735,mujer,50,5,primaria,Narino,520000,20
11736,mujer,26,13,superior,Narino,1200000,49
11737,hombre,25,13,superior,Narino,970000,40
11738,hombre,50,13,superior,Narino,795000,50
11739,mujer,49,13,superior,Narino,795000,48
11740,mujer,30,11,media,Narino,200000,55
11741,mujer,54,5,primaria,Narino,280000,24
11742,hombre,58,11,media,Narino,700000,52
11743,hombre,54,3,primaria,Narino,360000,40
11744,mujer,49,6,secundaria,Narino,120000,50
11745,hombre,26,11,media,Narino,300000,40
11746,mujer,45,13,superior,Narino,781242,40
11747,hombre,48,11,media,Narino,500000,50
11748,mujer,63,0,ninguno,Narino,120000,28
11749,hombre,40,0,ninguno,Narino,270000,40
11750,mujer,39,5,primaria,Narino,300000,50
11751,hombre,19,6,secundaria,Narino,250000,60
11752,hombre,18,6,secundaria,Narino,220000,60
11753,mujer,45,3,primaria,Narino,320000,15
11754,hombre,29,7,secundaria,Narino,400000,50
11755,hombre,25,6,secundaria,Narino,800000,60
11756,hombre,39,2,primaria,Narino,280000,60
11757,mujer,34,4,primaria,Narino,150000,20
11758,mujer,40,2,primaria,Narino,420000,30
11759,hombre,57,1,primaria,Narino,400000,40
11760,mujer,45,2,primaria,Narino,240000,24
11761,hombre,32,5,primaria,Narino,700000,70
11762,hombre,51,7,secundaria,Narino,250000,40
11763,mujer,26,14,superior,Narino,300000,25
11764,mujer,50,5,primaria,Narino,200000,15
11765,hombre,25,11,media,Narino,720000,48
11766,mujer,46,0,ninguno,Narino,300000,20
11767,hombre,32,11,media,Narino,560000,70
11768,mujer,29,8,secundaria,Narino,200000,24
11769,mujer,23,11,superior,Narino,2254000,90
11770,hombre,25,11,media,Narino,150000,48
11771,mujer,34,11,media,Narino,400000,36
11772,hombre,32,12,superior,Valle del Cauca,800000,36
11773,hombre,44,4,primaria,Valle del Cauca,781242,48
11774,hombre,41,5,primaria,Valle del Cauca,1400000,53
11775,hombre,20,11,media,Valle del Cauca,1200000,48
11776,hombre,34,20,superior,Valle del Cauca,5200000,112
11777,mujer,55,11,media,Valle del Cauca,100000,42
11778,hombre,28,18,superior,Valle del Cauca,2000000,48
11779,hombre,32,17,superior,Valle del Cauca,2300000,48
11780,hombre,49,11,media,Valle del Cauca,1200000,90
11781,hombre,24,11,media,Antioquia,1031242,48
11782,mujer,28,13,superior,Antioquia,828116,48
11783,mujer,47,3,primaria,Antioquia,600000,48
11784,hombre,33,7,secundaria,Antioquia,789000,48
11785,hombre,60,1,primaria,Antioquia,300000,20
11786,mujer,59,0,ninguno,Antioquia,560000,60
11787,hombre,37,4,primaria,Antioquia,600000,40
11788,hombre,47,11,media,Antioquia,2080000,80
11789,hombre,58,5,primaria,Antioquia,1900000,48
11790,mujer,29,3,primaria,Antioquia,500000,35
11791,hombre,50,6,secundaria,Antioquia,480000,36
11792,hombre,47,11,media,Antioquia,240000,24
11793,mujer,36,9,secundaria,Antioquia,300000,18
11794,hombre,22,11,media,Antioquia,781242,48
11795,hombre,20,11,media,Antioquia,781242,48
11796,hombre,32,11,media,Antioquia,800000,48
11797,mujer,29,16,superior,Antioquia,1400000,48
11798,hombre,27,11,media,Antioquia,1800000,36
11799,mujer,28,11,media,Antioquia,240000,18
11800,hombre,51,11,media,Antioquia,1200000,90
11801,mujer,28,7,secundaria,Antioquia,782000,48
11802,hombre,27,6,secundaria,Antioquia,900000,45
11803,hombre,21,10,media,Antioquia,600000,56
11804,hombre,18,5,primaria,Antioquia,500000,48
11805,hombre,28,4,primaria,Antioquia,781242,48
11806,hombre,54,5,primaria,Antioquia,900000,48
11807,mujer,58,8,secundaria,Antioquia,50000,24
11808,mujer,32,11,media,Antioquia,690000,48
11809,mujer,27,11,media,Antioquia,850000,56
11810,hombre,40,11,media,Antioquia,800000,60
11811,hombre,21,6,secundaria,Antioquia,600000,72
11812,mujer,52,3,primaria,Antioquia,120000,20
11813,hombre,47,3,primaria,Antioquia,830000,48
11814,hombre,30,10,media,Antioquia,630000,84
11815,mujer,34,9,secundaria,Antioquia,300000,9
11816,hombre,57,8,secundaria,Antioquia,828116,48
11817,hombre,59,5,primaria,Antioquia,100000,40
11818,hombre,29,11,media,Antioquia,828116,48
11819,hombre,25,11,media,Antioquia,828116,48
11820,hombre,27,13,superior,Antioquia,828116,48
11821,hombre,29,13,superior,Antioquia,2400000,72
11822,mujer,24,11,media,Antioquia,480000,36
11823,hombre,45,3,primaria,Antioquia,2000000,60
11824,mujer,27,11,media,Antioquia,830000,48
11825,hombre,25,11,media,Antioquia,782000,48
11826,mujer,39,11,media,Antioquia,980000,65
11827,hombre,29,11,media,Antioquia,828116,60
11828,mujer,31,16,superior,Antioquia,1500000,48
11829,mujer,46,14,superior,Antioquia,280000,24
11830,hombre,61,11,media,Santander,500000,80
11831,mujer,64,5,primaria,Santander,950000,48
11832,hombre,44,3,primaria,Santander,1400000,24
11833,mujer,43,11,media,Santander,800000,119
11834,hombre,65,5,primaria,Santander,800000,40
11835,mujer,59,17,superior,Santander,2700000,40
11836,hombre,40,5,primaria,Santander,300000,24
11837,mujer,39,18,superior,Santander,2500000,40
11838,hombre,28,11,media,Santander,500000,30
11839,hombre,58,11,media,Santander,1700000,40
11840,mujer,57,11,media,Santander,900000,48
11841,mujer,53,11,media,Santander,1000000,30
11842,hombre,27,13,superior,Santander,550000,48
11843,hombre,61,11,media,Santander,1200000,70
11844,mujer,58,17,superior,Santander,3700000,40
11845,hombre,29,12,superior,Santander,1800000,70
11846,mujer,33,11,media,Santander,828116,48
11847,mujer,54,11,media,Santander,1300000,30
11848,hombre,61,5,primaria,Santander,3000000,40
11849,hombre,35,12,superior,Santander,1300000,48
11850,mujer,31,13,superior,Santander,600000,30
11851,hombre,56,5,primaria,Santander,300000,24
11852,mujer,50,15,superior,Santander,100000,48
11853,hombre,34,13,superior,Santander,650000,40
11854,mujer,62,17,superior,Santander,2800000,40
11855,hombre,44,11,media,Santander,720000,48
11856,hombre,30,9,secundaria,Santander,350000,48
11857,hombre,35,18,superior,Santander,3000000,40
11858,mujer,47,5,primaria,Santander,500000,32
11859,hombre,39,16,superior,Santander,1200000,36
11860,mujer,50,11,media,Santander,750000,70
11861,hombre,41,14,superior,Santander,200000,40
11862,mujer,34,16,superior,Santander,360000,20
11863,mujer,32,13,superior,Santander,800000,40
11864,hombre,58,11,media,Santander,500000,40
11865,hombre,30,14,superior,Santander,1500000,40
11866,hombre,36,13,superior,Santander,2450000,48
11867,mujer,24,13,superior,Santander,300000,30
11868,hombre,35,13,superior,Santander,2450000,48
11869,hombre,20,11,media,Santander,360000,30
11870,hombre,23,6,secundaria,Santander,360000,30
11871,hombre,38,12,superior,Santander,3100000,70
11872,mujer,63,5,primaria,Santander,500000,15
11873,hombre,25,15,superior,Santander,900000,36
11874,hombre,33,12,superior,Santander,600000,48
11875,hombre,30,11,media,Santander,900000,48
11876,hombre,61,5,primaria,Santander,1800000,48
11877,mujer,36,12,superior,Santander,1500000,48
11878,hombre,30,11,media,Santander,500000,40
11879,mujer,47,11,media,Antioquia,250000,20
11880,hombre,26,11,media,Antioquia,850000,48
11881,mujer,43,12,superior,Antioquia,781242,54
11882,hombre,47,5,primaria,Antioquia,4000000,70
11883,hombre,24,11,media,Antioquia,900000,48
11884,mujer,38,11,media,Antioquia,400000,60
11885,mujer,38,11,media,Antioquia,781242,48
11886,hombre,39,19,superior,Antioquia,1200000,60
11887,mujer,56,16,superior,Antioquia,75000,7
11888,hombre,25,16,superior,Antioquia,1000000,48
11889,hombre,23,16,superior,Antioquia,2500000,48
11890,hombre,37,3,primaria,Antioquia,1000000,60
11891,hombre,28,9,secundaria,Antioquia,781242,48
11892,hombre,42,8,secundaria,Antioquia,2000000,48
11893,mujer,28,9,secundaria,Antioquia,781242,48
11894,hombre,51,13,superior,Antioquia,878000,48
11895,hombre,60,11,media,Antioquia,920000,48
11896,mujer,36,14,superior,Antioquia,1500000,40
11897,mujer,58,16,superior,Antioquia,400000,20
11898,mujer,30,13,superior,Antioquia,600000,24
11899,hombre,23,10,media,Antioquia,1200000,48
11900,mujer,35,8,secundaria,Antioquia,1200000,36
11901,hombre,28,12,superior,Antioquia,2100000,60
11902,mujer,30,11,media,Antioquia,3000000,60
11903,mujer,57,13,superior,Antioquia,390000,15
11904,mujer,45,13,superior,Antioquia,810000,48
11905,hombre,40,11,media,Antioquia,2500000,30
11906,hombre,30,11,media,Antioquia,1440000,54
11907,mujer,40,11,media,Antioquia,840000,48
11908,hombre,34,11,media,Antioquia,1200000,60
11909,hombre,49,14,superior,Antioquia,781242,48
11910,mujer,36,11,media,Antioquia,1200000,60
11911,hombre,52,5,primaria,Antioquia,300000,50
11912,hombre,53,6,secundaria,Antioquia,1500000,48
11913,mujer,45,14,superior,Antioquia,781242,48
11914,mujer,38,11,media,Antioquia,1000000,40
11915,hombre,40,7,secundaria,Antioquia,1000000,40
11916,mujer,44,11,media,Antioquia,660000,24
11917,mujer,33,18,superior,Antioquia,3290000,40
11918,hombre,20,14,superior,Antioquia,800000,48
11919,hombre,57,5,primaria,Antioquia,900000,48
11920,mujer,39,5,primaria,Antioquia,850000,54
11921,mujer,18,12,superior,Antioquia,200000,12
11922,hombre,42,8,secundaria,Antioquia,781242,90
11923,mujer,41,11,media,Antioquia,781242,48
11924,mujer,46,11,media,Antioquia,781200,48
11925,hombre,28,14,superior,Antioquia,1200000,48
11926,hombre,23,15,superior,Antioquia,60000,3
11927,hombre,27,14,superior,Antioquia,1500000,55
11928,hombre,26,5,primaria,Antioquia,770000,48
11929,hombre,29,5,primaria,Antioquia,740000,48
11930,mujer,41,8,secundaria,Antioquia,1300000,50
11931,hombre,22,11,media,Antioquia,900000,48
11932,hombre,35,11,media,Antioquia,700000,54
11933,hombre,36,11,media,Antioquia,300000,30
11934,mujer,62,15,superior,Antioquia,1900000,40
11935,mujer,45,14,superior,Antioquia,260000,8
11936,hombre,39,11,media,Antioquia,781242,48
11937,hombre,39,11,media,Antioquia,1100000,67
11938,hombre,33,15,superior,Antioquia,1920000,48
11939,hombre,44,3,primaria,Antioquia,1090000,26
11940,mujer,35,5,primaria,Antioquia,488000,18
11941,mujer,53,13,superior,Antioquia,1136163,49
11942,hombre,48,14,superior,Antioquia,1800000,48
11943,mujer,46,17,superior,Antioquia,1200000,40
11944,mujer,39,13,superior,Antioquia,80000,4
11945,hombre,38,16,superior,Antioquia,781242,54
11946,mujer,47,11,media,Antioquia,1000000,48
11947,mujer,44,16,superior,Antioquia,1680000,48
11948,hombre,28,16,superior,Atlantico,3900000,25
11949,hombre,31,16,superior,Atlantico,4800000,72
11950,hombre,42,18,superior,Atlantico,3000000,48
11951,mujer,24,11,media,Atlantico,30000,72
11952,mujer,53,5,primaria,Atlantico,200000,10
11953,hombre,64,21,superior,Bogota D.C.,6000000,48
11954,mujer,65,19,superior,Bogota D.C.,2900000,24
11955,hombre,33,16,superior,Bolivar,781242,48
11956,mujer,29,16,superior,Bolivar,300000,25
11957,hombre,35,11,media,Bolivar,781242,48
11958,mujer,31,11,media,Bolivar,781242,48
11959,hombre,63,14,superior,Bolivar,800000,48
11960,hombre,30,10,media,Bolivar,750000,48
11961,mujer,54,5,primaria,Bolivar,800000,45
11962,hombre,65,8,secundaria,Bolivar,800000,40
11963,hombre,50,14,superior,Bolivar,1200000,48
11964,mujer,40,11,media,Bolivar,200000,60
11965,hombre,40,13,superior,Bolivar,869453,48
11966,hombre,62,9,secundaria,Bolivar,780000,60
11967,mujer,61,5,primaria,Bolivar,300000,30
11968,hombre,32,11,media,Bolivar,540000,27
11969,hombre,29,11,media,Bolivar,550000,30
11970,hombre,25,11,media,Bolivar,1200000,50
11971,hombre,61,16,superior,Boyaca,1000000,48
11972,hombre,52,11,media,Boyaca,700000,40
11973,mujer,51,5,primaria,Boyaca,400000,48
11974,mujer,61,7,secundaria,Boyaca,300000,48
11975,mujer,53,5,primaria,Boyaca,800000,70
11976,hombre,38,9,secundaria,Boyaca,1200000,40
11977,hombre,28,9,secundaria,Boyaca,1000000,70
11978,hombre,62,16,superior,Boyaca,800000,40
11979,hombre,52,14,superior,Boyaca,600000,48
11980,mujer,49,17,superior,Boyaca,600000,25
11981,hombre,34,11,media,Boyaca,750000,45
11982,mujer,31,11,media,Boyaca,900000,50
11983,hombre,45,16,superior,Boyaca,1500000,40
11984,mujer,19,14,superior,Boyaca,100000,15
11985,mujer,57,17,superior,Boyaca,2000000,40
11986,mujer,31,17,superior,Boyaca,2300000,40
11987,hombre,39,18,superior,Boyaca,7000000,48
11988,hombre,61,11,media,Boyaca,700000,50
11989,mujer,59,16,superior,Boyaca,1500000,40
11990,mujer,34,9,secundaria,Boyaca,150000,8
11991,mujer,52,9,secundaria,Boyaca,300000,16
11992,mujer,50,11,media,Boyaca,781242,48
11993,hombre,21,15,superior,Boyaca,284000,24
11994,hombre,42,8,secundaria,Boyaca,800000,50
11995,hombre,55,5,primaria,Boyaca,781200,48
11996,mujer,25,12,superior,Boyaca,260000,15
11997,hombre,22,11,media,Boyaca,781200,50
11998,mujer,52,14,superior,Boyaca,630000,70
11999,hombre,30,11,media,Boyaca,781212,54
12000,mujer,28,13,superior,Boyaca,781212,40
12001,mujer,24,14,superior,Boyaca,240000,30
12002,mujer,20,14,superior,Boyaca,800000,40
12003,mujer,44,5,primaria,Boyaca,800000,40
12004,hombre,24,16,superior,Boyaca,900000,44
12005,hombre,30,11,media,Boyaca,800000,60
12006,mujer,23,15,superior,Boyaca,400000,16
12007,mujer,32,11,superior,Boyaca,350000,30
12008,mujer,32,11,media,Boyaca,600000,40
12009,mujer,27,11,media,Boyaca,580000,35
12010,mujer,51,5,primaria,Boyaca,850000,40
12011,mujer,27,16,superior,Boyaca,781200,48
12012,hombre,42,11,media,Boyaca,500000,70
12013,mujer,41,9,secundaria,Boyaca,100000,20
12014,mujer,46,13,superior,Boyaca,781242,48
12015,hombre,23,15,superior,Boyaca,2000000,40
12016,mujer,20,13,superior,Boyaca,160000,12
12017,mujer,51,13,superior,Boyaca,781242,40
12018,hombre,26,16,superior,Boyaca,500000,40
12019,mujer,29,16,superior,Boyaca,1400000,40
12020,hombre,34,8,secundaria,Boyaca,300000,24
12021,mujer,40,11,media,Boyaca,630000,70
12022,mujer,36,9,secundaria,Boyaca,400000,48
12023,mujer,24,13,superior,Boyaca,781242,48
12024,hombre,51,14,superior,Caldas,2200000,50
12025,hombre,47,9,secundaria,Caldas,1500000,30
12026,mujer,45,14,superior,Caldas,100000,8
12027,hombre,33,16,superior,Caldas,700000,48
12028,mujer,42,11,media,Caldas,781242,48
12029,hombre,62,11,media,Caldas,1070000,60
12030,hombre,40,11,media,Caldas,781242,48
12031,hombre,60,14,superior,Caldas,2000000,48
12032,hombre,60,6,secundaria,Caldas,781242,48
12033,hombre,40,4,primaria,Caldas,781242,55
12034,mujer,27,5,primaria,Caldas,781242,48
12035,hombre,37,7,secundaria,Caldas,500000,84
12036,mujer,37,11,media,Caldas,350000,30
12037,mujer,26,13,superior,Caldas,781242,40
12038,hombre,42,8,secundaria,Caldas,600000,50
12039,hombre,51,14,superior,Caldas,1200000,50
12040,mujer,49,11,media,Caldas,1131242,50
12041,hombre,63,5,primaria,Caldas,800000,40
12042,mujer,60,5,primaria,Caldas,200000,16
12043,hombre,35,18,superior,Caldas,1900000,48
12044,mujer,26,11,media,Caldas,781242,48
12045,hombre,63,8,secundaria,Caldas,800000,70
12046,mujer,57,6,secundaria,Caldas,160000,20
12047,hombre,61,9,secundaria,Caldas,781242,55
12048,hombre,23,11,media,Caldas,781242,48
12049,hombre,44,15,superior,Caldas,1540000,60
12050,mujer,44,15,superior,Caldas,500000,40
12051,hombre,21,11,media,Caldas,800000,50
12052,mujer,37,11,media,Caldas,2000000,50
12053,mujer,18,11,media,Caldas,500000,24
12054,mujer,30,7,secundaria,Caldas,1100000,48
12055,hombre,31,11,media,Caldas,781242,48
12056,mujer,30,13,superior,Caldas,1200000,48
12057,hombre,29,14,superior,Caldas,1500000,48
12058,hombre,65,11,media,Caldas,2000000,48
12059,mujer,49,14,superior,Caldas,781242,48
12060,mujer,57,3,primaria,Caldas,350000,40
12061,mujer,33,18,superior,Caldas,2400000,40
12062,hombre,34,11,media,Caldas,781242,48
12063,hombre,47,4,primaria,Caldas,1100000,60
12064,mujer,52,8,secundaria,Caldas,400000,27
12065,mujer,59,7,secundaria,Caldas,100000,24
12066,hombre,44,8,secundaria,Caldas,900000,40
12067,mujer,30,6,secundaria,Caldas,781242,48
12068,hombre,64,4,primaria,Caldas,500000,54
12069,mujer,38,13,superior,Caldas,781242,48
12070,hombre,39,11,media,Caldas,1600000,50
12071,mujer,36,12,superior,Caldas,200000,20
12072,mujer,49,16,superior,Caldas,900000,48
12073,mujer,24,11,superior,Caldas,781242,48
12074,mujer,57,14,superior,Caldas,781242,40
12075,mujer,27,18,superior,Caldas,300000,20
12076,hombre,42,11,media,Caldas,781242,48
12077,mujer,31,11,media,Caldas,781242,60
12078,mujer,54,11,media,Caldas,1200000,48
12079,mujer,34,10,media,Caldas,1100000,40
12080,hombre,30,11,media,Caldas,781242,48
12081,hombre,45,11,media,Caldas,1200000,48
12082,hombre,44,11,media,Caldas,781242,48
12083,mujer,57,7,secundaria,Caldas,700000,56
12084,hombre,31,13,superior,Caldas,1200000,40
12085,mujer,31,5,primaria,Caldas,781242,56
12086,hombre,35,16,superior,Caldas,2500000,48
12087,mujer,33,13,superior,Caldas,781242,48
12088,hombre,29,13,superior,Caldas,781242,48
12089,hombre,39,14,superior,Caldas,1200000,48
12090,mujer,30,13,superior,Caldas,950000,48
12091,mujer,26,18,superior,Caldas,300000,16
12092,mujer,49,11,media,Caldas,781242,48
12093,hombre,58,5,primaria,Caldas,400000,65
12094,hombre,63,5,primaria,Caldas,500000,50
12095,mujer,58,18,superior,Caldas,3300000,30
12096,mujer,44,18,superior,Caldas,2600000,48
12097,hombre,33,18,superior,Caldas,6263000,48
12098,hombre,33,11,media,Caldas,700000,40
12099,mujer,31,13,superior,Caldas,1100000,48
12100,hombre,27,16,superior,Caldas,1875000,48
12101,mujer,34,11,superior,Caldas,500000,40
12102,hombre,61,1,primaria,Caqueta,200000,25
12103,hombre,37,16,superior,Caqueta,6000000,48
12104,hombre,55,5,primaria,Caqueta,1000000,70
12105,hombre,28,11,media,Caqueta,800000,70
12106,hombre,23,11,media,Caqueta,800000,70
12107,mujer,35,16,superior,Cauca,800000,25
12108,hombre,42,11,media,Cauca,1000000,70
12109,mujer,41,5,primaria,Cauca,350000,16
12110,hombre,44,13,superior,Cauca,800000,44
12111,hombre,25,12,superior,Cauca,430000,44
12112,mujer,40,11,media,Cauca,782000,48
12113,mujer,52,17,superior,Cauca,864000,30
12114,mujer,65,5,primaria,Cauca,782000,70
12115,mujer,51,17,superior,Cauca,2600000,40
12116,mujer,44,11,media,Cauca,828116,48
12117,mujer,53,13,superior,Cauca,1500000,4
12118,hombre,62,16,superior,Cauca,2800000,50
12119,mujer,45,11,media,Cauca,40000,35
12120,hombre,47,16,superior,Cauca,2600000,48
12121,mujer,20,14,superior,Cauca,782000,28
12122,mujer,44,11,media,Cauca,900000,70
12123,mujer,32,15,superior,Cauca,2300000,63
12124,hombre,60,16,superior,Cauca,1600000,40
12125,mujer,56,11,media,Cauca,1500000,30
12126,mujer,31,16,superior,Cauca,2000000,60
12127,hombre,28,16,superior,Cauca,2000000,60
12128,mujer,35,9,secundaria,Cauca,865242,56
12129,mujer,44,11,media,Cauca,250000,20
12130,mujer,60,4,primaria,Cauca,781212,45
12131,mujer,50,12,superior,Cauca,864000,60
12132,hombre,29,16,superior,Cauca,1400000,65
12133,mujer,45,11,media,Cauca,1050000,60
12134,mujer,33,12,superior,Cauca,780000,56
12135,hombre,63,11,media,Cauca,1500000,48
12136,mujer,56,11,media,Cauca,870000,40
12137,mujer,23,16,superior,Cauca,900000,45
12138,hombre,34,11,media,Cauca,480000,54
12139,hombre,24,11,media,Cauca,864000,48
12140,hombre,43,11,media,Cauca,600000,45
12141,mujer,44,0,ninguno,Cauca,30000,18
12142,hombre,38,4,primaria,Cauca,800000,45
12143,mujer,51,1,primaria,Cauca,150000,30
12144,hombre,45,17,superior,Cauca,2300000,72
12145,mujer,38,14,superior,Cauca,2000000,40
12146,mujer,43,9,secundaria,Cauca,150000,30
12147,mujer,30,12,superior,Cauca,500000,48
12148,hombre,29,14,superior,Cesar,800000,52
12149,mujer,23,13,superior,Cesar,828200,48
12150,hombre,63,11,media,Cesar,300000,48
12151,mujer,38,4,primaria,Cordoba,100000,12
12152,hombre,65,9,secundaria,Cordoba,950000,48
12153,mujer,35,11,media,Cordoba,781242,48
12154,hombre,41,7,secundaria,Cordoba,800000,48
12155,mujer,38,4,primaria,Cordoba,60000,28
12156,hombre,19,11,media,Cordoba,500000,48
12157,hombre,28,11,media,Cordoba,880000,60
12158,mujer,30,5,primaria,Cordoba,440000,60
12159,hombre,53,8,secundaria,Cordoba,1300000,48
12160,hombre,21,11,media,Cordoba,800000,48
12161,mujer,49,16,superior,Cordoba,1300000,40
12162,hombre,54,7,secundaria,Cordoba,600000,56
12163,hombre,23,11,media,Cordoba,781242,48
12164,hombre,36,16,superior,Choco,2500000,60
12165,mujer,34,13,superior,Choco,781242,40
12166,mujer,57,11,media,Choco,350000,40
12167,mujer,25,14,superior,Choco,300000,25
12168,hombre,59,4,primaria,Choco,800000,50
12169,mujer,36,18,superior,Choco,2600000,40
12170,mujer,25,11,media,Choco,1500000,50
12171,hombre,38,11,media,Choco,828116,50
12172,mujer,52,11,media,Choco,1200000,60
12173,mujer,50,16,superior,Choco,2400000,30
12174,mujer,49,16,superior,Choco,828116,48
12175,hombre,57,5,primaria,Choco,400000,56
12176,mujer,51,5,primaria,Choco,400000,50
12177,mujer,53,16,superior,Choco,3500000,48
12178,hombre,51,11,media,Choco,828116,72
12179,hombre,36,16,superior,Choco,300000,66
12180,hombre,41,5,primaria,Choco,800000,35
12181,mujer,51,15,superior,Choco,1050000,48
12182,hombre,59,13,superior,Choco,300000,50
12183,mujer,25,15,superior,Choco,828116,48
12184,mujer,62,0,ninguno,Choco,50000,48
12185,hombre,24,12,superior,Choco,900000,48
12186,mujer,40,11,superior,Choco,100000,30
12187,mujer,21,11,superior,Choco,781242,48
12188,hombre,29,11,media,Choco,781242,48
12189,mujer,40,16,superior,Choco,781242,48
12190,mujer,44,16,superior,Choco,828200,40
12191,mujer,65,0,ninguno,Choco,250000,48
12192,hombre,28,12,superior,Choco,800000,61
12193,hombre,31,16,superior,Huila,1850000,28
12194,hombre,52,13,superior,Huila,1700000,40
12195,mujer,26,11,media,Huila,600000,48
12196,hombre,58,5,primaria,Huila,1000000,48
12197,mujer,48,11,media,Huila,200000,48
12198,mujer,26,11,media,Huila,400000,40
12199,mujer,47,13,superior,Huila,810000,40
12200,hombre,50,11,media,Huila,800000,65
12201,hombre,59,0,ninguno,Huila,200000,20
12202,mujer,55,11,media,Huila,781000,48
12203,mujer,47,9,secundaria,Huila,700000,60
12204,hombre,55,8,secundaria,Huila,380000,15
12205,mujer,18,11,media,Huila,781800,48
12206,hombre,35,8,secundaria,Huila,1100000,42
12207,hombre,22,16,superior,Huila,1200000,45
12208,hombre,42,11,media,Huila,900000,48
12209,mujer,54,5,primaria,Huila,650000,60
12210,hombre,20,7,secundaria,Huila,400000,42
12211,mujer,53,11,media,Huila,650000,40
12212,hombre,56,11,media,Huila,700000,40
12213,mujer,56,6,secundaria,Huila,150000,10
12214,mujer,20,10,media,Huila,400000,55
12215,hombre,48,11,media,Huila,781242,48
12216,mujer,65,3,primaria,Huila,120000,20
12217,hombre,52,7,secundaria,Huila,800000,65
12218,mujer,55,4,primaria,Huila,600000,40
12219,mujer,50,0,ninguno,Huila,450000,70
12220,hombre,32,11,media,Huila,1200000,50
12221,hombre,32,6,secundaria,La Guajira,800000,60
12222,hombre,35,2,primaria,La Guajira,850000,48
12223,mujer,42,11,media,La Guajira,120000,42
12224,hombre,31,11,media,La Guajira,300000,30
12225,hombre,26,11,media,La Guajira,960000,48
12226,mujer,23,13,superior,La Guajira,900000,40
12227,mujer,51,11,media,La Guajira,400000,30
12228,mujer,24,11,media,La Guajira,900000,52
12229,hombre,51,11,media,La Guajira,750000,60
12230,mujer,60,11,media,Magdalena,300000,42
12231,mujer,29,11,media,Magdalena,950000,36
12232,hombre,38,11,media,Magdalena,828114,48
12233,mujer,55,11,media,Magdalena,781242,44
12234,mujer,54,11,media,Magdalena,200000,20
12235,hombre,53,6,secundaria,Magdalena,3000000,50
12236,hombre,25,13,superior,Magdalena,400000,40
12237,hombre,37,13,superior,Magdalena,781242,48
12238,hombre,31,11,media,Magdalena,300000,48
12239,hombre,37,11,media,Magdalena,900000,48
12240,mujer,29,11,media,Magdalena,710000,48
12241,mujer,24,16,superior,Magdalena,1400000,48
12242,hombre,56,16,superior,Magdalena,1000000,50
12243,mujer,58,16,superior,Magdalena,3500000,30
12244,hombre,25,6,secundaria,Magdalena,1100000,50
12245,hombre,51,17,superior,Magdalena,6800000,40
12246,mujer,51,16,superior,Magdalena,4500000,40
12247,mujer,25,16,superior,Magdalena,1300000,48
12248,hombre,57,0,ninguno,Magdalena,900000,50
12249,mujer,51,4,primaria,Magdalena,240000,48
12250,hombre,24,11,media,Magdalena,600000,70
12251,mujer,27,11,media,Magdalena,849000,48
12252,mujer,41,11,media,Magdalena,200000,40
12253,hombre,42,9,secundaria,Magdalena,500000,60
12254,mujer,56,11,media,Magdalena,1856000,54
12255,mujer,42,3,primaria,Magdalena,300000,28
12256,hombre,40,13,superior,Magdalena,1000000,50
12257,mujer,35,13,superior,Magdalena,800000,48
12258,hombre,43,6,secundaria,Magdalena,860000,48
12259,mujer,44,7,secundaria,Magdalena,400000,21
12260,hombre,42,5,primaria,Magdalena,800000,72
12261,mujer,42,6,secundaria,Magdalena,600000,42
12262,hombre,45,14,superior,Magdalena,781300,40
12263,mujer,35,11,media,Magdalena,781300,40
12264,hombre,33,7,secundaria,Magdalena,781242,48
12265,mujer,31,17,superior,Magdalena,200000,20
12266,hombre,26,16,superior,Magdalena,781300,48
12267,mujer,21,15,superior,Magdalena,400000,24
12268,mujer,63,11,media,Magdalena,800000,40
12269,hombre,37,11,media,Magdalena,1140000,50
12270,mujer,26,12,superior,Magdalena,400000,10
12271,hombre,38,11,media,Magdalena,1200000,54
12272,mujer,52,16,superior,Magdalena,1900000,44
12273,mujer,48,9,secundaria,Magdalena,280000,48
12274,mujer,51,6,secundaria,Magdalena,240000,30
12275,hombre,53,5,primaria,Magdalena,1100000,48
12276,hombre,26,0,ninguno,Magdalena,100000,30
12277,mujer,21,14,superior,Magdalena,300000,20
12278,hombre,27,11,media,Magdalena,800000,48
12279,hombre,38,16,superior,Magdalena,1300000,48
12280,hombre,33,16,superior,Meta,5000000,91
12281,hombre,44,9,secundaria,Meta,2000000,72
12282,mujer,37,11,media,Meta,200000,20
12283,mujer,38,13,superior,Meta,741242,48
12284,mujer,58,5,primaria,Meta,1500000,84
12285,mujer,18,13,superior,Meta,741242,49
12286,hombre,53,14,superior,Meta,3700000,50
12287,mujer,22,11,media,Meta,800000,48
12288,mujer,58,5,primaria,Meta,1300000,50
12289,hombre,40,9,secundaria,Meta,1000000,45
12290,mujer,33,16,superior,Meta,1250000,45
12291,hombre,30,11,media,Meta,1200000,40
12292,mujer,30,11,media,Meta,900000,40
12293,hombre,65,23,superior,Meta,2450000,40
12294,mujer,33,16,superior,Meta,1500000,40
12295,hombre,33,16,superior,Meta,2000000,60
12296,mujer,34,16,superior,Meta,1000000,50
12297,hombre,28,6,secundaria,Meta,900000,48
12298,hombre,58,5,primaria,Meta,900000,50
12299,hombre,41,11,media,Meta,1600000,50
12300,mujer,36,11,media,Meta,1500000,48
12301,hombre,64,1,primaria,Meta,150000,35
12302,mujer,58,5,primaria,Meta,22000,16
12303,mujer,25,7,secundaria,Meta,900000,24
12304,hombre,65,5,primaria,Meta,700000,70
12305,mujer,54,9,secundaria,Meta,800000,105
12306,mujer,19,12,superior,Meta,800000,24
12307,mujer,62,7,secundaria,Meta,200000,12
12308,hombre,26,11,media,Meta,741242,84
12309,hombre,25,16,superior,Meta,2080000,63
12310,hombre,27,16,superior,Meta,1887000,48
12311,hombre,53,12,media,Meta,800000,70
12312,mujer,44,11,media,Meta,800000,70
12313,hombre,22,11,media,Meta,1000000,70
12314,mujer,41,11,media,Meta,800000,50
12315,hombre,43,11,media,Meta,1200000,50
12316,hombre,41,11,media,Meta,1300000,60
12317,mujer,43,11,media,Meta,500000,25
12318,mujer,48,13,superior,Meta,400000,72
12319,hombre,47,11,media,Meta,1400000,55
12320,hombre,48,5,primaria,Meta,1300000,40
12321,hombre,25,13,superior,Meta,950000,48
12322,mujer,27,13,superior,Meta,950000,56
12323,mujer,50,11,media,Meta,450000,35
12324,mujer,60,5,primaria,Narino,300000,32
12325,mujer,24,11,media,Narino,901242,48
12326,hombre,51,5,primaria,Narino,480000,56
12327,hombre,40,16,superior,N. de Santander,1500000,48
12328,hombre,32,16,superior,N. de Santander,1900000,30
12329,hombre,34,11,media,N. de Santander,600000,40
12330,hombre,59,7,secundaria,N. de Santander,800000,72
12331,mujer,22,11,media,N. de Santander,1000000,54
12332,mujer,40,11,media,N. de Santander,780000,40
12333,mujer,55,2,primaria,N. de Santander,200000,16
12334,hombre,27,11,media,N. de Santander,560000,50
12335,hombre,41,11,media,N. de Santander,400000,45
12336,mujer,49,11,media,N. de Santander,600000,40
12337,mujer,20,11,media,N. de Santander,600000,60
12338,mujer,37,16,superior,N. de Santander,1800000,40
12339,hombre,53,11,media,N. de Santander,2000000,60
12340,hombre,18,12,superior,N. de Santander,600000,45
12341,mujer,28,11,media,N. de Santander,500000,55
12342,mujer,59,2,primaria,N. de Santander,80000,20
12343,hombre,30,11,media,N. de Santander,1150000,72
12344,mujer,23,12,superior,N. de Santander,1000000,64
12345,hombre,64,7,secundaria,N. de Santander,800000,73
12346,mujer,45,11,media,N. de Santander,50000,20
12347,hombre,37,11,media,N. de Santander,940000,70
12348,hombre,44,11,media,N. de Santander,1200000,40
12349,mujer,40,6,secundaria,N. de Santander,1200000,60
12350,hombre,21,0,ninguno,N. de Santander,600000,45
12351,hombre,28,11,media,N. de Santander,900000,48
12352,mujer,55,16,superior,N. de Santander,781242,48
12353,mujer,43,11,media,N. de Santander,900000,72
12354,hombre,43,5,primaria,N. de Santander,1200000,45
12355,hombre,36,13,superior,N. de Santander,1200000,48
12356,hombre,48,11,media,N. de Santander,1000000,40
12357,mujer,22,13,superior,N. de Santander,781242,70
12358,hombre,30,11,media,N. de Santander,780000,50
12359,hombre,51,5,primaria,N. de Santander,600000,56
12360,hombre,23,11,superior,N. de Santander,780000,40
12361,hombre,53,16,superior,N. de Santander,3000000,40
12362,mujer,47,5,primaria,N. de Santander,500000,50
12363,hombre,64,4,primaria,N. de Santander,600000,45
12364,mujer,42,5,primaria,N. de Santander,550000,48
12365,hombre,26,11,media,N. de Santander,1500000,42
12366,hombre,34,6,secundaria,N. de Santander,720000,60
12367,hombre,30,3,primaria,N. de Santander,944000,50
12368,hombre,39,11,media,N. de Santander,1300000,48
12369,hombre,48,20,superior,N. de Santander,6000000,48
12370,hombre,35,14,superior,N. de Santander,1500000,48
12371,hombre,51,4,primaria,N. de Santander,720000,48
12372,mujer,57,5,primaria,N. de Santander,250000,20
12373,hombre,60,5,primaria,N. de Santander,300000,55
12374,hombre,45,5,primaria,N. de Santander,500000,50
12375,mujer,41,15,superior,N. de Santander,200000,25
12376,hombre,47,17,superior,Quindio,782000,48
12377,mujer,37,16,superior,Quindio,400000,28
12378,hombre,30,18,superior,Quindio,2500000,48
12379,mujer,54,11,media,Quindio,480000,40
12380,mujer,22,17,superior,Quindio,1400000,20
12381,mujer,37,13,superior,Quindio,781242,48
12382,mujer,52,8,secundaria,Quindio,1300000,72
12383,hombre,37,11,media,Quindio,1070000,48
12384,mujer,30,16,superior,Quindio,1200000,48
12385,mujer,31,16,superior,Quindio,500000,6
12386,mujer,52,16,superior,Quindio,1200000,48
12387,hombre,55,11,media,Quindio,1500000,54
12388,hombre,50,14,superior,Quindio,1600000,42
12389,mujer,52,16,superior,Quindio,1000000,50
12390,hombre,45,5,primaria,Quindio,800000,40
12391,hombre,51,25,superior,Quindio,6000000,48
12392,hombre,46,3,primaria,Quindio,1230000,70
12393,hombre,48,11,media,Quindio,240000,50
12394,hombre,37,13,superior,Quindio,2500000,50
12395,hombre,59,11,media,Quindio,600000,60
12396,mujer,57,11,media,Quindio,200000,40
12397,hombre,26,11,media,Quindio,150000,35
12398,mujer,21,13,superior,Quindio,808000,49
12399,hombre,58,4,primaria,Quindio,300000,28
12400,hombre,44,5,primaria,Quindio,480000,60
12401,mujer,42,11,media,Quindio,360000,24
12402,mujer,21,12,superior,Quindio,781242,54
12403,hombre,19,11,media,Quindio,720000,42
12404,hombre,58,1,primaria,Quindio,1100000,72
12405,hombre,34,6,secundaria,Quindio,1100000,90
12406,mujer,38,11,media,Quindio,600000,60
12407,hombre,20,11,media,Quindio,781242,48
12408,mujer,34,13,superior,Quindio,781242,48
12409,hombre,43,11,media,Quindio,1700000,60
12410,hombre,53,13,superior,Quindio,10000000,40
12411,hombre,25,16,superior,Quindio,3000000,40
12412,mujer,62,11,media,Quindio,100000,12
12413,mujer,33,16,superior,Quindio,782000,40
12414,mujer,46,11,media,Quindio,781242,48
12415,hombre,38,16,superior,Quindio,1500000,45
12416,hombre,28,16,superior,Quindio,781242,48
12417,mujer,26,16,superior,Quindio,1000000,48
12418,hombre,28,11,media,Quindio,782000,45
12419,mujer,25,11,media,Quindio,1120000,60
12420,hombre,24,11,media,Quindio,781242,60
12421,hombre,61,11,media,Quindio,700000,50
12422,hombre,30,0,ninguno,Quindio,600000,50
12423,hombre,29,0,ninguno,Quindio,450000,50
12424,hombre,29,3,primaria,Quindio,600000,50
12425,hombre,24,11,media,Quindio,781242,48
12426,mujer,21,12,superior,Quindio,781242,48
12427,hombre,37,11,media,Quindio,781242,48
12428,mujer,27,13,superior,Quindio,1400000,48
12429,mujer,26,13,superior,Quindio,1060000,48
12430,mujer,29,14,superior,Quindio,781242,48
12431,hombre,53,2,primaria,Quindio,400000,50
12432,mujer,23,16,superior,Quindio,1500000,48
12433,hombre,64,8,secundaria,Quindio,300000,40
12434,hombre,52,17,superior,Risaralda,2200000,50
12435,mujer,54,16,superior,Risaralda,2000000,50
12436,mujer,53,14,superior,Risaralda,700000,40
12437,mujer,27,16,superior,Risaralda,600000,48
12438,hombre,57,5,primaria,Risaralda,781242,48
12439,mujer,61,19,superior,Risaralda,100000,15
12440,mujer,30,16,superior,Risaralda,1600000,84
12441,hombre,52,11,media,Risaralda,900000,72
12442,hombre,58,8,secundaria,Risaralda,700000,72
12443,hombre,48,17,superior,Risaralda,2000000,48
12444,mujer,54,13,superior,Risaralda,781242,55
12445,hombre,44,11,media,Risaralda,2500000,48
12446,mujer,40,13,superior,Risaralda,300000,30
12447,hombre,54,5,primaria,Risaralda,781242,48
12448,hombre,27,16,superior,Risaralda,1500000,48
12449,hombre,22,11,media,Risaralda,1000000,48
12450,mujer,51,16,superior,Risaralda,1500000,48
12451,mujer,41,16,superior,Risaralda,1600000,40
12452,mujer,29,16,superior,Risaralda,1500000,45
12453,mujer,49,16,superior,Risaralda,1000000,44
12454,hombre,58,21,superior,Risaralda,4700000,40
12455,mujer,55,25,superior,Risaralda,4100000,40
12456,hombre,58,16,superior,Risaralda,2000000,48
12457,hombre,18,11,media,Risaralda,781242,50
12458,hombre,24,5,primaria,Risaralda,781242,50
12459,hombre,42,5,primaria,Risaralda,781242,48
12460,hombre,54,5,primaria,Risaralda,781242,48
12461,hombre,36,14,superior,Risaralda,900000,48
12462,mujer,42,11,media,Risaralda,700000,48
12463,mujer,47,11,media,Risaralda,600000,48
12464,mujer,53,11,media,Risaralda,2500000,40
12465,hombre,45,11,media,Risaralda,2000000,48
12466,mujer,34,13,media,Risaralda,800000,60
12467,hombre,50,16,superior,Risaralda,900000,45
12468,mujer,35,14,superior,Risaralda,1000000,40
12469,hombre,49,11,media,Risaralda,700000,48
12470,mujer,41,13,superior,Risaralda,800000,65
12471,hombre,63,13,superior,Risaralda,300000,45
12472,hombre,52,11,media,Risaralda,1200000,48
12473,mujer,50,11,media,Risaralda,1000000,48
12474,mujer,57,14,superior,Risaralda,1350000,40
12475,hombre,30,13,superior,Risaralda,800000,48
12476,hombre,60,8,secundaria,Risaralda,600000,20
12477,hombre,56,11,media,Risaralda,2000000,55
12478,hombre,33,15,superior,Risaralda,1600000,48
12479,mujer,29,13,superior,Risaralda,900000,48
12480,hombre,64,15,superior,Risaralda,10000,5
12481,mujer,39,7,secundaria,Risaralda,781242,70
12482,mujer,48,13,superior,Risaralda,600000,40
12483,mujer,40,3,primaria,Risaralda,800000,60
12484,hombre,64,5,primaria,Risaralda,1200000,84
12485,mujer,50,11,media,Risaralda,150000,6
12486,hombre,35,11,media,Risaralda,100000,96
12487,hombre,30,13,superior,Risaralda,781242,48
12488,mujer,28,13,superior,Risaralda,781242,48
12489,mujer,50,5,primaria,Risaralda,250000,40
12490,hombre,39,5,primaria,Risaralda,1000000,96
12491,hombre,22,11,media,Risaralda,750000,45
12492,hombre,60,3,primaria,Risaralda,700000,48
12493,hombre,44,5,primaria,Santander,1000000,65
12494,mujer,54,11,media,Santander,781200,48
12495,mujer,35,10,media,Santander,900000,30
12496,mujer,18,11,media,Santander,400000,24
12497,hombre,36,7,secundaria,Santander,950000,48
12498,hombre,49,8,secundaria,Santander,1620000,48
12499,mujer,37,15,superior,Santander,800000,50
12500,hombre,24,11,media,Santander,800000,48
12501,hombre,22,8,secundaria,Santander,900000,48
12502,hombre,41,11,media,Santander,800000,48
12503,hombre,42,7,secundaria,Santander,2000000,84
12504,hombre,60,11,media,Santander,800000,84
12505,mujer,28,16,superior,Santander,1000000,40
12506,mujer,24,16,superior,Santander,1000000,48
12507,mujer,60,5,primaria,Santander,400000,40
12508,hombre,42,16,superior,Santander,1500000,60
12509,hombre,29,16,superior,Santander,1500000,40
12510,hombre,56,11,media,Santander,1500000,50
12511,mujer,53,17,superior,Santander,3800000,30
12512,mujer,56,11,media,Santander,100000,8
12513,mujer,29,14,superior,Santander,900000,35
12514,hombre,24,14,superior,Santander,700000,108
12515,mujer,24,11,media,Santander,781242,48
12516,mujer,45,16,superior,Santander,1000000,40
12517,hombre,20,11,media,Santander,840000,70
12518,mujer,40,17,superior,Santander,4200000,40
12519,mujer,42,14,superior,Santander,800000,60
12520,mujer,18,14,superior,Santander,600000,35
12521,hombre,23,11,media,Santander,1200000,60
12522,mujer,44,10,media,Santander,1500000,60
12523,mujer,22,11,media,Santander,1000000,48
12524,hombre,27,11,media,Santander,1200000,72
12525,mujer,56,4,primaria,Santander,1261250,66
12526,mujer,27,17,superior,Santander,5000000,48
12527,mujer,55,21,superior,Santander,15000000,48
12528,hombre,42,18,superior,Santander,8000000,48
12529,mujer,37,18,superior,Santander,3200000,48
12530,hombre,65,9,secundaria,Santander,700000,40
12531,mujer,44,14,superior,Santander,2000000,48
12532,hombre,56,11,media,Santander,1000000,48
12533,hombre,34,11,media,Santander,2000000,48
12534,mujer,30,16,superior,Santander,2400000,40
12535,hombre,31,13,superior,Santander,960000,48
12536,hombre,33,11,media,Santander,1500000,40
12537,mujer,37,17,superior,Santander,2500000,48
12538,hombre,35,11,media,Santander,1200000,64
12539,mujer,34,14,superior,Santander,600000,40
12540,hombre,60,5,primaria,Santander,900000,72
12541,mujer,54,4,primaria,Santander,961200,72
12542,hombre,29,5,primaria,Santander,800000,50
12543,hombre,61,1,primaria,Santander,700000,56
12544,hombre,52,16,superior,Santander,3000000,48
12545,mujer,46,17,superior,Santander,8000000,40
12546,hombre,22,11,media,Santander,1200000,70
12547,mujer,24,11,media,Santander,300000,80
12548,mujer,29,11,media,Santander,200000,42
12549,hombre,59,0,ninguno,Santander,480000,30
12550,hombre,43,18,superior,Santander,2500000,40
12551,hombre,39,8,secundaria,Santander,600000,62
12552,hombre,60,7,secundaria,Santander,500000,40
12553,hombre,62,1,primaria,Santander,80000,18
12554,hombre,42,5,primaria,Santander,1700000,48
12555,mujer,47,5,primaria,Santander,280000,10
12556,hombre,28,11,media,Santander,1000000,60
12557,hombre,49,5,primaria,Santander,781242,48
12558,mujer,48,16,superior,Santander,3000000,40
12559,mujer,36,11,media,Santander,782000,48
12560,hombre,19,12,superior,Santander,781250,48
12561,hombre,43,5,primaria,Santander,1500000,50
12562,hombre,54,2,primaria,Santander,900000,49
12563,mujer,31,9,secundaria,Santander,481600,27
12564,hombre,65,1,primaria,Santander,100000,30
12565,hombre,52,5,primaria,Santander,800000,50
12566,hombre,44,11,media,Santander,1200000,60
12567,mujer,39,11,media,Santander,781242,44
12568,hombre,48,2,primaria,Santander,900000,49
12569,hombre,52,5,primaria,Santander,1800000,60
12570,mujer,27,14,superior,Santander,600000,60
12571,mujer,64,17,superior,Sucre,3000000,40
12572,mujer,39,16,superior,Sucre,900000,40
12573,hombre,43,11,media,Sucre,2000000,60
12574,hombre,40,11,media,Sucre,1000000,65
12575,hombre,42,11,media,Sucre,800000,50
12576,mujer,40,11,media,Sucre,500000,40
12577,hombre,50,14,superior,Sucre,480000,50
12578,mujer,43,14,superior,Sucre,360000,40
12579,hombre,44,11,media,Sucre,480000,40
12580,hombre,45,11,media,Sucre,1000000,40
12581,mujer,40,16,superior,Sucre,600000,32
12582,mujer,35,11,media,Sucre,200000,27
12583,hombre,61,6,secundaria,Sucre,500000,48
12584,hombre,43,11,media,Sucre,900000,48
12585,mujer,51,4,primaria,Tolima,200000,32
12586,hombre,23,5,primaria,Tolima,700000,45
12587,hombre,52,5,primaria,Tolima,1500000,54
12588,mujer,36,3,primaria,Tolima,781242,56
12589,mujer,31,11,media,Tolima,1118000,66
12590,mujer,29,11,media,Tolima,700000,60
12591,hombre,23,11,media,Tolima,2500000,60
12592,mujer,36,11,media,Tolima,1000000,48
12593,mujer,64,5,primaria,Tolima,420000,50
12594,mujer,25,11,media,Tolima,900000,48
12595,hombre,36,11,media,Tolima,480000,30
12596,hombre,50,5,primaria,Tolima,200000,48
12597,mujer,44,9,secundaria,Tolima,640000,24
12598,hombre,56,6,secundaria,Tolima,800000,48
12599,hombre,48,13,superior,Tolima,781242,48
12600,hombre,24,6,secundaria,Tolima,900000,40
12601,hombre,25,11,media,Tolima,781242,60
12602,hombre,40,4,primaria,Tolima,200000,40
12603,mujer,37,16,superior,Tolima,500000,40
12604,hombre,35,11,media,Tolima,800000,30
12605,hombre,51,11,media,Tolima,900000,52
12606,mujer,49,11,media,Tolima,781242,50
12607,hombre,57,5,primaria,Tolima,900000,48
12608,mujer,52,3,primaria,Tolima,300000,24
12609,mujer,32,13,superior,Tolima,781242,48
12610,mujer,21,15,superior,Tolima,800000,48
12611,mujer,39,5,primaria,Tolima,550000,50
12612,hombre,43,5,primaria,Tolima,850000,72
12613,hombre,51,6,secundaria,Tolima,781242,56
12614,mujer,52,11,media,Tolima,781242,48
12615,hombre,24,10,media,Tolima,300000,28
12616,mujer,33,13,superior,Tolima,781242,48
12617,hombre,44,11,media,Tolima,900000,40
12618,mujer,53,9,secundaria,Tolima,350000,40
12619,hombre,40,5,primaria,Tolima,781242,52
12620,mujer,63,16,superior,Tolima,2200000,25
12621,mujer,26,12,superior,Tolima,781242,48
12622,mujer,62,8,secundaria,Tolima,600000,84
12623,hombre,45,11,media,Tolima,800000,72
12624,mujer,51,6,secundaria,Tolima,400000,40
12625,hombre,28,11,media,Tolima,300000,24
12626,mujer,20,11,media,Tolima,1000000,40
12627,mujer,44,11,media,Tolima,200000,6
12628,hombre,52,5,primaria,Tolima,800000,66
12629,mujer,25,16,superior,Tolima,781242,50
12630,mujer,34,15,superior,Tolima,2500000,50
12631,hombre,43,17,superior,Tolima,5200000,40
12632,mujer,45,5,primaria,Tolima,1164000,48
12633,hombre,27,11,media,Tolima,1100000,48
12634,mujer,32,11,media,Tolima,800000,48
12635,mujer,35,11,media,Tolima,200000,21
12636,mujer,32,13,superior,Tolima,900000,48
12637,mujer,56,9,secundaria,Tolima,1200000,65
12638,mujer,23,17,superior,Tolima,1300000,38
12639,mujer,52,16,superior,Tolima,1400000,40
12640,hombre,54,8,secundaria,Tolima,90000,10
12641,mujer,34,19,superior,Tolima,1000000,35
12642,mujer,42,17,superior,Tolima,1800000,40
12643,hombre,22,14,superior,Tolima,831242,48
12644,hombre,57,7,secundaria,Tolima,1000000,50
12645,hombre,21,11,media,Tolima,500000,40
12646,hombre,26,11,media,Tolima,800000,84
12647,hombre,59,5,primaria,Tolima,400000,40
12648,mujer,57,5,primaria,Tolima,600000,40
12649,hombre,32,16,superior,Tolima,2400000,60
12650,mujer,39,17,superior,Tolima,300000,40
12651,mujer,55,8,secundaria,Tolima,540000,40
12652,mujer,26,16,superior,Tolima,781242,44
12653,hombre,32,13,superior,Tolima,900000,48
12654,mujer,56,16,superior,Tolima,2500000,48
12655,mujer,42,7,secundaria,Tolima,1180000,66
12656,mujer,33,11,media,Tolima,200000,54
12657,mujer,59,5,primaria,Tolima,900000,45
12658,hombre,34,16,superior,Tolima,1200000,52
12659,hombre,31,13,superior,Tolima,900000,54
12660,hombre,28,16,superior,Tolima,1600000,48
12661,hombre,38,5,primaria,Tolima,700000,54
12662,hombre,37,13,superior,Tolima,3000000,66
12663,mujer,44,7,secundaria,Tolima,300000,30
12664,hombre,20,5,primaria,Tolima,800000,48
12665,hombre,32,13,superior,Tolima,785000,45
12666,mujer,33,11,media,Tolima,781242,48
12667,hombre,64,5,primaria,Valle del Cauca,400000,48
12668,mujer,23,11,media,Valle del Cauca,250000,24
12669,mujer,65,11,media,Valle del Cauca,1220000,49
12670,mujer,28,13,superior,Valle del Cauca,800000,48
12671,mujer,28,16,superior,Valle del Cauca,3400000,40
12672,hombre,40,5,primaria,Valle del Cauca,781242,48
12673,hombre,57,5,primaria,Valle del Cauca,1420000,48
12674,mujer,33,15,superior,Valle del Cauca,250000,28
12675,hombre,32,16,superior,Valle del Cauca,1670000,45
12676,mujer,41,8,secundaria,Valle del Cauca,980000,48
12677,mujer,40,9,secundaria,Valle del Cauca,781242,48
12678,hombre,22,13,superior,Valle del Cauca,800000,36
12679,hombre,52,11,media,Valle del Cauca,1000000,42
12680,hombre,58,7,secundaria,Valle del Cauca,900000,40
12681,hombre,35,11,superior,Valle del Cauca,1100000,72
12682,mujer,52,14,superior,Valle del Cauca,781242,48
12683,mujer,25,16,superior,Valle del Cauca,1100000,48
12684,hombre,27,11,media,Valle del Cauca,1200000,72
12685,mujer,27,16,superior,Valle del Cauca,1600000,45
12686,hombre,47,2,primaria,N. de Santander,600000,54
12687,hombre,41,11,media,N. de Santander,300000,40
12688,mujer,35,16,superior,N. de Santander,400000,20
12689,hombre,49,5,primaria,N. de Santander,330000,27
12690,hombre,59,9,secundaria,N. de Santander,320000,42
12691,mujer,45,6,secundaria,N. de Santander,400000,40
12692,hombre,30,0,ninguno,N. de Santander,400000,40
12693,hombre,55,5,primaria,N. de Santander,1200000,56
12694,mujer,57,0,ninguno,N. de Santander,120000,20
12695,hombre,40,5,primaria,N. de Santander,900000,55
12696,hombre,39,11,media,N. de Santander,400000,50
12697,hombre,39,11,media,N. de Santander,200000,46
12698,hombre,37,5,primaria,N. de Santander,500000,47
12699,hombre,59,11,media,N. de Santander,800000,60
12700,hombre,64,3,primaria,N. de Santander,900000,60
12701,mujer,26,11,media,N. de Santander,870000,55
12702,hombre,26,14,superior,N. de Santander,1600000,48
12703,hombre,37,5,primaria,N. de Santander,2500000,60
12704,mujer,37,13,superior,N. de Santander,1100000,45
12705,mujer,41,5,primaria,N. de Santander,350000,20
12706,hombre,20,6,secundaria,N. de Santander,900000,52
12707,hombre,24,8,secundaria,N. de Santander,1200000,48
12708,hombre,24,5,primaria,N. de Santander,1000000,60
12709,hombre,30,5,primaria,N. de Santander,1200000,48
12710,hombre,33,0,ninguno,N. de Santander,1050000,48
12711,hombre,41,4,primaria,N. de Santander,1000000,65
12712,hombre,37,11,media,Tolima,1200000,66
12713,mujer,27,11,media,Tolima,10000,4
12714,hombre,36,5,primaria,Tolima,900000,54
12715,mujer,57,5,primaria,Tolima,300000,77
12716,mujer,52,5,primaria,Tolima,300000,32
12717,hombre,18,10,media,Tolima,300000,20
12718,hombre,63,13,superior,Tolima,350000,21
12719,hombre,42,5,primaria,Tolima,430000,20
12720,hombre,45,11,media,Tolima,300000,77
12721,mujer,27,11,media,Tolima,1000000,84
12722,mujer,63,2,primaria,Tolima,300000,70
12723,hombre,33,5,primaria,Tolima,420000,22
12724,hombre,45,2,primaria,Tolima,860000,48
12725,hombre,23,11,media,Tolima,840000,56
12726,mujer,58,5,primaria,Tolima,600000,70
12727,hombre,24,11,media,Tolima,600000,6
12728,mujer,19,12,superior,Tolima,400000,78
12729,mujer,61,7,secundaria,Tolima,30000,10
12730,hombre,22,5,primaria,Tolima,300000,32
12731,hombre,62,4,primaria,Tolima,200000,56
12732,hombre,58,5,primaria,Tolima,960000,77
12733,hombre,27,13,superior,Tolima,1600000,72
12734,mujer,22,11,media,Tolima,100000,3
12735,mujer,36,11,media,Tolima,1020000,40
12736,hombre,32,17,superior,Tolima,3900000,48
12737,hombre,63,5,primaria,Tolima,720000,60
12738,hombre,48,15,superior,Tolima,800000,80
12739,mujer,37,16,superior,Tolima,1380000,50
12740,hombre,65,1,primaria,Tolima,600000,56
12741,mujer,43,13,superior,Tolima,1000000,50
12742,hombre,57,9,secundaria,Tolima,781242,48
12743,mujer,64,1,primaria,Tolima,120000,10
12744,hombre,27,11,media,Tolima,250000,84
12745,mujer,52,11,media,Tolima,600000,70
12746,mujer,46,11,media,Tolima,600000,70
12747,mujer,55,16,superior,Tolima,500000,50
12748,mujer,29,16,superior,Tolima,200000,30
12749,hombre,52,9,secundaria,Tolima,1000000,77
12750,hombre,28,11,media,Tolima,800000,77
12751,hombre,27,13,superior,Tolima,800000,77
12752,mujer,43,11,media,Tolima,230000,10
12753,hombre,46,8,secundaria,Tolima,150000,42
12754,mujer,21,14,superior,Tolima,400000,55
12755,hombre,25,11,media,Tolima,781242,44
12756,hombre,35,11,media,Tolima,800000,70
12757,mujer,34,16,superior,Tolima,718000,48
12758,mujer,42,11,media,Tolima,800000,56
12759,mujer,57,7,secundaria,Tolima,1266242,32
12760,mujer,23,13,superior,Tolima,700000,34
12761,hombre,58,3,primaria,Tolima,250000,54
12762,hombre,53,11,media,Tolima,650000,56
12763,mujer,49,11,media,Tolima,650000,56
12764,hombre,56,5,primaria,Tolima,300000,66
12765,hombre,57,1,primaria,Tolima,300000,66
12766,hombre,54,5,primaria,Tolima,300000,60
12767,mujer,59,11,media,Tolima,1100000,84
12768,hombre,36,9,secundaria,Tolima,800000,50
12769,mujer,57,5,primaria,Tolima,200000,32
12770,mujer,28,11,media,Tolima,800000,72
12771,mujer,24,9,secundaria,Tolima,660000,40
12772,hombre,29,6,secundaria,Tolima,781242,48
12773,mujer,30,13,superior,Tolima,950000,84
12774,hombre,50,17,superior,Tolima,781242,44
12775,mujer,48,20,superior,Tolima,4600000,30
12776,hombre,40,11,media,Tolima,800000,50
12777,mujer,31,16,superior,Tolima,2280000,36
12778,mujer,28,18,superior,Tolima,3200000,48
12779,hombre,33,11,media,Tolima,500000,56
12780,hombre,28,6,secundaria,Tolima,781242,48
12781,mujer,56,4,primaria,Tolima,400000,70
12782,mujer,32,11,media,Tolima,550000,16
12783,hombre,39,11,media,Tolima,781242,48
12784,mujer,38,5,primaria,Tolima,500000,32
12785,mujer,34,0,ninguno,Tolima,120000,18
12786,hombre,39,2,primaria,Tolima,781242,50
12787,hombre,52,2,primaria,Tolima,500000,46
12788,hombre,20,10,media,Tolima,950000,48
12789,mujer,22,13,superior,Tolima,820000,54
12790,mujer,37,0,ninguno,Tolima,800000,63
12791,mujer,28,2,primaria,Tolima,360000,30
12792,hombre,58,11,media,Tolima,180000,28
12793,hombre,23,8,secundaria,Tolima,940000,50
12794,hombre,54,6,secundaria,Tolima,250000,40
12795,mujer,35,0,ninguno,Tolima,150000,7
12796,hombre,45,11,media,Tolima,1000000,70
12797,hombre,45,5,primaria,Tolima,550000,45
12798,hombre,35,11,media,Bolivar,450000,50
12799,hombre,45,0,ninguno,Bolivar,600000,24
12800,mujer,55,13,superior,Bolivar,500000,50
12801,hombre,40,14,superior,Bolivar,300000,10
12802,mujer,41,16,superior,Bolivar,1500000,48
12803,mujer,47,11,media,Bolivar,800000,82
12804,hombre,55,11,media,Bolivar,400000,48
12805,mujer,60,11,media,Bolivar,800000,60
12806,hombre,55,2,primaria,Bolivar,360000,25
12807,hombre,33,11,media,Bolivar,400000,50
12808,hombre,56,5,primaria,Bolivar,350000,14
12809,mujer,35,11,media,Bolivar,290000,49
12810,hombre,35,11,media,Bolivar,300000,45
12811,hombre,45,11,media,Bolivar,1100000,48
12812,mujer,33,11,media,Bolivar,27000,20
12813,hombre,24,11,media,Bolivar,630000,48
12814,hombre,22,11,media,Bolivar,840000,40
12815,hombre,29,6,secundaria,Bolivar,450000,36
12816,hombre,26,10,media,Bolivar,700000,40
12817,mujer,50,9,secundaria,Bolivar,70000,12
12818,hombre,20,10,media,Bolivar,400000,16
12819,hombre,18,11,media,Bolivar,120000,35
12820,hombre,31,3,primaria,Bolivar,350000,44
12821,mujer,36,5,primaria,Bolivar,650000,42
12822,hombre,46,11,media,Bolivar,60000,50
12823,mujer,39,8,secundaria,Bolivar,48000,10
12824,hombre,21,11,media,Bolivar,200000,36
12825,hombre,25,10,media,Bolivar,500000,70
12826,mujer,57,0,ninguno,Bolivar,336000,40
12827,hombre,27,11,media,Bolivar,300000,48
12828,mujer,19,11,media,Bolivar,270000,36
12829,hombre,31,11,media,Bolivar,960000,48
12830,mujer,53,2,primaria,Bolivar,224000,42
12831,hombre,30,7,secundaria,Bolivar,280000,42
12832,hombre,56,11,media,Bolivar,60000,16
12833,mujer,58,18,superior,Bolivar,3400000,30
12834,hombre,36,7,secundaria,Bolivar,600000,60
12835,hombre,39,1,primaria,Bolivar,150000,35
12836,mujer,40,11,media,Bolivar,280000,48
12837,hombre,42,11,media,Bolivar,900000,50
12838,hombre,33,8,secundaria,Bolivar,900000,48
12839,hombre,24,8,secundaria,Bolivar,200000,15
12840,hombre,39,11,media,Bolivar,300000,48
12841,mujer,35,4,primaria,Bolivar,80000,40
12842,mujer,63,3,primaria,Bolivar,400000,45
12843,hombre,40,0,ninguno,Bolivar,600000,60
12844,hombre,39,6,secundaria,Bolivar,700000,60
12845,mujer,20,11,media,Bolivar,170000,18
12846,hombre,21,11,media,Bolivar,700000,48
12847,hombre,24,3,primaria,Bolivar,800000,50
12848,hombre,20,11,media,Bolivar,500000,50
12849,hombre,29,16,superior,Bolivar,781242,40
12850,hombre,58,11,media,Bolivar,1489000,40
12851,hombre,31,16,superior,Bolivar,600000,50
12852,hombre,43,12,media,Santander,400000,40
12853,mujer,58,10,media,Antioquia,30000,4
12854,mujer,33,12,superior,Antioquia,1200000,48
12855,mujer,65,2,primaria,Antioquia,78000,4
12856,mujer,50,2,primaria,Antioquia,600000,27
12857,hombre,32,5,primaria,Antioquia,820000,54
12858,hombre,40,11,media,Antioquia,1200000,70
12859,hombre,38,13,superior,Antioquia,2000000,54
12860,hombre,21,11,media,Antioquia,781242,50
12861,hombre,41,2,primaria,Antioquia,900000,55
12862,hombre,34,5,primaria,Antioquia,760000,48
12863,hombre,34,5,primaria,Antioquia,781242,50
12864,mujer,52,11,media,Antioquia,1681300,50
12865,mujer,47,12,superior,Antioquia,9000000,40
12866,mujer,43,11,media,Antioquia,1100000,60
12867,hombre,23,11,media,Antioquia,1400000,84
12868,hombre,23,9,secundaria,Antioquia,840000,48
12869,hombre,46,9,secundaria,Antioquia,1800000,50
12870,mujer,23,13,superior,Antioquia,1400000,48
12871,hombre,48,18,superior,Antioquia,20000000,40
12872,hombre,29,11,media,Antioquia,828000,48
12873,hombre,62,0,ninguno,Antioquia,150000,42
12874,mujer,51,14,superior,Antioquia,800000,36
12875,mujer,47,8,secundaria,Antioquia,240000,84
12876,mujer,45,11,media,Antioquia,1300000,48
12877,hombre,47,8,secundaria,Antioquia,400000,30
12878,hombre,34,11,media,Antioquia,5000000,40
12879,hombre,33,16,superior,Antioquia,2000000,24
12880,mujer,25,14,superior,Antioquia,1000000,48
12881,mujer,58,5,primaria,Antioquia,500000,63
12882,hombre,50,5,primaria,Antioquia,900000,48
12883,hombre,34,11,media,Antioquia,1200000,70
12884,hombre,47,14,superior,Antioquia,1400000,48
12885,mujer,30,11,media,Antioquia,300000,24
12886,hombre,46,2,primaria,Antioquia,900000,70
12887,mujer,24,16,superior,Antioquia,50000,5
12888,hombre,39,18,superior,Antioquia,9000000,48
12889,mujer,37,14,superior,Antioquia,781242,48
12890,mujer,46,11,media,Antioquia,780000,48
12891,hombre,22,11,media,Antioquia,780000,60
12892,hombre,42,16,superior,Antioquia,400000,48
12893,hombre,48,9,secundaria,Antioquia,781242,48
12894,hombre,21,11,media,Antioquia,1000000,40
12895,hombre,52,16,superior,Antioquia,7000000,48
12896,mujer,31,16,superior,Antioquia,5500000,40
12897,hombre,35,18,superior,Antioquia,4800000,40
12898,mujer,53,9,secundaria,Antioquia,484000,20
12899,hombre,31,2,primaria,Antioquia,2000000,50
12900,mujer,28,11,media,Antioquia,900000,48
12901,hombre,33,18,superior,Antioquia,9000000,54
12902,mujer,31,17,superior,Antioquia,13000000,50
12903,mujer,39,16,superior,Antioquia,1200000,48
12904,mujer,30,16,superior,Antioquia,1500000,48
12905,hombre,41,15,superior,Antioquia,1000000,48
12906,mujer,33,11,media,Antioquia,1050000,48
12907,hombre,21,11,media,Antioquia,150000,36
12908,hombre,32,11,media,Antioquia,781000,72
12909,hombre,41,11,media,Antioquia,500000,20
12910,mujer,37,16,superior,Antioquia,1400000,48
12911,mujer,34,16,superior,Antioquia,781200,48
12912,mujer,32,16,superior,Antioquia,1400000,60
12913,mujer,29,16,superior,Antioquia,1200000,48
12914,mujer,62,5,primaria,Antioquia,200000,16
12915,mujer,34,11,media,Antioquia,200000,15
12916,hombre,26,14,superior,Antioquia,850000,12
12917,hombre,36,11,media,Antioquia,800000,70
12918,mujer,36,11,media,Antioquia,820000,50
12919,hombre,39,11,media,Antioquia,900000,48
12920,hombre,27,11,media,Antioquia,781242,50
12921,hombre,24,11,media,Antioquia,781242,48
12922,mujer,45,11,media,Atlantico,200000,12
12923,hombre,51,7,secundaria,Atlantico,950000,48
12924,hombre,46,11,media,Atlantico,1000000,48
12925,mujer,42,13,superior,Atlantico,1300000,50
12926,hombre,37,14,superior,Atlantico,900000,48
12927,mujer,39,13,superior,Atlantico,1300000,50
12928,hombre,41,14,superior,Atlantico,5500000,48
12929,mujer,41,13,superior,Atlantico,1206000,56
12930,hombre,38,14,superior,Atlantico,991000,48
12931,mujer,35,16,superior,Atlantico,300000,20
12932,hombre,39,11,media,Atlantico,700000,24
12933,mujer,36,5,primaria,Atlantico,600000,40
12934,mujer,32,10,media,Atlantico,1150000,60
12935,hombre,48,1,primaria,Atlantico,350000,48
12936,hombre,28,16,superior,Atlantico,800000,48
12937,hombre,29,7,secundaria,Atlantico,1100000,56
12938,hombre,23,8,secundaria,Atlantico,1100000,18
12939,hombre,54,11,media,Atlantico,1800000,84
12940,mujer,48,5,primaria,Atlantico,580000,36
12941,mujer,61,11,media,Atlantico,986000,48
12942,hombre,36,14,superior,Atlantico,1800000,56
12943,hombre,38,14,superior,Atlantico,1500000,60
12944,hombre,34,11,media,Atlantico,720000,56
12945,hombre,50,11,media,Bogota D.C.,4000000,50
12946,mujer,51,7,secundaria,Bogota D.C.,240000,40
12947,hombre,25,15,superior,Bogota D.C.,1700000,48
12948,mujer,23,11,media,Bogota D.C.,1000000,48
12949,hombre,50,9,secundaria,Bogota D.C.,700000,60
12950,mujer,44,11,media,Bogota D.C.,1116000,48
12951,mujer,65,11,media,Bogota D.C.,1300000,48
12952,mujer,29,11,media,Bolivar,500000,40
12953,mujer,60,5,primaria,Bolivar,500000,24
12954,mujer,31,11,media,Bolivar,240000,30
12955,hombre,34,13,superior,Bolivar,600000,50
12956,mujer,33,8,secundaria,Bolivar,800000,30
12957,hombre,26,11,media,Bolivar,700000,60
12958,mujer,18,10,media,Bolivar,940000,40
12959,mujer,53,11,media,Bolivar,2200000,40
12960,mujer,20,12,superior,Bolivar,600000,48
12961,hombre,59,13,superior,Bolivar,1200000,48
12962,hombre,32,11,media,Bolivar,1400000,48
12963,hombre,62,16,superior,Bolivar,2600000,40
12964,mujer,56,16,superior,Bolivar,2600000,40
12965,mujer,26,17,superior,Bolivar,1800000,40
12966,hombre,44,13,superior,Bolivar,900000,48
12967,hombre,62,11,media,Bolivar,950000,48
12968,hombre,59,18,superior,Bolivar,4000000,40
12969,hombre,27,13,superior,Bolivar,1000000,25
12970,hombre,43,18,superior,Bolivar,10000000,48
12971,hombre,38,18,superior,Bolivar,4000000,40
12972,mujer,58,16,superior,Bolivar,4100000,40
12973,mujer,31,16,superior,Bolivar,1500000,40
12974,hombre,30,11,media,Bolivar,600000,48
12975,mujer,54,5,primaria,Bolivar,600000,40
12976,hombre,39,13,superior,Bolivar,800000,48
12977,mujer,26,11,media,Bolivar,800000,40
12978,hombre,50,11,media,Bolivar,1300000,48
12979,mujer,53,11,media,Bolivar,1000000,40
12980,hombre,63,5,primaria,Bolivar,500000,48
12981,mujer,61,5,primaria,Bolivar,600000,40
12982,mujer,46,14,superior,Bolivar,900000,48
12983,hombre,21,11,media,Bolivar,800000,60
12984,hombre,56,9,secundaria,Bolivar,900000,48
12985,hombre,31,13,superior,Bolivar,750000,48
12986,mujer,28,13,superior,Bolivar,1200000,48
12987,hombre,51,11,media,Bolivar,781242,48
12988,mujer,57,5,primaria,Bolivar,781242,48
12989,mujer,39,11,media,Bolivar,800000,48
12990,hombre,36,13,superior,Bolivar,1400000,48
12991,hombre,40,11,media,Bolivar,1300000,50
12992,hombre,56,5,primaria,Bolivar,1300000,48
12993,hombre,32,8,secundaria,Bolivar,1000000,60
12994,hombre,31,13,superior,Bolivar,781242,48
12995,hombre,28,14,superior,Bolivar,2300000,48
12996,hombre,53,13,superior,Bolivar,1800000,48
12997,mujer,49,11,media,Bolivar,781242,48
12998,mujer,53,11,media,Bolivar,1200000,48
12999,mujer,34,13,superior,Bolivar,900000,48
13000,mujer,48,13,superior,Bolivar,800000,40
13001,hombre,22,6,secundaria,Bolivar,800000,48
13002,hombre,31,8,secundaria,Bolivar,700000,48
13003,mujer,46,11,media,Bolivar,1000000,48
13004,mujer,23,12,superior,Bolivar,800000,40
13005,hombre,59,9,secundaria,Bolivar,600000,60
13006,mujer,26,14,superior,Bolivar,781240,48
13007,hombre,56,11,media,Bolivar,1800000,48
13008,hombre,27,13,superior,Bolivar,600000,40
13009,hombre,22,11,media,Bolivar,781242,48
13010,mujer,27,11,media,Bolivar,120000,25
13011,mujer,41,17,superior,Boyaca,3200000,36
13012,hombre,43,11,media,Boyaca,781242,48
13013,mujer,57,11,media,Boyaca,1700000,40
13014,hombre,36,11,media,Boyaca,781242,48
13015,mujer,40,11,media,Boyaca,100000,60
13016,hombre,42,11,media,Boyaca,400000,40
13017,mujer,25,13,superior,Boyaca,350000,15
13018,hombre,40,11,media,Boyaca,200000,48
13019,mujer,37,16,superior,Boyaca,781242,48
13020,mujer,49,17,superior,Boyaca,3200000,30
13021,hombre,21,13,superior,Boyaca,1000000,40
13022,hombre,25,8,secundaria,Boyaca,800000,40
13023,hombre,37,11,media,Boyaca,1000000,72
13024,hombre,32,14,superior,Boyaca,1060000,48
13025,hombre,43,5,primaria,Boyaca,600000,48
13026,mujer,19,11,media,Boyaca,200000,35
13027,mujer,42,11,media,Boyaca,360000,24
13028,hombre,20,13,superior,Boyaca,1060000,48
13029,mujer,50,11,media,Boyaca,300000,24
13030,mujer,45,20,superior,Boyaca,3000000,40
13031,mujer,39,11,media,Boyaca,781212,60
13032,hombre,57,2,primaria,Boyaca,550000,48
13033,mujer,48,11,media,Boyaca,781242,48
13034,mujer,25,16,superior,Boyaca,781242,48
13035,hombre,41,11,media,Boyaca,1200000,40
13036,mujer,32,16,superior,Boyaca,1300000,40
13037,mujer,58,11,media,Boyaca,1350000,48
13038,hombre,33,11,media,Boyaca,781242,48
13039,mujer,23,11,media,Boyaca,781242,48
13040,mujer,30,11,media,Boyaca,781242,48
13041,hombre,29,16,superior,Boyaca,1300000,72
13042,hombre,48,5,primaria,Boyaca,500000,40
13043,mujer,48,11,media,Boyaca,500000,25
13044,hombre,21,11,media,Boyaca,1000000,48
13045,mujer,50,11,media,Boyaca,700000,40
13046,hombre,28,16,superior,Boyaca,2500000,56
13047,mujer,26,17,superior,Boyaca,2070000,33
13048,mujer,39,11,media,Boyaca,620000,48
13049,hombre,31,15,superior,Boyaca,1200000,48
13050,mujer,28,16,superior,Boyaca,1200000,48
13051,hombre,45,5,primaria,Boyaca,300000,91
13052,mujer,38,11,media,Boyaca,400000,56
13053,hombre,41,11,media,Boyaca,1700000,40
13054,mujer,50,17,superior,Boyaca,3000000,40
13055,hombre,48,12,superior,Boyaca,1500000,48
13056,hombre,27,16,superior,Boyaca,2800000,40
13057,mujer,24,17,superior,Boyaca,1800000,48
13058,hombre,23,11,media,Boyaca,300000,40
13059,mujer,20,14,superior,Boyaca,1200000,48
13060,hombre,34,11,media,Boyaca,350000,30
13061,mujer,34,11,media,Boyaca,600000,20
13062,mujer,55,16,superior,Boyaca,2000000,40
13063,hombre,59,16,superior,Boyaca,4000000,40
13064,hombre,32,16,superior,Boyaca,781242,30
13065,mujer,29,13,superior,Boyaca,100000,48
13066,mujer,55,11,media,Boyaca,500000,40
13067,hombre,32,16,superior,Caldas,3500000,55
13068,mujer,33,16,superior,Caldas,500000,24
13069,hombre,20,11,media,Caldas,781242,48
13070,hombre,30,14,superior,Caldas,781242,48
13071,mujer,25,13,superior,Caldas,1200000,48
13072,mujer,41,13,superior,Caldas,781242,48
13073,hombre,45,11,media,Caldas,1000000,48
13074,mujer,58,11,media,Caldas,5000000,70
13075,hombre,36,16,superior,Caldas,1200000,48
13076,hombre,54,11,media,Caldas,1700000,48
13077,hombre,37,14,superior,Caldas,1000000,48
13078,mujer,37,11,media,Caldas,1700000,40
13079,mujer,44,4,primaria,Caldas,300000,16
13080,hombre,53,5,primaria,Caldas,781242,48
13081,hombre,26,11,media,Caldas,429000,48
13082,mujer,54,16,superior,Caldas,1521000,48
13083,hombre,51,8,secundaria,Caldas,100000,50
13084,mujer,47,11,media,Caldas,781242,48
13085,mujer,29,16,superior,Caldas,1300000,40
13086,hombre,36,11,media,Caldas,4000000,72
13087,hombre,63,8,secundaria,Caldas,400000,70
13088,hombre,51,17,superior,Caldas,2078000,48
13089,hombre,35,24,superior,Caldas,6616000,40
13090,mujer,21,11,media,Caldas,781242,48
13091,hombre,42,16,superior,Caldas,781242,48
13092,mujer,38,13,superior,Caldas,781242,48
13093,mujer,45,18,superior,Caldas,2500000,30
13094,hombre,55,11,media,Caldas,1100000,48
13095,hombre,36,11,media,Caldas,950000,48
13096,mujer,60,3,primaria,Caldas,960000,66
13097,hombre,58,5,primaria,Caldas,400000,55
13098,hombre,22,11,media,Caldas,230000,18
13099,hombre,20,8,secundaria,Caldas,800000,70
13100,hombre,36,13,superior,Caldas,781242,48
13101,mujer,38,11,media,Caldas,600000,40
13102,hombre,51,11,media,Caldas,1400000,48
13103,mujer,54,11,media,Caldas,300000,40
13104,hombre,55,11,media,Caldas,800000,50
13105,hombre,49,11,media,Caldas,1050000,48
13106,mujer,20,14,superior,Caldas,781242,48
13107,mujer,48,5,primaria,Caldas,180000,30
13108,hombre,25,11,media,Caldas,781242,48
13109,mujer,23,11,media,Caldas,781242,48
13110,hombre,37,14,superior,Caldas,781242,48
13111,mujer,35,13,superior,Caldas,781242,48
13112,hombre,52,16,superior,Caldas,1600000,40
13113,mujer,48,16,superior,Caldas,1000000,40
13114,hombre,33,15,superior,Caldas,781242,48
13115,mujer,31,16,superior,Caldas,2000000,48
13116,mujer,25,13,superior,Caldas,781242,48
13117,mujer,33,17,superior,Caldas,838000,42
13118,hombre,49,19,superior,Caldas,6000000,60
13119,hombre,40,11,media,Caldas,1500000,48
13120,mujer,39,18,superior,Caldas,1500000,48
13121,hombre,51,13,superior,Caldas,1250000,48
13122,mujer,54,18,superior,Caldas,1700000,48
13123,hombre,32,11,media,Caldas,781242,48
13124,mujer,31,13,superior,Caldas,781242,48
13125,mujer,34,16,superior,Caqueta,780000,50
13126,hombre,25,13,superior,Caqueta,1000000,48
13127,mujer,45,3,primaria,Caqueta,650000,48
13128,hombre,34,5,primaria,Caqueta,600000,48
13129,hombre,31,11,media,Caqueta,1000000,48
13130,hombre,53,18,superior,Caqueta,10000000,48
13131,mujer,54,18,superior,Caqueta,2000000,48
13132,hombre,58,16,superior,Caqueta,8000000,48
13133,mujer,55,18,superior,Caqueta,3000000,40
13134,mujer,28,16,superior,Caqueta,1450000,50
13135,hombre,29,8,secundaria,Caqueta,900000,70
13136,hombre,40,10,media,Caqueta,1000000,50
13137,mujer,28,11,media,Caqueta,200000,20
13138,hombre,32,11,media,Caqueta,1200000,50
13139,mujer,45,7,secundaria,Caqueta,900000,56
13140,hombre,47,7,secundaria,Caqueta,300000,48
13141,mujer,20,7,secundaria,Caqueta,790000,66
13142,hombre,41,7,secundaria,Caqueta,450000,42
13143,hombre,41,11,media,Caqueta,850000,84
13144,mujer,21,13,superior,Caqueta,100000,48
13145,hombre,32,3,primaria,Caqueta,1200000,90
13146,mujer,22,8,secundaria,Caqueta,100000,40
13147,hombre,39,11,media,Caqueta,800000,60
13148,hombre,52,17,superior,Caqueta,3000000,40
13149,mujer,26,16,superior,Caqueta,900000,48
13150,hombre,43,13,superior,Caqueta,1515000,48
13151,mujer,43,16,superior,Caqueta,2350000,40
13152,hombre,29,16,superior,Caqueta,4200000,40
13153,mujer,34,18,superior,Caqueta,2700000,60
13154,mujer,56,16,superior,Caqueta,3200000,30
13155,hombre,25,11,media,Caqueta,800000,50
13156,mujer,38,20,superior,Cauca,5000000,48
13157,hombre,51,13,superior,Cauca,250000,24
13158,mujer,27,17,superior,Cauca,200000,25
13159,mujer,46,5,primaria,Cauca,800000,48
13160,mujer,36,16,superior,Cauca,1600000,40
13161,hombre,35,11,media,Cauca,700000,54
13162,mujer,31,0,ninguno,Cauca,250000,50
13163,hombre,55,11,media,Cauca,1200000,20
13164,hombre,26,12,superior,Cauca,1300000,54
13165,hombre,59,5,primaria,Cauca,828116,60
13166,mujer,57,13,superior,Cauca,828116,48
13167,mujer,22,14,superior,Cauca,900000,50
13168,mujer,23,12,superior,Cauca,1000000,54
13169,hombre,25,11,media,Cauca,400000,45
13170,hombre,60,5,primaria,Cauca,800000,60
13171,hombre,45,6,secundaria,Cauca,600000,70
13172,mujer,21,10,media,Cauca,300000,40
13173,hombre,33,6,secundaria,Cauca,700000,55
13174,mujer,32,8,secundaria,Cauca,50000,21
13175,hombre,30,11,media,Cauca,600000,54
13176,mujer,53,3,primaria,Cauca,85000,40
13177,hombre,36,11,media,Cauca,500000,50
13178,mujer,34,7,secundaria,Cauca,780000,48
13179,mujer,36,11,media,Cauca,1400000,48
13180,hombre,51,2,primaria,Cauca,900000,70
13181,mujer,62,11,media,Cauca,901242,55
13182,mujer,34,11,media,Cauca,400000,20
13183,hombre,36,5,primaria,Cauca,700000,40
13184,mujer,50,3,primaria,Cauca,540000,21
13185,hombre,57,9,secundaria,Cauca,880000,48
13186,hombre,33,8,secundaria,Cauca,600000,56
13187,hombre,27,6,secundaria,Cauca,1000000,48
13188,mujer,27,13,superior,Cauca,600000,36
13189,hombre,55,2,primaria,Cauca,200000,48
13190,hombre,25,11,media,Cauca,781212,45
13191,mujer,29,16,superior,Cauca,781242,40
13192,hombre,40,11,media,Cauca,600000,38
13193,hombre,39,11,media,Cauca,400000,45
13194,hombre,50,11,media,Cauca,500000,60
13195,mujer,47,11,media,Cauca,40000,4
13196,hombre,31,16,superior,Cauca,1500000,60
13197,mujer,28,13,superior,Cauca,1300000,45
13198,mujer,49,11,media,Cauca,500000,48
13199,hombre,35,18,superior,Cauca,4200000,30
13200,hombre,36,11,media,Cauca,600000,36
13201,mujer,42,11,media,Cauca,900000,45
13202,mujer,30,13,superior,Cauca,950000,36
13203,mujer,56,8,secundaria,Cauca,1600000,66
13204,hombre,23,14,superior,Cauca,1100000,40
13205,mujer,37,5,primaria,Cauca,620000,35
13206,hombre,21,14,superior,Cauca,540000,42
13207,hombre,27,11,media,Cauca,700000,54
13208,hombre,49,13,superior,Cauca,500000,54
13209,mujer,54,7,secundaria,Cauca,480000,60
13210,hombre,24,11,media,Cauca,781242,60
13211,mujer,21,11,media,Cauca,781242,60
13212,mujer,38,9,secundaria,Cauca,800000,60
13213,mujer,29,13,superior,Cauca,1000000,54
13214,hombre,30,18,superior,Cauca,4500000,50
13215,mujer,31,16,superior,Cauca,580000,30
13216,hombre,32,15,superior,Cauca,700000,45
13217,hombre,43,14,superior,Cauca,6000000,40
13218,mujer,49,14,superior,Cauca,2000000,40
13219,mujer,32,18,superior,Cauca,5000000,48
13220,hombre,41,10,media,Cauca,781242,48
13221,mujer,44,11,media,Cauca,781242,56
13222,hombre,22,11,media,Cauca,781242,54
13223,mujer,52,7,secundaria,Cauca,600000,20
13224,mujer,31,17,superior,Cauca,1200000,60
13225,hombre,24,12,superior,Cauca,2000000,56
13226,mujer,50,16,superior,Cauca,120000,48
13227,hombre,46,17,superior,Cauca,1200000,48
13228,mujer,45,12,superior,Cauca,1500000,53
13229,hombre,23,16,superior,Cauca,420000,32
13230,hombre,45,17,superior,Cauca,2200000,40
13231,mujer,30,23,superior,Cauca,3500000,40
13232,hombre,49,8,secundaria,Cauca,1000000,60
13233,mujer,36,14,superior,Cauca,900000,48
13234,hombre,31,12,superior,Cauca,500000,28
13235,hombre,23,11,superior,Cauca,500000,56
13236,hombre,51,13,superior,Cesar,4000000,48
13237,mujer,55,18,superior,Cesar,1300000,48
13238,hombre,40,5,primaria,Cesar,2000000,48
13239,mujer,37,17,superior,Cesar,200000,9
13240,hombre,46,11,media,Cesar,1000000,40
13241,mujer,53,5,primaria,Cesar,800000,40
13242,mujer,57,11,media,Cesar,1200000,52
13243,hombre,46,11,media,Cesar,1500000,40
13244,hombre,53,16,superior,Cesar,5000000,40
13245,mujer,54,16,superior,Cesar,1500000,40
13246,hombre,56,16,superior,Cesar,1800000,40
13247,mujer,55,17,superior,Cesar,3700000,40
13248,hombre,46,7,secundaria,Cordoba,550000,48
13249,hombre,19,10,media,Cordoba,450000,48
13250,hombre,26,11,media,Cordoba,900000,48
13251,mujer,25,10,media,Cordoba,280000,26
13252,mujer,43,16,superior,Cordoba,1000000,48
13253,hombre,41,16,superior,Cordoba,2200000,30
13254,mujer,33,16,superior,Cordoba,100000,15
13255,hombre,28,11,media,Cordoba,1903000,72
13256,hombre,55,9,secundaria,Cordoba,1300000,64
13257,mujer,52,11,media,Cordoba,1100000,28
13258,hombre,25,11,media,Cordoba,720000,35
13259,hombre,22,11,media,Cordoba,100000,24
13260,mujer,56,5,primaria,Cordoba,410000,48
13261,hombre,29,11,media,Cordoba,1350000,48
13262,hombre,41,8,secundaria,Cordoba,880000,48
13263,mujer,19,11,media,Cordoba,400000,36
13264,mujer,41,11,media,Cordoba,781242,60
13265,mujer,43,5,primaria,Cordoba,330000,30
13266,hombre,22,10,media,Cordoba,500000,48
13267,hombre,21,6,secundaria,Cordoba,600000,48
13268,hombre,28,11,media,Cordoba,500000,48
13269,mujer,64,11,media,Cordoba,300000,15
13270,mujer,39,18,superior,Cordoba,4500000,40
13271,mujer,39,5,primaria,Cordoba,1070000,48
13272,hombre,31,8,secundaria,Cordoba,400000,50
13273,hombre,29,7,secundaria,Cordoba,800000,50
13274,hombre,24,11,media,Cordoba,400000,40
13275,mujer,41,16,superior,Cordoba,1000000,48
13276,hombre,39,11,media,Cordoba,900000,48
13277,hombre,32,8,secundaria,Cordoba,800000,72
13278,mujer,37,16,superior,Cordoba,2000000,48
13279,hombre,51,3,primaria,Cordoba,600000,20
13280,mujer,55,11,media,Cordoba,781242,40
13281,hombre,29,11,media,Cordoba,700000,60
13282,hombre,26,11,media,Cordoba,800000,72
13283,hombre,33,11,media,Cordoba,600000,60
13284,hombre,33,11,media,Choco,800000,48
13285,mujer,41,8,secundaria,Choco,300000,20
13286,mujer,43,16,superior,Choco,500000,48
13287,hombre,64,0,ninguno,Choco,500000,50
13288,hombre,62,11,media,Choco,17000000,70
13289,hombre,36,16,superior,Choco,3000000,48
13290,hombre,36,16,superior,Choco,9000000,48
13291,hombre,35,11,media,Choco,828116,20
13292,hombre,49,4,primaria,Choco,900000,48
13293,mujer,30,16,superior,Choco,200000,15
13294,hombre,29,16,superior,Choco,800000,60
13295,hombre,31,14,superior,Choco,2100000,70
13296,mujer,30,15,superior,Choco,525000,30
13297,mujer,37,16,superior,Choco,2000000,60
13298,hombre,41,14,superior,Choco,1500000,40
13299,mujer,40,16,superior,Choco,50000,15
13300,mujer,44,5,primaria,Choco,340000,36
13301,hombre,25,11,media,Choco,800000,56
13302,hombre,50,14,superior,Choco,828116,60
13303,mujer,57,11,media,Choco,800000,72
13304,hombre,60,18,superior,Choco,15000000,50
13305,mujer,40,2,primaria,Choco,400000,48
13306,hombre,33,18,superior,Huila,4000000,40
13307,mujer,29,17,superior,Huila,3000000,40
13308,mujer,55,1,primaria,Huila,781242,84
13309,mujer,37,14,superior,Huila,781242,70
13310,mujer,61,11,media,Huila,900000,40
13311,mujer,58,5,primaria,Huila,320000,40
13312,hombre,34,8,secundaria,Huila,800000,48
13313,hombre,37,11,media,Huila,950000,48
13314,mujer,29,11,media,Huila,950000,48
13315,hombre,28,7,secundaria,Huila,1200000,48
13316,mujer,25,11,media,Huila,300000,40
13317,hombre,46,11,media,Huila,1025000,60
13318,hombre,56,19,superior,Huila,9000000,48
13319,mujer,54,17,superior,Huila,2000000,48
13320,hombre,62,18,superior,Huila,3700000,30
13321,hombre,32,11,media,Huila,800000,48
13322,mujer,62,5,primaria,Huila,300000,20
13323,hombre,53,16,superior,Huila,3000000,48
13324,mujer,59,11,media,Huila,900000,48
13325,hombre,38,5,primaria,Huila,781000,60
13326,hombre,46,11,media,Huila,900000,45
13327,mujer,29,11,media,Huila,600000,60
13328,mujer,26,11,media,Huila,950000,60
13329,hombre,38,11,media,Huila,1500000,60
13330,mujer,65,0,ninguno,La Guajira,100000,20
13331,mujer,36,11,media,La Guajira,925148,48
13332,mujer,48,11,media,La Guajira,781242,40
13333,mujer,61,11,media,La Guajira,360000,42
13334,hombre,47,13,superior,La Guajira,972000,36
13335,mujer,33,13,superior,La Guajira,40000,70
13336,hombre,38,11,media,La Guajira,800000,45
13337,mujer,56,4,primaria,La Guajira,500000,98
13338,mujer,36,19,superior,La Guajira,2000000,40
13339,hombre,23,13,superior,La Guajira,780000,60
13340,hombre,47,20,superior,La Guajira,2000000,40
13341,mujer,37,23,superior,La Guajira,2900000,30
13342,hombre,34,11,media,La Guajira,1200000,40
13343,hombre,47,7,secundaria,La Guajira,1000000,60
13344,hombre,54,5,primaria,La Guajira,3600000,48
13345,hombre,34,2,primaria,La Guajira,110000,45
13346,mujer,52,13,superior,La Guajira,500000,20
13347,mujer,30,16,superior,La Guajira,700000,40
13348,hombre,31,16,superior,La Guajira,300000,40
13349,mujer,34,17,superior,La Guajira,3000000,40
13350,hombre,24,13,superior,La Guajira,700000,50
13351,hombre,38,13,superior,Magdalena,1000000,70
13352,mujer,30,11,media,Magdalena,987500,48
13353,mujer,45,11,media,Magdalena,800000,50
13354,mujer,26,14,superior,Magdalena,500000,50
13355,mujer,51,5,primaria,Magdalena,300000,40
13356,hombre,51,5,primaria,Magdalena,700000,48
13357,hombre,23,11,media,Magdalena,400000,48
13358,mujer,39,11,media,Magdalena,700000,70
13359,mujer,18,12,superior,Magdalena,300000,60
13360,hombre,53,11,media,Magdalena,900000,50
13361,mujer,42,13,superior,Magdalena,800000,48
13362,hombre,28,16,superior,Magdalena,3000000,48
13363,mujer,36,13,superior,Magdalena,900000,60
13364,hombre,46,11,media,Magdalena,800000,48
13365,mujer,47,8,secundaria,Magdalena,400000,35
13366,mujer,26,17,superior,Magdalena,1600000,48
13367,hombre,37,11,media,Magdalena,700000,50
13368,mujer,32,14,superior,Magdalena,800000,40
13369,hombre,58,5,primaria,Magdalena,1500000,60
13370,mujer,54,7,secundaria,Magdalena,200000,30
13371,mujer,29,11,media,Magdalena,120000,28
13372,mujer,34,11,media,Magdalena,250000,35
13373,mujer,33,11,media,Magdalena,800000,48
13374,hombre,24,11,media,Magdalena,500000,48
13375,hombre,50,11,media,Magdalena,787500,48
13376,mujer,48,13,superior,Magdalena,787500,48
13377,mujer,40,11,media,Magdalena,140000,16
13378,mujer,27,11,media,Magdalena,800000,48
13379,hombre,21,11,media,Magdalena,700000,30
13380,hombre,48,11,media,Magdalena,787500,48
13381,hombre,60,7,secundaria,Magdalena,1000000,50
13382,mujer,39,11,media,Magdalena,500000,30
13383,hombre,29,11,media,Magdalena,800000,40
13384,mujer,32,13,superior,Magdalena,1200000,48
13385,hombre,52,13,superior,Magdalena,1000000,50
13386,mujer,32,5,primaria,Magdalena,300000,21
13387,hombre,30,11,media,Magdalena,400000,24
13388,hombre,31,8,secundaria,Magdalena,800000,112
13389,mujer,25,11,media,Magdalena,200000,30
13390,hombre,39,11,media,Magdalena,900000,50
13391,hombre,37,15,superior,Magdalena,780000,48
13392,mujer,30,11,media,Magdalena,750000,30
13393,hombre,36,14,superior,Magdalena,700000,48
13394,mujer,27,14,superior,Magdalena,800000,112
13395,hombre,31,10,media,Magdalena,400000,60
13396,mujer,29,14,superior,Magdalena,800000,70
13397,mujer,43,19,superior,Magdalena,2800000,40
13398,hombre,57,17,superior,Magdalena,1400000,28
13399,hombre,39,11,media,Magdalena,300000,70
13400,mujer,61,14,superior,Magdalena,2500000,30
13401,hombre,23,13,superior,Magdalena,750000,48
13402,hombre,25,3,primaria,Magdalena,1400000,84
13403,hombre,62,11,media,Magdalena,800000,60
13404,hombre,49,3,primaria,Magdalena,560000,48
13405,hombre,43,13,superior,Magdalena,920000,50
13406,mujer,38,11,media,Magdalena,100000,20
13407,hombre,50,7,secundaria,Magdalena,940000,40
13408,mujer,45,9,secundaria,Magdalena,740000,48
13409,hombre,39,8,secundaria,Magdalena,800000,60
13410,hombre,32,7,secundaria,Magdalena,600000,50
13411,hombre,50,4,primaria,Magdalena,700000,84
13412,mujer,45,5,primaria,Magdalena,600000,84
13413,hombre,54,5,primaria,Magdalena,700000,60
13414,hombre,33,13,superior,Magdalena,800000,50
13415,hombre,27,11,media,Magdalena,800000,54
13416,hombre,38,3,primaria,Magdalena,700000,50
13417,mujer,42,11,media,Magdalena,623000,25
13418,hombre,42,8,secundaria,Magdalena,500000,48
13419,hombre,46,11,media,Magdalena,900000,50
13420,mujer,43,7,secundaria,Magdalena,250000,25
13421,hombre,23,14,superior,Magdalena,500000,40
13422,mujer,46,11,media,Magdalena,951242,48
13423,hombre,41,9,secundaria,Magdalena,600000,40
13424,hombre,52,11,media,Magdalena,1800000,48
13425,mujer,50,14,superior,Magdalena,1300000,40
13426,mujer,49,11,media,Magdalena,1500000,84
13427,mujer,40,11,media,Magdalena,1200000,72
13428,mujer,20,12,superior,Magdalena,400000,20
13429,hombre,61,5,primaria,Magdalena,600000,48
13430,mujer,52,11,media,Magdalena,200000,30
13431,hombre,56,5,primaria,Magdalena,900000,60
13432,hombre,29,16,superior,Magdalena,1600000,48
13433,mujer,22,12,superior,Magdalena,781242,48
13434,mujer,57,11,media,Magdalena,600000,40
13435,hombre,38,7,secundaria,Magdalena,450000,48
13436,hombre,38,13,superior,Magdalena,800000,40
13437,mujer,30,13,superior,Magdalena,950000,48
13438,hombre,55,7,secundaria,Meta,2500000,56
13439,hombre,51,11,media,Meta,950000,50
13440,mujer,43,11,media,Meta,920000,50
13441,mujer,39,11,media,Meta,820000,52
13442,mujer,40,11,media,Meta,1200000,48
13443,hombre,38,11,media,Meta,600000,48
13444,mujer,64,11,media,Meta,1500000,60
13445,hombre,36,16,superior,Meta,3200000,48
13446,hombre,28,16,superior,Meta,1300000,40
13447,mujer,46,5,primaria,Meta,400000,30
13448,hombre,41,5,primaria,Meta,930000,48
13449,mujer,39,14,superior,Meta,300000,20
13450,mujer,60,11,media,Meta,3500000,48
13451,hombre,31,15,superior,Meta,3000000,60
13452,mujer,65,5,primaria,Meta,600000,30
13453,hombre,43,14,superior,Meta,20000000,14
13454,mujer,22,11,media,Meta,900000,70
13455,hombre,30,11,media,Meta,900000,70
13456,hombre,37,16,superior,Meta,3200000,48
13457,hombre,33,11,media,Meta,2500000,100
13458,hombre,35,11,media,Meta,900000,84
13459,mujer,32,11,media,Meta,500000,20
13460,hombre,30,7,secundaria,Meta,1000000,84
13461,hombre,27,9,secundaria,Meta,950000,55
13462,mujer,22,13,superior,Meta,960000,60
13463,hombre,34,17,superior,Meta,1200000,24
13464,mujer,29,17,superior,Meta,3000000,40
13465,hombre,26,13,superior,Meta,890000,55
13466,mujer,37,11,media,Meta,280000,30
13467,mujer,18,10,media,Meta,550000,72
13468,hombre,46,11,media,Meta,1000000,75
13469,mujer,45,15,superior,Meta,1900000,40
13470,hombre,37,11,media,Meta,920000,48
13471,mujer,41,14,superior,Meta,990000,60
13472,hombre,31,11,media,Meta,1500000,72
13473,mujer,30,11,media,Meta,900000,60
13474,hombre,42,5,primaria,Meta,1500000,70
13475,mujer,25,16,superior,Meta,1900000,52
13476,hombre,55,11,media,Meta,900000,50
13477,mujer,43,11,media,Meta,1000000,48
13478,hombre,47,18,superior,Meta,3600000,45
13479,hombre,31,6,secundaria,Meta,828000,48
13480,hombre,26,11,media,Meta,1100000,48
13481,hombre,34,11,media,Meta,900000,40
13482,mujer,36,18,superior,Meta,3600000,45
13483,mujer,59,7,secundaria,Meta,80000,8
13484,mujer,63,5,primaria,Meta,250000,35
13485,mujer,41,11,media,Meta,250000,40
13486,mujer,44,11,media,Meta,100000,20
13487,hombre,61,3,primaria,Meta,800000,84
13488,hombre,27,11,superior,Meta,781200,48
13489,hombre,40,16,superior,Meta,2000000,48
13490,hombre,45,11,media,Meta,900000,48
13491,mujer,44,8,secundaria,Meta,790000,48
13492,mujer,25,11,media,Meta,500000,40
13493,hombre,38,11,media,Meta,500000,60
13494,hombre,59,5,primaria,Meta,900000,48
13495,hombre,28,17,superior,Meta,1400000,48
13496,mujer,28,11,media,Meta,780000,48
13497,mujer,52,9,secundaria,Meta,400000,20
13498,hombre,48,7,secundaria,Meta,900000,44
13499,mujer,52,7,secundaria,Meta,450000,50
13500,hombre,28,17,superior,Meta,4000000,30
13501,hombre,38,7,secundaria,Meta,1900000,77
13502,mujer,29,11,media,Meta,350000,20
13503,mujer,47,15,superior,Meta,850000,60
13504,hombre,25,14,superior,Meta,828000,48
13505,hombre,35,11,media,Meta,1200000,46
13506,mujer,27,11,media,Meta,1400000,48
13507,mujer,50,11,media,Meta,250000,40
13508,hombre,26,15,superior,Meta,350000,20
13509,hombre,30,14,superior,Meta,1200000,48
13510,mujer,27,16,superior,Meta,1200000,50
13511,mujer,36,9,secundaria,Meta,1200000,50
13512,hombre,38,12,superior,Meta,781200,60
13513,mujer,27,11,media,Meta,781200,84
13514,hombre,59,11,media,Meta,1500000,72
13515,hombre,25,15,superior,Meta,800000,48
13516,hombre,32,11,media,Meta,781200,48
13517,mujer,28,15,superior,Meta,2000000,48
13518,hombre,58,2,primaria,Meta,900000,48
13519,hombre,28,11,media,Meta,1000000,55
13520,hombre,23,11,media,Meta,900000,48
13521,hombre,51,5,primaria,Meta,400000,48
13522,mujer,21,11,media,Meta,871200,48
13523,hombre,50,5,primaria,Meta,800000,30
13524,hombre,37,11,media,Meta,800000,48
13525,mujer,28,13,superior,Meta,800000,48
13526,hombre,23,13,superior,Meta,1249000,48
13527,hombre,36,13,superior,Meta,1000000,72
13528,hombre,31,11,media,Meta,900000,48
13529,mujer,59,11,media,Meta,800000,48
13530,hombre,34,11,media,Meta,950000,44
13531,mujer,37,14,superior,Meta,1325000,48
13532,mujer,24,11,media,Meta,800000,72
13533,hombre,22,11,media,Meta,781242,44
13534,mujer,55,11,media,Meta,100000,10
13535,mujer,28,11,media,Meta,830000,48
13536,mujer,50,14,superior,Meta,781242,40
13537,hombre,49,14,superior,Meta,2000000,44
13538,mujer,50,5,primaria,Narino,300000,21
13539,hombre,43,16,superior,Narino,5000000,44
13540,mujer,39,7,secundaria,Narino,300000,40
13541,hombre,65,13,superior,Narino,300000,36
13542,mujer,34,0,ninguno,Narino,350000,36
13543,mujer,38,3,primaria,Narino,750000,63
13544,mujer,35,11,media,Narino,170000,16
13545,hombre,43,13,superior,Narino,1100000,44
13546,mujer,49,13,superior,Narino,400000,12
13547,hombre,31,17,superior,Narino,5800000,35
13548,mujer,56,11,media,Narino,860000,48
13549,hombre,29,16,superior,Narino,600000,45
13550,hombre,61,11,media,Narino,2750000,40
13551,hombre,32,16,superior,Narino,3000000,44
13552,hombre,26,7,secundaria,Narino,700000,48
13553,mujer,19,11,media,Narino,700000,36
13554,mujer,29,13,superior,Narino,781242,40
13555,hombre,45,17,superior,Narino,1000000,50
13556,hombre,38,8,secundaria,Narino,3000000,48
13557,mujer,37,16,superior,Narino,2000000,16
13558,hombre,40,5,primaria,Narino,925000,84
13559,hombre,29,13,superior,Narino,2020000,56
13560,hombre,37,13,superior,Narino,925148,44
13561,hombre,55,4,primaria,Narino,780000,60
13562,mujer,29,13,superior,Narino,400000,36
13563,hombre,48,14,superior,Narino,800000,44
13564,hombre,23,12,superior,Narino,300000,20
13565,hombre,27,18,superior,Narino,1500000,44
13566,hombre,45,13,superior,Narino,1900000,40
13567,mujer,41,7,secundaria,Narino,160000,18
13568,mujer,45,2,primaria,Narino,320000,40
13569,hombre,20,10,media,Narino,50000,10
13570,mujer,20,8,secundaria,Narino,160000,36
13571,hombre,37,16,superior,Narino,2200000,44
13572,mujer,33,14,superior,Narino,800000,44
13573,hombre,28,16,superior,Narino,2000000,25
13574,mujer,42,18,superior,Narino,2500000,48
13575,hombre,27,0,ninguno,Narino,100000,12
13576,hombre,18,1,primaria,Narino,360000,24
13577,mujer,21,7,secundaria,Narino,460000,54
13578,mujer,24,6,secundaria,Narino,540000,27
13579,mujer,36,18,superior,Narino,1700000,36
13580,hombre,26,3,primaria,Narino,900000,72
13581,mujer,33,5,primaria,Narino,600000,42
13582,mujer,48,9,secundaria,Narino,140000,30
13583,hombre,26,8,secundaria,Narino,240000,27
13584,mujer,24,11,media,Narino,488000,24
13585,hombre,58,4,primaria,Narino,200000,28
13586,hombre,28,5,primaria,Narino,200000,28
13587,hombre,26,8,secundaria,Narino,120000,28
13588,hombre,27,9,secundaria,Narino,1000000,48
13589,hombre,31,7,secundaria,Narino,800000,24
13590,mujer,52,2,primaria,Narino,600000,42
13591,mujer,42,1,primaria,Narino,600000,50
13592,mujer,61,26,superior,Narino,800000,20
13593,hombre,58,14,superior,Narino,1400000,60
13594,hombre,43,14,superior,Narino,4000000,40
13595,hombre,25,17,superior,Narino,3000000,36
13596,mujer,32,18,superior,Narino,1330000,11
13597,hombre,56,17,superior,Narino,5700000,45
13598,mujer,53,11,media,Narino,800000,40
13599,hombre,30,16,superior,Narino,1000000,48
13600,hombre,32,19,superior,Narino,1000000,30
13601,mujer,33,20,superior,Narino,1224000,43
13602,hombre,39,16,superior,Narino,780000,25
13603,hombre,39,11,media,Narino,600000,48
13604,hombre,48,11,media,Narino,2200000,45
13605,mujer,30,13,superior,Narino,650000,24
13606,mujer,23,11,media,Narino,840000,48
13607,hombre,42,2,primaria,N. de Santander,1000000,50
13608,hombre,29,6,secundaria,N. de Santander,720000,50
13609,mujer,25,8,secundaria,N. de Santander,720000,50
13610,hombre,30,9,secundaria,N. de Santander,720000,50
13611,mujer,23,7,secundaria,N. de Santander,600000,55
13612,hombre,21,11,media,N. de Santander,960000,60
13613,hombre,39,11,media,N. de Santander,2000000,60
13614,mujer,40,11,media,N. de Santander,781242,48
13615,mujer,43,11,media,N. de Santander,800000,60
13616,mujer,44,13,superior,N. de Santander,781242,48
13617,hombre,32,16,superior,N. de Santander,2500000,50
13618,hombre,59,16,superior,N. de Santander,3000000,40
13619,mujer,57,16,superior,N. de Santander,1800000,40
13620,hombre,26,16,superior,N. de Santander,2000000,40
13621,mujer,45,11,media,N. de Santander,450000,45
13622,hombre,43,12,superior,N. de Santander,3000000,72
13623,mujer,48,16,superior,N. de Santander,1400000,48
13624,mujer,61,11,media,N. de Santander,720000,48
13625,hombre,29,11,media,N. de Santander,1400000,72
13626,mujer,28,13,superior,N. de Santander,886000,60
13627,mujer,47,11,media,N. de Santander,600000,30
13628,hombre,50,11,media,N. de Santander,1300000,72
13629,mujer,20,11,media,N. de Santander,20000,50
13630,hombre,28,12,superior,N. de Santander,600000,55
13631,hombre,37,11,media,N. de Santander,781242,48
13632,hombre,54,2,primaria,N. de Santander,400000,60
13633,mujer,46,3,primaria,N. de Santander,630000,48
13634,mujer,26,7,secundaria,N. de Santander,430000,48
13635,hombre,47,5,primaria,N. de Santander,600000,48
13636,hombre,26,11,media,N. de Santander,950000,72
13637,hombre,65,16,superior,N. de Santander,100000,70
13638,mujer,25,16,superior,N. de Santander,1200000,48
13639,hombre,44,11,media,N. de Santander,450000,45
13640,mujer,44,16,superior,N. de Santander,450000,45
13641,hombre,53,19,superior,N. de Santander,2200000,40
13642,hombre,57,8,secundaria,N. de Santander,903000,48
13643,mujer,60,5,primaria,N. de Santander,450000,48
13644,mujer,49,17,superior,N. de Santander,1800000,25
13645,mujer,51,11,media,N. de Santander,800000,45
13646,hombre,33,8,secundaria,N. de Santander,720000,60
13647,mujer,33,11,media,N. de Santander,780000,55
13648,mujer,28,14,superior,N. de Santander,700000,50
13649,hombre,30,13,superior,N. de Santander,780000,44
13650,mujer,30,13,superior,N. de Santander,780000,40
13651,hombre,61,10,media,N. de Santander,2000000,90
13652,mujer,57,12,superior,N. de Santander,400000,18
13653,mujer,37,16,superior,N. de Santander,1650000,30
13654,mujer,21,13,superior,N. de Santander,781242,48
13655,hombre,52,5,primaria,N. de Santander,800000,60
13656,hombre,43,19,superior,N. de Santander,3100000,30
13657,hombre,45,3,primaria,Quindio,600000,50
13658,hombre,52,11,media,Quindio,1500000,48
13659,mujer,63,17,superior,Quindio,3000000,30
13660,mujer,30,17,superior,Quindio,2500000,40
13661,mujer,37,19,superior,Quindio,2500000,60
13662,hombre,48,5,primaria,Quindio,1500000,96
13663,hombre,35,13,superior,Quindio,1200000,70
13664,mujer,32,12,superior,Quindio,782000,48
13665,hombre,32,13,superior,Quindio,800000,50
13666,mujer,22,13,superior,Quindio,781242,48
13667,mujer,54,11,media,Quindio,600000,60
13668,hombre,49,16,superior,Quindio,800000,66
13669,mujer,41,16,superior,Quindio,2500000,40
13670,hombre,59,16,superior,Quindio,2780000,40
13671,mujer,24,9,secundaria,Quindio,840000,84
13672,hombre,46,4,primaria,Quindio,800000,8
13673,mujer,41,16,superior,Quindio,1400000,48
13674,hombre,42,11,media,Quindio,2000000,50
13675,hombre,39,5,primaria,Quindio,600000,45
13676,mujer,45,11,media,Quindio,782000,60
13677,hombre,25,13,superior,Quindio,2000000,50
13678,hombre,58,16,superior,Quindio,3500000,30
13679,mujer,45,11,media,Quindio,781000,48
13680,hombre,40,11,media,Quindio,600000,50
13681,hombre,24,16,superior,Quindio,950000,54
13682,hombre,27,11,media,Quindio,781242,48
13683,hombre,43,16,superior,Quindio,700000,60
13684,mujer,28,11,media,Quindio,160000,20
13685,hombre,28,9,secundaria,Quindio,800000,63
13686,hombre,21,8,secundaria,Quindio,500000,50
13687,hombre,20,9,secundaria,Quindio,800000,63
13688,mujer,19,12,superior,Quindio,200000,16
13689,hombre,55,11,media,Quindio,4000000,60
13690,hombre,37,11,media,Quindio,850000,48
13691,mujer,38,11,media,Quindio,30000,48
13692,mujer,31,11,media,Quindio,800000,60
13693,hombre,51,11,media,Quindio,781242,60
13694,hombre,53,13,superior,Quindio,1000000,48
13695,mujer,52,16,superior,Quindio,1800000,30
13696,mujer,27,16,superior,Quindio,1200000,42
13697,hombre,29,13,superior,Quindio,500000,40
13698,mujer,26,11,media,Quindio,400000,12
13699,mujer,55,19,superior,Quindio,2800000,30
13700,hombre,37,15,superior,Quindio,300000,30
13701,mujer,27,6,secundaria,Quindio,781242,54
13702,hombre,55,11,media,Quindio,782000,54
13703,hombre,30,16,superior,Quindio,5000000,60
13704,hombre,35,5,primaria,Quindio,841242,55
13705,mujer,35,11,media,Quindio,140000,10
13706,hombre,40,13,superior,Quindio,1100000,72
13707,hombre,59,11,media,Quindio,600000,45
13708,hombre,48,5,primaria,Quindio,1200000,60
13709,mujer,50,8,secundaria,Quindio,50000,24
13710,hombre,23,12,superior,Quindio,781242,48
13711,hombre,32,11,media,Quindio,600000,48
13712,hombre,50,8,secundaria,Quindio,1000000,60
13713,mujer,44,2,primaria,Quindio,600000,60
13714,hombre,59,5,primaria,Quindio,200000,15
13715,mujer,55,7,secundaria,Quindio,500000,54
13716,mujer,53,14,superior,Quindio,1300000,48
13717,hombre,29,11,media,Quindio,200000,60
13718,hombre,44,11,media,Quindio,1000000,72
13719,mujer,42,11,media,Quindio,480000,27
13720,mujer,31,11,media,Quindio,37000,21
13721,mujer,65,5,primaria,Quindio,500000,28
13722,mujer,35,11,media,Quindio,500000,45
13723,hombre,41,3,primaria,Quindio,800000,60
13724,mujer,47,6,secundaria,Quindio,800000,48
13725,hombre,44,2,primaria,Quindio,600000,47
13726,hombre,51,9,secundaria,Quindio,1400000,63
13727,mujer,50,5,primaria,Quindio,200000,70
13728,hombre,40,13,superior,Quindio,1450000,48
13729,hombre,24,10,media,Quindio,781000,50
13730,hombre,39,6,secundaria,Quindio,781242,48
13731,mujer,23,12,superior,Quindio,781242,54
13732,hombre,30,9,secundaria,Quindio,1000000,54
13733,hombre,24,13,superior,Quindio,45000,30
13734,mujer,24,9,secundaria,Quindio,500000,40
13735,hombre,35,7,secundaria,Quindio,300000,40
13736,hombre,29,11,media,Quindio,250000,40
13737,hombre,33,9,secundaria,Quindio,1200000,48
13738,hombre,39,6,secundaria,Quindio,80000,30
13739,mujer,62,5,primaria,Quindio,400000,27
13740,hombre,44,4,primaria,Quindio,700000,40
13741,mujer,33,11,media,Quindio,200000,20
13742,hombre,25,11,media,Risaralda,2000000,60
13743,mujer,28,14,superior,Risaralda,781242,48
13744,hombre,34,11,media,Risaralda,2500000,60
13745,mujer,49,11,media,Risaralda,300000,48
13746,hombre,46,11,media,Risaralda,1000000,48
13747,mujer,24,14,superior,Risaralda,781242,48
13748,mujer,45,3,primaria,Risaralda,800000,15
13749,mujer,23,11,media,Risaralda,781242,48
13750,mujer,46,9,secundaria,Risaralda,900000,40
13751,hombre,54,16,superior,Risaralda,2000000,60
13752,mujer,42,16,superior,Risaralda,800000,20
13753,hombre,50,11,media,Risaralda,1000000,60
13754,hombre,28,7,secundaria,Risaralda,200000,72
13755,mujer,30,6,secundaria,Risaralda,240000,20
13756,hombre,24,12,superior,Risaralda,200000,60
13757,hombre,39,7,secundaria,Risaralda,100000,60
13758,mujer,39,6,secundaria,Risaralda,120000,7
13759,hombre,55,5,primaria,Risaralda,800000,80
13760,mujer,64,5,primaria,Risaralda,70000,12
13761,hombre,48,11,media,Risaralda,800000,48
13762,mujer,18,11,media,Risaralda,300000,45
13763,hombre,38,9,secundaria,Risaralda,100000,50
13764,hombre,20,13,superior,Risaralda,800000,48
13765,mujer,23,17,superior,Risaralda,700000,16
13766,hombre,24,16,superior,Risaralda,1300000,40
13767,hombre,34,13,superior,Risaralda,800000,48
13768,hombre,30,12,superior,Risaralda,800000,48
13769,mujer,28,14,superior,Risaralda,1000000,48
13770,hombre,52,11,media,Risaralda,1038000,72
13771,hombre,53,8,secundaria,Risaralda,781242,48
13772,mujer,31,12,superior,Risaralda,1565000,48
13773,hombre,34,11,media,Risaralda,1100000,60
13774,hombre,34,13,superior,Risaralda,900000,56
13775,mujer,33,13,superior,Risaralda,1000000,48
13776,hombre,42,15,superior,Risaralda,1200000,54
13777,mujer,30,16,superior,Risaralda,900000,54
13778,mujer,56,11,media,Risaralda,1600000,48
13779,hombre,60,11,media,Risaralda,800000,48
13780,hombre,35,16,superior,Risaralda,1500000,48
13781,hombre,55,5,primaria,Risaralda,800000,72
13782,hombre,38,18,superior,Risaralda,4000000,60
13783,mujer,48,11,media,Risaralda,3000000,40
13784,hombre,20,13,superior,Risaralda,900000,42
13785,mujer,41,16,superior,Risaralda,1300000,54
13786,hombre,47,5,primaria,Risaralda,800000,50
13787,mujer,56,14,superior,Risaralda,2000000,40
13788,mujer,56,11,media,Risaralda,450000,36
13789,mujer,31,11,media,Risaralda,1000000,60
13790,mujer,28,11,media,Risaralda,900000,44
13791,hombre,24,8,secundaria,Risaralda,900000,44
13792,hombre,59,2,primaria,Risaralda,700000,48
13793,mujer,51,5,primaria,Risaralda,770000,48
13794,mujer,42,14,superior,Risaralda,800000,60
13795,mujer,24,19,superior,Risaralda,781242,48
13796,mujer,21,11,media,Risaralda,1500000,60
13797,hombre,32,14,superior,Risaralda,1000000,48
13798,mujer,28,14,superior,Risaralda,800000,48
13799,hombre,57,7,secundaria,Risaralda,1800000,60
13800,hombre,26,16,superior,Risaralda,1500000,48
13801,mujer,49,11,media,Risaralda,400000,20
13802,hombre,23,11,superior,Risaralda,1500000,48
13803,mujer,24,11,media,Risaralda,1050000,50
13804,mujer,37,23,superior,Risaralda,1500000,48
13805,hombre,60,11,media,Risaralda,900000,48
13806,hombre,33,11,media,Risaralda,800000,60
13807,mujer,62,2,primaria,Risaralda,781242,48
13808,mujer,39,11,media,Risaralda,400000,24
13809,mujer,35,16,superior,Risaralda,800000,48
13810,hombre,28,11,media,Risaralda,480000,10
13811,mujer,47,7,secundaria,Risaralda,750000,42
13812,hombre,27,11,media,Risaralda,800000,60
13813,hombre,44,11,media,Risaralda,1117000,72
13814,hombre,52,5,primaria,Risaralda,500000,40
13815,hombre,61,2,primaria,Risaralda,781242,48
13816,mujer,37,5,primaria,Risaralda,781242,72
13817,hombre,54,0,ninguno,Risaralda,600000,66
13818,mujer,28,13,superior,Risaralda,780000,96
13819,hombre,40,11,media,Risaralda,1100000,48
13820,mujer,49,4,primaria,Risaralda,750000,60
13821,mujer,31,11,media,Risaralda,781500,48
13822,hombre,33,13,superior,Risaralda,1000000,48
13823,mujer,35,9,secundaria,Santander,500000,48
13824,hombre,33,11,media,Santander,1400000,48
13825,hombre,32,11,media,Santander,1300000,60
13826,mujer,30,11,media,Santander,160000,12
13827,hombre,32,10,media,Santander,1200000,48
13828,hombre,23,12,superior,Santander,1480000,48
13829,mujer,21,11,media,Santander,700000,24
13830,hombre,21,13,superior,Santander,60000,24
13831,hombre,40,11,media,Santander,828116,48
13832,mujer,35,17,superior,Santander,1200000,33
13833,hombre,33,11,media,Santander,900000,48
13834,hombre,26,11,media,Santander,700000,50
13835,mujer,28,11,media,Santander,200000,30
13836,hombre,24,11,media,Santander,1200000,60
13837,mujer,41,11,media,Santander,700000,60
13838,mujer,24,12,superior,Santander,781242,48
13839,mujer,23,13,superior,Santander,781242,48
13840,hombre,41,11,media,Santander,600000,72
13841,mujer,36,16,superior,Santander,464000,30
13842,hombre,54,11,media,Santander,781242,62
13843,mujer,55,11,media,Santander,150000,24
13844,hombre,45,11,media,Santander,2000000,48
13845,mujer,51,6,secundaria,Santander,1131242,60
13846,hombre,48,2,primaria,Santander,781242,48
13847,hombre,23,11,media,Santander,2000000,28
13848,mujer,45,11,media,Santander,1122000,42
13849,mujer,45,9,secundaria,Santander,540000,48
13850,mujer,37,11,media,Santander,860000,60
13851,hombre,30,14,superior,Santander,920000,80
13852,hombre,52,7,secundaria,Santander,4000000,90
13853,hombre,24,15,superior,Santander,825000,24
13854,hombre,54,12,media,Santander,600000,60
13855,mujer,56,8,secundaria,Santander,781242,48
13856,mujer,40,13,superior,Santander,456000,24
13857,mujer,20,14,superior,Santander,1200000,24
13858,mujer,44,2,primaria,Santander,200000,24
13859,mujer,26,13,superior,Santander,500000,49
13860,hombre,23,0,ninguno,Santander,276000,27
13861,hombre,56,2,primaria,Santander,1200000,48
13862,hombre,22,5,primaria,Santander,450000,54
13863,hombre,21,11,media,Santander,600000,44
13864,mujer,31,11,media,Santander,600000,80
13865,hombre,34,8,secundaria,Santander,828116,48
13866,hombre,44,11,media,Santander,3000000,48
13867,hombre,61,5,primaria,Santander,1500000,16
13868,mujer,28,11,media,Santander,50000,26
13869,hombre,29,5,primaria,Santander,1000000,84
13870,hombre,32,2,primaria,Santander,800000,48
13871,hombre,21,5,primaria,Santander,800000,50
13872,mujer,19,10,media,Santander,70000,17
13873,hombre,31,11,media,Santander,780000,48
13874,hombre,46,5,primaria,Santander,700000,48
13875,hombre,29,6,secundaria,Santander,80000,10
13876,mujer,27,5,primaria,Santander,80000,10
13877,hombre,18,11,media,Santander,150000,40
13878,mujer,20,11,media,Santander,420000,36
13879,hombre,27,9,secundaria,Santander,378000,18
13880,hombre,33,11,media,Santander,500000,30
13881,hombre,27,5,primaria,Santander,500000,50
13882,hombre,23,4,primaria,Santander,500000,50
13883,hombre,38,5,primaria,Santander,800000,60
13884,mujer,64,5,primaria,Santander,781250,48
13885,hombre,31,14,superior,Santander,1500000,60
13886,hombre,23,15,superior,Santander,900000,48
13887,hombre,49,11,media,Santander,700000,54
13888,mujer,56,11,media,Santander,781242,50
13889,mujer,26,16,superior,Santander,1600000,48
13890,hombre,34,12,superior,Santander,550000,5
13891,mujer,48,19,superior,Santander,3000000,36
13892,hombre,19,13,superior,Santander,800000,48
13893,hombre,26,11,superior,Santander,2400000,72
13894,hombre,41,11,media,Santander,1100000,56
13895,hombre,48,5,primaria,Santander,1200000,64
13896,mujer,42,14,superior,Santander,1300000,48
13897,hombre,63,11,media,Santander,800000,60
13898,mujer,53,11,media,Santander,880000,48
13899,hombre,35,5,primaria,Santander,1500000,54
13900,mujer,31,11,media,Santander,200000,5
13901,hombre,60,2,primaria,Santander,900000,54
13902,mujer,21,17,superior,Santander,425000,84
13903,mujer,18,11,media,Santander,320000,28
13904,hombre,23,11,media,Santander,980000,45
13905,mujer,25,11,media,Santander,1220000,50
13906,hombre,26,14,superior,Santander,900000,48
13907,mujer,27,11,media,Santander,400000,18
13908,mujer,26,14,superior,Santander,1200000,48
13909,mujer,33,18,superior,Santander,1400000,54
13910,hombre,26,11,media,Santander,1500000,65
13911,mujer,48,18,superior,Santander,2500000,28
13912,mujer,33,6,secundaria,Santander,500000,40
13913,hombre,60,11,media,Santander,5000000,55
13914,mujer,48,16,superior,Santander,2000000,55
13915,mujer,49,5,primaria,Santander,800000,60
13916,hombre,42,9,secundaria,Santander,980000,60
13917,mujer,18,10,media,Santander,800000,48
13918,hombre,31,8,secundaria,Santander,800000,60
13919,mujer,47,11,media,Santander,400000,24
13920,hombre,25,11,media,Santander,700000,50
13921,hombre,20,11,media,Sucre,650000,48
13922,hombre,35,0,ninguno,Sucre,180000,48
13923,hombre,33,2,primaria,Sucre,300000,42
13924,mujer,54,5,primaria,Sucre,220000,24
13925,hombre,55,11,media,Sucre,500000,48
13926,mujer,34,16,superior,Sucre,1900000,30
13927,hombre,22,13,superior,Sucre,781242,48
13928,mujer,49,11,media,Sucre,1562000,40
13929,mujer,25,16,superior,Sucre,781242,40
13930,mujer,23,14,superior,Sucre,50000,3
13931,mujer,41,11,media,Sucre,75000,21
13932,mujer,50,14,superior,Sucre,740000,60
13933,mujer,59,5,primaria,Sucre,200000,48
13934,hombre,31,8,secundaria,Sucre,1000000,40
13935,hombre,23,8,secundaria,Sucre,900000,84
13936,hombre,40,5,primaria,Sucre,1000000,50
13937,mujer,53,5,primaria,Sucre,50000,3
13938,mujer,26,15,superior,Sucre,781242,48
13939,hombre,40,11,media,Sucre,600000,28
13940,hombre,53,8,secundaria,Sucre,900000,58
13941,mujer,45,11,media,Sucre,390000,26
13942,mujer,31,11,media,Sucre,480000,42
13943,hombre,30,11,media,Sucre,600000,70
13944,mujer,30,11,media,Sucre,300000,42
13945,mujer,30,11,media,Sucre,660000,48
13946,hombre,51,14,superior,Sucre,500000,50
13947,hombre,44,5,primaria,Sucre,1000000,70
13948,mujer,63,13,superior,Sucre,1000000,48
13949,hombre,58,9,secundaria,Sucre,781242,40
13950,mujer,49,16,superior,Sucre,2000000,40
13951,mujer,28,13,superior,Sucre,160000,24
13952,hombre,38,13,superior,Sucre,700000,48
13953,mujer,19,11,media,Sucre,80000,10
13954,hombre,32,5,primaria,Sucre,400000,65
13955,mujer,39,11,media,Sucre,781242,40
13956,hombre,63,17,superior,Sucre,5000000,35
13957,mujer,61,17,superior,Sucre,3400000,30
13958,hombre,28,16,superior,Sucre,2000000,42
13959,mujer,32,16,superior,Sucre,1750000,40
13960,hombre,58,16,superior,Sucre,400000,48
13961,hombre,48,3,primaria,Sucre,600000,63
13962,mujer,54,14,superior,Sucre,300000,42
13963,hombre,32,5,primaria,Sucre,781242,56
13964,mujer,28,13,superior,Sucre,781242,56
13965,hombre,32,16,superior,Sucre,2700000,44
13966,mujer,31,16,superior,Sucre,1500000,48
13967,hombre,55,18,superior,Sucre,5000000,40
13968,hombre,40,8,secundaria,Tolima,500000,60
13969,mujer,42,6,secundaria,Tolima,80000,60
13970,mujer,27,5,primaria,Tolima,200000,72
13971,hombre,43,5,primaria,Tolima,300000,60
13972,hombre,24,9,secundaria,Tolima,800000,50
13973,hombre,48,7,secundaria,Tolima,1400000,70
13974,mujer,36,11,media,Tolima,1000000,62
13975,hombre,20,10,media,Tolima,900000,56
13976,mujer,19,11,superior,Tolima,340000,16
13977,mujer,37,6,secundaria,Tolima,400000,48
13978,hombre,20,11,media,Tolima,700000,60
13979,mujer,29,16,superior,Tolima,1800000,30
13980,hombre,42,11,media,Tolima,846000,60
13981,mujer,41,3,primaria,Tolima,380000,40
13982,mujer,19,11,media,Tolima,500000,46
13983,hombre,34,13,superior,Tolima,2000000,84
13984,mujer,30,16,superior,Tolima,1000000,48
13985,hombre,26,11,media,Tolima,1050000,56
13986,mujer,21,13,superior,Tolima,1100000,48
13987,mujer,26,11,media,Tolima,781242,48
13988,hombre,30,11,media,Tolima,781242,60
13989,mujer,49,11,media,Tolima,900000,56
13990,hombre,57,18,superior,Tolima,2000000,40
13991,mujer,33,11,media,Tolima,900000,40
13992,hombre,23,15,superior,Tolima,828116,48
13993,hombre,54,5,primaria,Tolima,950000,56
13994,mujer,29,17,superior,Tolima,1300000,48
13995,hombre,43,17,superior,Tolima,3074000,42
13996,hombre,29,11,media,Tolima,500000,70
13997,mujer,27,11,media,Tolima,786100,48
13998,mujer,53,13,superior,Tolima,781242,50
13999,mujer,52,16,superior,Tolima,850000,50
14000,hombre,62,3,primaria,Tolima,350000,70
14001,mujer,61,11,media,Tolima,150000,48
14002,mujer,48,3,primaria,Tolima,300000,18
14003,mujer,28,16,superior,Tolima,5000000,30
14004,mujer,61,7,secundaria,Tolima,700000,40
14005,hombre,64,4,primaria,Tolima,240000,15
14006,mujer,41,14,superior,Tolima,780000,56
14007,hombre,30,13,superior,Tolima,1000000,56
14008,mujer,32,16,superior,Tolima,2600000,48
14009,mujer,41,13,superior,Tolima,1100000,65
14010,hombre,25,16,superior,Tolima,781242,44
14011,mujer,57,6,secundaria,Tolima,25000,20
14012,hombre,22,11,media,Tolima,200000,15
14013,mujer,39,14,superior,Tolima,300000,20
14014,hombre,46,11,media,Tolima,800000,40
14015,mujer,36,2,primaria,Tolima,600000,45
14016,hombre,57,11,media,Tolima,800000,54
14017,hombre,27,13,superior,Tolima,1100000,48
14018,mujer,44,11,media,Tolima,1100000,60
14019,mujer,64,17,superior,Tolima,3900000,30
14020,hombre,28,11,media,Tolima,800000,60
14021,hombre,27,12,superior,Tolima,981242,48
14022,mujer,36,11,media,Tolima,1000000,48
14023,hombre,64,16,superior,Valle del Cauca,2000000,50
14024,mujer,56,16,superior,Valle del Cauca,1400000,60
14025,hombre,32,13,superior,Valle del Cauca,900000,48
14026,hombre,48,11,media,Valle del Cauca,2000000,78
14027,mujer,42,11,media,Valle del Cauca,500000,15
14028,mujer,65,5,primaria,Valle del Cauca,1000000,40
14029,hombre,23,13,superior,Valle del Cauca,781242,48
14030,hombre,50,11,media,Valle del Cauca,850000,48
14031,mujer,52,11,media,Valle del Cauca,405000,4
14032,mujer,22,11,media,Valle del Cauca,1031242,48
14033,hombre,21,11,media,Valle del Cauca,800000,48
14034,mujer,33,16,superior,Valle del Cauca,2100000,72
14035,hombre,32,11,media,Valle del Cauca,900000,48
14036,mujer,21,11,media,Valle del Cauca,450000,24
14037,hombre,49,3,primaria,Valle del Cauca,1000000,63
14038,hombre,25,11,media,Valle del Cauca,580000,48
14039,hombre,23,11,media,Valle del Cauca,1100000,48
14040,hombre,44,11,media,Valle del Cauca,2000000,60
14041,mujer,45,13,superior,Valle del Cauca,1390000,48
14042,mujer,30,11,media,Valle del Cauca,974000,48
14043,hombre,30,14,superior,Valle del Cauca,400000,10
14044,hombre,54,13,superior,Valle del Cauca,1900000,48
14045,hombre,53,5,primaria,Valle del Cauca,1500000,48
14046,mujer,48,11,media,Valle del Cauca,1500000,50
14047,hombre,29,11,media,Valle del Cauca,1500000,48
14048,hombre,25,11,media,Valle del Cauca,2500000,44
14049,mujer,39,11,media,Valle del Cauca,150000,16
14050,mujer,19,11,media,Valle del Cauca,2200000,48
14051,mujer,65,2,primaria,Valle del Cauca,800000,48
14052,mujer,63,22,superior,Valle del Cauca,200000,12
14053,mujer,64,11,media,Valle del Cauca,20000,4
14054,hombre,57,8,secundaria,Valle del Cauca,900000,70
14055,hombre,27,11,media,Valle del Cauca,1136000,56
14056,mujer,50,13,superior,Valle del Cauca,1100000,44
14057,hombre,56,10,media,Valle del Cauca,1000000,45
14058,mujer,24,13,superior,Valle del Cauca,2200000,48
14059,hombre,31,5,primaria,Valle del Cauca,1200000,50
14060,mujer,28,10,media,Valle del Cauca,1100000,48
14061,hombre,21,11,superior,Valle del Cauca,500000,30
14062,mujer,47,0,ninguno,Valle del Cauca,400000,48
14063,hombre,30,11,media,Valle del Cauca,700000,48
14064,mujer,27,14,superior,Valle del Cauca,420000,30
14065,mujer,35,11,media,Valle del Cauca,1700000,42
14066,mujer,57,11,media,Valle del Cauca,700000,40
14067,mujer,18,11,media,Valle del Cauca,640000,42
14068,hombre,25,13,superior,Valle del Cauca,1000000,66
14069,hombre,21,11,media,Valle del Cauca,1000000,48
14070,hombre,40,11,media,Valle del Cauca,1500000,48
14071,hombre,38,16,superior,Valle del Cauca,4000000,72
14072,mujer,29,16,superior,Valle del Cauca,1000000,10
14073,mujer,36,11,media,Valle del Cauca,820000,48
14074,mujer,29,11,media,Valle del Cauca,872000,54
14075,hombre,28,11,media,Valle del Cauca,872000,54
14076,hombre,22,3,primaria,Valle del Cauca,1300000,81
14077,hombre,20,3,primaria,Valle del Cauca,900000,70
14078,mujer,41,11,media,Valle del Cauca,500000,36
14079,hombre,39,11,media,Valle del Cauca,830000,48
14080,mujer,65,4,primaria,Cauca,20000,32
14081,hombre,41,5,primaria,Cauca,150000,32
14082,hombre,55,2,primaria,Cauca,100000,40
14083,mujer,38,11,media,Cauca,290000,36
14084,mujer,30,13,superior,Cauca,700000,24
14085,hombre,58,5,primaria,Cauca,200000,24
14086,mujer,53,0,ninguno,Cauca,350000,40
14087,mujer,45,11,media,Cauca,200000,40
14088,hombre,41,4,primaria,Cauca,300000,40
14089,mujer,42,16,superior,Cauca,180600,40
14090,hombre,44,11,media,Cauca,360000,30
14091,hombre,36,0,ninguno,Cauca,700000,24
14092,hombre,47,6,secundaria,Cauca,800000,48
14093,mujer,28,13,superior,Cauca,300000,48
14094,mujer,53,5,primaria,Cauca,240000,24
14095,mujer,60,5,primaria,Choco,800000,60
14096,mujer,40,11,media,Choco,500000,40
14097,hombre,32,9,secundaria,Choco,1000000,56
14098,hombre,28,11,media,Choco,2300000,60
14099,hombre,50,11,media,Choco,600000,50
14100,mujer,42,11,media,Choco,1200000,48
14101,mujer,44,18,superior,Choco,3600000,36
14102,mujer,32,16,superior,Choco,1000000,56
14103,mujer,36,11,media,Choco,200000,28
14104,mujer,30,11,media,Choco,800000,40
14105,hombre,59,5,primaria,Choco,600000,40
14106,mujer,28,12,superior,Choco,1100000,48
14107,mujer,53,5,primaria,Choco,480000,48
14108,hombre,31,11,media,Choco,500000,50
14109,mujer,62,11,media,Choco,200000,40
14110,hombre,27,13,superior,Choco,1317000,48
14111,hombre,64,4,primaria,Choco,200000,40
14112,mujer,47,0,ninguno,Choco,400000,40
14113,hombre,26,13,superior,Choco,1300000,48
14114,hombre,23,16,superior,Choco,900000,50
14115,hombre,46,3,primaria,Choco,600000,38
14116,hombre,43,5,primaria,Choco,400000,40
14117,hombre,55,5,primaria,Choco,300000,40
14118,hombre,49,4,primaria,Choco,100000,50
14119,mujer,54,11,media,Choco,1000000,36
14120,hombre,49,11,media,Choco,300000,40
14121,mujer,42,12,superior,Choco,200000,48
14122,mujer,55,12,superior,Choco,756000,40
14123,hombre,26,11,media,Choco,1200000,85
14124,hombre,21,12,superior,Choco,900000,70
14125,hombre,52,3,primaria,Choco,700000,52
14126,hombre,55,8,secundaria,Choco,500000,51
14127,hombre,40,13,superior,Choco,1650000,48
14128,mujer,40,13,superior,Choco,1650000,48
14129,mujer,28,13,superior,Choco,800000,60
14130,hombre,24,13,superior,Choco,828116,48
14131,hombre,58,3,primaria,Choco,1200000,48
14132,mujer,31,11,media,Choco,781242,48
14133,mujer,53,10,media,Choco,320000,40
14134,hombre,28,7,secundaria,Choco,700000,60
14135,mujer,31,13,superior,Choco,550000,40
14136,hombre,55,0,ninguno,Choco,380000,48
14137,hombre,28,11,media,Choco,1400000,72
14138,mujer,36,11,media,Choco,500000,40
14139,hombre,54,3,primaria,Choco,90000,40
14140,hombre,44,9,secundaria,Choco,800000,40
14141,hombre,39,0,ninguno,Choco,600000,48
14142,hombre,23,11,media,Choco,828116,48
14143,hombre,62,3,primaria,Choco,1655000,48
14144,hombre,36,5,primaria,Choco,300000,60
14145,hombre,41,11,media,Choco,25000000,75
14146,hombre,28,5,primaria,Choco,350000,40
14147,mujer,25,11,media,Choco,400000,40
14148,mujer,53,0,ninguno,Choco,900000,60
14149,mujer,36,13,superior,Choco,500000,80
14150,hombre,63,6,secundaria,Choco,450000,40
14151,mujer,21,8,secundaria,Choco,790000,48
14152,hombre,43,11,media,Choco,500000,49
14153,mujer,29,11,media,Choco,828116,48
14154,hombre,32,3,primaria,Choco,828116,48
14155,mujer,51,4,primaria,Choco,300000,48
14156,hombre,44,5,primaria,Choco,924000,48
14157,hombre,27,9,secundaria,Choco,800000,48
14158,mujer,23,11,media,Choco,580000,60
14159,hombre,61,0,ninguno,Choco,500000,60
14160,hombre,49,5,primaria,Choco,781224,67
14161,mujer,36,6,secundaria,Choco,360000,40
14162,hombre,35,5,primaria,Choco,800000,61
14163,mujer,54,11,media,Choco,700000,48
14164,hombre,49,0,ninguno,Choco,2000000,60
14165,hombre,26,7,secundaria,Choco,1000000,60
14166,mujer,49,11,media,Choco,1650000,48
14167,hombre,35,0,ninguno,Choco,1000000,48
14168,hombre,58,11,media,Choco,1050000,60
14169,hombre,45,11,media,Choco,1200000,48
14170,hombre,24,10,media,Choco,781242,48
14171,mujer,58,0,ninguno,Choco,200000,50
14172,hombre,40,11,media,Choco,900000,48
14173,hombre,45,3,primaria,Choco,500000,60
14174,hombre,24,11,media,Choco,700000,60
14175,mujer,23,13,superior,Choco,1600000,48
14176,hombre,48,11,media,Choco,500000,60
14177,hombre,40,11,media,Choco,1000000,48
14178,mujer,60,12,superior,Choco,1649000,48
14179,hombre,60,2,primaria,Choco,900000,47
14180,mujer,34,16,superior,Choco,3000000,40
14181,hombre,57,11,media,Choco,1500000,70
14182,hombre,22,11,media,Choco,900000,55
14183,mujer,59,5,primaria,Choco,270000,40
14184,hombre,54,11,media,Choco,3000000,48
14185,mujer,47,11,media,Choco,250000,40
14186,mujer,53,0,ninguno,Choco,250000,40
14187,mujer,25,5,primaria,Choco,430000,40
14188,hombre,51,8,secundaria,Choco,450000,50
14189,hombre,30,11,media,Choco,781242,48
14190,hombre,50,16,superior,Choco,1500000,36
14191,hombre,41,9,secundaria,Choco,900000,48
14192,mujer,38,11,media,Choco,400000,40
14193,mujer,34,11,media,Choco,1100000,50
14194,mujer,60,19,superior,Choco,2400000,36
14195,hombre,48,10,media,Santander,900000,32
14196,hombre,43,2,primaria,Santander,700000,48
14197,hombre,56,11,media,Santander,900000,48
14198,hombre,23,14,superior,Santander,600000,8
14199,hombre,22,16,superior,Santander,300000,14
14200,hombre,34,16,superior,Santander,3000000,48
14201,hombre,32,13,superior,Santander,2500000,84
14202,hombre,40,14,superior,Santander,4500000,40
14203,mujer,34,19,superior,Santander,2500000,40
14204,hombre,54,11,media,Santander,700000,48
14205,hombre,58,11,media,Santander,2500000,40
14206,hombre,36,13,superior,Santander,5000000,48
14207,mujer,36,16,superior,Santander,1200000,48
14208,mujer,56,6,secundaria,Santander,250000,40
14209,hombre,44,5,primaria,Santander,400000,50
14210,hombre,57,11,media,Santander,1200000,84
14211,hombre,40,16,superior,Santander,1500000,60
14212,mujer,37,11,media,Santander,160000,8
14213,hombre,59,5,primaria,Santander,950000,64
14214,hombre,60,6,secundaria,Santander,600000,40
14215,mujer,60,6,secundaria,Santander,40000,25
14216,hombre,57,5,primaria,Santander,1000000,44
14217,mujer,61,7,secundaria,Santander,300000,30
14218,hombre,52,12,superior,Santander,800000,80
14219,hombre,23,14,superior,Santander,781242,48
14220,mujer,21,14,superior,Santander,480000,30
14221,hombre,31,13,superior,Santander,600000,50
14222,mujer,24,11,media,Santander,700000,54
14223,hombre,32,11,media,Santander,1500000,48
14224,hombre,48,7,secundaria,Santander,250000,40
14225,hombre,53,13,superior,Santander,1800000,48
14226,mujer,48,18,superior,Santander,3000000,20
14227,hombre,22,8,secundaria,Santander,890000,50
14228,hombre,62,11,media,Santander,1200000,48
14229,hombre,30,16,superior,Santander,1400000,40
14230,hombre,23,17,superior,Santander,1350000,48
14231,hombre,61,11,media,Santander,1194000,48
14232,mujer,49,11,media,Santander,100000,12
14233,mujer,31,16,superior,Santander,781242,48
14234,hombre,34,16,superior,Santander,700000,64
14235,hombre,37,5,primaria,Santander,1200000,48
14236,mujer,49,13,superior,Santander,1160000,45
14237,hombre,52,9,secundaria,Santander,1100000,54
14238,hombre,58,9,secundaria,Santander,750000,84
14239,mujer,47,2,primaria,Santander,600000,66
14240,hombre,56,13,superior,Santander,2732000,44
14241,hombre,32,14,superior,Santander,1000000,60
14242,mujer,29,16,superior,Santander,750000,70
14243,mujer,59,5,primaria,Santander,1240000,60
14244,hombre,33,16,superior,Santander,1800000,36
14245,mujer,40,16,superior,Santander,800000,48
14246,mujer,35,11,media,Santander,50000,18
14247,hombre,34,11,media,Santander,900000,48
14248,mujer,63,3,primaria,Santander,750000,48
14249,hombre,35,5,primaria,Santander,50000,10
14250,hombre,42,5,primaria,Santander,800000,55
14251,mujer,41,11,media,Santander,740000,55
14252,hombre,18,11,media,Santander,900000,60
14253,hombre,42,14,superior,Santander,800000,45
14254,mujer,56,0,ninguno,Santander,110000,5
14255,hombre,25,7,secundaria,Santander,900000,50
14256,mujer,26,7,secundaria,Santander,781242,48
14257,hombre,34,5,primaria,Santander,1000000,45
14258,hombre,26,11,media,Santander,500000,64
14259,hombre,37,5,primaria,Santander,800000,48
14260,mujer,51,0,ninguno,Santander,200000,40
14261,hombre,47,11,media,Santander,320000,36
14262,mujer,33,5,primaria,Santander,45000,6
14263,hombre,47,13,superior,Santander,700000,48
14264,mujer,49,11,media,Santander,300000,20
14265,mujer,20,11,media,Santander,900000,54
14266,hombre,29,8,secundaria,Santander,1100000,48
14267,mujer,52,8,secundaria,Santander,350000,60
14268,mujer,23,11,media,Santander,300000,45
14269,hombre,56,11,media,Santander,4000000,48
14270,mujer,59,13,superior,Santander,1300000,48
14271,mujer,23,14,superior,Santander,375000,36
14272,hombre,34,9,secundaria,Santander,1500000,50
14273,mujer,30,14,superior,Santander,300000,30
14274,hombre,40,11,media,Santander,1800000,60
14275,mujer,49,17,superior,Santander,3600000,35
14276,hombre,57,18,superior,Santander,3000000,40
14277,mujer,54,17,superior,Santander,3000000,40
14278,hombre,46,13,superior,Santander,500000,20
14279,hombre,59,6,secundaria,Santander,800000,48
14280,hombre,34,17,superior,Santander,1400000,40
14281,hombre,29,11,media,Santander,781242,60
14282,mujer,27,11,media,Santander,300000,10
14283,hombre,20,5,primaria,Santander,600000,50
14284,hombre,35,5,primaria,Santander,600000,54
14285,mujer,57,1,primaria,Santander,800000,50
14286,hombre,37,4,primaria,Santander,850000,60
14287,mujer,37,10,media,Santander,700000,40
14288,hombre,31,11,media,Santander,1284000,57
14289,mujer,23,11,media,Santander,1720000,72
14290,mujer,31,14,superior,Santander,781242,48
14291,mujer,48,2,primaria,Santander,280000,40
14292,mujer,33,10,media,Santander,550000,54
14293,hombre,41,13,superior,Santander,1200000,60
14294,mujer,53,18,superior,Santander,2800000,40
14295,hombre,22,13,superior,Santander,450000,40
14296,hombre,35,16,superior,Santander,1200000,50
14297,mujer,31,17,superior,Santander,1300000,48
14298,hombre,48,3,primaria,Santander,700000,60
14299,mujer,46,8,secundaria,Santander,60000,18
14300,mujer,22,13,superior,Santander,900000,45
14301,hombre,58,5,primaria,Santander,800000,48
14302,mujer,33,16,superior,Santander,1850000,45
14303,hombre,28,17,superior,Santander,1200000,40
14304,mujer,27,11,media,Santander,600000,48
14305,hombre,36,11,media,Santander,781242,48
14306,mujer,25,16,superior,Santander,1200000,20
14307,mujer,37,11,media,Santander,700000,64
14308,hombre,63,5,primaria,Santander,900000,48
14309,mujer,28,16,superior,Santander,781000,44
14310,mujer,48,14,superior,Santander,1400000,48
14311,hombre,24,13,superior,Santander,788000,48
14312,hombre,44,22,superior,Santander,5202604,45
14313,hombre,26,16,superior,Santander,1900000,48
14314,hombre,46,5,primaria,Santander,900000,48
14315,mujer,48,11,media,Santander,900000,48
14316,hombre,28,11,media,Santander,860000,48
14317,mujer,26,11,media,Santander,781242,48
14318,hombre,64,3,primaria,Santander,780000,48
14319,mujer,62,1,primaria,Santander,100000,24
14320,hombre,28,11,media,Santander,320000,24
14321,hombre,40,10,media,Santander,900000,100
14322,mujer,38,13,superior,Santander,800000,84
14323,hombre,62,3,primaria,Santander,2000000,48
14324,hombre,28,11,media,Santander,750000,28
14325,mujer,23,11,media,Santander,30000,2
14326,hombre,25,11,media,Santander,960000,77
14327,mujer,20,11,media,Santander,10000,12
14328,hombre,23,11,media,Santander,1170000,77
14329,hombre,21,11,media,Santander,450000,84
14330,hombre,20,9,secundaria,Santander,510000,33
14331,hombre,29,7,secundaria,Santander,900000,42
14332,mujer,34,13,superior,Santander,780000,44
14333,hombre,38,5,primaria,Santander,800000,48
14334,mujer,19,8,secundaria,Santander,100000,14
14335,hombre,63,0,ninguno,Santander,700000,48
14336,mujer,63,3,primaria,Santander,200000,15
14337,mujer,37,18,superior,Santander,3200000,40
14338,mujer,47,16,superior,Santander,3600000,30
14339,mujer,27,18,superior,Santander,2000000,40
14340,mujer,42,11,media,Santander,900000,56
14341,hombre,54,11,media,Santander,1000000,48
14342,hombre,50,11,media,Santander,1220000,48
14343,mujer,48,16,superior,Santander,2000000,24
14344,mujer,35,12,superior,Boyaca,800000,60
14345,mujer,35,16,superior,Boyaca,1900000,40
14346,hombre,35,22,superior,Boyaca,3400000,50
14347,hombre,53,16,superior,Boyaca,350000,30
14348,mujer,43,5,primaria,Boyaca,500000,32
14349,hombre,57,5,primaria,Boyaca,480000,50
14350,mujer,63,5,primaria,Boyaca,100000,25
14351,mujer,38,20,superior,Boyaca,2100000,40
14352,hombre,37,12,superior,Boyaca,1500000,70
14353,mujer,53,9,secundaria,Boyaca,300000,20
14354,hombre,32,5,primaria,Boyaca,850000,50
14355,mujer,31,6,secundaria,Boyaca,700000,45
14356,hombre,36,11,media,Boyaca,1000000,60
14357,hombre,36,11,media,Boyaca,781242,50
14358,mujer,29,11,media,Boyaca,240000,20
14359,mujer,36,1,primaria,Boyaca,420000,24
14360,mujer,57,6,secundaria,Santander,700000,36
14361,mujer,45,13,superior,Caqueta,1286660,45
14362,hombre,34,8,secundaria,Caqueta,800000,45
14363,hombre,36,11,media,Caqueta,781242,48
14364,mujer,31,9,secundaria,Caqueta,150000,18
14365,hombre,49,11,media,Caqueta,2500000,84
14366,mujer,23,11,media,Caqueta,850000,54
14367,mujer,49,3,primaria,Caqueta,300000,24
14368,hombre,30,5,primaria,Caqueta,781242,48
14369,hombre,18,11,media,Caqueta,300000,30
14370,hombre,38,11,media,Caqueta,2000000,60
14371,hombre,54,4,primaria,Caqueta,400000,48
14372,mujer,45,5,primaria,Caqueta,500000,48
14373,hombre,53,4,primaria,Caqueta,700000,50
14374,hombre,24,14,superior,Caqueta,2015000,45
14375,mujer,37,18,superior,Caqueta,500000,40
14376,mujer,61,5,primaria,Caqueta,350000,60
14377,mujer,62,2,primaria,Caqueta,300000,40
14378,mujer,44,7,secundaria,Caqueta,780000,70
14379,mujer,63,1,primaria,Caqueta,700000,70
14380,hombre,36,11,media,Caqueta,800000,48
14381,mujer,24,12,superior,Caqueta,781242,60
14382,mujer,25,12,superior,Caqueta,781242,60
14383,mujer,33,11,media,Caqueta,1000000,36
14384,hombre,47,11,media,Caqueta,400000,48
14385,mujer,37,4,primaria,Caqueta,560000,60
14386,hombre,28,11,media,Caqueta,600000,50
14387,hombre,20,9,secundaria,Caqueta,781242,48
14388,hombre,59,2,primaria,Caqueta,480000,54
14389,hombre,46,11,media,Caqueta,1500000,54
14390,mujer,49,7,secundaria,Caqueta,200000,24
14391,hombre,47,11,media,Caqueta,1470000,45
14392,mujer,62,5,primaria,Caqueta,500000,54
14393,hombre,63,11,media,Caqueta,400000,54
14394,mujer,20,6,secundaria,Caqueta,200000,24
14395,mujer,24,11,media,Caqueta,500000,35
14396,hombre,37,11,media,Caqueta,700000,30
14397,hombre,50,2,primaria,Caqueta,781250,54
14398,mujer,43,2,primaria,Caqueta,400000,30
14399,hombre,52,2,primaria,Caqueta,800000,84
14400,hombre,34,1,primaria,Caqueta,500000,40
14401,hombre,22,14,superior,Caqueta,1200000,63
14402,hombre,58,5,primaria,Caqueta,1000000,21
14403,mujer,34,11,media,Caqueta,700000,40
14404,mujer,21,11,media,Caqueta,600000,45
14405,hombre,30,4,primaria,Caqueta,800000,40
14406,mujer,30,8,secundaria,Caqueta,800000,85
14407,mujer,59,1,primaria,Caqueta,60000,15
14408,hombre,48,5,primaria,Caqueta,800000,40
14409,mujer,42,11,media,Caqueta,781250,54
14410,hombre,28,11,media,Caqueta,2000000,80
14411,hombre,61,18,superior,Caqueta,3400000,40
14412,mujer,52,11,media,Caqueta,100000,25
14413,mujer,19,14,superior,Caqueta,1040000,72
14414,mujer,29,5,primaria,Caqueta,900000,40
14415,hombre,29,7,secundaria,Caqueta,600000,43
14416,mujer,27,2,primaria,Caqueta,1081250,40
14417,hombre,43,11,media,Caqueta,1300000,45
14418,mujer,44,10,media,Caqueta,600000,21
14419,mujer,54,13,superior,Caqueta,781250,48
14420,hombre,47,2,primaria,Caqueta,1000000,40
14421,hombre,23,9,secundaria,Caqueta,500000,40
14422,mujer,50,14,superior,Caqueta,500000,40
14423,mujer,21,13,superior,Caqueta,800000,40
14424,mujer,31,14,superior,Caqueta,800000,20
14425,hombre,33,11,media,Caqueta,1000000,30
14426,hombre,49,5,primaria,Caqueta,450000,70
14427,mujer,26,7,secundaria,Caqueta,130000,10
14428,hombre,41,11,media,Caqueta,400000,27
14429,hombre,47,5,primaria,Caqueta,600000,40
14430,mujer,43,2,primaria,Caqueta,800000,40
14431,hombre,26,11,media,Caqueta,400000,70
14432,hombre,30,9,secundaria,Caqueta,1100000,40
14433,hombre,43,3,primaria,Caqueta,400000,42
14434,hombre,58,11,media,Caqueta,800000,48
14435,hombre,23,13,superior,Caqueta,300000,42
14436,mujer,27,11,media,Caqueta,200000,15
14437,hombre,59,5,primaria,Caqueta,550000,30
14438,hombre,21,8,secundaria,Caqueta,900000,48
14439,mujer,36,11,media,Caqueta,500000,43
14440,hombre,27,7,secundaria,Caqueta,4100000,54
14441,mujer,27,10,media,Caqueta,700000,40
14442,mujer,22,9,secundaria,Caqueta,300000,30
14443,hombre,23,8,secundaria,Caqueta,750000,63
14444,mujer,40,11,media,Caqueta,600000,40
14445,mujer,41,11,superior,Caqueta,1200000,48
14446,hombre,64,2,primaria,Caqueta,700000,40
14447,mujer,56,11,media,Caqueta,300000,30
14448,hombre,54,9,secundaria,Caqueta,400000,84
14449,mujer,51,11,media,Caqueta,700000,43
14450,mujer,61,2,primaria,Caqueta,120000,42
14451,hombre,44,6,secundaria,Caqueta,600000,30
14452,hombre,34,11,media,Caqueta,600000,43
14453,mujer,42,8,secundaria,Caqueta,500000,42
14454,hombre,21,7,secundaria,Caqueta,1000000,45
14455,hombre,32,11,media,Caqueta,800000,40
14456,hombre,23,7,secundaria,Caqueta,600000,40
14457,hombre,26,11,media,Caqueta,1000000,48
14458,hombre,26,11,media,Caqueta,700000,40
14459,hombre,61,5,primaria,Cauca,781242,48
14460,hombre,44,9,secundaria,Cauca,781242,42
14461,hombre,54,11,media,Cauca,1500000,50
14462,hombre,45,11,media,Cauca,20000000,48
14463,hombre,23,11,media,Cauca,700000,44
14464,mujer,32,11,media,Cauca,300000,8
14465,mujer,33,11,media,Cauca,900000,48
14466,hombre,37,11,media,Cauca,500000,55
14467,hombre,26,13,superior,Cauca,900000,50
14468,hombre,27,16,superior,Cauca,1500000,40
14469,mujer,62,9,secundaria,Cauca,500000,10
14470,hombre,35,4,primaria,Cauca,360000,50
14471,hombre,42,3,primaria,Cauca,2050000,48
14472,hombre,21,14,superior,Cauca,200000,25
14473,hombre,32,11,media,Cauca,825000,48
14474,hombre,34,9,secundaria,Cauca,1200000,55
14475,mujer,35,14,superior,Cauca,300000,50
14476,hombre,41,16,superior,Cauca,1100000,40
14477,mujer,59,5,primaria,Cauca,1500000,40
14478,mujer,57,13,superior,Cauca,917000,72
14479,mujer,35,13,superior,Cauca,940000,48
14480,mujer,32,14,superior,Cauca,600000,21
14481,hombre,57,16,superior,Cauca,2600000,30
14482,hombre,45,11,media,Cauca,781242,60
14483,mujer,37,11,media,Cauca,1000000,48
14484,mujer,50,13,superior,Cauca,2340000,40
14485,hombre,64,0,ninguno,Cauca,1200000,40
14486,mujer,48,2,primaria,Cauca,30000,2
14487,hombre,32,8,secundaria,Cauca,420000,32
14488,hombre,46,11,media,Cauca,781242,60
14489,hombre,54,8,secundaria,Cauca,800000,35
14490,hombre,57,3,primaria,Cauca,500000,50
14491,mujer,30,13,superior,Cauca,781242,48
14492,hombre,29,14,superior,Cauca,1300000,48
14493,hombre,35,5,primaria,Cauca,800000,48
14494,hombre,47,11,media,Cauca,800000,40
14495,mujer,61,8,secundaria,Cauca,400000,12
14496,hombre,30,15,superior,Cauca,600000,30
14497,mujer,42,7,secundaria,Cauca,100000,36
14498,hombre,33,6,secundaria,Cauca,1000000,48
14499,mujer,56,6,secundaria,Cauca,400000,20
14500,mujer,32,3,primaria,Cauca,160000,10
14501,mujer,39,13,superior,Cauca,200000,42
14502,hombre,45,11,media,Cauca,800000,60
14503,hombre,59,5,primaria,Cauca,1300000,54
14504,hombre,28,11,media,Cauca,1000000,48
14505,hombre,52,5,primaria,Cauca,781242,84
14506,mujer,46,5,primaria,Cauca,850000,60
14507,mujer,22,11,media,Cauca,781242,48
14508,hombre,21,5,primaria,Cauca,700000,40
14509,mujer,20,11,superior,Cauca,781242,24
14510,hombre,42,11,media,Cauca,900000,54
14511,mujer,42,13,superior,Cauca,300000,18
14512,mujer,39,19,superior,Cauca,320000,35
14513,hombre,52,14,superior,Cauca,1000000,56
14514,hombre,27,5,primaria,Cauca,350000,48
14515,mujer,53,5,primaria,Cauca,30000,42
14516,hombre,54,3,primaria,Cauca,781260,42
14517,hombre,24,5,primaria,Cauca,100000,48
14518,mujer,30,11,media,Cauca,850000,48
14519,hombre,30,9,secundaria,Cauca,1000000,44
14520,mujer,40,6,secundaria,Cauca,360000,24
14521,mujer,51,9,secundaria,Cauca,500000,48
14522,hombre,58,11,media,Cauca,300000,48
14523,mujer,45,8,secundaria,Cauca,500000,36
14524,mujer,48,11,media,Cauca,140000,48
14525,hombre,29,0,ninguno,Cauca,500000,55
14526,mujer,46,11,media,Cauca,1250000,24
14527,hombre,43,6,secundaria,Cauca,1000000,48
14528,hombre,57,14,superior,Cauca,1572000,48
14529,mujer,59,14,superior,Cauca,250000,24
14530,mujer,23,11,superior,Cauca,360000,33
14531,mujer,58,5,primaria,Cauca,450000,42
14532,hombre,59,7,secundaria,Cauca,400000,24
14533,hombre,35,9,secundaria,Cauca,480000,48
14534,hombre,62,8,secundaria,Cauca,400000,50
14535,hombre,56,2,primaria,Cauca,1200000,54
14536,mujer,33,0,ninguno,Antioquia,208000,8
14537,hombre,31,13,superior,Antioquia,1500000,10
14538,mujer,52,7,secundaria,Antioquia,781242,48
14539,hombre,24,11,media,Antioquia,781242,48
14540,mujer,18,5,primaria,Antioquia,100000,20
14541,mujer,44,5,primaria,Antioquia,800000,36
14542,hombre,43,3,primaria,Antioquia,1200000,60
14543,mujer,24,16,superior,Antioquia,2500000,50
14544,hombre,28,7,secundaria,Antioquia,781242,48
14545,hombre,56,6,secundaria,Antioquia,1200000,72
14546,hombre,35,11,media,Antioquia,1100000,45
14547,mujer,28,14,superior,Antioquia,781242,48
14548,hombre,53,11,media,Antioquia,2000000,48
14549,mujer,50,14,superior,Antioquia,1500000,48
14550,hombre,43,16,superior,Antioquia,2000000,48
14551,hombre,26,10,media,Antioquia,1660000,56
14552,hombre,57,5,primaria,Antioquia,1000000,70
14553,mujer,57,5,primaria,Antioquia,1000000,70
14554,mujer,55,5,primaria,Antioquia,100000,20
14555,mujer,41,5,primaria,Antioquia,50000,10
14556,hombre,22,11,media,Antioquia,820000,48
14557,mujer,45,20,superior,Antioquia,4800000,40
14558,hombre,31,13,superior,Antioquia,2400000,48
14559,hombre,52,4,primaria,Antioquia,700000,48
14560,hombre,24,14,superior,Antioquia,781242,48
14561,mujer,22,12,superior,Antioquia,781242,48
14562,hombre,21,6,secundaria,Antioquia,781242,48
14563,hombre,63,16,superior,Antioquia,3300000,48
14564,mujer,48,18,superior,Antioquia,5327000,48
14565,hombre,25,11,media,Antioquia,988000,48
14566,mujer,57,11,media,Antioquia,781242,50
14567,mujer,27,16,superior,Antioquia,1600000,50
14568,hombre,40,11,media,Antioquia,781242,48
14569,mujer,44,3,primaria,Antioquia,931242,48
14570,hombre,21,11,media,Antioquia,1000000,48
14571,hombre,30,13,superior,Antioquia,400000,12
14572,mujer,29,8,secundaria,Antioquia,1000000,60
14573,hombre,30,14,superior,Antioquia,1660000,60
14574,mujer,46,11,media,Antioquia,1681242,84
14575,mujer,38,15,superior,Antioquia,781242,63
14576,mujer,22,12,superior,Antioquia,800000,42
14577,mujer,40,11,media,Antioquia,300000,70
14578,hombre,22,11,media,Antioquia,781242,48
14579,hombre,19,11,media,Antioquia,130000,32
14580,hombre,38,11,media,Antioquia,900000,48
14581,mujer,34,11,media,Antioquia,781242,48
14582,hombre,58,11,media,Antioquia,2500000,48
14583,hombre,25,16,superior,Antioquia,800000,20
14584,mujer,42,14,superior,Antioquia,1600000,48
14585,hombre,44,11,media,Antioquia,2500000,126
14586,mujer,52,16,superior,Antioquia,6000000,48
14587,hombre,53,11,media,Antioquia,781242,60
14588,hombre,34,11,media,Antioquia,1400000,70
14589,mujer,35,16,superior,Antioquia,1700000,48
14590,mujer,26,11,media,Antioquia,1175000,48
14591,hombre,58,2,primaria,Antioquia,500000,48
14592,mujer,65,2,primaria,Antioquia,30000,40
14593,hombre,45,11,media,Antioquia,1200000,48
14594,hombre,25,11,superior,Antioquia,12400000,48
14595,mujer,52,11,media,Antioquia,2000000,70
14596,mujer,34,16,superior,Antioquia,2000000,48
14597,hombre,47,5,primaria,Antioquia,840000,48
14598,hombre,41,11,media,Antioquia,840000,48
14599,mujer,22,11,superior,Antioquia,900000,36
14600,hombre,22,11,media,Antioquia,500000,40
14601,mujer,45,13,superior,Antioquia,800000,48
14602,hombre,28,11,media,Antioquia,1200000,48
14603,mujer,27,11,media,Antioquia,1200000,44
14604,mujer,39,12,superior,Antioquia,900000,70
14605,mujer,37,18,superior,Antioquia,600000,24
14606,hombre,39,16,superior,Antioquia,12000000,45
14607,hombre,35,18,superior,Antioquia,12000000,48
14608,mujer,31,17,superior,Antioquia,5500000,40
14609,hombre,53,11,media,Antioquia,2500000,45
14610,mujer,30,13,superior,Antioquia,1600000,15
14611,hombre,50,14,superior,Antioquia,1800000,48
14612,hombre,52,8,secundaria,Antioquia,120000,15
14613,mujer,46,14,superior,Antioquia,900000,40
14614,hombre,28,11,media,Antioquia,800000,48
14615,hombre,45,11,media,Antioquia,900000,48
14616,hombre,26,4,primaria,Antioquia,781242,48
14617,hombre,34,0,ninguno,Antioquia,750000,70
14618,mujer,40,11,media,Antioquia,400000,50
14619,mujer,56,11,media,Antioquia,600000,66
14620,mujer,36,5,primaria,Antioquia,1040000,60
14621,mujer,34,5,primaria,Antioquia,296000,36
14622,mujer,34,13,superior,Antioquia,3000000,55
14623,hombre,35,11,media,Antioquia,860000,48
14624,mujer,31,13,superior,Antioquia,1300000,48
14625,hombre,65,7,secundaria,Antioquia,1892000,48
14626,mujer,35,16,superior,Antioquia,1434000,48
14627,hombre,27,17,superior,Antioquia,225000,10
14628,hombre,33,11,media,Antioquia,1200000,48
14629,mujer,30,16,superior,Antioquia,2300000,30
14630,mujer,29,16,superior,Antioquia,2100000,48
14631,mujer,27,18,superior,Antioquia,1200000,48
14632,hombre,49,14,superior,Antioquia,2200000,48
14633,mujer,42,15,superior,Antioquia,1100000,40
14634,hombre,21,14,superior,Antioquia,700000,48
14635,hombre,60,13,superior,Antioquia,1000000,48
14636,hombre,26,14,superior,Antioquia,600000,48
14637,mujer,52,11,media,Antioquia,783000,48
14638,hombre,27,12,superior,Antioquia,782000,48
14639,hombre,44,14,superior,Antioquia,980000,48
14640,mujer,34,18,superior,Antioquia,3600000,40
14641,hombre,39,18,superior,Antioquia,4200000,48
14642,mujer,33,11,media,Antioquia,900000,20
14643,hombre,57,5,primaria,Antioquia,1400000,48
14644,mujer,23,13,superior,Antioquia,1400000,55
14645,hombre,46,14,superior,Antioquia,2000000,40
14646,hombre,44,11,media,Antioquia,3000000,40
14647,mujer,48,13,superior,Antioquia,1400000,40
14648,hombre,44,11,media,Antioquia,960000,48
14649,hombre,38,11,media,Antioquia,800000,48
14650,mujer,54,13,superior,Antioquia,781242,48
14651,hombre,56,11,media,Antioquia,800000,50
14652,hombre,32,12,superior,Antioquia,781242,48
14653,mujer,33,11,media,Antioquia,781242,48
14654,hombre,27,15,superior,Antioquia,500000,10
14655,hombre,24,11,media,Antioquia,800000,42
14656,mujer,46,5,primaria,Antioquia,870000,48
14657,hombre,32,11,media,Antioquia,860000,54
14658,mujer,45,11,media,Antioquia,1100000,54
14659,mujer,39,13,superior,Antioquia,1031242,48
14660,hombre,30,9,secundaria,Antioquia,781242,48
14661,hombre,24,15,superior,Antioquia,990000,48
14662,hombre,19,11,media,Antioquia,1500000,48
14663,hombre,23,13,superior,Antioquia,900000,48
14664,mujer,37,14,superior,Antioquia,1200000,49
14665,hombre,20,13,superior,Antioquia,781242,48
14666,mujer,40,14,superior,Antioquia,2400000,48
14667,mujer,52,1,primaria,Antioquia,600000,48
14668,mujer,24,7,secundaria,Antioquia,40000,11
14669,hombre,52,0,ninguno,Antioquia,600000,70
14670,hombre,59,5,primaria,Antioquia,800000,28
14671,mujer,53,11,media,Antioquia,781242,48
14672,mujer,44,11,media,Antioquia,1000000,50
14673,mujer,36,16,superior,Atlantico,1100000,48
14674,hombre,33,16,superior,Atlantico,2800000,48
14675,mujer,53,18,superior,Atlantico,3500000,40
14676,mujer,25,16,superior,Atlantico,1800000,40
14677,mujer,57,12,superior,Atlantico,800000,30
14678,hombre,57,16,superior,Atlantico,2500000,48
14679,hombre,34,16,superior,Atlantico,2000000,40
14680,mujer,47,13,superior,Atlantico,1200000,48
14681,mujer,41,5,primaria,Atlantico,1150000,60
14682,mujer,43,11,media,Atlantico,2000000,56
14683,mujer,62,17,superior,Atlantico,3500000,48
14684,mujer,36,16,superior,Atlantico,500000,15
14685,hombre,38,17,superior,Atlantico,1500000,48
14686,mujer,25,16,superior,Atlantico,1600000,48
14687,mujer,50,16,superior,Atlantico,3500000,60
14688,hombre,57,16,superior,Atlantico,2000000,40
14689,hombre,28,16,superior,Atlantico,2900000,48
14690,mujer,49,8,secundaria,Atlantico,2500000,70
14691,mujer,46,6,secundaria,Atlantico,2500000,70
14692,hombre,24,8,secundaria,Atlantico,120000,8
14693,hombre,53,17,superior,Atlantico,7000000,48
14694,mujer,52,14,superior,Atlantico,2000000,48
14695,hombre,49,11,media,Atlantico,1800000,40
14696,mujer,42,11,media,Atlantico,700000,40
14697,mujer,21,14,superior,Atlantico,700000,20
14698,mujer,52,11,media,Atlantico,1800000,48
14699,hombre,59,11,media,Atlantico,600000,21
14700,hombre,25,14,superior,Atlantico,781000,36
14701,hombre,43,13,superior,Atlantico,1200000,70
14702,hombre,27,16,superior,Atlantico,2700000,48
14703,hombre,32,16,superior,Atlantico,900000,56
14704,hombre,52,13,superior,Atlantico,1200000,48
14705,hombre,38,11,media,Atlantico,800000,40
14706,hombre,18,11,media,Atlantico,600000,40
14707,mujer,35,11,media,Atlantico,550000,72
14708,hombre,37,13,superior,Atlantico,1000000,48
14709,hombre,38,16,superior,Atlantico,7117000,50
14710,mujer,28,16,superior,Atlantico,11000000,48
14711,hombre,39,11,media,Atlantico,900000,84
14712,mujer,43,5,primaria,Atlantico,1100000,30
14713,hombre,58,18,superior,Atlantico,3640000,40
14714,mujer,59,18,superior,Atlantico,4500000,40
14715,hombre,25,16,superior,Atlantico,1500000,40
14716,mujer,27,8,secundaria,Atlantico,1300000,60
14717,hombre,56,16,superior,Atlantico,1200000,60
14718,mujer,19,13,superior,Atlantico,828000,48
14719,mujer,48,14,superior,Atlantico,786000,40
14720,mujer,34,13,superior,Atlantico,30000,10
14721,hombre,35,11,media,Atlantico,928000,48
14722,mujer,39,16,superior,Atlantico,1600000,48
14723,hombre,41,16,superior,Atlantico,1500000,40
14724,hombre,52,7,secundaria,Atlantico,900000,44
14725,mujer,31,17,superior,Atlantico,2500000,40
14726,hombre,25,16,superior,Atlantico,1200000,48
14727,hombre,29,11,media,Atlantico,1600000,84
14728,hombre,58,16,superior,Atlantico,781242,48
14729,mujer,51,16,superior,Atlantico,1100000,48
14730,hombre,41,16,superior,Atlantico,4000000,20
14731,mujer,34,16,superior,Atlantico,1200000,48
14732,mujer,36,11,media,Atlantico,850000,48
14733,mujer,30,16,superior,Atlantico,1200000,48
14734,mujer,52,6,secundaria,Atlantico,500000,21
14735,mujer,33,11,media,Atlantico,800000,48
14736,hombre,48,11,media,Atlantico,1000000,84
14737,hombre,49,11,media,Atlantico,1200000,48
14738,mujer,50,11,media,Atlantico,120000,20
14739,hombre,25,11,media,Atlantico,1000000,48
14740,mujer,22,11,media,Atlantico,200000,40
14741,hombre,28,11,media,Atlantico,1500000,48
14742,hombre,34,11,media,Atlantico,900000,84
14743,hombre,35,11,media,Atlantico,900000,84
14744,hombre,58,11,media,Atlantico,1000000,100
14745,hombre,49,11,media,Atlantico,800000,44
14746,mujer,52,11,media,Atlantico,800000,16
14747,hombre,57,9,secundaria,Atlantico,500000,54
14748,hombre,25,11,media,Atlantico,500000,48
14749,hombre,24,11,media,Atlantico,200000,54
14750,hombre,49,9,secundaria,Atlantico,1800000,48
14751,mujer,47,11,media,Atlantico,450000,24
14752,hombre,41,11,media,Atlantico,3000000,84
14753,hombre,18,6,secundaria,Atlantico,1400000,84
14754,hombre,52,8,secundaria,Atlantico,1500000,48
14755,mujer,56,0,ninguno,Atlantico,300000,40
14756,hombre,23,11,media,Atlantico,1400000,48
14757,hombre,54,0,ninguno,Atlantico,1800000,27
14758,hombre,52,10,media,Atlantico,900000,60
14759,mujer,42,3,primaria,Atlantico,25000,18
14760,hombre,50,5,primaria,Atlantico,760000,84
14761,mujer,51,3,primaria,Atlantico,850000,50
14762,hombre,21,13,superior,Atlantico,800000,48
14763,mujer,20,13,superior,Atlantico,924000,63
14764,hombre,61,11,media,Atlantico,800000,48
14765,mujer,54,5,primaria,Atlantico,420000,35
14766,hombre,20,11,media,Atlantico,800000,48
14767,hombre,26,13,superior,Atlantico,720000,48
14768,mujer,25,15,superior,Atlantico,1500000,48
14769,mujer,30,11,media,Atlantico,362000,18
14770,hombre,41,11,media,Atlantico,300000,84
14771,mujer,42,11,media,Atlantico,120000,48
14772,mujer,21,11,media,Atlantico,524000,60
14773,mujer,22,11,media,Atlantico,781000,70
14774,hombre,24,4,primaria,Atlantico,350000,48
14775,hombre,33,13,superior,Atlantico,983000,48
14776,mujer,27,13,superior,Atlantico,8400000,48
14777,hombre,47,5,primaria,Atlantico,286000,36
14778,hombre,25,5,primaria,Atlantico,420000,56
14779,hombre,21,6,secundaria,Atlantico,240000,48
14780,hombre,39,13,superior,Atlantico,2000000,60
14781,hombre,42,14,superior,Atlantico,850000,48
14782,hombre,59,11,media,Atlantico,800000,48
14783,mujer,56,11,media,Atlantico,800000,48
14784,hombre,33,11,media,Atlantico,140000,16
14785,hombre,29,11,media,Atlantico,800000,48
14786,hombre,65,11,media,Atlantico,930000,48
14787,mujer,20,13,superior,Atlantico,780000,48
14788,hombre,60,11,media,Atlantico,1200000,48
14789,mujer,26,14,superior,Atlantico,790000,48
14790,hombre,35,16,superior,Atlantico,1500000,72
14791,hombre,23,11,media,Atlantico,900000,80
14792,hombre,44,5,primaria,Atlantico,240000,60
14793,hombre,22,9,secundaria,Atlantico,781242,70
14794,hombre,56,11,media,Atlantico,720000,66
14795,hombre,63,11,media,Atlantico,800000,48
14796,mujer,31,11,media,Atlantico,900000,48
14797,hombre,25,11,media,Atlantico,1500000,84
14798,hombre,47,4,primaria,Atlantico,900000,60
14799,mujer,39,11,media,Atlantico,750000,48
14800,hombre,33,11,media,Atlantico,1050000,84
14801,mujer,35,16,superior,Atlantico,500000,30
14802,hombre,44,5,primaria,Atlantico,300000,48
14803,mujer,37,5,primaria,Atlantico,50000,24
14804,hombre,47,6,secundaria,Atlantico,1400000,40
14805,mujer,40,11,media,Atlantico,500000,20
14806,hombre,32,14,superior,Atlantico,1750000,72
14807,hombre,35,11,media,Atlantico,986000,48
14808,mujer,33,16,superior,Atlantico,930000,60
14809,mujer,46,11,media,Atlantico,781242,48
14810,hombre,56,11,media,Atlantico,400000,44
14811,hombre,28,11,media,Atlantico,781000,48
14812,mujer,27,14,superior,Atlantico,1300000,48
14813,hombre,31,11,media,Atlantico,1064000,60
14814,hombre,30,11,media,Atlantico,750000,72
14815,hombre,46,0,ninguno,Atlantico,300000,40
14816,hombre,33,11,media,Atlantico,900000,48
14817,hombre,60,1,primaria,Atlantico,600000,40
14818,mujer,56,9,secundaria,Atlantico,80000,15
14819,mujer,35,11,media,Atlantico,781000,48
14820,mujer,45,8,secundaria,Atlantico,600000,24
14821,hombre,46,11,media,Atlantico,250000,48
14822,hombre,22,11,media,Atlantico,850000,48
14823,mujer,34,5,primaria,Atlantico,150000,40
14824,hombre,48,11,media,Atlantico,2200000,63
14825,mujer,47,11,media,Atlantico,781000,48
14826,hombre,37,11,media,Atlantico,1064000,72
14827,mujer,42,16,superior,Atlantico,620000,24
14828,hombre,31,16,superior,Atlantico,1200000,60
14829,hombre,56,9,secundaria,Atlantico,280000,12
14830,hombre,24,13,superior,Atlantico,1300000,48
14831,hombre,26,14,superior,Atlantico,900000,56
14832,mujer,57,5,primaria,Atlantico,240000,35
14833,mujer,51,0,ninguno,Atlantico,600000,28
14834,hombre,24,9,secundaria,Atlantico,800000,48
14835,mujer,26,11,media,Atlantico,200000,48
14836,hombre,48,6,secundaria,Atlantico,1200000,48
14837,mujer,41,2,primaria,Atlantico,475000,16
14838,hombre,51,0,ninguno,Atlantico,500000,48
14839,hombre,19,3,primaria,Atlantico,320000,48
14840,mujer,38,16,superior,Atlantico,800000,48
14841,mujer,54,2,primaria,Atlantico,400000,40
14842,hombre,27,16,superior,Atlantico,1500000,26
14843,hombre,22,13,superior,Atlantico,1200000,40
14844,hombre,58,2,primaria,Atlantico,1000000,90
14845,mujer,22,15,superior,Atlantico,1200000,48
14846,hombre,44,5,primaria,Atlantico,1070000,90
14847,mujer,45,5,primaria,Atlantico,600000,70
14848,hombre,18,11,media,Atlantico,150000,21
14849,mujer,49,4,primaria,Atlantico,450000,48
14850,hombre,48,8,secundaria,Atlantico,1200000,70
14851,mujer,32,4,primaria,Atlantico,600000,40
14852,hombre,20,7,secundaria,Atlantico,720000,60
14853,hombre,58,11,media,Atlantico,1500000,48
14854,mujer,50,9,secundaria,Atlantico,300000,84
14855,hombre,25,11,media,Atlantico,786000,72
14856,hombre,29,11,media,Atlantico,786000,48
14857,mujer,62,5,primaria,Atlantico,400000,40
14858,hombre,51,11,media,Atlantico,330000,14
14859,hombre,28,12,superior,Atlantico,300000,48
14860,mujer,60,5,primaria,Atlantico,150000,14
14861,mujer,27,11,media,Atlantico,781000,66
14862,hombre,55,10,media,Atlantico,800000,48
14863,hombre,60,16,superior,Atlantico,1700000,48
14864,hombre,45,11,media,Atlantico,900000,56
14865,mujer,42,16,superior,Atlantico,2600000,40
14866,mujer,50,4,primaria,Atlantico,800000,48
14867,mujer,60,9,secundaria,Atlantico,1900000,40
14868,mujer,31,11,media,Atlantico,781000,48
14869,hombre,32,16,superior,Atlantico,600000,6
14870,hombre,47,9,secundaria,Atlantico,1200000,48
14871,mujer,45,12,superior,Atlantico,800000,54
14872,mujer,34,26,superior,Atlantico,3000000,40
14873,mujer,37,16,superior,Atlantico,3500000,40
14874,hombre,52,13,superior,Atlantico,2000000,72
14875,mujer,35,13,superior,Atlantico,1800000,42
14876,hombre,50,16,superior,Atlantico,2500000,44
14877,hombre,56,16,superior,Atlantico,1000000,21
14878,mujer,54,16,superior,Atlantico,4000000,48
14879,mujer,28,16,superior,Atlantico,2500000,24
14880,hombre,24,11,media,Atlantico,920000,48
14881,mujer,55,16,superior,Atlantico,1500000,48
14882,hombre,58,11,media,Atlantico,1500000,72
14883,mujer,56,11,media,Atlantico,400000,20
14884,hombre,26,13,superior,Atlantico,1200000,60
14885,mujer,24,14,superior,Atlantico,786000,48
14886,hombre,20,11,superior,Atlantico,784600,48
14887,hombre,29,15,superior,Atlantico,901242,44
14888,hombre,35,11,media,Atlantico,1221116,48
14889,mujer,34,16,superior,Atlantico,1200000,48
14890,hombre,49,16,superior,Atlantico,2800000,48
14891,mujer,43,16,superior,Atlantico,800000,45
14892,hombre,52,6,secundaria,Atlantico,800000,48
14893,mujer,27,16,superior,Atlantico,400000,28
14894,hombre,59,9,secundaria,Atlantico,2300000,48
14895,hombre,27,16,superior,Atlantico,2000000,48
14896,mujer,24,13,superior,Atlantico,781242,48
14897,hombre,28,13,superior,Atlantico,900000,48
14898,mujer,24,13,superior,Atlantico,950000,48
14899,hombre,58,5,primaria,Atlantico,900000,48
14900,mujer,52,3,primaria,Atlantico,800000,48
14901,hombre,28,16,superior,Atlantico,1000000,48
14902,mujer,27,11,media,Atlantico,900000,84
14903,hombre,56,11,media,Atlantico,2000000,24
14904,mujer,41,14,superior,Atlantico,800000,24
14905,hombre,45,14,superior,Atlantico,1300000,64
14906,mujer,36,17,superior,Atlantico,1600000,48
14907,hombre,39,14,superior,Atlantico,2200000,48
14908,hombre,39,8,secundaria,Atlantico,840000,70
14909,mujer,33,11,media,Atlantico,420000,60
14910,hombre,24,11,media,Atlantico,1200000,48
14911,mujer,54,17,superior,Bogota D.C.,5600000,52
14912,mujer,30,17,superior,Bogota D.C.,1200000,48
14913,hombre,43,19,superior,Bogota D.C.,3804000,40
14914,mujer,57,11,media,Bogota D.C.,240000,16
14915,mujer,30,11,media,Bogota D.C.,180000,24
14916,mujer,44,18,superior,Bogota D.C.,781242,48
14917,mujer,55,8,secundaria,Bogota D.C.,600000,24
14918,hombre,36,12,superior,Bogota D.C.,5000000,30
14919,mujer,37,17,superior,Bogota D.C.,2000000,18
14920,hombre,62,14,superior,Bogota D.C.,2300000,40
14921,hombre,33,18,superior,Bogota D.C.,1800000,60
14922,mujer,64,11,media,Bogota D.C.,250000,40
14923,mujer,58,11,media,Bogota D.C.,300000,2
14924,hombre,59,11,media,Bogota D.C.,781242,48
14925,mujer,65,9,secundaria,Bogota D.C.,900000,30
14926,mujer,33,18,superior,Bogota D.C.,2300000,40
14927,mujer,50,12,superior,Bogota D.C.,400000,40
14928,mujer,22,11,media,Bogota D.C.,781282,48
14929,hombre,57,3,primaria,Bogota D.C.,1100000,84
14930,mujer,23,11,media,Bogota D.C.,900000,54
14931,mujer,30,16,superior,Bogota D.C.,1700000,43
14932,hombre,61,5,primaria,Bogota D.C.,1100000,48
14933,mujer,29,13,superior,Bogota D.C.,1400000,48
14934,hombre,32,11,media,Bogota D.C.,781242,48
14935,mujer,24,17,superior,Bogota D.C.,2700000,40
14936,hombre,27,18,superior,Bogota D.C.,3145000,40
14937,hombre,53,11,media,Bogota D.C.,1400000,84
14938,mujer,56,11,media,Bogota D.C.,900000,48
14939,hombre,27,16,superior,Bogota D.C.,1250000,48
14940,hombre,24,16,superior,Bogota D.C.,2000000,60
14941,hombre,54,14,superior,Bogota D.C.,2500000,30
14942,hombre,39,3,primaria,Bogota D.C.,1500000,60
14943,hombre,26,11,media,Bogota D.C.,1500000,48
14944,hombre,23,13,superior,Bogota D.C.,1200000,48
14945,mujer,37,17,superior,Bogota D.C.,5800000,44
14946,hombre,48,17,superior,Bogota D.C.,3500000,48
14947,mujer,39,14,superior,Bogota D.C.,2500000,48
14948,mujer,54,5,primaria,Bogota D.C.,350000,28
14949,mujer,30,11,media,Bogota D.C.,781242,60
14950,hombre,51,21,superior,Bogota D.C.,2800000,40
14951,mujer,54,19,superior,Bogota D.C.,2000000,15
14952,hombre,57,13,superior,Bogota D.C.,2500000,44
14953,mujer,53,19,superior,Bogota D.C.,4300000,40
14954,mujer,22,15,superior,Bogota D.C.,826488,40
14955,hombre,47,21,superior,Bogota D.C.,8000000,50
14956,mujer,53,11,media,Bogota D.C.,1100000,50
14957,hombre,35,11,media,Bogota D.C.,1500000,60
14958,hombre,31,2,primaria,Bogota D.C.,781242,48
14959,mujer,33,6,secundaria,Bogota D.C.,748000,72
14960,mujer,33,16,superior,Bogota D.C.,2900000,30
14961,hombre,63,5,primaria,Bogota D.C.,1000000,92
14962,mujer,56,5,primaria,Bogota D.C.,800000,50
14963,hombre,29,17,superior,Bogota D.C.,350000,25
14964,hombre,39,14,superior,Bogota D.C.,1800000,40
14965,hombre,31,11,media,Bogota D.C.,1550000,56
14966,mujer,46,11,media,Bogota D.C.,1000000,45
14967,mujer,24,13,superior,Bogota D.C.,1260000,50
14968,hombre,23,11,media,Bogota D.C.,1100000,40
14969,mujer,59,5,primaria,Bogota D.C.,1008000,28
14970,hombre,30,14,superior,Bogota D.C.,1300000,50
14971,mujer,31,11,media,Bogota D.C.,1700000,48
14972,hombre,63,5,primaria,Bogota D.C.,900000,72
14973,mujer,51,9,secundaria,Bogota D.C.,500000,40
14974,hombre,56,2,primaria,Bogota D.C.,800000,48
14975,hombre,30,9,secundaria,Bogota D.C.,1200000,91
14976,hombre,27,11,media,Bogota D.C.,781242,84
14977,hombre,19,9,secundaria,Bogota D.C.,853242,48
14978,hombre,48,8,secundaria,Bogota D.C.,900000,48
14979,mujer,43,7,secundaria,Bogota D.C.,781242,48
14980,mujer,24,11,media,Bogota D.C.,850000,48
14981,hombre,44,5,primaria,Bogota D.C.,800000,84
14982,mujer,39,5,primaria,Bogota D.C.,500000,50
14983,hombre,64,1,primaria,Bogota D.C.,600000,30
14984,mujer,50,5,primaria,Bogota D.C.,600000,24
14985,hombre,21,10,media,Bogota D.C.,800000,84
14986,hombre,60,7,secundaria,Bogota D.C.,1000000,40
14987,mujer,49,11,media,Bogota D.C.,60000,10
14988,mujer,22,15,superior,Bogota D.C.,300000,6
14989,mujer,21,11,media,Bogota D.C.,505000,45
14990,hombre,52,11,media,Bogota D.C.,2000000,98
14991,hombre,24,11,media,Bogota D.C.,1000000,35
14992,mujer,23,14,superior,Bogota D.C.,900000,48
14993,hombre,53,14,superior,Bogota D.C.,2500000,48
14994,mujer,46,12,superior,Bogota D.C.,2730000,48
14995,mujer,26,17,superior,Bogota D.C.,2700000,48
14996,hombre,59,11,media,Bogota D.C.,1300000,96
14997,mujer,35,11,media,Bogota D.C.,950000,48
14998,hombre,26,16,superior,Bogota D.C.,1000000,48
14999,hombre,60,11,media,Bogota D.C.,800000,72
15000,hombre,22,11,media,Bogota D.C.,781242,48
15001,hombre,28,10,media,Bogota D.C.,840000,84
15002,hombre,47,5,primaria,Bogota D.C.,781242,48
15003,mujer,47,5,primaria,Bogota D.C.,600000,60
15004,mujer,21,11,superior,Bogota D.C.,781242,54
15005,hombre,20,11,media,Bogota D.C.,1200000,77
15006,hombre,33,6,secundaria,Bogota D.C.,900000,68
15007,mujer,32,11,media,Bogota D.C.,1400000,59
15008,hombre,33,5,primaria,Bogota D.C.,780000,35
15009,hombre,25,11,media,Bogota D.C.,900000,48
15010,mujer,25,11,media,Bogota D.C.,728000,16
15011,hombre,27,8,secundaria,Bogota D.C.,781242,48
15012,hombre,46,19,superior,Bogota D.C.,6052340,65
15013,mujer,26,15,superior,Bogota D.C.,900000,48
15014,hombre,22,16,superior,Bogota D.C.,1300000,48
15015,hombre,55,5,primaria,Bogota D.C.,1900000,52
15016,mujer,54,11,media,Bogota D.C.,1900000,52
15017,hombre,25,11,media,Bogota D.C.,800000,84
15018,mujer,24,11,media,Bogota D.C.,781242,48
15019,hombre,51,2,primaria,Bogota D.C.,900000,60
15020,mujer,27,11,media,Bogota D.C.,250000,24
15021,hombre,46,11,media,Bogota D.C.,950000,40
15022,mujer,50,11,media,Bogota D.C.,781242,50
15023,mujer,48,11,media,Bogota D.C.,1064000,60
15024,hombre,48,11,media,Bogota D.C.,1800000,48
15025,hombre,45,14,superior,Bogota D.C.,1100000,48
15026,hombre,60,18,superior,Bogota D.C.,4000000,30
15027,mujer,56,20,superior,Bogota D.C.,4000000,40
15028,hombre,35,19,superior,Bogota D.C.,3000000,40
15029,hombre,30,11,media,Bogota D.C.,1600000,48
15030,hombre,18,5,primaria,Bogota D.C.,1200000,48
15031,hombre,24,9,secundaria,Bogota D.C.,1500000,48
15032,mujer,22,11,media,Bogota D.C.,781242,48
15033,mujer,27,13,superior,Bogota D.C.,1681242,56
15034,hombre,57,11,media,Bogota D.C.,700000,70
15035,hombre,27,8,secundaria,Bogota D.C.,781242,48
15036,mujer,27,11,media,Bogota D.C.,781242,45
15037,mujer,48,5,primaria,Bogota D.C.,1200000,40
15038,hombre,24,11,media,Bogota D.C.,1180000,72
15039,mujer,57,6,secundaria,Bogota D.C.,1100000,48
15040,hombre,25,12,superior,Bogota D.C.,100000,4
15041,mujer,60,5,primaria,Bogota D.C.,300000,30
15042,hombre,47,5,primaria,Bogota D.C.,781242,48
15043,mujer,50,5,primaria,Bogota D.C.,1080000,44
15044,hombre,31,11,media,Bogota D.C.,800000,40
15045,mujer,34,11,media,Bogota D.C.,781242,48
15046,hombre,35,13,superior,Bogota D.C.,1200000,48
15047,mujer,63,11,media,Bogota D.C.,1000000,48
15048,mujer,41,21,superior,Bogota D.C.,2900000,48
15049,hombre,24,11,media,Bogota D.C.,1100000,48
15050,hombre,25,11,media,Bogota D.C.,1200000,48
15051,hombre,44,5,primaria,Bogota D.C.,1080000,72
15052,mujer,48,7,secundaria,Bogota D.C.,362000,16
15053,hombre,48,11,media,Bogota D.C.,1350000,48
15054,mujer,49,13,superior,Bogota D.C.,850000,32
15055,mujer,32,14,superior,Bogota D.C.,720000,48
15056,mujer,20,11,media,Bogota D.C.,720000,42
15057,hombre,35,9,secundaria,Bogota D.C.,1600000,84
15058,mujer,28,13,superior,Bogota D.C.,781242,42
15059,hombre,29,15,superior,Bogota D.C.,7000000,40
15060,mujer,30,5,primaria,Bogota D.C.,400000,48
15061,mujer,33,11,media,Bogota D.C.,950000,48
15062,hombre,25,9,secundaria,Bogota D.C.,1500000,48
15063,mujer,19,11,media,Bogota D.C.,600000,30
15064,mujer,35,18,superior,Bogota D.C.,7572000,40
15065,hombre,32,8,secundaria,Bogota D.C.,1000000,48
15066,hombre,55,23,superior,Bogota D.C.,2500000,40
15067,hombre,54,4,primaria,Bogota D.C.,1500000,42
15068,mujer,28,8,secundaria,Bogota D.C.,150000,42
15069,hombre,63,5,primaria,Bogota D.C.,781242,40
15070,mujer,35,18,superior,Bogota D.C.,570000,60
15071,hombre,28,17,superior,Bogota D.C.,1200000,48
15072,mujer,56,5,primaria,Bogota D.C.,80000,48
15073,hombre,41,7,secundaria,Bogota D.C.,150000,48
15074,hombre,32,16,superior,Bogota D.C.,2400000,48
15075,mujer,31,17,superior,Bogota D.C.,3800000,40
15076,hombre,38,11,media,Bogota D.C.,950000,48
15077,hombre,50,18,superior,Bogota D.C.,10800000,50
15078,mujer,47,14,superior,Bogota D.C.,600000,15
15079,mujer,27,17,superior,Bogota D.C.,6000000,48
15080,hombre,43,7,secundaria,Bogota D.C.,960000,48
15081,hombre,57,19,superior,Bogota D.C.,6000000,40
15082,mujer,54,17,superior,Bogota D.C.,4000000,40
15083,mujer,65,16,superior,Bogota D.C.,300000,35
15084,hombre,48,11,media,Bogota D.C.,880000,105
15085,mujer,42,16,superior,Bogota D.C.,1800000,45
15086,hombre,48,5,primaria,Bogota D.C.,781242,54
15087,mujer,38,17,superior,Bogota D.C.,4800000,40
15088,hombre,37,11,media,Bogota D.C.,2000000,48
15089,hombre,44,11,media,Bogota D.C.,1400000,42
15090,mujer,25,16,superior,Bogota D.C.,700000,42
15091,hombre,54,17,superior,Bogota D.C.,5000000,40
15092,mujer,57,16,superior,Bogota D.C.,6500000,50
15093,hombre,27,13,superior,Bogota D.C.,2000000,60
15094,mujer,27,15,superior,Bogota D.C.,800000,72
15095,mujer,44,17,superior,Bogota D.C.,6000000,48
15096,hombre,45,17,superior,Bogota D.C.,7000000,48
15097,hombre,21,11,media,Bogota D.C.,781242,48
15098,mujer,51,1,primaria,Bogota D.C.,400000,40
15099,hombre,26,7,secundaria,Bogota D.C.,781242,45
15100,hombre,43,11,media,Bogota D.C.,620000,72
15101,mujer,46,11,media,Bogota D.C.,1200000,48
15102,hombre,50,5,primaria,Bogota D.C.,1000000,60
15103,hombre,46,17,superior,Bogota D.C.,5000000,50
15104,mujer,41,16,superior,Bogota D.C.,70000,10
15105,mujer,54,17,superior,Bogota D.C.,4000000,45
15106,mujer,27,16,superior,Bogota D.C.,3400000,40
15107,hombre,60,13,superior,Bogota D.C.,5200000,55
15108,mujer,57,11,media,Bogota D.C.,1460000,64
15109,hombre,29,11,media,Bogota D.C.,1500000,48
15110,mujer,54,7,secundaria,Bogota D.C.,600000,27
15111,hombre,34,11,media,Bogota D.C.,1040000,56
15112,hombre,58,13,superior,Bogota D.C.,7000000,42
15113,mujer,30,18,superior,Bogota D.C.,2800000,48
15114,hombre,30,8,secundaria,Bogota D.C.,1000000,96
15115,mujer,30,13,superior,Bogota D.C.,1100000,40
15116,mujer,47,11,media,Bogota D.C.,781242,72
15117,mujer,32,9,secundaria,Bogota D.C.,480000,16
15118,hombre,25,6,secundaria,Bogota D.C.,900000,40
15119,hombre,47,5,primaria,Bogota D.C.,1100000,48
15120,mujer,44,5,primaria,Bogota D.C.,800000,24
15121,hombre,18,7,secundaria,Bogota D.C.,800000,48
15122,hombre,30,11,media,Bogota D.C.,781242,48
15123,mujer,29,13,superior,Bogota D.C.,1720000,45
15124,hombre,33,13,superior,Bogota D.C.,1280000,48
15125,hombre,29,12,superior,Bogota D.C.,781242,48
15126,mujer,51,9,secundaria,Bogota D.C.,300000,40
15127,hombre,29,17,superior,Bogota D.C.,1200000,40
15128,hombre,24,13,superior,Bogota D.C.,1300000,48
15129,mujer,33,6,secundaria,Bogota D.C.,280000,33
15130,hombre,50,5,primaria,Bogota D.C.,700000,84
15131,mujer,46,9,secundaria,Bogota D.C.,800000,84
15132,hombre,45,18,superior,Bogota D.C.,3600000,40
15133,mujer,44,17,superior,Bogota D.C.,3500000,40
15134,mujer,60,21,superior,Bogota D.C.,800000,5
15135,hombre,24,14,superior,Bogota D.C.,1988000,60
15136,hombre,65,13,superior,Bogota D.C.,650000,35
15137,mujer,37,18,superior,Bogota D.C.,2174000,38
15138,hombre,24,14,superior,Bogota D.C.,781242,48
15139,mujer,50,5,primaria,Bogota D.C.,1000000,25
15140,hombre,29,11,media,Bogota D.C.,1000000,50
15141,mujer,26,17,superior,Bogota D.C.,3600000,48
15142,mujer,19,14,superior,Bogota D.C.,1700000,48
15143,hombre,40,21,superior,Bogota D.C.,2900000,48
15144,hombre,55,11,media,Bogota D.C.,900000,40
15145,hombre,24,11,media,Bogota D.C.,1000000,48
15146,mujer,36,11,media,Bogota D.C.,1000000,60
15147,hombre,20,7,secundaria,Bogota D.C.,1000000,48
15148,hombre,31,10,media,Bogota D.C.,1200000,40
15149,mujer,26,6,secundaria,Bogota D.C.,1031000,72
15150,mujer,46,11,media,Bogota D.C.,880000,72
15151,mujer,24,12,superior,Bogota D.C.,600000,63
15152,hombre,25,12,superior,Bogota D.C.,920000,78
15153,mujer,38,11,media,Bogota D.C.,800000,48
15154,mujer,21,11,media,Bogota D.C.,1500000,48
15155,mujer,18,12,superior,Bogota D.C.,781242,48
15156,hombre,62,14,superior,Bogota D.C.,600000,48
15157,mujer,44,16,superior,Bogota D.C.,6300000,44
15158,mujer,19,11,superior,Bogota D.C.,250000,5
15159,hombre,53,6,secundaria,Bolivar,960000,60
15160,mujer,54,5,primaria,Bolivar,580000,40
15161,hombre,57,5,primaria,Bolivar,600000,40
15162,mujer,24,16,superior,Bolivar,800000,40
15163,mujer,35,16,superior,Bolivar,1000000,48
15164,hombre,40,0,ninguno,Bolivar,400000,30
15165,hombre,44,6,secundaria,Bolivar,850000,48
15166,mujer,30,6,secundaria,Bolivar,500000,40
15167,mujer,27,16,superior,Bolivar,1000000,25
15168,mujer,65,8,secundaria,Bolivar,550000,40
15169,hombre,51,4,primaria,Bolivar,600000,60
15170,mujer,26,11,media,Bolivar,150000,70
15171,hombre,22,11,media,Bolivar,900000,60
15172,hombre,50,16,superior,Bolivar,1500000,50
15173,mujer,26,13,superior,Bolivar,869453,48
15174,mujer,23,13,superior,Bolivar,869453,48
15175,hombre,26,11,media,Bolivar,869453,48
15176,hombre,46,5,primaria,Bolivar,869453,48
15177,hombre,40,11,media,Bolivar,869453,48
15178,hombre,37,11,media,Bolivar,1400000,50
15179,hombre,56,5,primaria,Bolivar,800000,48
15180,mujer,23,16,superior,Bolivar,800000,40
15181,mujer,56,8,secundaria,Bolivar,600000,40
15182,hombre,58,5,primaria,Bolivar,700000,50
15183,hombre,30,11,media,Bolivar,1000000,48
15184,hombre,57,11,media,Bolivar,800000,48
15185,mujer,34,13,superior,Bolivar,1000000,48
15186,hombre,32,11,media,Bolivar,781242,48
15187,mujer,44,11,media,Bolivar,781242,48
15188,mujer,64,11,media,Bolivar,700000,30
15189,hombre,37,11,media,Bolivar,600000,48
15190,mujer,35,13,superior,Bolivar,900000,40
15191,hombre,43,16,superior,Bolivar,1600000,40
15192,mujer,37,11,media,Bolivar,781242,48
15193,hombre,35,16,superior,Bolivar,960000,48
15194,hombre,44,13,superior,Bolivar,1800000,48
15195,hombre,64,6,secundaria,Bolivar,600000,48
15196,mujer,36,11,media,Bolivar,300000,30
15197,hombre,42,14,superior,Bolivar,1750000,40
15198,hombre,54,7,secundaria,Bolivar,700000,40
15199,mujer,52,4,primaria,Bolivar,240000,25
15200,mujer,22,13,superior,Bolivar,400000,25
15201,mujer,20,14,superior,Bolivar,900000,48
15202,hombre,18,12,superior,Bolivar,400000,30
15203,mujer,23,13,superior,Bolivar,240000,20
15204,hombre,26,11,media,Bolivar,869453,48
15205,mujer,26,11,media,Bolivar,900000,48
15206,hombre,48,11,media,Bolivar,600000,40
15207,hombre,25,5,primaria,Bolivar,600000,40
15208,hombre,24,11,media,Bolivar,600000,40
15209,hombre,40,11,media,Bolivar,1000000,48
15210,mujer,33,13,superior,Bolivar,1000000,60
15211,hombre,30,11,media,Bolivar,900000,60
15212,mujer,30,9,secundaria,Bolivar,790000,48
15213,hombre,28,13,superior,Bolivar,900000,50
15214,mujer,24,13,superior,Bolivar,300000,30
15215,mujer,55,11,media,Bolivar,1200000,48
15216,hombre,40,11,media,Bolivar,1800000,48
15217,mujer,30,14,superior,Bolivar,781242,48
15218,mujer,25,11,media,Bolivar,781242,48
15219,hombre,23,11,media,Bolivar,781242,48
15220,mujer,51,16,superior,Bolivar,1200000,40
15221,hombre,32,11,media,Bolivar,900000,40
15222,mujer,64,11,media,Bolivar,600000,55
15223,mujer,47,11,media,Bolivar,500000,45
15224,hombre,35,11,media,Bolivar,1300000,70
15225,mujer,38,13,superior,Bolivar,781242,48
15226,mujer,25,13,superior,Bolivar,800000,40
15227,hombre,43,11,media,Bolivar,1200000,55
15228,hombre,34,14,superior,Bolivar,1400000,50
15229,hombre,37,16,superior,Bolivar,2000000,48
15230,hombre,38,11,media,Bolivar,700000,40
15231,hombre,45,5,primaria,Bolivar,900000,48
15232,hombre,53,8,secundaria,Bolivar,900000,48
15233,hombre,53,7,secundaria,Bolivar,1200000,48
15234,mujer,21,14,superior,Bolivar,900000,40
15235,hombre,58,5,primaria,Bolivar,100000,30
15236,hombre,54,11,media,Bolivar,600000,40
15237,mujer,41,11,media,Bolivar,1000000,48
15238,hombre,40,16,superior,Bolivar,2000000,48
15239,mujer,38,16,superior,Bolivar,2000000,48
15240,hombre,50,16,superior,Bolivar,1700000,48
15241,hombre,55,16,superior,Bolivar,2500000,48
15242,mujer,54,5,primaria,Bolivar,400000,30
15243,mujer,48,14,superior,Bolivar,1400000,48
15244,mujer,43,16,superior,Bolivar,5000000,40
15245,hombre,26,16,superior,Bolivar,1400000,48
15246,hombre,21,15,superior,Bolivar,600000,40
15247,mujer,27,9,secundaria,Bolivar,740000,49
15248,mujer,37,13,superior,Bolivar,900000,48
15249,hombre,38,14,superior,Bolivar,1200000,48
15250,mujer,27,17,superior,Boyaca,3500000,40
15251,hombre,32,4,primaria,Boyaca,250000,40
15252,mujer,29,4,primaria,Boyaca,650000,24
15253,mujer,36,11,media,Boyaca,781242,48
15254,hombre,36,12,superior,Boyaca,811000,45
15255,hombre,53,12,superior,Boyaca,200000,48
15256,hombre,31,11,media,Boyaca,1050000,54
15257,mujer,28,17,superior,Boyaca,2700000,40
15258,hombre,39,11,media,Boyaca,781242,48
15259,mujer,34,11,media,Boyaca,600000,40
15260,hombre,28,16,superior,Caldas,1200000,42
15261,mujer,33,16,superior,Caldas,900000,48
15262,hombre,37,14,superior,Caldas,781242,48
15263,mujer,43,11,media,Caldas,390621,24
15264,hombre,40,5,primaria,Caldas,1000000,48
15265,mujer,49,14,superior,Caldas,781242,48
15266,mujer,48,13,superior,Caldas,300000,24
15267,mujer,21,11,media,Caldas,500000,32
15268,hombre,20,14,superior,Caldas,781242,48
15269,hombre,51,5,primaria,Caldas,1600000,48
15270,mujer,20,13,superior,Caldas,781242,48
15271,mujer,25,21,superior,Caldas,1800000,48
15272,hombre,44,11,media,Caldas,781242,48
15273,hombre,33,17,superior,Caldas,5300000,48
15274,hombre,32,11,media,Caldas,781242,48
15275,mujer,23,12,superior,Caldas,950000,48
15276,hombre,20,11,media,Caldas,781242,48
15277,mujer,18,12,superior,Caldas,781242,48
15278,mujer,33,11,media,Caldas,781242,48
15279,mujer,24,11,media,Caldas,781242,48
15280,mujer,41,14,superior,Caldas,781242,48
15281,hombre,36,11,media,Caldas,1127000,48
15282,mujer,25,16,superior,Caldas,936000,48
15283,hombre,37,16,superior,Caldas,1500000,42
15284,hombre,42,11,media,Caldas,1096000,48
15285,mujer,24,11,media,Caldas,900000,48
15286,hombre,38,5,primaria,Caldas,800000,42
15287,mujer,39,11,media,Caldas,1100000,84
15288,hombre,37,16,superior,Caldas,2000000,90
15289,mujer,37,16,superior,Caldas,900000,48
15290,mujer,61,18,superior,Caldas,3000000,30
15291,mujer,35,11,media,Caqueta,782000,48
15292,hombre,33,11,media,Caqueta,600000,48
15293,hombre,56,5,primaria,Caqueta,900000,48
15294,mujer,24,13,superior,Caqueta,300000,30
15295,hombre,26,13,superior,Caqueta,2000000,48
15296,hombre,26,13,superior,Caqueta,2000000,90
15297,mujer,26,13,superior,Caqueta,1000000,40
15298,hombre,30,13,superior,Caqueta,500000,40
15299,mujer,29,16,superior,Caqueta,2000000,48
15300,mujer,56,12,superior,Caqueta,782000,48
15301,hombre,51,5,primaria,Caqueta,800000,60
15302,mujer,35,17,superior,Caqueta,1800000,48
15303,hombre,61,11,media,Caqueta,150000,40
15304,mujer,55,16,superior,Caqueta,5000000,40
15305,hombre,36,11,media,Caqueta,900000,48
15306,mujer,28,13,superior,Caqueta,782000,48
15307,hombre,25,11,media,Caqueta,900000,48
15308,mujer,41,11,media,Caqueta,800000,48
15309,hombre,53,18,superior,Caqueta,6600000,44
15310,mujer,40,17,superior,Caqueta,700000,50
15311,hombre,36,13,superior,Caqueta,1700000,48
15312,mujer,63,20,superior,Caqueta,7000000,48
15313,hombre,48,19,superior,Caqueta,2400000,8
15314,mujer,35,16,superior,Caqueta,900000,60
15315,mujer,52,18,superior,Caqueta,2500000,48
15316,hombre,40,11,media,Caqueta,1000000,48
15317,hombre,56,2,primaria,Caqueta,800000,40
15318,hombre,57,11,media,Caqueta,2000000,50
15319,mujer,54,11,media,Caqueta,3000000,48
15320,hombre,32,12,superior,Caqueta,2000000,48
15321,mujer,19,12,superior,Caqueta,200000,30
15322,mujer,60,16,superior,Caqueta,830000,30
15323,hombre,46,8,secundaria,Caqueta,1800000,42
15324,mujer,47,11,media,Caqueta,850000,56
15325,hombre,45,17,superior,Caqueta,2100000,40
15326,mujer,57,18,superior,Caqueta,3000000,50
15327,mujer,54,18,superior,Caqueta,4500000,40
15328,hombre,31,13,superior,Caqueta,1000000,60
15329,mujer,25,16,superior,Caqueta,800000,40
15330,mujer,59,18,superior,Caqueta,5000000,60
15331,mujer,53,11,media,Caqueta,300000,40
15332,mujer,61,6,secundaria,Caqueta,1000000,10
15333,hombre,38,16,superior,Caqueta,3000000,48
15334,hombre,55,7,secundaria,Caqueta,1200000,84
15335,mujer,43,11,media,Caqueta,900000,48
15336,hombre,28,8,secundaria,Caqueta,1000000,40
15337,mujer,23,11,media,Caqueta,1500000,60
15338,mujer,20,12,superior,Caqueta,500000,20
15339,hombre,53,5,primaria,Caqueta,800000,40
15340,mujer,48,11,media,Caqueta,200000,25
15341,hombre,57,5,primaria,Caqueta,800000,40
15342,mujer,45,5,primaria,Caqueta,600000,50
15343,mujer,26,12,superior,Caqueta,820000,48
15344,hombre,65,11,media,Caqueta,1000000,40
15345,hombre,53,4,primaria,Caqueta,1000000,60
15346,mujer,52,5,primaria,Caqueta,600000,40
15347,hombre,29,11,media,Caqueta,780000,40
15348,mujer,51,17,superior,Caqueta,4900000,40
15349,mujer,24,13,superior,Caqueta,800000,24
15350,hombre,38,16,superior,Caqueta,3500000,54
15351,mujer,33,19,superior,Caqueta,1200000,40
15352,hombre,44,11,media,Caqueta,1000000,48
15353,hombre,49,8,secundaria,Caqueta,1200000,50
15354,mujer,52,18,superior,Caqueta,2000000,40
15355,mujer,31,11,media,Caqueta,925148,48
15356,hombre,29,11,media,Caqueta,600000,50
15357,hombre,32,8,secundaria,Caqueta,1020000,60
15358,hombre,55,7,secundaria,Caqueta,360000,40
15359,mujer,62,11,media,Caqueta,550000,50
15360,mujer,25,12,superior,Caqueta,806000,40
15361,mujer,43,1,primaria,Caqueta,250000,35
15362,hombre,37,5,primaria,Caqueta,560000,60
15363,hombre,19,5,primaria,Caqueta,900000,40
15364,hombre,25,6,secundaria,Caqueta,800000,50
15365,mujer,59,2,primaria,Caqueta,150000,50
15366,hombre,30,1,primaria,Caqueta,500000,40
15367,hombre,19,11,media,Caqueta,800000,49
15368,mujer,35,3,primaria,Caqueta,300000,40
15369,mujer,18,6,secundaria,Caqueta,1300000,60
15370,hombre,25,10,media,Caqueta,925116,48
15371,mujer,34,12,superior,Caqueta,1306000,45
15372,mujer,25,17,superior,Caqueta,3000000,40
15373,hombre,30,17,superior,Caqueta,2300000,50
15374,hombre,50,20,superior,Caqueta,4000000,48
15375,mujer,51,16,superior,Caqueta,2000000,22
15376,mujer,36,11,media,Caqueta,1000000,40
15377,mujer,59,20,superior,Caqueta,6800000,48
15378,mujer,38,11,media,Caqueta,450000,40
15379,hombre,22,8,secundaria,Caqueta,1000000,50
15380,hombre,46,0,ninguno,Caqueta,800000,60
15381,mujer,54,12,superior,Cauca,1104000,40
15382,mujer,34,16,superior,Cauca,864000,40
15383,mujer,24,14,superior,Cauca,1400000,84
15384,hombre,29,11,media,Cauca,300000,56
15385,hombre,33,7,secundaria,Cauca,200000,10
15386,mujer,38,11,media,Cauca,864000,56
15387,mujer,26,12,superior,Cauca,600000,4
15388,hombre,27,7,secundaria,Cauca,781242,60
15389,mujer,25,11,media,Cauca,600000,21
15390,hombre,22,14,superior,Cauca,828116,40
15391,mujer,46,11,media,Cauca,300000,5
15392,mujer,53,5,primaria,Cauca,828116,48
15393,mujer,27,19,superior,Cauca,2000000,36
15394,hombre,47,5,primaria,Cauca,60000,40
15395,mujer,49,3,primaria,Cauca,150000,44
15396,hombre,27,5,primaria,Cauca,500000,48
15397,hombre,50,17,superior,Cauca,1700000,48
15398,mujer,29,16,superior,Cauca,1800000,45
15399,hombre,31,11,media,Cauca,700000,40
15400,mujer,26,13,superior,Cauca,550000,45
15401,hombre,35,13,superior,Cauca,781242,44
15402,mujer,53,6,secundaria,Cauca,280000,48
15403,hombre,33,13,superior,Cauca,2200000,70
15404,hombre,32,16,superior,Cauca,1200000,40
15405,hombre,56,14,superior,Cauca,1000000,60
15406,hombre,37,13,superior,Cauca,1000000,60
15407,mujer,27,13,superior,Cauca,900000,36
15408,hombre,43,13,superior,Cauca,1500000,40
15409,mujer,36,18,superior,Cauca,1600000,40
15410,mujer,51,16,superior,Cesar,2000000,30
15411,hombre,51,16,superior,Cesar,3500000,48
15412,mujer,51,16,superior,Cesar,700000,24
15413,hombre,60,17,superior,Cesar,4000000,48
15414,hombre,27,12,superior,Cesar,860000,48
15415,mujer,25,16,superior,Cesar,500000,30
15416,mujer,50,16,superior,Cesar,1000000,48
15417,hombre,64,11,media,Cesar,700000,48
15418,mujer,55,16,superior,Cesar,1784000,48
15419,mujer,25,17,superior,Cesar,1200000,48
15420,hombre,43,11,media,Cesar,870000,54
15421,hombre,50,4,primaria,Cesar,800000,48
15422,mujer,41,5,primaria,Cesar,680000,48
15423,mujer,49,9,secundaria,Cesar,400000,48
15424,hombre,34,13,superior,Cesar,2500000,70
15425,hombre,19,11,media,Cesar,1000000,60
15426,mujer,34,10,media,Cesar,1000000,50
15427,hombre,31,11,media,Cesar,2700000,48
15428,mujer,24,11,media,Cesar,1000000,24
15429,mujer,39,2,primaria,Cesar,400000,54
15430,hombre,21,11,media,Cesar,800000,48
15431,mujer,63,10,media,Cesar,1800000,48
15432,mujer,57,16,superior,Cesar,1800000,40
15433,hombre,56,3,primaria,Cesar,600000,48
15434,hombre,64,5,primaria,Cesar,700000,60
15435,mujer,60,5,primaria,Cesar,200000,30
15436,mujer,50,11,media,Cesar,860000,48
15437,hombre,26,13,superior,Cesar,860000,48
15438,mujer,28,13,superior,Cesar,380000,40
15439,hombre,40,9,secundaria,Cesar,1800000,48
15440,hombre,29,11,media,Cesar,800000,50
15441,hombre,32,11,media,Cesar,1900000,48
15442,hombre,46,11,media,Cesar,1200000,48
15443,hombre,20,13,superior,Cesar,781000,48
15444,hombre,24,8,secundaria,Cesar,900000,48
15445,hombre,27,12,superior,Cesar,860000,48
15446,hombre,25,10,media,Cesar,300000,48
15447,hombre,55,18,superior,Cesar,3000000,48
15448,hombre,25,13,superior,Cesar,860000,48
15449,mujer,37,11,media,Cesar,420000,48
15450,mujer,60,11,media,Cesar,500000,40
15451,mujer,27,14,superior,Cesar,800000,60
15452,mujer,50,13,superior,Cesar,1400000,40
15453,hombre,45,11,media,Cesar,830000,48
15454,hombre,45,5,primaria,Cesar,1000000,70
15455,mujer,38,16,superior,Cesar,900000,40
15456,mujer,47,16,superior,Cesar,2300000,60
15457,hombre,50,16,superior,Cesar,2500000,60
15458,hombre,30,15,superior,Cesar,980000,48
15459,hombre,47,3,primaria,Cesar,900000,40
15460,hombre,50,9,secundaria,Cesar,2000000,60
15461,hombre,27,14,superior,Cordoba,1550000,84
15462,hombre,25,14,superior,Cordoba,1000000,84
15463,mujer,53,11,media,Cordoba,450000,48
15464,hombre,48,11,media,Cordoba,1200000,46
15465,hombre,57,5,primaria,Cordoba,500000,48
15466,hombre,18,10,media,Cordoba,440000,48
15467,mujer,30,11,media,Cordoba,450000,48
15468,mujer,54,11,media,Cordoba,800000,50
15469,hombre,40,5,primaria,Cordoba,400000,40
15470,hombre,49,11,media,Cordoba,500000,46
15471,hombre,52,11,media,Cordoba,1120000,48
15472,hombre,28,14,superior,Cordoba,330000,40
15473,hombre,23,11,media,Cordoba,781242,48
15474,hombre,65,11,media,Cordoba,500000,40
15475,mujer,22,16,superior,Cordoba,800000,48
15476,hombre,33,11,media,Cordoba,1200000,52
15477,mujer,27,11,media,Cordoba,781242,48
15478,hombre,30,16,superior,Cordoba,1200000,40
15479,hombre,48,16,superior,Cordoba,2800000,30
15480,hombre,55,7,secundaria,Cordoba,850000,40
15481,hombre,29,11,media,Cordoba,781242,46
15482,hombre,27,5,primaria,Cordoba,600000,48
15483,hombre,27,0,ninguno,Cordoba,600000,48
15484,mujer,23,15,superior,Cordoba,800000,40
15485,mujer,38,5,primaria,Cordoba,1300000,40
15486,mujer,36,2,primaria,Cordoba,1400000,48
15487,mujer,65,11,media,Cordoba,5000000,48
15488,hombre,37,16,superior,Cordoba,3000000,48
15489,mujer,57,11,media,Cordoba,900000,40
15490,mujer,54,11,media,Cordoba,860000,40
15491,hombre,57,8,secundaria,Cordoba,850000,50
15492,hombre,36,11,media,Cordoba,500000,45
15493,hombre,34,11,media,Cordoba,780000,60
15494,mujer,44,11,media,Cordoba,781242,40
15495,hombre,47,18,superior,Cordoba,11000000,40
15496,hombre,32,14,superior,Cordoba,1300000,48
15497,hombre,36,16,superior,Cordoba,2300000,48
15498,mujer,53,11,media,Cordoba,630000,35
15499,mujer,41,5,primaria,Cordoba,450000,36
15500,hombre,39,10,media,Cordoba,700000,48
15501,hombre,23,11,media,Cordoba,900000,72
15502,mujer,58,0,ninguno,Cordoba,10000,10
15503,hombre,64,0,ninguno,Cordoba,500000,48
15504,hombre,27,16,superior,Cordoba,1000000,40
15505,hombre,37,11,media,Cordoba,1030000,52
15506,hombre,43,5,primaria,Cordoba,300000,30
15507,hombre,40,11,media,Cordoba,800000,48
15508,hombre,24,11,media,Cordoba,500000,48
15509,hombre,31,11,media,Cordoba,781242,48
15510,hombre,36,4,primaria,Cordoba,540000,60
15511,hombre,52,11,media,Cordoba,400000,48
15512,mujer,46,9,secundaria,Cordoba,50000,16
15513,hombre,55,5,primaria,Cordoba,900000,48
15514,mujer,41,11,media,Cordoba,180000,28
15515,hombre,39,16,superior,Cordoba,1200000,40
15516,hombre,40,14,superior,Cordoba,781242,48
15517,mujer,36,11,media,Cordoba,781242,48
15518,hombre,41,11,media,Cordoba,781242,72
15519,mujer,37,16,superior,Cordoba,868000,48
15520,hombre,27,11,media,Cordoba,580000,77
15521,mujer,20,11,media,Cordoba,500000,48
15522,hombre,38,11,media,Cordoba,740000,48
15523,hombre,44,18,superior,Cordoba,2000000,48
15524,hombre,39,18,superior,Cordoba,2000000,48
15525,mujer,62,8,secundaria,Cordoba,100000,28
15526,hombre,52,5,primaria,Cordoba,800000,36
15527,mujer,49,6,secundaria,Cordoba,35000,15
15528,hombre,34,13,superior,Cordoba,781242,48
15529,mujer,64,5,primaria,Cordoba,50000,20
15530,hombre,26,11,media,Cordoba,600000,60
15531,mujer,30,11,media,Cordoba,750000,48
15532,mujer,63,3,primaria,Cordoba,600000,91
15533,mujer,45,11,media,Cordoba,400000,36
15534,mujer,29,16,superior,Cordoba,1500000,45
15535,hombre,26,11,media,Cordoba,2200000,54
15536,hombre,32,13,superior,Cordoba,2200000,52
15537,hombre,50,16,superior,Cordoba,800000,38
15538,mujer,55,13,superior,Cordoba,1500000,44
15539,mujer,38,10,media,Cordoba,480000,49
15540,hombre,29,8,secundaria,Cordoba,400000,48
15541,hombre,22,8,secundaria,Cordoba,300000,48
15542,mujer,44,8,secundaria,Cordoba,620000,48
15543,hombre,54,7,secundaria,Cordoba,500000,56
15544,mujer,55,7,secundaria,Cordoba,400000,48
15545,mujer,61,5,primaria,Cordoba,250000,48
15546,hombre,62,11,media,Cordoba,1000000,48
15547,hombre,23,15,superior,Cordoba,1000000,48
15548,mujer,57,11,media,Cordoba,1000000,30
15549,hombre,37,11,media,Cordoba,800000,40
15550,mujer,33,16,superior,Cordoba,1200000,48
15551,mujer,30,16,superior,Cordoba,1500000,48
15552,mujer,31,15,superior,Cordoba,1500000,48
15553,mujer,47,16,superior,Cordoba,2000000,40
15554,mujer,30,16,superior,Cordoba,2000000,48
15555,hombre,40,11,media,Cordoba,900000,60
15556,hombre,27,11,media,Cordoba,2100000,50
15557,mujer,26,16,superior,Cordoba,500000,48
15558,hombre,34,11,media,Cordoba,550000,40
15559,mujer,48,8,secundaria,Cordoba,800000,40
15560,hombre,47,8,secundaria,Cordoba,700000,48
15561,mujer,63,11,media,Cordoba,400000,60
15562,mujer,33,16,superior,Cordoba,2500000,48
15563,mujer,33,16,superior,Cordoba,1500000,48
15564,hombre,30,16,superior,Cordoba,2000000,30
15565,mujer,41,18,superior,Cordoba,2800000,30
15566,mujer,40,11,media,Cordoba,500000,50
15567,hombre,27,11,media,Cordoba,1000000,60
15568,mujer,49,18,superior,Cordoba,3200000,40
15569,hombre,48,18,superior,Cordoba,2600000,40
15570,mujer,48,16,superior,Choco,2000000,40
15571,mujer,24,12,superior,Choco,100000,15
15572,hombre,41,12,superior,Choco,1500000,56
15573,hombre,37,11,media,Choco,2000000,48
15574,mujer,55,5,primaria,Choco,200000,40
15575,hombre,39,11,media,Choco,700000,48
15576,hombre,29,13,superior,Choco,900000,40
15577,mujer,40,12,superior,Choco,400000,20
15578,mujer,55,17,superior,Choco,3000000,30
15579,hombre,53,16,superior,Choco,1500000,48
15580,hombre,34,11,media,Choco,1000000,60
15581,mujer,54,12,superior,Choco,750000,36
15582,hombre,43,5,primaria,Choco,1800000,66
15583,mujer,65,17,superior,Choco,4000000,30
15584,hombre,63,3,primaria,Choco,828200,48
15585,mujer,31,13,superior,Choco,781242,48
15586,hombre,39,11,media,Choco,600000,48
15587,mujer,37,16,superior,Choco,580000,48
15588,hombre,30,11,media,Choco,781242,48
15589,hombre,24,15,superior,Choco,936000,45
15590,hombre,28,11,media,Choco,720000,66
15591,mujer,50,12,superior,Choco,1120000,48
15592,mujer,26,16,superior,Choco,3000000,48
15593,hombre,36,11,media,Choco,900000,50
15594,mujer,53,5,primaria,Choco,300000,35
15595,hombre,34,5,primaria,Choco,781242,48
15596,mujer,29,13,superior,Choco,781242,40
15597,mujer,54,5,primaria,Choco,300000,48
15598,mujer,30,5,primaria,Choco,70000,12
15599,mujer,43,8,secundaria,Choco,450000,48
15600,mujer,57,13,media,Choco,414058,48
15601,mujer,56,11,media,Choco,500000,70
15602,mujer,60,5,primaria,Choco,781242,48
15603,mujer,62,16,superior,Choco,3000000,30
15604,hombre,44,11,media,Choco,4000000,48
15605,hombre,42,11,media,Choco,1200000,60
15606,hombre,30,11,media,Choco,828116,48
15607,mujer,25,11,media,Choco,500000,40
15608,mujer,21,14,superior,Choco,120000,8
15609,hombre,31,13,superior,Choco,1428116,48
15610,hombre,19,0,ninguno,Choco,1000000,20
15611,mujer,39,3,primaria,Choco,350000,48
15612,hombre,43,3,primaria,Choco,850000,48
15613,hombre,25,11,media,Choco,1049000,54
15614,mujer,22,11,media,Choco,480000,48
15615,hombre,28,8,secundaria,Choco,1000000,60
15616,mujer,38,16,superior,Choco,1300000,40
15617,mujer,55,16,superior,Choco,2500000,30
15618,mujer,37,16,superior,Choco,2700000,48
15619,mujer,48,5,primaria,Huila,600000,84
15620,hombre,53,3,primaria,Huila,700000,60
15621,hombre,24,5,primaria,Huila,700000,60
15622,hombre,30,6,secundaria,Huila,1600000,48
15623,mujer,53,5,primaria,Huila,950000,40
15624,mujer,21,13,superior,Huila,280000,24
15625,hombre,42,11,media,Huila,1200000,48
15626,mujer,57,5,primaria,Huila,740000,60
15627,hombre,20,7,secundaria,Huila,700000,40
15628,hombre,21,5,primaria,Huila,500000,40
15629,hombre,53,8,secundaria,Huila,500000,48
15630,mujer,53,5,primaria,Huila,800000,48
15631,hombre,26,9,secundaria,Huila,900000,48
15632,mujer,35,11,media,Huila,781242,48
15633,mujer,62,0,ninguno,Huila,781800,48
15634,hombre,23,8,secundaria,Huila,400000,84
15635,mujer,39,14,superior,Huila,1500000,60
15636,mujer,52,11,media,Huila,931000,40
15637,mujer,24,11,media,Huila,781000,60
15638,hombre,63,5,primaria,Huila,700000,48
15639,hombre,24,13,superior,Huila,1000000,48
15640,hombre,44,3,primaria,Huila,600000,48
15641,hombre,37,9,secundaria,Huila,781000,60
15642,hombre,35,6,secundaria,Huila,400000,60
15643,mujer,21,13,superior,Huila,900000,48
15644,mujer,45,3,primaria,Huila,450000,30
15645,mujer,23,11,media,Huila,700000,55
15646,hombre,49,5,primaria,Huila,1200000,60
15647,hombre,28,13,superior,Huila,1000000,48
15648,mujer,51,14,superior,Huila,1000000,40
15649,mujer,33,17,superior,Huila,3400000,40
15650,hombre,30,16,superior,Huila,2700000,45
15651,hombre,48,16,superior,Huila,3500000,80
15652,hombre,52,16,superior,Huila,4000000,50
15653,mujer,45,16,superior,Huila,3000000,40
15654,hombre,64,16,superior,Huila,1000000,40
15655,mujer,65,18,superior,Huila,6000000,45
15656,hombre,33,16,superior,Huila,3000000,48
15657,hombre,25,14,superior,Huila,900000,40
15658,mujer,24,14,superior,Huila,700000,49
15659,mujer,57,16,superior,Huila,3500000,42
15660,mujer,53,18,superior,Huila,3400000,40
15661,mujer,33,16,superior,Huila,2600000,40
15662,mujer,46,11,media,Huila,1050000,40
15663,mujer,26,16,superior,Huila,4500000,45
15664,hombre,38,9,secundaria,Huila,800000,48
15665,hombre,22,11,media,Huila,1100000,60
15666,mujer,22,13,superior,Huila,781000,20
15667,hombre,36,10,media,Huila,800000,48
15668,mujer,32,5,primaria,Huila,900000,48
15669,mujer,28,11,media,Huila,2000000,40
15670,hombre,50,3,primaria,Huila,300000,60
15671,hombre,42,6,secundaria,Huila,400000,84
15672,hombre,32,5,primaria,Huila,400000,84
15673,hombre,46,5,primaria,Huila,1120000,45
15674,hombre,52,6,secundaria,Huila,980000,48
15675,hombre,48,5,primaria,Huila,150000,60
15676,mujer,33,14,superior,Huila,1100000,55
15677,hombre,31,3,primaria,Huila,700000,45
15678,mujer,61,0,ninguno,Huila,200000,60
15679,hombre,35,8,secundaria,Huila,1100000,48
15680,mujer,38,13,superior,Huila,1200000,72
15681,mujer,44,5,primaria,Huila,1000000,60
15682,mujer,24,11,media,Huila,860000,45
15683,hombre,49,11,media,Huila,700000,40
15684,hombre,64,2,primaria,Huila,420000,70
15685,hombre,62,5,primaria,Huila,1200000,70
15686,mujer,59,5,primaria,Huila,300000,40
15687,hombre,28,10,media,Huila,800000,45
15688,hombre,25,11,media,Huila,700000,40
15689,hombre,22,5,primaria,Huila,600000,40
15690,mujer,57,2,primaria,Huila,200000,48
15691,hombre,56,18,superior,Huila,2343750,60
15692,mujer,50,11,media,Huila,900000,71
15693,mujer,21,12,superior,Huila,300000,56
15694,hombre,52,5,primaria,Huila,500000,40
15695,mujer,26,11,media,Huila,781000,70
15696,mujer,58,3,primaria,Huila,200000,40
15697,hombre,55,11,media,Huila,900000,48
15698,hombre,28,5,primaria,Huila,600000,40
15699,hombre,61,11,media,Huila,1200000,60
15700,mujer,53,5,primaria,Huila,480000,40
15701,hombre,53,5,primaria,Huila,580000,48
15702,hombre,25,11,media,Huila,800000,48
15703,mujer,30,14,superior,Huila,781242,48
15704,hombre,25,11,media,Huila,1000000,48
15705,mujer,56,11,media,Huila,50000,10
15706,hombre,28,16,superior,Huila,2400000,48
15707,hombre,25,11,media,Huila,785000,48
15708,hombre,25,11,media,Huila,1150000,56
15709,mujer,22,11,media,Huila,300000,84
15710,hombre,61,3,primaria,Huila,700000,48
15711,mujer,61,3,primaria,Huila,400000,40
15712,mujer,30,12,superior,Huila,950000,48
15713,mujer,41,11,media,Huila,60000,48
15714,hombre,48,8,secundaria,Huila,781000,48
15715,mujer,22,15,superior,Huila,600000,30
15716,mujer,60,5,primaria,Huila,900000,40
15717,hombre,33,16,superior,Huila,1300000,48
15718,mujer,40,13,superior,Huila,900000,48
15719,hombre,57,11,media,Huila,781800,48
15720,hombre,48,19,superior,Huila,2400000,40
15721,mujer,41,15,superior,Huila,850000,48
15722,hombre,42,16,superior,Huila,2400000,60
15723,mujer,38,17,superior,Huila,1150000,40
15724,hombre,50,14,superior,Huila,1500000,48
15725,mujer,59,11,media,Huila,800000,60
15726,hombre,25,8,secundaria,La Guajira,600000,72
15727,hombre,23,10,media,La Guajira,750000,70
15728,hombre,54,6,secundaria,La Guajira,500000,48
15729,hombre,42,11,media,La Guajira,800000,84
15730,hombre,60,8,secundaria,La Guajira,900000,84
15731,mujer,44,13,superior,La Guajira,300000,42
15732,hombre,48,9,secundaria,La Guajira,900000,84
15733,hombre,44,3,primaria,La Guajira,420000,49
15734,hombre,48,13,superior,La Guajira,781242,40
15735,mujer,38,16,superior,La Guajira,110000,40
15736,hombre,59,2,primaria,La Guajira,800000,48
15737,mujer,41,0,ninguno,La Guajira,90000,5
15738,hombre,22,11,media,La Guajira,400000,50
15739,hombre,20,11,superior,La Guajira,300000,48
15740,mujer,48,7,secundaria,La Guajira,150000,30
15741,hombre,61,5,primaria,La Guajira,150000,48
15742,hombre,35,13,superior,La Guajira,800000,48
15743,mujer,39,16,superior,La Guajira,1000000,40
15744,hombre,33,11,media,La Guajira,925148,40
15745,hombre,50,8,secundaria,La Guajira,700000,60
15746,mujer,49,11,media,La Guajira,4000000,98
15747,mujer,65,4,primaria,La Guajira,1800000,42
15748,mujer,40,16,superior,La Guajira,5000000,30
15749,hombre,61,16,superior,La Guajira,1200000,48
15750,hombre,27,16,superior,La Guajira,500000,48
15751,hombre,22,13,superior,La Guajira,600000,48
15752,hombre,50,23,superior,La Guajira,8000000,60
15753,mujer,44,14,superior,La Guajira,4880000,48
15754,hombre,57,0,ninguno,La Guajira,900000,84
15755,hombre,34,13,superior,La Guajira,870000,48
15756,hombre,33,3,primaria,La Guajira,1200000,98
15757,hombre,44,18,superior,La Guajira,4270000,50
15758,mujer,41,16,superior,La Guajira,1870000,40
15759,hombre,56,6,secundaria,La Guajira,2800000,48
15760,hombre,27,11,media,La Guajira,600000,50
15761,mujer,47,21,superior,La Guajira,1800000,44
15762,hombre,35,16,superior,La Guajira,2500000,60
15763,hombre,59,18,superior,La Guajira,5200000,40
15764,mujer,52,19,superior,La Guajira,57500000,40
15765,mujer,48,4,primaria,La Guajira,781242,40
15766,hombre,51,3,primaria,La Guajira,700000,84
15767,mujer,46,3,primaria,La Guajira,80000,28
15768,hombre,41,3,primaria,La Guajira,1000000,56
15769,hombre,48,11,media,La Guajira,750000,70
15770,mujer,39,8,secundaria,La Guajira,900000,56
15771,hombre,22,6,secundaria,La Guajira,800000,72
15772,mujer,30,16,superior,La Guajira,2700000,48
15773,mujer,57,4,primaria,La Guajira,150000,21
15774,hombre,35,11,media,La Guajira,900000,48
15775,mujer,33,16,superior,La Guajira,982000,48
15776,hombre,27,12,superior,La Guajira,787000,48
15777,mujer,57,13,superior,La Guajira,520000,60
15778,mujer,57,5,primaria,La Guajira,210000,28
15779,hombre,40,13,superior,La Guajira,600000,48
15780,mujer,23,11,media,La Guajira,300000,35
15781,mujer,37,11,media,La Guajira,750000,70
15782,mujer,34,13,superior,La Guajira,200000,48
15783,hombre,39,11,media,La Guajira,2141000,48
15784,hombre,30,13,superior,La Guajira,1800000,48
15785,mujer,30,16,superior,La Guajira,1425000,48
15786,hombre,28,11,media,La Guajira,3000000,50
15787,mujer,61,5,primaria,La Guajira,90000,42
15788,mujer,35,5,primaria,La Guajira,520000,42
15789,hombre,32,17,superior,La Guajira,1800000,30
15790,mujer,28,17,superior,La Guajira,1200000,50
15791,mujer,49,19,superior,La Guajira,3300000,30
15792,mujer,30,17,superior,La Guajira,1200000,45
15793,hombre,41,5,primaria,La Guajira,600000,84
15794,hombre,46,11,media,La Guajira,250000,40
15795,mujer,40,6,secundaria,La Guajira,80000,30
15796,mujer,33,11,media,La Guajira,600000,50
15797,hombre,60,19,superior,La Guajira,2700000,20
15798,mujer,32,16,superior,La Guajira,200000,60
15799,mujer,38,18,superior,La Guajira,1400000,48
15800,hombre,38,0,ninguno,La Guajira,200000,35
15801,mujer,48,7,secundaria,La Guajira,600000,48
15802,hombre,29,9,secundaria,La Guajira,1200000,60
15803,hombre,19,11,media,La Guajira,120000,40
15804,hombre,54,11,media,La Guajira,800000,60
15805,mujer,50,3,primaria,La Guajira,300000,70
15806,mujer,33,5,primaria,La Guajira,240000,70
15807,hombre,32,4,primaria,La Guajira,150000,70
15808,mujer,30,11,media,La Guajira,300000,56
15809,hombre,27,11,media,La Guajira,210000,70
15810,mujer,44,16,superior,La Guajira,1800000,22
15811,hombre,44,11,media,La Guajira,1500000,40
15812,mujer,35,16,superior,La Guajira,780000,44
15813,hombre,36,16,superior,La Guajira,781242,40
15814,hombre,31,16,superior,La Guajira,1300000,40
15815,mujer,26,16,superior,La Guajira,1563000,48
15816,hombre,44,18,superior,La Guajira,400000,40
15817,mujer,55,15,superior,La Guajira,500000,120
15818,mujer,39,16,superior,La Guajira,925148,45
15819,hombre,40,16,superior,La Guajira,1500000,40
15820,hombre,56,0,ninguno,La Guajira,400000,48
15821,hombre,45,9,secundaria,La Guajira,753000,70
15822,mujer,21,9,secundaria,La Guajira,720000,72
15823,mujer,54,11,media,La Guajira,200000,20
15824,hombre,60,5,primaria,La Guajira,100000,84
15825,hombre,46,5,primaria,La Guajira,140000,35
15826,mujer,40,0,ninguno,La Guajira,120000,34
15827,mujer,38,3,primaria,La Guajira,120000,40
15828,mujer,32,0,ninguno,La Guajira,520000,40
15829,hombre,44,5,primaria,La Guajira,800000,44
15830,mujer,56,16,superior,La Guajira,1200000,45
15831,hombre,49,18,superior,La Guajira,3420000,22
15832,mujer,35,16,superior,La Guajira,2200000,22
15833,hombre,28,11,media,La Guajira,500000,48
15834,mujer,46,11,media,La Guajira,800000,50
15835,mujer,36,12,superior,La Guajira,750000,77
15836,mujer,41,13,superior,La Guajira,150000,40
15837,hombre,23,9,secundaria,La Guajira,600000,45
15838,hombre,18,5,primaria,La Guajira,400000,30
15839,hombre,19,7,secundaria,La Guajira,80000,40
15840,mujer,65,13,media,La Guajira,1800000,40
15841,mujer,32,5,primaria,La Guajira,600000,40
15842,mujer,38,16,superior,La Guajira,1200000,45
15843,mujer,58,16,superior,La Guajira,500000,45
15844,mujer,29,13,superior,La Guajira,781242,40
15845,hombre,27,11,media,La Guajira,672000,84
15846,mujer,27,16,superior,La Guajira,1200000,48
15847,hombre,47,13,superior,La Guajira,5000000,48
15848,mujer,34,13,superior,La Guajira,3000000,14
15849,mujer,21,4,primaria,La Guajira,100000,40
15850,hombre,37,14,superior,La Guajira,1600000,56
15851,mujer,32,16,superior,La Guajira,200000,48
15852,hombre,18,11,media,La Guajira,500000,40
15853,mujer,49,16,superior,La Guajira,2400000,44
15854,hombre,41,5,primaria,La Guajira,781242,60
15855,mujer,41,11,media,La Guajira,132000,21
15856,mujer,53,16,superior,La Guajira,3500000,30
15857,hombre,38,5,primaria,La Guajira,320000,48
15858,hombre,42,8,secundaria,La Guajira,660000,48
15859,hombre,36,11,media,La Guajira,1134000,48
15860,hombre,32,11,media,La Guajira,400000,40
15861,hombre,41,16,superior,La Guajira,1950000,48
15862,mujer,40,19,superior,La Guajira,4500000,40
15863,mujer,53,13,superior,La Guajira,1600000,40
15864,hombre,55,13,superior,La Guajira,1200000,72
15865,hombre,41,11,media,La Guajira,550000,70
15866,hombre,50,5,primaria,La Guajira,546000,60
15867,hombre,38,13,superior,La Guajira,1800000,48
15868,mujer,35,8,secundaria,La Guajira,700000,72
15869,mujer,28,16,superior,La Guajira,960000,48
15870,hombre,32,12,superior,La Guajira,1484000,48
15871,mujer,46,11,media,La Guajira,580000,56
15872,hombre,40,11,media,Magdalena,781242,48
15873,mujer,19,11,media,Magdalena,820000,48
15874,hombre,20,11,media,Magdalena,800000,42
15875,hombre,40,16,superior,Magdalena,1500000,48
15876,mujer,31,13,superior,Magdalena,1400000,48
15877,mujer,48,14,superior,Magdalena,781300,40
15878,hombre,50,11,media,Magdalena,1000000,72
15879,hombre,32,15,superior,Magdalena,1800000,48
15880,hombre,65,5,primaria,Magdalena,600000,60
15881,hombre,26,11,media,Magdalena,781300,48
15882,mujer,24,11,media,Magdalena,200000,20
15883,hombre,46,13,superior,Magdalena,1060000,48
15884,mujer,41,17,superior,Magdalena,2600000,30
15885,hombre,38,11,media,Magdalena,1400000,84
15886,mujer,34,5,primaria,Magdalena,500000,28
15887,hombre,26,13,superior,Magdalena,800000,40
15888,hombre,64,5,primaria,Magdalena,500000,84
15889,mujer,28,11,media,Magdalena,390621,24
15890,mujer,26,15,superior,Magdalena,1300000,48
15891,hombre,21,11,media,Magdalena,700000,72
15892,hombre,28,11,media,Magdalena,600000,72
15893,hombre,50,5,primaria,Magdalena,800000,48
15894,hombre,24,11,media,Magdalena,600000,48
15895,mujer,47,15,superior,Magdalena,700000,48
15896,hombre,22,11,media,Magdalena,350000,48
15897,hombre,38,14,superior,Magdalena,781242,48
15898,mujer,37,14,superior,Magdalena,800000,48
15899,hombre,53,5,primaria,Magdalena,550000,48
15900,hombre,21,8,secundaria,Magdalena,800000,72
15901,hombre,35,10,media,Magdalena,700000,42
15902,hombre,39,11,media,Magdalena,781300,72
15903,hombre,63,3,primaria,Magdalena,1200000,72
15904,hombre,35,11,media,Magdalena,800000,40
15905,hombre,57,5,primaria,Magdalena,800000,50
15906,mujer,49,14,superior,Magdalena,1200000,72
15907,hombre,24,11,media,Magdalena,600000,42
15908,hombre,23,14,superior,Magdalena,1300000,60
15909,hombre,41,16,superior,Magdalena,1100000,40
15910,mujer,42,14,superior,Magdalena,1000000,48
15911,mujer,42,11,media,Magdalena,740000,48
15912,mujer,26,13,superior,Magdalena,890000,48
15913,mujer,62,3,primaria,Magdalena,360000,32
15914,hombre,55,9,secundaria,Magdalena,1500000,48
15915,hombre,37,13,superior,Magdalena,329000,16
15916,hombre,51,5,primaria,Magdalena,500000,48
15917,mujer,21,11,media,Magdalena,781242,48
15918,hombre,44,14,superior,Magdalena,1200000,60
15919,hombre,32,11,media,Magdalena,781242,48
15920,mujer,28,11,media,Magdalena,781242,48
15921,mujer,36,14,superior,Magdalena,781242,48
15922,hombre,37,16,superior,Magdalena,3000000,24
15923,hombre,41,18,superior,Magdalena,3300000,50
15924,mujer,35,16,superior,Magdalena,2000000,35
15925,mujer,38,11,media,Magdalena,1500000,48
15926,hombre,34,14,superior,Magdalena,800000,102
15927,mujer,20,11,superior,Magdalena,200000,20
15928,hombre,26,14,superior,Magdalena,1350000,35
15929,hombre,37,11,media,Magdalena,781242,48
15930,hombre,44,6,secundaria,Magdalena,781242,105
15931,hombre,20,13,superior,Magdalena,400000,24
15932,hombre,43,5,primaria,Magdalena,900000,48
15933,hombre,41,4,primaria,Magdalena,700000,48
15934,hombre,61,11,media,Magdalena,600000,40
15935,mujer,63,9,secundaria,Magdalena,781300,40
15936,mujer,32,16,superior,Magdalena,1300000,40
15937,mujer,30,13,superior,Magdalena,781300,48
15938,hombre,46,11,media,Magdalena,2000000,72
15939,mujer,55,5,primaria,Meta,500000,35
15940,mujer,33,11,media,Meta,741242,48
15941,mujer,43,11,media,Meta,741242,48
15942,hombre,39,11,media,Meta,700000,42
15943,mujer,34,11,media,Meta,900000,60
15944,hombre,45,10,media,Meta,900000,48
15945,hombre,24,11,media,Meta,800000,30
15946,mujer,23,11,media,Meta,300000,36
15947,hombre,46,7,secundaria,Meta,2500000,96
15948,mujer,24,11,media,Meta,500000,30
15949,hombre,30,11,media,Meta,800000,84
15950,hombre,27,11,media,Meta,850000,60
15951,mujer,23,9,secundaria,Meta,1000000,30
15952,hombre,47,11,media,Narino,800000,40
15953,mujer,43,16,superior,Narino,1553000,48
15954,mujer,21,14,superior,Narino,740000,48
15955,hombre,28,8,secundaria,Narino,400000,10
15956,mujer,22,9,secundaria,Narino,500000,48
15957,hombre,54,7,secundaria,Narino,1200000,72
15958,mujer,29,18,superior,Narino,3173000,30
15959,hombre,55,15,superior,Narino,200000,25
15960,mujer,54,11,media,Narino,200000,10
15961,mujer,31,18,superior,Narino,3400000,40
15962,hombre,26,11,media,Narino,780000,48
15963,mujer,23,11,superior,Narino,710000,55
15964,hombre,45,20,superior,Narino,3500000,45
15965,hombre,48,18,superior,Narino,3000000,42
15966,hombre,60,11,media,Narino,1200000,40
15967,hombre,33,17,superior,Narino,3200000,40
15968,mujer,36,12,superior,Narino,480000,24
15969,hombre,33,19,superior,Narino,700000,40
15970,mujer,24,11,superior,Narino,700000,35
15971,mujer,57,11,media,Narino,750000,50
15972,mujer,58,16,superior,Narino,700000,36
15973,hombre,39,13,superior,Narino,823000,45
15974,mujer,22,12,superior,Narino,828116,48
15975,mujer,38,15,superior,Narino,930000,48
15976,hombre,28,17,superior,Narino,830000,44
15977,hombre,36,5,primaria,Narino,700000,48
15978,hombre,55,5,primaria,Narino,200000,48
15979,hombre,47,11,media,Narino,600000,28
15980,mujer,51,11,media,Narino,240000,18
15981,mujer,20,11,media,Narino,850000,54
15982,mujer,37,5,primaria,Narino,70000,5
15983,hombre,19,5,primaria,Narino,350000,60
15984,hombre,26,15,superior,Narino,1700000,48
15985,hombre,45,14,superior,Narino,954000,48
15986,mujer,46,19,superior,Narino,806000,44
15987,mujer,41,13,superior,Narino,1100000,42
15988,mujer,46,11,media,Narino,700000,48
15989,hombre,34,5,primaria,Narino,700000,48
15990,hombre,34,8,secundaria,Narino,1200000,72
15991,mujer,32,11,media,Narino,400000,25
15992,hombre,22,11,media,Narino,200000,40
15993,mujer,38,13,superior,Narino,781242,50
15994,mujer,20,13,superior,Narino,600000,48
15995,mujer,36,11,media,Narino,200000,36
15996,hombre,36,11,media,Narino,700000,48
15997,mujer,23,11,media,Narino,860000,54
15998,hombre,42,11,media,Narino,700000,48
15999,hombre,46,18,superior,Narino,1000000,44
16000,mujer,44,17,superior,Narino,2000000,24
16001,hombre,25,5,primaria,Narino,900000,48
16002,mujer,24,13,superior,Narino,550000,30
16003,hombre,38,11,media,Narino,600000,40
16004,hombre,44,11,media,Narino,700000,48
16005,hombre,21,13,superior,Narino,781241,48
16006,hombre,41,11,media,Narino,780000,50
16007,hombre,18,11,media,Narino,300000,40
16008,hombre,50,11,media,Narino,1200000,60
16009,mujer,49,14,superior,Narino,3000000,48
16010,mujer,23,16,superior,Narino,1000000,30
16011,mujer,35,11,media,Narino,350000,8
16012,hombre,46,5,primaria,Narino,1200000,36
16013,mujer,30,16,superior,Narino,890000,48
16014,hombre,29,5,primaria,Narino,640000,56
16015,mujer,30,11,media,Narino,430000,40
16016,mujer,45,16,superior,Narino,3200000,48
16017,mujer,44,11,media,Narino,600000,24
16018,mujer,40,16,superior,Narino,2500000,55
16019,mujer,23,11,media,Narino,900000,52
16020,mujer,37,13,superior,Narino,2040000,60
16021,mujer,25,15,superior,Narino,800000,32
16022,mujer,30,11,media,Narino,600000,48
16023,mujer,32,5,primaria,N. de Santander,300000,48
16024,mujer,48,5,primaria,N. de Santander,400000,55
16025,hombre,56,5,primaria,N. de Santander,1000000,60
16026,hombre,37,17,superior,N. de Santander,2500000,48
16027,mujer,36,16,superior,N. de Santander,1500000,48
16028,hombre,40,5,primaria,Quindio,400000,54
16029,mujer,28,16,superior,Risaralda,2000000,40
16030,hombre,29,11,media,Risaralda,781500,54
16031,hombre,40,17,superior,Risaralda,1440000,48
16032,mujer,29,11,media,Risaralda,900000,48
16033,hombre,49,8,secundaria,Risaralda,800000,66
16034,hombre,25,12,superior,Risaralda,781242,54
16035,hombre,51,13,superior,Risaralda,781242,54
16036,hombre,57,13,superior,Risaralda,850000,48
16037,hombre,43,12,superior,Risaralda,781000,48
16038,mujer,38,13,superior,Risaralda,1064000,54
16039,hombre,34,5,primaria,Risaralda,720000,78
16040,hombre,47,5,primaria,Risaralda,781242,72
16041,hombre,18,11,media,Risaralda,150000,22
16042,mujer,23,13,superior,Risaralda,850000,48
16043,hombre,32,9,secundaria,Risaralda,875000,48
16044,hombre,29,16,superior,Risaralda,1000000,48
16045,mujer,23,11,media,Risaralda,781242,48
16046,hombre,29,16,superior,Risaralda,850000,40
16047,hombre,50,6,secundaria,Risaralda,781242,60
16048,mujer,41,11,media,Risaralda,390621,24
16049,mujer,53,11,media,Risaralda,700000,30
16050,mujer,22,14,superior,Risaralda,1200000,48
16051,mujer,56,5,primaria,Risaralda,400000,40
16052,hombre,57,5,primaria,Risaralda,800000,48
16053,hombre,19,8,secundaria,Risaralda,320000,48
16054,mujer,35,7,secundaria,Risaralda,1000000,40
16055,mujer,25,11,media,Risaralda,700000,40
16056,hombre,36,11,media,Risaralda,800000,48
16057,hombre,30,6,secundaria,Risaralda,800000,48
16058,mujer,29,11,media,Risaralda,1200000,72
16059,hombre,63,3,primaria,Risaralda,700000,48
16060,mujer,60,9,secundaria,Risaralda,800000,60
16061,hombre,30,11,media,Risaralda,800000,48
16062,mujer,25,11,media,Risaralda,781242,48
16063,mujer,39,11,media,Risaralda,1260000,96
16064,hombre,28,14,superior,Risaralda,800000,48
16065,mujer,24,14,superior,Risaralda,900000,40
16066,mujer,44,1,primaria,Risaralda,850000,48
16067,mujer,20,11,media,Risaralda,781242,48
16068,mujer,61,3,primaria,Risaralda,450000,36
16069,mujer,37,17,superior,Risaralda,1800000,48
16070,hombre,38,17,superior,Risaralda,2500000,35
16071,hombre,54,7,secundaria,Risaralda,350000,40
16072,mujer,63,9,secundaria,Risaralda,500000,40
16073,hombre,52,3,primaria,Risaralda,781242,48
16074,mujer,44,11,media,Risaralda,700000,50
16075,hombre,31,14,superior,Risaralda,1000000,48
16076,hombre,41,16,superior,Santander,2000000,48
16077,mujer,43,16,superior,Santander,900000,48
16078,mujer,37,11,media,Santander,1200000,48
16079,hombre,55,11,media,Santander,700000,50
16080,hombre,64,5,primaria,Santander,750000,44
16081,mujer,50,5,primaria,Santander,250000,30
16082,hombre,52,11,media,Santander,1000000,48
16083,hombre,27,11,media,Santander,1000000,48
16084,hombre,28,13,superior,Sucre,750000,60
16085,hombre,32,11,media,Sucre,400000,50
16086,hombre,31,7,secundaria,Sucre,500000,40
16087,hombre,59,5,primaria,Sucre,600000,40
16088,mujer,48,5,primaria,Sucre,400000,40
16089,hombre,37,9,secundaria,Sucre,600000,40
16090,hombre,29,11,media,Sucre,750000,49
16091,hombre,54,5,primaria,Sucre,500000,50
16092,mujer,50,16,superior,Sucre,1200000,42
16093,mujer,59,18,superior,Sucre,2900000,40
16094,mujer,34,10,media,Sucre,850000,50
16095,hombre,37,18,superior,Sucre,1000000,40
16096,hombre,36,16,superior,Sucre,2000000,60
16097,mujer,35,16,superior,Sucre,1500000,25
16098,hombre,27,16,superior,Sucre,1900000,40
16099,mujer,23,13,superior,Sucre,781242,40
16100,mujer,58,16,superior,Sucre,1800000,45
16101,hombre,43,16,superior,Sucre,4000000,48
16102,mujer,29,16,superior,Sucre,2000000,40
16103,mujer,44,11,media,Sucre,600000,21
16104,mujer,40,16,superior,Sucre,300000,35
16105,hombre,55,16,superior,Sucre,2500000,60
16106,mujer,44,14,superior,Sucre,1600000,40
16107,hombre,42,17,superior,Sucre,4500000,40
16108,hombre,44,5,primaria,Sucre,800000,60
16109,hombre,18,12,superior,Sucre,400000,40
16110,mujer,34,8,secundaria,Sucre,750000,50
16111,hombre,39,10,media,Sucre,781242,48
16112,mujer,30,5,primaria,Sucre,450000,42
16113,hombre,39,3,primaria,Sucre,750000,60
16114,mujer,53,11,media,Sucre,100000,21
16115,mujer,23,16,superior,Sucre,50000,14
16116,mujer,52,5,primaria,Sucre,210000,25
16117,hombre,61,3,primaria,Sucre,300000,70
16118,mujer,34,16,superior,Sucre,781242,40
16119,hombre,40,14,superior,Sucre,400000,40
16120,hombre,30,13,superior,Sucre,700000,50
16121,mujer,37,13,superior,Sucre,120000,24
16122,hombre,38,11,media,Sucre,750000,50
16123,hombre,29,9,secundaria,Sucre,600000,49
16124,hombre,25,11,media,Sucre,750000,55
16125,mujer,19,7,secundaria,Sucre,300000,28
16126,hombre,41,4,primaria,Sucre,700000,50
16127,hombre,49,0,ninguno,Sucre,300000,49
16128,hombre,53,0,ninguno,Sucre,1000000,60
16129,hombre,22,5,primaria,Sucre,600000,48
16130,mujer,21,11,media,Sucre,550000,60
16131,hombre,58,9,secundaria,Sucre,750000,48
16132,mujer,48,11,media,Sucre,400000,72
16133,hombre,20,12,superior,Sucre,450000,48
16134,mujer,47,11,media,Sucre,75000,18
16135,hombre,51,11,media,Sucre,2000000,60
16136,hombre,57,7,secundaria,Sucre,1200000,48
16137,mujer,45,13,superior,Sucre,200000,36
16138,hombre,23,12,superior,Sucre,828116,48
16139,mujer,52,2,primaria,Sucre,280000,26
16140,hombre,31,11,media,Sucre,180000,30
16141,hombre,20,11,media,Sucre,200000,15
16142,hombre,33,13,superior,Sucre,781242,48
16143,hombre,32,13,superior,Sucre,600000,40
16144,mujer,24,13,superior,Sucre,781242,48
16145,hombre,52,11,media,Sucre,900000,48
16146,mujer,43,13,superior,Sucre,828116,30
16147,mujer,57,11,media,Sucre,260000,36
16148,hombre,59,11,media,Sucre,2000000,50
16149,hombre,22,13,superior,Sucre,1000000,50
16150,hombre,59,5,primaria,Sucre,200000,48
16151,hombre,37,11,media,Sucre,300000,70
16152,mujer,28,14,superior,Sucre,781242,48
16153,mujer,51,16,superior,Sucre,1000000,48
16154,mujer,25,16,superior,Sucre,240000,21
16155,mujer,25,16,superior,Sucre,781242,48
16156,hombre,63,16,superior,Sucre,500000,42
16157,hombre,41,13,superior,Sucre,1500000,40
16158,hombre,46,16,superior,Sucre,4000000,30
16159,hombre,44,5,primaria,Sucre,600000,50
16160,mujer,38,7,secundaria,Sucre,600000,42
16161,hombre,40,16,superior,Sucre,1100000,40
16162,hombre,55,16,superior,Sucre,1781242,48
16163,mujer,55,13,superior,Sucre,2100000,40
16164,mujer,28,17,superior,Sucre,2500000,40
16165,hombre,23,11,media,Sucre,900000,70
16166,hombre,27,12,superior,Sucre,781242,48
16167,mujer,40,12,superior,Sucre,2900000,40
16168,hombre,38,15,superior,Sucre,800000,30
16169,mujer,28,17,superior,Sucre,300000,25
16170,hombre,54,11,media,Sucre,600000,48
16171,hombre,34,11,media,Sucre,781242,48
16172,hombre,54,11,media,Sucre,1200000,40
16173,hombre,58,11,media,Sucre,1200000,40
16174,mujer,24,16,superior,Sucre,781242,44
16175,hombre,57,11,media,Sucre,800000,48
16176,hombre,50,11,media,Sucre,3000000,40
16177,hombre,51,17,superior,Sucre,4085000,40
16178,mujer,57,9,secundaria,Sucre,400000,21
16179,hombre,50,9,secundaria,Sucre,500000,45
16180,mujer,48,6,secundaria,Sucre,450000,45
16181,hombre,47,11,media,Sucre,1000000,48
16182,mujer,49,14,superior,Sucre,982242,40
16183,hombre,31,5,primaria,Sucre,800000,46
16184,hombre,45,9,secundaria,Sucre,1000000,56
16185,mujer,41,8,secundaria,Sucre,400000,24
16186,hombre,52,4,primaria,Sucre,500000,49
16187,hombre,61,2,primaria,Sucre,550000,48
16188,mujer,41,9,secundaria,Sucre,400000,30
16189,hombre,40,6,secundaria,Sucre,600000,42
16190,hombre,36,5,primaria,Sucre,500000,40
16191,mujer,48,5,primaria,Sucre,720000,48
16192,hombre,28,9,secundaria,Sucre,700000,49
16193,hombre,29,1,primaria,Sucre,600000,60
16194,mujer,35,14,superior,Sucre,782242,48
16195,hombre,23,7,secundaria,Sucre,300000,44
16196,hombre,19,8,secundaria,Sucre,400000,40
16197,mujer,41,4,primaria,Sucre,610000,44
16198,hombre,34,0,ninguno,Sucre,450000,45
16199,mujer,37,13,superior,Sucre,600000,48
16200,mujer,34,14,superior,Sucre,400000,44
16201,hombre,33,11,media,Sucre,600000,52
16202,mujer,43,5,primaria,Sucre,600000,30
16203,hombre,29,5,primaria,Sucre,200000,20
16204,mujer,43,11,media,Sucre,650000,56
16205,mujer,44,5,primaria,Sucre,570000,42
16206,mujer,65,1,primaria,Sucre,100000,20
16207,hombre,26,5,primaria,Sucre,350000,45
16208,hombre,36,11,media,Sucre,782242,48
16209,hombre,53,2,primaria,Sucre,400000,46
16210,hombre,28,2,primaria,Sucre,450000,36
16211,hombre,27,11,media,Sucre,800000,54
16212,hombre,40,0,ninguno,Sucre,600000,42
16213,hombre,28,7,secundaria,Sucre,400000,48
16214,hombre,63,0,ninguno,Sucre,350000,42
16215,mujer,39,13,superior,Tolima,1300000,48
16216,hombre,41,13,superior,Tolima,1249000,72
16217,hombre,57,11,media,Tolima,900000,48
16218,mujer,51,5,primaria,Tolima,100000,15
16219,hombre,23,15,superior,Tolima,200000,18
16220,hombre,25,13,superior,Tolima,3000000,54
16221,mujer,54,5,primaria,Tolima,800000,40
16222,hombre,38,14,superior,Tolima,600000,45
16223,mujer,33,16,superior,Tolima,100000,10
16224,hombre,24,11,media,Tolima,781242,48
16225,hombre,39,14,superior,Tolima,1320000,72
16226,mujer,30,13,superior,Tolima,900000,60
16227,hombre,40,9,secundaria,Tolima,1200000,70
16228,mujer,37,11,media,Tolima,896000,48
16229,hombre,62,11,media,Valle del Cauca,700000,42
16230,mujer,55,11,media,Valle del Cauca,1000000,48
16231,hombre,34,11,media,Valle del Cauca,1300000,48
16232,hombre,27,14,superior,Valle del Cauca,3000000,48
16233,mujer,29,11,media,Valle del Cauca,600000,60
16234,mujer,25,16,superior,Valle del Cauca,1300000,49
16235,mujer,63,24,superior,Valle del Cauca,4000000,25
16236,mujer,64,5,primaria,Valle del Cauca,500000,32
16237,mujer,46,11,media,Valle del Cauca,781242,48
16238,mujer,22,11,superior,Valle del Cauca,1100000,48
16239,mujer,63,5,primaria,Valle del Cauca,400000,70
16240,mujer,45,17,superior,Valle del Cauca,300000,12
16241,hombre,43,7,secundaria,Valle del Cauca,900000,60
16242,hombre,33,6,secundaria,Valle del Cauca,720000,60
16243,hombre,47,11,media,Valle del Cauca,3000000,40
16244,mujer,24,13,superior,Valle del Cauca,2000000,48
16245,hombre,62,11,media,Valle del Cauca,2158000,43
16246,mujer,40,8,secundaria,Valle del Cauca,600000,30
16247,hombre,41,6,secundaria,Valle del Cauca,1400000,54
16248,mujer,47,11,media,Valle del Cauca,200000,20
16249,hombre,54,5,primaria,Valle del Cauca,900000,50
16250,mujer,36,11,media,Valle del Cauca,300000,24
16251,hombre,30,13,superior,Valle del Cauca,900000,48
16252,hombre,21,11,media,Valle del Cauca,980000,60
16253,mujer,22,11,media,Valle del Cauca,30000,3
16254,hombre,52,11,media,Valle del Cauca,1100000,60
16255,mujer,22,11,media,Valle del Cauca,240000,15
16256,hombre,46,11,media,Valle del Cauca,2500000,78
16257,mujer,32,16,superior,Valle del Cauca,3242000,40
16258,mujer,63,5,primaria,Valle del Cauca,756000,27
16259,hombre,44,8,secundaria,Valle del Cauca,1200000,40
16260,mujer,46,5,primaria,Valle del Cauca,600000,24
16261,mujer,61,8,secundaria,Valle del Cauca,65000,8
16262,hombre,28,4,primaria,Valle del Cauca,440000,48
16263,hombre,56,11,media,Valle del Cauca,900000,48
16264,mujer,18,9,secundaria,Valle del Cauca,635000,48
16265,mujer,35,11,media,Valle del Cauca,980000,48
16266,hombre,19,6,secundaria,Valle del Cauca,500000,24
16267,hombre,31,3,primaria,Valle del Cauca,828116,65
16268,mujer,24,7,secundaria,Valle del Cauca,20000,54
16269,mujer,37,13,superior,Valle del Cauca,3000000,70
16270,hombre,56,1,primaria,Valle del Cauca,600000,48
16271,mujer,56,2,primaria,Valle del Cauca,480000,48
16272,hombre,33,10,media,Valle del Cauca,80000,4
16273,mujer,34,16,superior,Valle del Cauca,968116,40
16274,hombre,33,11,media,Valle del Cauca,1200000,60
16275,hombre,31,11,media,Valle del Cauca,1183000,48
16276,hombre,28,7,secundaria,Valle del Cauca,828116,48
16277,mujer,60,11,media,Valle del Cauca,390621,20
16278,hombre,46,11,media,Valle del Cauca,900000,54
16279,mujer,36,11,media,Valle del Cauca,300000,12
16280,mujer,25,11,media,Valle del Cauca,781242,60
16281,mujer,58,2,primaria,Valle del Cauca,1068000,48
16282,hombre,55,9,secundaria,Valle del Cauca,1200000,50
16283,mujer,59,5,primaria,Valle del Cauca,320000,16
16284,mujer,29,13,superior,Valle del Cauca,781242,48
16285,hombre,23,11,media,Valle del Cauca,70000,18
16286,mujer,19,12,superior,Valle del Cauca,1844000,48
16287,mujer,63,5,primaria,Valle del Cauca,68000,2
16288,hombre,37,2,primaria,Valle del Cauca,400000,35
16289,hombre,34,10,media,Valle del Cauca,960000,50
16290,mujer,38,7,secundaria,Valle del Cauca,781242,56
16291,hombre,41,11,media,Valle del Cauca,1500000,48
16292,mujer,21,11,media,Valle del Cauca,781242,48
16293,mujer,23,11,media,Valle del Cauca,100000,10
16294,mujer,53,2,primaria,Valle del Cauca,1050000,45
16295,mujer,31,11,media,Valle del Cauca,80000,20
16296,mujer,42,16,superior,Valle del Cauca,3000000,30
16297,mujer,60,16,superior,Valle del Cauca,1800000,48
16298,mujer,26,15,superior,Valle del Cauca,1500000,44
16299,mujer,38,5,primaria,Valle del Cauca,828116,55
16300,mujer,31,10,media,Valle del Cauca,880000,45
16301,hombre,30,17,superior,Valle del Cauca,828116,40
16302,mujer,29,11,media,Valle del Cauca,600000,45
16303,mujer,51,7,secundaria,Valle del Cauca,960000,52
16304,mujer,28,13,superior,Valle del Cauca,1402000,46
16305,hombre,39,11,media,Valle del Cauca,1500000,60
16306,mujer,37,7,secundaria,Valle del Cauca,1500000,48
16307,hombre,19,10,media,Valle del Cauca,924000,48
16308,hombre,39,11,media,Valle del Cauca,1000000,108
16309,hombre,23,11,media,Valle del Cauca,1560000,47
16310,hombre,29,8,secundaria,Valle del Cauca,2700000,70
16311,mujer,37,9,secundaria,Valle del Cauca,300000,20
16312,hombre,52,3,primaria,Valle del Cauca,500000,30
16313,hombre,49,0,ninguno,Valle del Cauca,500000,60
16314,mujer,41,11,media,Valle del Cauca,900000,49
16315,hombre,27,13,superior,Valle del Cauca,1100000,60
16316,mujer,47,18,superior,Cordoba,3100000,30
16317,hombre,47,16,superior,Cordoba,3800000,40
16318,mujer,63,18,superior,Cordoba,3500000,30
16319,hombre,59,18,superior,Cordoba,3800000,30
16320,mujer,62,18,superior,Cordoba,3500000,30
16321,hombre,63,16,superior,Cordoba,2000000,40
16322,mujer,60,11,media,Cordoba,1200000,60
16323,mujer,33,16,superior,Cordoba,700000,40
16324,mujer,53,17,superior,Cordoba,3100000,30
16325,hombre,55,11,media,Cordoba,1200000,58
16326,mujer,33,13,superior,Cordoba,600000,39
16327,hombre,36,11,media,Cordoba,781242,60
16328,mujer,33,11,media,Cordoba,400000,40
16329,mujer,41,9,secundaria,Cordoba,340000,42
16330,hombre,47,5,primaria,Cordoba,600000,58
16331,mujer,46,5,primaria,Cordoba,500000,54
16332,hombre,56,3,primaria,Cordoba,1000000,50
16333,mujer,43,11,media,Cordoba,450000,40
16334,mujer,26,11,media,Cordoba,350000,40
16335,hombre,39,9,secundaria,Cordoba,1400000,48
16336,mujer,36,0,ninguno,Cordoba,510000,44
16337,hombre,18,5,primaria,Cordoba,600000,46
16338,mujer,24,11,media,Cordoba,12000,26
16339,hombre,25,11,media,Cordoba,300000,54
16340,mujer,42,5,primaria,Cordoba,60000,20
16341,hombre,49,4,primaria,Cordoba,500000,60
16342,hombre,40,0,ninguno,Cordoba,700000,52
16343,hombre,49,16,superior,Cordoba,2000000,30
16344,hombre,50,18,superior,Cordoba,3000000,40
16345,mujer,49,11,media,Cordoba,360000,40
16346,hombre,23,16,superior,Cordoba,600000,40
16347,hombre,46,5,primaria,Cordoba,820000,50
16348,hombre,18,11,media,Cordoba,500000,50
16349,mujer,38,11,media,Cordoba,200000,12
16350,mujer,22,8,secundaria,Cordoba,300000,35
16351,hombre,33,7,secundaria,Cordoba,400000,38
16352,hombre,33,13,superior,Cordoba,800000,66
16353,mujer,31,6,secundaria,Cordoba,150000,12
16354,hombre,60,4,primaria,Cordoba,500000,50
16355,mujer,38,7,secundaria,Cordoba,300000,45
16356,hombre,41,7,secundaria,Cordoba,450000,50
16357,mujer,36,11,media,Cordoba,280000,40
16358,hombre,30,9,secundaria,Cordoba,450000,60
16359,hombre,46,13,superior,Cordoba,1202000,35
16360,hombre,47,7,secundaria,Cordoba,1000000,60
16361,mujer,44,5,primaria,Cordoba,80000,16
16362,hombre,25,11,media,Cordoba,500000,60
16363,mujer,23,11,media,Cordoba,280000,40
16364,mujer,46,11,media,Cordoba,903000,48
16365,hombre,54,5,primaria,Cordoba,1000000,56
16366,mujer,54,3,primaria,Cordoba,400000,18
16367,hombre,29,11,media,Cordoba,650000,48
16368,hombre,25,8,secundaria,Cordoba,900000,42
16369,mujer,33,5,primaria,Cordoba,200000,40
16370,hombre,46,7,secundaria,Cordoba,1100000,50
16371,hombre,41,7,secundaria,Cordoba,600000,50
16372,mujer,39,8,secundaria,Cordoba,360000,50
16373,mujer,37,14,superior,Cordoba,600000,60
16374,mujer,58,7,secundaria,Cordoba,150000,60
16375,mujer,37,13,superior,Cordoba,8000,28
16376,hombre,37,13,superior,Cordoba,600000,54
16377,mujer,52,1,primaria,Cordoba,60000,10
16378,mujer,19,11,media,Cordoba,250000,20
16379,hombre,34,11,media,Cordoba,500000,60
16380,mujer,29,11,media,Cordoba,100000,18
16381,mujer,36,11,media,Cordoba,200000,24
16382,hombre,51,2,primaria,Cordoba,800000,54
16383,hombre,33,11,media,Cordoba,800000,70
16384,mujer,31,11,media,Cordoba,330000,40
16385,hombre,38,9,secundaria,Cordoba,600000,44
16386,hombre,26,11,media,Cordoba,400000,40
16387,hombre,43,11,media,Cordoba,2100000,58
16388,hombre,58,8,secundaria,Huila,1200000,56
16389,mujer,59,11,media,Huila,1100000,40
16390,hombre,56,17,superior,Huila,1800000,40
16391,mujer,52,9,secundaria,Huila,500000,15
16392,hombre,34,17,superior,Huila,3200000,40
16393,mujer,29,11,media,Huila,956000,44
16394,hombre,45,13,superior,Huila,5000000,40
16395,hombre,60,0,ninguno,Huila,250000,28
16396,mujer,51,8,secundaria,Huila,400000,24
16397,mujer,23,18,superior,Huila,828000,48
16398,mujer,22,17,superior,Huila,600000,72
16399,mujer,59,9,secundaria,Huila,200000,24
16400,hombre,49,11,media,Huila,1540000,72
16401,mujer,35,16,superior,Huila,3000000,40
16402,mujer,49,6,secundaria,Huila,100000,20
16403,hombre,46,9,secundaria,Huila,400000,40
16404,mujer,30,18,superior,Huila,828000,48
16405,mujer,62,3,primaria,Huila,50000,24
16406,mujer,54,11,media,Huila,900000,60
16407,hombre,46,19,superior,Huila,1800000,40
16408,mujer,44,13,superior,Huila,1900000,47
16409,hombre,21,13,superior,Huila,450000,16
16410,mujer,57,7,secundaria,Huila,280000,48
16411,hombre,29,13,superior,Huila,2000000,54
16412,hombre,23,14,superior,Huila,800000,48
16413,hombre,19,8,secundaria,Huila,800000,44
16414,mujer,56,19,superior,Huila,1038000,40
16415,hombre,49,6,secundaria,Huila,400000,56
16416,mujer,53,14,superior,Huila,1900000,40
16417,mujer,35,14,superior,Huila,980000,48
16418,mujer,63,5,primaria,Huila,35000,15
16419,hombre,40,13,superior,Huila,500000,40
16420,hombre,59,11,media,Huila,1200000,44
16421,mujer,59,14,superior,Huila,2200000,44
16422,mujer,58,20,superior,Huila,2665000,40
16423,hombre,28,11,media,Huila,1281400,84
16424,hombre,35,20,superior,Huila,2900000,72
16425,mujer,31,12,superior,La Guajira,300000,25
16426,hombre,63,13,superior,La Guajira,640000,40
16427,hombre,39,0,ninguno,La Guajira,100000,25
16428,hombre,32,5,primaria,La Guajira,100000,25
16429,hombre,31,12,superior,La Guajira,600000,70
16430,hombre,34,17,superior,La Guajira,3600000,48
16431,mujer,33,16,superior,La Guajira,3100000,48
16432,mujer,27,13,superior,La Guajira,750000,40
16433,mujer,65,5,primaria,La Guajira,200000,60
16434,mujer,45,14,superior,La Guajira,150000,30
16435,hombre,59,0,ninguno,La Guajira,100000,40
16436,mujer,56,0,ninguno,La Guajira,240000,35
16437,hombre,31,12,superior,La Guajira,400000,60
16438,mujer,55,1,primaria,La Guajira,50000,20
16439,hombre,33,13,superior,La Guajira,1000000,44
16440,mujer,32,16,superior,La Guajira,900000,30
16441,mujer,27,11,media,La Guajira,750000,84
16442,mujer,57,11,media,La Guajira,2500000,48
16443,hombre,45,13,superior,La Guajira,1200000,40
16444,mujer,41,13,superior,La Guajira,782000,48
16445,mujer,65,5,primaria,La Guajira,400000,35
16446,hombre,47,17,superior,La Guajira,4224000,42
16447,mujer,46,16,superior,La Guajira,1000000,48
16448,hombre,42,11,media,La Guajira,1500000,70
16449,mujer,42,16,superior,La Guajira,782000,44
16450,mujer,59,13,superior,La Guajira,150000,14
16451,hombre,44,11,media,La Guajira,787400,48
16452,mujer,50,11,media,La Guajira,80000,25
16453,hombre,33,11,media,La Guajira,1800000,56
16454,hombre,57,16,superior,La Guajira,1500000,60
16455,hombre,37,11,media,La Guajira,782000,40
16456,hombre,43,18,superior,La Guajira,3000000,40
16457,hombre,56,15,superior,La Guajira,5430247,48
16458,mujer,49,16,superior,La Guajira,1840000,48
16459,hombre,39,16,superior,La Guajira,1000000,40
16460,hombre,33,16,superior,La Guajira,1500000,40
16461,hombre,35,16,superior,La Guajira,4200000,48
16462,mujer,41,14,superior,La Guajira,1032000,48
16463,mujer,48,16,superior,La Guajira,600000,40
16464,mujer,51,11,media,Risaralda,750000,40
16465,hombre,39,5,primaria,Risaralda,900000,50
16466,hombre,43,11,media,Risaralda,781200,48
16467,hombre,48,5,primaria,Risaralda,720000,40
16468,mujer,56,5,primaria,Risaralda,300000,2
16469,hombre,28,13,superior,Risaralda,800000,40
16470,hombre,49,7,secundaria,Risaralda,1100000,48
16471,hombre,46,14,superior,Risaralda,1100000,48
16472,mujer,37,5,primaria,Risaralda,50000,15
16473,hombre,52,6,secundaria,Risaralda,800000,60
16474,hombre,20,6,secundaria,Risaralda,150000,20
16475,mujer,39,5,primaria,Risaralda,200000,40
16476,hombre,39,5,primaria,Risaralda,400000,48
16477,mujer,48,1,primaria,Risaralda,1100000,48
16478,mujer,22,10,media,Risaralda,350000,40
16479,mujer,47,11,media,Risaralda,500000,84
16480,hombre,48,5,primaria,Risaralda,700000,40
16481,mujer,44,5,primaria,Risaralda,400000,40
16482,mujer,28,11,media,Risaralda,781250,60
16483,hombre,45,10,media,Risaralda,600000,55
16484,hombre,34,5,primaria,Risaralda,660000,48
16485,hombre,52,11,media,Risaralda,800000,50
16486,mujer,25,4,primaria,Risaralda,300000,40
16487,mujer,49,5,primaria,Risaralda,500000,50
16488,hombre,31,11,media,Risaralda,781250,48
16489,mujer,27,11,media,Risaralda,120000,20
16490,hombre,46,11,media,Risaralda,800000,50
16491,mujer,41,0,ninguno,Risaralda,400000,40
16492,hombre,41,0,ninguno,Risaralda,600000,70
16493,mujer,50,5,primaria,Risaralda,300000,40
16494,hombre,50,5,primaria,Risaralda,800000,55
16495,hombre,61,3,primaria,Risaralda,700000,40
16496,mujer,29,11,media,Risaralda,400000,50
16497,hombre,34,5,primaria,Risaralda,800000,60
16498,hombre,44,11,media,Risaralda,1031200,43
16499,hombre,47,6,secundaria,Risaralda,1300000,84
16500,hombre,22,9,secundaria,Risaralda,800000,40
16501,hombre,43,11,media,Risaralda,781250,48
16502,hombre,26,11,media,Risaralda,780000,48
16503,hombre,45,13,superior,Risaralda,2500000,84
16504,hombre,49,11,media,Risaralda,890000,96
16505,mujer,49,11,media,Risaralda,104000,12
16506,mujer,59,8,secundaria,Risaralda,2000000,70
16507,mujer,57,10,media,Risaralda,950000,50
16508,hombre,56,5,primaria,Risaralda,1800000,84
16509,hombre,30,11,media,Risaralda,480000,50
16510,mujer,31,11,media,Risaralda,400000,60
16511,hombre,58,5,primaria,Risaralda,600000,50
16512,hombre,29,11,media,Risaralda,600000,40
16513,hombre,22,11,media,Risaralda,600000,40
16514,mujer,63,5,primaria,Risaralda,200000,18
16515,hombre,35,13,superior,Risaralda,600000,55
16516,mujer,37,18,superior,Risaralda,2849000,40
16517,hombre,29,11,media,Risaralda,1000000,48
16518,mujer,30,13,superior,Risaralda,1100000,48
16519,hombre,37,12,superior,Risaralda,1600000,60
16520,hombre,62,2,primaria,Risaralda,700000,50
16521,mujer,59,4,primaria,Risaralda,300000,40
16522,hombre,33,13,superior,Risaralda,800000,50
16523,mujer,30,15,superior,Risaralda,781250,48
16524,mujer,54,13,superior,Risaralda,1250000,48
16525,mujer,37,9,secundaria,Risaralda,800000,60
16526,hombre,64,5,primaria,Risaralda,1000000,40
16527,hombre,45,6,secundaria,Risaralda,900000,48
16528,mujer,41,0,ninguno,Risaralda,400000,40
16529,hombre,20,11,media,Risaralda,800000,55
16530,hombre,53,4,primaria,Risaralda,800000,55
16531,mujer,42,2,primaria,Risaralda,800000,84
16532,hombre,56,5,primaria,Risaralda,600000,48
16533,hombre,48,5,primaria,Risaralda,800000,60
16534,mujer,36,11,media,Risaralda,781200,48
16535,mujer,64,8,secundaria,Risaralda,300000,20
16536,mujer,29,14,superior,Risaralda,700000,50
16537,hombre,45,11,media,Risaralda,1000000,40
16538,mujer,41,0,ninguno,Risaralda,600000,40
16539,hombre,36,12,superior,Risaralda,1120000,48
16540,mujer,45,11,media,Risaralda,25000,8
16541,mujer,45,11,media,Risaralda,900000,48
16542,hombre,35,5,primaria,Risaralda,2000000,50
16543,mujer,24,11,media,Risaralda,700000,63
16544,hombre,52,3,primaria,Risaralda,700000,50
16545,mujer,51,11,media,Risaralda,740000,40
16546,hombre,31,6,secundaria,Risaralda,690000,55
16547,mujer,31,7,secundaria,Risaralda,200000,84
16548,hombre,59,9,secundaria,Risaralda,400000,50
16549,hombre,60,5,primaria,Risaralda,600000,50
16550,hombre,46,5,primaria,Risaralda,950000,48
16551,hombre,34,5,primaria,Risaralda,800000,55
16552,hombre,42,5,primaria,Risaralda,1032000,48
16553,hombre,45,11,media,Risaralda,520000,40
16554,hombre,65,2,primaria,Risaralda,500000,50
16555,mujer,56,4,primaria,Risaralda,400000,45
16556,hombre,57,4,primaria,Risaralda,1200000,48
16557,hombre,22,11,media,Risaralda,700000,40
16558,hombre,20,9,secundaria,Risaralda,600000,55
16559,hombre,62,16,superior,Risaralda,1000000,16
16560,hombre,65,3,primaria,Risaralda,200000,40
16561,hombre,38,2,primaria,Risaralda,840000,48
16562,hombre,19,9,secundaria,Risaralda,600000,50
16563,hombre,24,6,secundaria,Risaralda,760000,50
16564,hombre,37,5,primaria,Risaralda,900000,48
16565,hombre,27,3,primaria,Risaralda,760000,50
16566,mujer,55,5,primaria,Risaralda,400000,50
16567,hombre,54,4,primaria,Risaralda,300000,70
16568,hombre,45,7,secundaria,Valle del Cauca,800000,42
16569,mujer,41,5,primaria,Valle del Cauca,100000,5
16570,mujer,21,13,superior,Valle del Cauca,900000,56
16571,hombre,59,5,primaria,Valle del Cauca,500000,36
16572,mujer,37,11,media,Valle del Cauca,781242,48
16573,hombre,59,11,media,Valle del Cauca,800000,54
16574,hombre,26,11,media,Valle del Cauca,840000,60
16575,hombre,21,5,primaria,Valle del Cauca,1200000,51
16576,hombre,57,5,primaria,Valle del Cauca,600000,35
16577,mujer,47,7,secundaria,Valle del Cauca,600000,55
16578,hombre,20,11,media,Valle del Cauca,1000000,72
16579,mujer,65,11,media,Valle del Cauca,30000,10
16580,hombre,23,11,media,Valle del Cauca,200000,8
16581,mujer,37,11,media,Valle del Cauca,600000,70
16582,hombre,32,5,primaria,Valle del Cauca,200000,24
16583,hombre,42,14,superior,Valle del Cauca,1300000,45
16584,hombre,42,11,media,Valle del Cauca,1200000,48
16585,mujer,27,13,superior,Valle del Cauca,1200000,48
16586,mujer,20,11,media,Valle del Cauca,1200000,48
16587,hombre,24,11,media,Valle del Cauca,900000,48
16588,hombre,22,9,secundaria,Valle del Cauca,550000,54
16589,hombre,38,11,media,Valle del Cauca,700000,70
16590,hombre,39,11,media,Valle del Cauca,630000,54
16591,mujer,61,5,primaria,Valle del Cauca,484000,30
16592,hombre,35,11,media,Valle del Cauca,480000,30
16593,hombre,39,11,media,Valle del Cauca,900000,36
16594,hombre,32,11,media,Valle del Cauca,980000,48
16595,hombre,62,6,secundaria,Valle del Cauca,900000,72
16596,hombre,23,10,media,Valle del Cauca,800000,50
16597,mujer,60,7,secundaria,Valle del Cauca,500000,24
16598,hombre,39,5,primaria,Valle del Cauca,1680000,96
16599,hombre,32,6,secundaria,Valle del Cauca,900000,70
16600,hombre,30,11,media,Valle del Cauca,900000,95
16601,mujer,52,7,secundaria,Valle del Cauca,750000,28
16602,hombre,58,5,primaria,Valle del Cauca,400000,24
16603,mujer,42,4,primaria,Valle del Cauca,240000,70
16604,hombre,42,8,secundaria,Valle del Cauca,400000,50
16605,hombre,34,11,superior,Valle del Cauca,920000,48
16606,mujer,48,11,media,Valle del Cauca,120000,5
16607,mujer,56,17,superior,Valle del Cauca,900000,25
16608,hombre,22,5,primaria,Valle del Cauca,781242,72
16609,hombre,65,3,primaria,Valle del Cauca,1200000,20
16610,mujer,41,18,superior,Valle del Cauca,2300000,45
16611,hombre,29,8,secundaria,Valle del Cauca,1200000,30
16612,hombre,29,16,superior,Valle del Cauca,1400000,45
16613,mujer,56,5,primaria,Valle del Cauca,750000,42
16614,mujer,35,11,media,Valle del Cauca,500000,16
16615,mujer,63,8,secundaria,Valle del Cauca,600000,24
16616,hombre,30,11,media,Valle del Cauca,90000,27
16617,mujer,55,5,primaria,Valle del Cauca,120000,30
16618,mujer,34,11,media,Valle del Cauca,1600000,84
16619,hombre,32,11,media,Valle del Cauca,1800000,64
16620,mujer,36,13,superior,Valle del Cauca,630000,35
16621,hombre,44,16,superior,Valle del Cauca,1600000,44
16622,hombre,33,15,superior,Valle del Cauca,880000,50
16623,hombre,65,8,secundaria,Valle del Cauca,150000,3
16624,mujer,65,11,media,Valle del Cauca,150000,3
16625,mujer,60,5,primaria,Valle del Cauca,400000,63
16626,mujer,61,5,primaria,Valle del Cauca,104000,11
16627,hombre,61,5,primaria,Valle del Cauca,820000,33
16628,hombre,28,11,media,Valle del Cauca,850000,48
16629,hombre,26,14,superior,Valle del Cauca,870000,48
16630,mujer,25,11,media,Valle del Cauca,900000,54
16631,mujer,62,5,primaria,Valle del Cauca,100000,10
16632,mujer,36,11,media,Valle del Cauca,340000,20
16633,hombre,52,5,primaria,Valle del Cauca,900000,77
16634,hombre,29,4,primaria,Valle del Cauca,400000,30
16635,mujer,29,5,primaria,Valle del Cauca,1000000,84
16636,mujer,43,3,primaria,Valle del Cauca,520000,54
16637,hombre,44,0,ninguno,Valle del Cauca,600000,45
16638,hombre,21,11,media,Valle del Cauca,720000,75
16639,mujer,18,10,media,Valle del Cauca,600000,48
16640,hombre,44,5,primaria,Valle del Cauca,400000,35
16641,hombre,21,11,media,Valle del Cauca,500000,48
16642,mujer,55,2,primaria,Valle del Cauca,420000,36
16643,hombre,25,8,secundaria,Valle del Cauca,810000,70
16644,hombre,31,7,secundaria,Valle del Cauca,1040000,59
16645,hombre,35,11,media,Valle del Cauca,600000,42
16646,mujer,25,11,media,Valle del Cauca,400000,30
16647,hombre,38,11,media,Valle del Cauca,920000,60
16648,mujer,44,3,primaria,Valle del Cauca,200000,8
16649,hombre,65,5,primaria,Valle del Cauca,500000,36
16650,hombre,22,11,media,Valle del Cauca,800000,45
16651,mujer,38,14,superior,Valle del Cauca,720000,59
16652,hombre,22,12,superior,Valle del Cauca,870000,48
16653,mujer,21,13,superior,Valle del Cauca,850000,48
16654,hombre,61,0,ninguno,Valle del Cauca,500000,56
16655,mujer,59,0,ninguno,Valle del Cauca,400000,54
16656,mujer,30,11,media,Valle del Cauca,720000,38
16657,hombre,32,5,primaria,Boyaca,781242,45
16658,mujer,54,11,media,Boyaca,781242,40
16659,hombre,33,13,superior,Boyaca,781242,40
16660,hombre,22,11,media,Boyaca,781242,48
16661,mujer,62,5,primaria,Boyaca,600000,60
16662,hombre,50,11,media,Boyaca,600000,40
16663,mujer,41,11,media,Boyaca,800000,48
16664,mujer,50,9,secundaria,Boyaca,300000,30
16665,hombre,56,5,primaria,Boyaca,781242,45
16666,mujer,58,13,superior,Boyaca,781242,40
16667,mujer,28,13,superior,Boyaca,781242,60
16668,mujer,33,13,superior,Boyaca,1000000,40
16669,mujer,36,4,primaria,Boyaca,600000,48
16670,mujer,56,10,media,Boyaca,100000,40
16671,hombre,20,9,secundaria,Boyaca,781242,44
16672,hombre,58,1,primaria,Boyaca,480000,36
16673,mujer,43,4,primaria,Boyaca,781242,44
16674,hombre,21,9,secundaria,Boyaca,480000,36
16675,mujer,54,2,primaria,Boyaca,320000,15
16676,hombre,24,10,media,Boyaca,520000,15
16677,mujer,21,6,secundaria,Boyaca,1200000,40
16678,hombre,58,16,superior,Boyaca,800000,45
16679,mujer,39,11,media,Boyaca,450000,35
16680,hombre,55,5,primaria,Boyaca,400000,40
16681,mujer,49,5,primaria,Boyaca,400000,48
16682,mujer,50,9,secundaria,Boyaca,1800000,56
16683,hombre,18,6,secundaria,Boyaca,240000,18
16684,mujer,60,5,primaria,Boyaca,300000,28
16685,mujer,44,11,media,Boyaca,150000,14
16686,hombre,45,5,primaria,Boyaca,800000,24
16687,hombre,33,5,primaria,Boyaca,700000,50
16688,mujer,30,11,media,Boyaca,4000000,40
16689,hombre,30,11,media,Boyaca,4000000,45
16690,hombre,61,3,primaria,Boyaca,1350000,48
16691,mujer,40,16,superior,Boyaca,4200000,42
16692,hombre,45,11,media,Boyaca,781242,45
16693,mujer,47,5,primaria,Boyaca,781242,45
16694,mujer,25,11,media,Boyaca,360000,33
16695,hombre,35,5,primaria,Boyaca,781242,45
16696,mujer,32,8,secundaria,Boyaca,781242,45
16697,hombre,30,5,primaria,Boyaca,480000,36
16698,mujer,27,9,secundaria,Boyaca,781242,44
16699,mujer,44,8,secundaria,Boyaca,440000,45
16700,mujer,23,6,secundaria,Boyaca,360000,27
16701,mujer,31,5,primaria,Boyaca,781242,45
16702,mujer,28,11,media,Boyaca,781242,45
16703,mujer,27,11,media,Boyaca,781242,45
16704,mujer,41,4,primaria,Antioquia,800000,32
16705,mujer,48,11,media,Antioquia,800000,8
16706,mujer,19,14,superior,Antioquia,1200000,40
16707,mujer,22,13,superior,Antioquia,600000,40
16708,mujer,18,13,superior,Antioquia,640000,24
16709,mujer,22,13,superior,Antioquia,900000,48
16710,mujer,38,19,superior,Antioquia,4000000,40
16711,mujer,30,17,superior,Antioquia,2800000,41
16712,hombre,44,16,superior,Antioquia,1500000,72
16713,hombre,61,17,superior,Antioquia,3000000,50
16714,mujer,39,11,media,Antioquia,800000,72
16715,hombre,29,5,primaria,Antioquia,980000,50
16716,hombre,32,8,secundaria,Antioquia,630000,48
16717,hombre,29,14,superior,Antioquia,1500000,48
16718,mujer,24,11,media,Antioquia,120000,3
16719,mujer,26,16,superior,Antioquia,2450000,50
16720,hombre,28,14,superior,Antioquia,1800000,61
16721,mujer,30,16,superior,Antioquia,740000,40
16722,hombre,28,16,superior,Antioquia,3500000,30
16723,hombre,28,16,superior,Antioquia,2300000,35
16724,mujer,32,7,secundaria,Antioquia,800000,84
16725,hombre,19,15,superior,Antioquia,900000,48
16726,hombre,28,13,superior,Antioquia,3000000,40
16727,mujer,30,11,media,Antioquia,828116,48
16728,hombre,26,13,superior,Antioquia,720000,48
16729,hombre,48,13,superior,Antioquia,1100000,48
16730,hombre,60,11,media,Antioquia,950000,60
16731,hombre,60,8,secundaria,Antioquia,1200000,60
16732,hombre,24,3,primaria,Antioquia,840000,48
16733,hombre,63,9,secundaria,Antioquia,500000,18
16734,hombre,61,11,media,Antioquia,2200000,48
16735,mujer,39,16,superior,Antioquia,1280000,60
16736,hombre,38,7,secundaria,Antioquia,828000,48
16737,mujer,59,14,superior,Antioquia,3600000,40
16738,hombre,54,13,superior,Antioquia,1000000,50
16739,hombre,60,22,superior,Antioquia,8500000,60
16740,mujer,60,22,superior,Antioquia,2800000,20
16741,hombre,47,7,secundaria,Antioquia,800000,48
16742,mujer,26,5,primaria,Antioquia,300000,72
16743,mujer,28,15,superior,Antioquia,1780000,48
16744,hombre,40,12,superior,Antioquia,1000000,48
16745,mujer,61,16,superior,Antioquia,325000,40
16746,hombre,26,16,superior,Antioquia,3000000,48
16747,hombre,35,11,media,Antioquia,800000,40
16748,hombre,53,17,superior,Antioquia,3000000,40
16749,mujer,48,18,superior,Antioquia,6000000,40
16750,hombre,24,15,superior,Antioquia,828500,24
16751,mujer,42,11,media,Antioquia,1228500,72
16752,hombre,59,2,primaria,Antioquia,200000,88
16753,mujer,20,11,media,Antioquia,800000,48
16754,hombre,25,11,media,Antioquia,950000,48
16755,hombre,36,18,superior,Antioquia,19000000,60
16756,mujer,48,2,primaria,Antioquia,1078116,48
16757,hombre,57,5,primaria,Antioquia,828116,48
16758,hombre,52,16,superior,Antioquia,5000000,40
16759,hombre,43,11,media,Antioquia,1200000,48
16760,mujer,42,7,secundaria,Antioquia,1600000,48
16761,mujer,20,11,media,Antioquia,120000,19
16762,hombre,58,16,superior,Antioquia,1000000,72
16763,hombre,35,14,superior,Antioquia,2400000,40
16764,hombre,21,14,superior,Antioquia,1200000,48
16765,hombre,56,5,primaria,Antioquia,15000000,40
16766,mujer,25,16,superior,Antioquia,1500000,48
16767,hombre,23,13,superior,Antioquia,1400000,45
16768,hombre,43,26,superior,Antioquia,10700000,40
16769,mujer,49,20,superior,Antioquia,6900000,60
16770,mujer,26,17,superior,Antioquia,2700000,20
16771,hombre,58,9,secundaria,Antioquia,2500000,48
16772,hombre,49,5,primaria,Antioquia,3000000,55
16773,hombre,55,11,media,Antioquia,2000000,30
16774,mujer,42,17,superior,Antioquia,1000000,48
16775,mujer,27,13,superior,Antioquia,1000000,48
16776,hombre,22,11,media,Antioquia,900000,48
16777,hombre,50,8,secundaria,Antioquia,1300000,48
16778,mujer,26,13,superior,Antioquia,800000,48
16779,mujer,29,14,superior,Antioquia,2000000,120
16780,mujer,44,16,superior,Antioquia,2000000,30
16781,mujer,43,11,media,Antioquia,1000000,48
16782,mujer,24,17,superior,Antioquia,828116,48
16783,mujer,56,13,superior,Antioquia,1500000,48
16784,hombre,56,5,primaria,Antioquia,1500000,50
16785,hombre,57,21,superior,Atlantico,600000,40
16786,hombre,43,13,superior,Atlantico,1000000,48
16787,mujer,45,11,media,Atlantico,850000,35
16788,hombre,28,13,superior,Atlantico,1000000,80
16789,mujer,32,14,superior,Atlantico,828000,44
16790,mujer,38,15,superior,Atlantico,1800000,25
16791,hombre,36,11,media,Atlantico,2000000,60
16792,mujer,38,11,media,Atlantico,800000,70
16793,mujer,21,13,superior,Atlantico,1200000,48
16794,mujer,48,1,primaria,Atlantico,350000,24
16795,hombre,44,18,superior,Bogota D.C.,2750000,48
16796,mujer,35,17,superior,Bogota D.C.,2500000,45
16797,mujer,58,5,primaria,Bogota D.C.,80000,30
16798,hombre,38,13,superior,Bolivar,2500000,48
16799,hombre,32,13,superior,Bolivar,200000,40
16800,hombre,43,5,primaria,Bolivar,828116,48
16801,mujer,36,11,media,Bolivar,170000,40
16802,hombre,26,11,media,Bolivar,600000,70
16803,hombre,48,11,media,Bolivar,828116,48
16804,mujer,35,13,superior,Bolivar,900000,48
16805,hombre,28,11,media,Bolivar,1000000,50
16806,mujer,52,8,secundaria,Bolivar,880000,48
16807,mujer,18,11,media,Bolivar,925148,48
16808,mujer,41,16,superior,Boyaca,800000,48
16809,mujer,38,17,superior,Boyaca,1600000,44
16810,hombre,32,18,superior,Boyaca,800000,46
16811,mujer,34,7,secundaria,Boyaca,600000,48
16812,hombre,62,12,superior,Boyaca,160000,30
16813,hombre,39,11,media,Boyaca,1400000,60
16814,mujer,39,13,superior,Boyaca,1800000,40
16815,mujer,45,5,primaria,Boyaca,900000,50
16816,mujer,40,8,secundaria,Boyaca,400000,48
16817,mujer,45,17,superior,Boyaca,3000000,40
16818,hombre,37,12,superior,Boyaca,828116,42
16819,mujer,36,14,superior,Boyaca,600000,50
16820,hombre,33,5,primaria,Boyaca,700000,40
16821,hombre,40,13,superior,Boyaca,1400000,40
16822,mujer,37,16,superior,Boyaca,2500000,35
16823,hombre,65,3,primaria,Boyaca,900000,48
16824,mujer,61,16,superior,Boyaca,450000,40
16825,mujer,58,16,superior,Boyaca,800000,60
16826,mujer,30,16,superior,Boyaca,1200000,40
16827,mujer,60,9,secundaria,Boyaca,100000,40
16828,mujer,23,13,superior,Boyaca,781200,48
16829,hombre,39,11,media,Boyaca,150000,24
16830,hombre,33,11,media,Boyaca,828150,48
16831,hombre,37,11,media,Boyaca,1180000,40
16832,mujer,40,11,media,Boyaca,828116,45
16833,mujer,56,3,primaria,Boyaca,100000,42
16834,mujer,50,16,superior,Boyaca,1200000,40
16835,hombre,30,16,superior,Boyaca,1750000,40
16836,mujer,28,17,superior,Boyaca,400000,24
16837,mujer,48,11,media,Boyaca,240000,12
16838,hombre,64,5,primaria,Boyaca,828116,77
16839,hombre,63,16,superior,Boyaca,100000,24
16840,hombre,60,16,superior,Boyaca,2500000,60
16841,hombre,29,18,superior,Boyaca,1500000,20
16842,hombre,41,17,superior,Boyaca,1300000,45
16843,mujer,27,14,superior,Boyaca,1760000,58
16844,hombre,34,16,superior,Boyaca,1800000,48
16845,mujer,28,16,superior,Boyaca,828116,40
16846,mujer,33,11,media,Boyaca,1500000,70
16847,mujer,38,17,superior,Boyaca,2600000,40
16848,hombre,25,14,superior,Boyaca,544000,24
16849,hombre,22,14,superior,Boyaca,1200000,48
16850,hombre,56,16,superior,Boyaca,3400000,40
16851,hombre,37,17,superior,Boyaca,4400000,30
16852,hombre,28,17,superior,Boyaca,4000000,20
16853,mujer,19,13,superior,Boyaca,828116,40
16854,hombre,36,13,superior,Boyaca,1500000,60
16855,hombre,51,5,primaria,Boyaca,2000000,40
16856,mujer,26,13,superior,Boyaca,150000,40
16857,hombre,25,16,superior,Boyaca,800000,66
16858,hombre,55,8,secundaria,Boyaca,800000,40
16859,mujer,40,16,superior,Caldas,1648000,42
16860,hombre,51,5,primaria,Caldas,781242,48
16861,hombre,22,11,media,Caldas,828116,48
16862,mujer,24,6,secundaria,Caldas,360000,35
16863,hombre,20,11,media,Caldas,1200000,60
16864,hombre,63,2,primaria,Caldas,350000,84
16865,hombre,43,14,superior,Caldas,1500000,48
16866,hombre,51,14,superior,Caldas,828116,48
16867,hombre,33,3,primaria,Caldas,900000,50
16868,mujer,30,7,secundaria,Caldas,300000,40
16869,hombre,65,11,media,Caldas,1000000,48
16870,mujer,41,13,superior,Caldas,500000,48
16871,mujer,19,11,superior,Caldas,800000,48
16872,mujer,37,11,media,Caldas,150000,8
16873,mujer,31,11,media,Caldas,828116,48
16874,hombre,49,11,media,Caldas,2000000,60
16875,mujer,26,11,media,Caldas,380000,38
16876,hombre,54,4,primaria,Caldas,828116,48
16877,mujer,45,2,primaria,Caldas,300000,33
16878,mujer,24,11,media,Caldas,828116,48
16879,hombre,21,10,media,Caldas,180000,48
16880,mujer,51,5,primaria,Caldas,828116,72
16881,hombre,44,8,secundaria,Caldas,828116,48
16882,mujer,24,11,media,Caldas,350000,40
16883,hombre,22,11,media,Caldas,828116,48
16884,hombre,65,5,primaria,Caldas,600000,50
16885,mujer,23,5,primaria,Caldas,300000,40
16886,hombre,61,2,primaria,Caldas,828116,48
16887,mujer,22,15,superior,Caldas,828116,48
16888,hombre,36,14,superior,Caldas,1100000,40
16889,mujer,34,13,superior,Caldas,1200000,48
16890,hombre,21,14,superior,Caldas,600000,70
16891,hombre,23,14,superior,Caldas,1200000,84
16892,hombre,25,14,superior,Caldas,600000,49
16893,hombre,52,8,secundaria,Caldas,90000,40
16894,hombre,20,13,superior,Caldas,828116,48
16895,mujer,51,8,secundaria,Caldas,60000,10
16896,hombre,30,11,media,Caldas,828116,40
16897,hombre,24,11,media,Caldas,1000000,48
16898,mujer,44,11,media,Caldas,828116,48
16899,hombre,57,5,primaria,Caldas,828116,48
16900,mujer,24,13,superior,Caldas,192000,48
16901,hombre,40,13,superior,Caldas,1000000,48
16902,hombre,35,5,primaria,Caldas,828126,48
16903,mujer,32,5,primaria,Caldas,980000,60
16904,mujer,43,16,superior,Caldas,1900000,48
16905,mujer,46,11,media,Caldas,800000,48
16906,mujer,34,18,superior,Caldas,2640000,40
16907,hombre,57,8,secundaria,Caldas,850000,60
16908,mujer,39,5,primaria,Caldas,100000,9
16909,hombre,61,11,media,Caldas,400000,48
16910,mujer,38,16,superior,Caldas,700000,32
16911,mujer,27,11,media,Caldas,3500000,70
16912,hombre,25,11,media,Caldas,828116,48
16913,hombre,21,11,media,Caldas,828116,42
16914,hombre,34,5,primaria,Caldas,828116,48
16915,hombre,28,13,superior,Caldas,828116,48
16916,mujer,40,15,superior,Caldas,800000,48
16917,hombre,53,11,media,Caldas,3000000,48
16918,mujer,57,13,superior,Caldas,1000000,48
16919,hombre,62,11,media,Caldas,1200000,40
16920,mujer,35,16,superior,Caldas,1907000,40
16921,mujer,57,11,media,Caldas,1500000,70
16922,mujer,23,14,superior,Caldas,1500000,30
16923,hombre,29,18,superior,Caldas,3000000,35
16924,hombre,52,11,media,Caldas,941000,48
16925,mujer,45,11,media,Caldas,800000,55
16926,hombre,22,14,superior,Caldas,200000,8
16927,mujer,56,8,secundaria,Caldas,420000,30
16928,hombre,50,11,media,Caqueta,800000,40
16929,hombre,56,5,primaria,Caqueta,800000,40
16930,hombre,49,5,primaria,Caqueta,420000,48
16931,hombre,63,5,primaria,Cauca,800000,48
16932,hombre,54,5,primaria,Cauca,70000,48
16933,mujer,22,11,media,Cauca,250000,48
16934,mujer,56,3,primaria,Cauca,364000,21
16935,mujer,53,3,primaria,Cauca,140000,21
16936,hombre,30,8,secundaria,Cauca,1000000,35
16937,hombre,24,6,secundaria,Cauca,800000,45
16938,hombre,21,9,secundaria,Cauca,700000,70
16939,mujer,23,11,media,Cauca,400000,50
16940,hombre,35,3,primaria,Cauca,500000,48
16941,hombre,35,6,secundaria,Cauca,600000,40
16942,hombre,43,3,primaria,Cauca,720000,54
16943,mujer,24,11,media,Cauca,828166,48
16944,hombre,58,5,primaria,Cauca,840000,60
16945,mujer,21,13,superior,Cauca,828166,48
16946,mujer,37,7,secundaria,Cauca,600000,56
16947,mujer,35,11,media,Cauca,800000,64
16948,hombre,55,3,primaria,Cauca,500000,45
16949,mujer,39,9,secundaria,Cauca,100000,8
16950,mujer,34,14,superior,Cauca,1200000,49
16951,mujer,35,11,media,Cauca,450000,35
16952,hombre,35,12,superior,Cauca,830000,60
16953,hombre,40,10,media,Cauca,480000,50
16954,mujer,36,4,primaria,Cauca,600000,60
16955,hombre,56,8,secundaria,Cauca,650000,30
16956,hombre,53,5,primaria,Cauca,400000,45
16957,mujer,50,6,secundaria,Cauca,124000,7
16958,hombre,31,11,media,Cauca,600000,40
16959,hombre,57,3,primaria,Cauca,400000,48
16960,hombre,30,16,superior,Cauca,782000,24
16961,mujer,34,11,media,Cauca,500000,48
16962,hombre,35,5,primaria,Cauca,800000,70
16963,mujer,35,16,superior,Cauca,828116,24
16964,hombre,43,4,primaria,Cauca,2000000,60
16965,mujer,42,11,media,Cauca,886000,60
16966,hombre,26,3,primaria,Cauca,1000000,40
16967,mujer,49,16,superior,Cauca,200000,48
16968,hombre,26,13,superior,Cauca,1072200,48
16969,hombre,23,5,primaria,Cauca,400000,20
16970,mujer,24,11,media,Cauca,500000,35
16971,mujer,46,11,media,Cauca,828116,60
16972,hombre,48,15,superior,Cauca,400000,50
16973,mujer,43,10,media,Cauca,64000,21
16974,mujer,54,18,superior,Cauca,3000000,45
16975,hombre,47,17,superior,Cauca,3000000,45
16976,hombre,31,14,superior,Cauca,1500000,48
16977,mujer,28,11,media,Cauca,900000,48
16978,mujer,37,16,superior,Cesar,2400000,40
16979,hombre,61,7,secundaria,Cesar,1500000,60
16980,hombre,19,5,primaria,Cesar,850000,48
16981,hombre,38,11,media,Cesar,1200000,50
16982,mujer,30,11,media,Cesar,700000,40
16983,hombre,59,5,primaria,Cesar,600000,70
16984,mujer,50,11,media,Cesar,30000,7
16985,hombre,25,13,superior,Cesar,700000,48
16986,hombre,62,5,primaria,Cesar,1500000,84
16987,mujer,28,16,superior,Cesar,800000,40
16988,hombre,48,16,superior,Cesar,4500000,40
16989,mujer,48,11,media,Cesar,828200,48
16990,hombre,28,14,superior,Cesar,1000000,40
16991,mujer,57,22,superior,Cesar,5000000,48
16992,mujer,33,17,superior,Cesar,1500000,48
16993,mujer,47,14,superior,Cesar,781242,48
16994,mujer,52,5,primaria,Cesar,400000,45
16995,mujer,53,11,media,Cesar,900000,40
16996,hombre,32,16,superior,Cesar,1500000,48
16997,hombre,28,16,superior,Cesar,1800000,40
16998,hombre,49,11,media,Cesar,3500000,48
16999,mujer,49,11,media,Cesar,828200,48
17000,hombre,48,8,secundaria,Cesar,700000,70
17001,hombre,55,9,secundaria,Cesar,700000,56
17002,mujer,56,9,secundaria,Cesar,800000,40
17003,hombre,39,11,media,Cesar,900000,50
17004,mujer,36,11,media,Cesar,200000,40
17005,hombre,26,11,media,Cesar,948200,64
17006,mujer,24,11,media,Cesar,948200,60
17007,hombre,21,7,secundaria,Cesar,600000,64
17008,hombre,53,5,primaria,Cesar,700000,50
17009,hombre,46,9,secundaria,Cesar,600000,48
17010,hombre,41,11,media,Cesar,728200,48
17011,mujer,52,5,primaria,Cesar,236000,56
17012,hombre,28,11,media,Cesar,781242,48
17013,hombre,41,17,superior,Cesar,3000000,40
17014,mujer,37,17,superior,Cesar,2800000,40
17015,mujer,44,13,superior,Cesar,350000,24
17016,hombre,51,11,media,Cesar,800000,60
17017,hombre,20,11,media,Cesar,900000,60
17018,hombre,35,11,media,Cesar,600000,63
17019,mujer,36,11,media,Cesar,700000,40
17020,hombre,49,11,media,Cesar,781242,48
17021,mujer,54,5,primaria,Cesar,781242,48
17022,hombre,19,9,secundaria,Cesar,400000,45
17023,hombre,31,16,superior,Cesar,1800000,60
17024,mujer,22,11,media,Cesar,330000,48
17025,mujer,25,11,media,Cesar,160000,8
17026,hombre,51,11,media,Cesar,781242,48
17027,mujer,51,13,superior,Cesar,1281242,48
17028,hombre,61,14,superior,Cesar,800000,84
17029,hombre,52,14,superior,Cesar,700000,42
17030,mujer,34,11,media,Cesar,800000,42
17031,mujer,49,13,superior,Cesar,900000,48
17032,mujer,32,13,superior,Cesar,1300000,40
17033,mujer,57,17,superior,Cesar,900000,48
17034,hombre,41,16,superior,Cesar,1400000,48
17035,mujer,38,16,superior,Cesar,1200000,48
17036,hombre,46,11,media,Cesar,1300000,48
17037,mujer,46,14,superior,Cesar,250000,28
17038,mujer,55,16,superior,Cesar,1500000,40
17039,hombre,46,17,superior,Cesar,3480000,26
17040,mujer,30,14,superior,Cesar,500000,42
17041,hombre,46,16,superior,Cesar,1500000,48
17042,mujer,44,18,superior,Cesar,4000000,40
17043,mujer,50,18,superior,Cesar,3500000,40
17044,hombre,48,16,superior,Cesar,2551000,25
17045,mujer,41,16,superior,Cesar,2500000,40
17046,mujer,52,10,media,Cesar,200000,36
17047,hombre,26,13,superior,Cesar,1700000,96
17048,hombre,24,14,superior,Cesar,1200000,21
17049,mujer,25,16,superior,Cesar,1600000,48
17050,mujer,37,11,media,Cesar,400000,24
17051,hombre,35,10,media,Cesar,450000,36
17052,hombre,20,11,media,Cesar,100000,32
17053,mujer,53,11,media,Cesar,350000,30
17054,hombre,53,9,secundaria,Cesar,600000,20
17055,mujer,25,18,superior,Cesar,1200000,40
17056,mujer,35,16,superior,Cesar,1400000,40
17057,mujer,41,17,superior,Cesar,1500000,48
17058,mujer,39,14,superior,Cesar,800000,48
17059,hombre,59,5,primaria,Cesar,1000000,48
17060,mujer,51,11,media,Cesar,1300000,48
17061,hombre,30,13,superior,Cesar,860000,48
17062,hombre,39,16,superior,Cesar,2000000,48
17063,hombre,38,15,superior,Cesar,1300000,48
17064,mujer,54,13,superior,Cesar,3641000,40
17065,mujer,64,11,media,Cesar,500000,28
17066,mujer,56,5,primaria,Cesar,781242,48
17067,hombre,44,8,secundaria,Cesar,781242,60
17068,mujer,49,11,media,Cesar,781242,55
17069,mujer,35,11,media,Cesar,828200,48
17070,hombre,25,12,superior,Cesar,781242,40
17071,hombre,64,6,secundaria,Cordoba,800000,48
17072,hombre,27,11,media,Cordoba,856000,48
17073,hombre,22,11,media,Cordoba,750000,72
17074,mujer,41,0,ninguno,Cordoba,500000,48
17075,hombre,62,13,superior,Cordoba,1250000,48
17076,mujer,44,11,media,Cordoba,300000,24
17077,mujer,28,11,media,Cordoba,828116,48
17078,mujer,23,11,media,Cordoba,400000,35
17079,hombre,25,5,primaria,Cordoba,300000,48
17080,mujer,25,16,superior,Cordoba,828116,60
17081,mujer,49,5,primaria,Cordoba,370000,35
17082,hombre,23,14,superior,Cordoba,700000,48
17083,mujer,36,11,media,Choco,900000,54
17084,hombre,41,16,superior,Choco,828200,48
17085,hombre,22,11,media,Choco,2000000,70
17086,hombre,42,5,primaria,Choco,828200,48
17087,hombre,21,5,primaria,Choco,900000,40
17088,mujer,40,12,superior,Choco,540000,25
17089,hombre,23,11,media,Choco,828116,48
17090,hombre,30,13,superior,Choco,900000,48
17091,mujer,32,12,superior,Choco,100000,30
17092,hombre,40,16,superior,Choco,828116,48
17093,hombre,24,11,superior,Choco,200000,9
17094,mujer,26,11,superior,Choco,100000,15
17095,hombre,24,12,superior,Choco,828116,40
17096,hombre,28,11,media,Choco,1800000,70
17097,mujer,32,15,superior,Choco,828116,45
17098,hombre,28,11,media,Choco,1400000,72
17099,mujer,26,13,superior,Choco,500000,20
17100,mujer,43,14,superior,Choco,1416000,40
17101,hombre,28,12,superior,Choco,1700000,72
17102,mujer,35,18,superior,Huila,2700000,48
17103,mujer,37,13,superior,Huila,3000000,30
17104,mujer,42,16,superior,Huila,2000000,40
17105,hombre,48,11,media,Huila,2000000,46
17106,hombre,46,11,media,Huila,1500000,48
17107,mujer,53,11,media,Huila,800000,48
17108,hombre,22,13,superior,Huila,500000,30
17109,mujer,51,17,superior,Huila,3700000,40
17110,hombre,51,16,superior,Huila,800000,50
17111,hombre,42,14,superior,Huila,600000,70
17112,hombre,58,11,media,Huila,900000,48
17113,mujer,56,11,media,Huila,100000,70
17114,mujer,20,11,media,Huila,300000,30
17115,hombre,25,14,superior,Huila,400000,7
17116,hombre,33,11,media,Huila,950000,48
17117,mujer,33,9,secundaria,Huila,960000,60
17118,hombre,56,11,media,Huila,832400,48
17119,mujer,33,18,superior,Huila,3000000,48
17120,hombre,29,14,superior,Huila,1000000,48
17121,mujer,34,15,superior,Huila,1300000,45
17122,mujer,51,17,superior,Huila,2000000,48
17123,mujer,39,16,superior,Huila,2000000,48
17124,mujer,34,16,superior,Huila,1600000,48
17125,hombre,25,11,media,Huila,850000,70
17126,mujer,23,11,media,Huila,890000,48
17127,hombre,31,16,superior,Huila,1000000,50
17128,mujer,27,16,superior,Huila,1261000,44
17129,mujer,26,16,superior,Huila,1090000,48
17130,hombre,44,14,superior,Huila,1530000,68
17131,mujer,46,13,superior,Huila,1400000,40
17132,mujer,30,16,superior,Huila,2000000,44
17133,hombre,55,11,media,La Guajira,1050000,48
17134,mujer,48,14,superior,La Guajira,870000,48
17135,hombre,62,7,secundaria,La Guajira,1200000,56
17136,mujer,54,7,secundaria,La Guajira,120000,14
17137,hombre,37,14,superior,La Guajira,2800000,48
17138,mujer,28,16,superior,La Guajira,2600000,48
17139,hombre,36,18,superior,La Guajira,3500000,40
17140,hombre,34,16,superior,La Guajira,3000000,40
17141,hombre,51,11,media,Magdalena,700000,60
17142,mujer,49,5,primaria,Magdalena,800000,40
17143,mujer,24,14,superior,Magdalena,414058,16
17144,hombre,41,5,primaria,Magdalena,1200000,50
17145,mujer,38,6,secundaria,Magdalena,860000,60
17146,hombre,22,10,media,Magdalena,800000,50
17147,hombre,39,11,media,Magdalena,800000,60
17148,hombre,61,16,superior,Magdalena,500000,48
17149,mujer,29,14,superior,Magdalena,1200000,48
17150,hombre,19,7,secundaria,Magdalena,1100000,72
17151,hombre,22,11,media,Magdalena,600000,55
17152,hombre,23,11,media,Magdalena,600000,40
17153,hombre,20,11,media,Magdalena,600000,55
17154,hombre,30,11,media,Magdalena,800000,50
17155,mujer,46,3,primaria,Magdalena,80000,48
17156,hombre,55,16,superior,Magdalena,8000000,48
17157,mujer,26,13,superior,Magdalena,400000,21
17158,hombre,26,14,superior,Magdalena,828116,70
17159,hombre,63,10,media,Magdalena,1200000,54
17160,hombre,37,7,secundaria,Magdalena,400000,60
17161,mujer,34,14,superior,Magdalena,1500000,48
17162,hombre,36,14,superior,Magdalena,2200000,84
17163,hombre,28,9,secundaria,Magdalena,1000000,72
17164,hombre,55,4,primaria,Magdalena,400000,25
17165,mujer,27,17,superior,Magdalena,450000,30
17166,mujer,65,5,primaria,Magdalena,800000,42
17167,mujer,46,16,superior,Magdalena,1800000,48
17168,hombre,37,14,superior,Magdalena,1000000,42
17169,mujer,32,14,superior,Magdalena,1800000,48
17170,mujer,59,9,secundaria,Magdalena,828116,40
17171,hombre,51,6,secundaria,Magdalena,1000000,48
17172,mujer,25,13,superior,Magdalena,828116,48
17173,hombre,28,11,media,Magdalena,250000,48
17174,hombre,46,5,primaria,Magdalena,200000,70
17175,hombre,26,16,superior,Magdalena,150000,48
17176,hombre,20,9,secundaria,Magdalena,420000,48
17177,hombre,48,4,primaria,Magdalena,900000,50
17178,mujer,34,12,superior,Magdalena,300000,35
17179,hombre,35,11,media,Magdalena,250000,50
17180,mujer,24,11,media,Magdalena,150000,30
17181,hombre,52,11,media,Magdalena,1100000,48
17182,mujer,38,11,media,Magdalena,225000,6
17183,hombre,49,14,superior,Magdalena,1059000,48
17184,hombre,49,5,primaria,Magdalena,800000,48
17185,hombre,46,11,media,Magdalena,700000,48
17186,mujer,39,9,secundaria,Magdalena,300000,24
17187,hombre,60,11,media,Magdalena,1200000,54
17188,mujer,28,16,superior,Magdalena,828150,48
17189,hombre,37,11,media,Magdalena,1540000,56
17190,hombre,45,11,media,Magdalena,1000000,48
17191,hombre,26,13,superior,Magdalena,828116,48
17192,mujer,27,11,media,Magdalena,828116,44
17193,mujer,44,11,media,Magdalena,10000,56
17194,hombre,45,6,secundaria,Magdalena,400000,50
17195,mujer,50,0,ninguno,Magdalena,240000,56
17196,hombre,27,11,media,Magdalena,600000,40
17197,hombre,34,18,superior,Magdalena,1100000,48
17198,mujer,34,11,superior,Magdalena,1100000,48
17199,hombre,54,16,superior,Magdalena,700000,48
17200,hombre,45,11,media,Magdalena,800000,60
17201,mujer,46,11,media,Magdalena,1200000,63
17202,mujer,60,16,superior,Magdalena,1800000,40
17203,hombre,35,16,superior,Magdalena,600000,30
17204,mujer,36,17,superior,Meta,1800000,30
17205,hombre,37,18,superior,Meta,2600000,48
17206,mujer,56,11,media,Meta,400000,42
17207,hombre,36,13,superior,Meta,741242,98
17208,mujer,29,11,media,Meta,600000,56
17209,hombre,36,11,media,Meta,1000000,50
17210,mujer,33,11,media,Meta,1200000,60
17211,mujer,30,11,media,Meta,2000000,72
17212,hombre,49,11,media,Meta,1000000,40
17213,hombre,46,14,superior,Meta,1200000,60
17214,mujer,42,7,secundaria,Meta,300000,27
17215,hombre,33,12,superior,Meta,1380000,70
17216,mujer,32,16,superior,Meta,350000,25
17217,mujer,24,11,media,Meta,820000,44
17218,hombre,44,9,secundaria,Meta,500000,50
17219,hombre,41,11,media,Meta,1000000,52
17220,mujer,25,15,superior,Meta,500000,24
17221,hombre,47,11,media,Meta,800000,60
17222,hombre,30,11,media,Meta,826000,44
17223,mujer,25,11,media,Meta,1200000,44
17224,hombre,40,16,superior,Meta,2000000,48
17225,mujer,65,11,media,Meta,700000,50
17226,hombre,30,11,media,Meta,1800000,84
17227,hombre,41,5,primaria,Meta,1500000,48
17228,mujer,40,11,media,Meta,250000,15
17229,hombre,33,11,media,Meta,1200000,60
17230,hombre,22,13,superior,Meta,1200000,60
17231,mujer,20,11,media,Meta,980000,48
17232,hombre,44,20,superior,Narino,1300000,16
17233,mujer,43,11,superior,Narino,1400000,44
17234,mujer,54,11,media,Narino,500000,48
17235,hombre,26,12,superior,Narino,1600000,48
17236,mujer,29,18,superior,Narino,700000,30
17237,mujer,62,3,primaria,Narino,300000,40
17238,hombre,34,11,media,Narino,1300000,72
17239,hombre,42,11,media,Narino,800000,48
17240,hombre,18,10,media,Narino,500000,25
17241,hombre,29,9,secundaria,N. de Santander,860000,55
17242,hombre,35,11,media,N. de Santander,980000,48
17243,hombre,31,5,primaria,N. de Santander,500000,48
17244,hombre,23,11,media,N. de Santander,800000,65
17245,hombre,45,11,media,N. de Santander,240000,15
17246,mujer,38,11,media,N. de Santander,130000,14
17247,hombre,48,3,primaria,N. de Santander,1000000,50
17248,hombre,37,11,media,N. de Santander,760000,45
17249,hombre,30,13,superior,N. de Santander,1000000,50
17250,mujer,32,13,superior,N. de Santander,835000,40
17251,hombre,27,9,secundaria,N. de Santander,800000,60
17252,hombre,21,11,media,N. de Santander,1700000,96
17253,mujer,49,11,media,N. de Santander,120000,15
17254,hombre,56,5,primaria,N. de Santander,1128816,72
17255,mujer,44,0,ninguno,N. de Santander,850000,72
17256,hombre,40,5,primaria,N. de Santander,200000,56
17257,mujer,20,11,media,N. de Santander,250000,60
17258,mujer,39,9,secundaria,N. de Santander,50000,15
17259,mujer,42,5,primaria,N. de Santander,700000,66
17260,mujer,46,4,primaria,N. de Santander,978816,60
17261,hombre,52,7,secundaria,N. de Santander,1500000,70
17262,mujer,26,16,superior,N. de Santander,1800000,50
17263,mujer,26,16,superior,N. de Santander,1240000,48
17264,hombre,54,11,media,N. de Santander,400000,48
17265,mujer,50,18,superior,N. de Santander,3000000,30
17266,hombre,42,16,superior,Quindio,888116,40
17267,hombre,56,7,secundaria,Quindio,1400000,48
17268,mujer,54,11,media,Quindio,600000,30
17269,mujer,60,11,media,Quindio,1800000,40
17270,mujer,40,16,superior,Quindio,2200000,44
17271,hombre,34,16,superior,Quindio,4700000,40
17272,hombre,44,11,media,Quindio,828116,48
17273,mujer,47,2,primaria,Quindio,400000,20
17274,hombre,29,14,superior,Quindio,828116,24
17275,hombre,40,11,media,Quindio,800000,36
17276,mujer,63,20,superior,Quindio,3800000,30
17277,hombre,45,13,superior,Quindio,800000,40
17278,mujer,39,11,media,Quindio,828116,64
17279,hombre,60,11,media,Quindio,200000,50
17280,hombre,33,11,media,Quindio,800000,70
17281,mujer,47,13,superior,Quindio,1480000,50
17282,mujer,23,16,superior,Quindio,1100000,50
17283,hombre,27,11,media,Quindio,828000,48
17284,mujer,28,11,media,Quindio,828000,48
17285,mujer,64,5,primaria,Quindio,400000,16
17286,mujer,61,11,media,Quindio,80000,42
17287,hombre,59,13,superior,Quindio,1900000,48
17288,mujer,33,16,superior,Quindio,2800000,46
17289,mujer,47,3,primaria,Quindio,120000,40
17290,mujer,35,13,superior,Quindio,760000,48
17291,mujer,46,18,superior,Quindio,2500000,30
17292,mujer,22,16,superior,Quindio,2500000,40
17293,hombre,60,18,superior,Quindio,3000000,30
17294,mujer,38,11,media,Quindio,70000,6
17295,mujer,64,5,primaria,Quindio,260000,26
17296,hombre,41,17,superior,Quindio,3300000,30
17297,hombre,45,11,media,Quindio,900000,50
17298,mujer,40,12,superior,Quindio,1300000,48
17299,hombre,55,11,media,Quindio,800000,60
17300,hombre,38,5,primaria,Risaralda,1100000,48
17301,hombre,52,6,secundaria,Risaralda,200000,70
17302,mujer,21,14,superior,Risaralda,1000000,48
17303,mujer,28,14,superior,Risaralda,900000,48
17304,hombre,35,11,media,Risaralda,1000000,48
17305,mujer,26,11,media,Risaralda,828116,48
17306,hombre,26,11,media,Risaralda,900000,48
17307,hombre,58,4,primaria,Risaralda,400000,96
17308,hombre,44,8,secundaria,Risaralda,850000,48
17309,hombre,28,11,media,Risaralda,1000000,48
17310,hombre,62,8,secundaria,Risaralda,840000,30
17311,hombre,32,13,superior,Risaralda,828116,48
17312,hombre,34,11,media,Risaralda,1500000,48
17313,mujer,48,11,media,Risaralda,400000,40
17314,hombre,21,11,media,Risaralda,400000,20
17315,hombre,36,16,superior,Risaralda,1300000,48
17316,hombre,35,16,superior,Risaralda,1500000,30
17317,hombre,43,11,media,Risaralda,1660000,48
17318,mujer,41,12,superior,Risaralda,400000,10
17319,hombre,37,15,superior,Risaralda,1500000,48
17320,hombre,50,13,superior,Risaralda,1100000,48
17321,hombre,39,11,media,Risaralda,1500000,30
17322,mujer,48,5,primaria,Risaralda,100000,48
17323,hombre,26,11,media,Risaralda,828116,50
17324,mujer,26,13,superior,Risaralda,900000,48
17325,hombre,48,11,media,Risaralda,90000,48
17326,hombre,23,10,media,Risaralda,828116,60
17327,hombre,40,11,media,Risaralda,2000000,60
17328,hombre,33,11,media,Risaralda,1000000,60
17329,mujer,51,5,primaria,Risaralda,830000,72
17330,hombre,18,5,primaria,Risaralda,200000,40
17331,hombre,23,11,media,Risaralda,828116,60
17332,hombre,31,5,primaria,Risaralda,850000,55
17333,mujer,28,9,secundaria,Risaralda,900000,42
17334,hombre,39,11,media,Risaralda,1400000,60
17335,mujer,59,11,media,Risaralda,900000,30
17336,hombre,38,16,superior,Risaralda,2500000,40
17337,mujer,35,13,superior,Risaralda,1200000,48
17338,mujer,23,16,superior,Risaralda,828116,48
17339,mujer,42,11,media,Risaralda,800000,48
17340,hombre,29,15,superior,Risaralda,1875000,54
17341,mujer,25,16,superior,Risaralda,1250000,48
17342,mujer,52,18,superior,Risaralda,1300000,40
17343,mujer,25,16,superior,Risaralda,900000,40
17344,hombre,26,13,superior,Risaralda,828116,48
17345,mujer,34,11,media,Risaralda,828116,48
17346,hombre,50,11,media,Risaralda,1200000,55
17347,mujer,29,12,superior,Risaralda,828116,48
17348,mujer,48,11,media,Risaralda,800000,40
17349,hombre,57,5,primaria,Risaralda,1000000,50
17350,mujer,52,0,ninguno,Risaralda,700000,48
17351,hombre,33,6,secundaria,Risaralda,700000,48
17352,mujer,31,11,media,Risaralda,700000,48
17353,hombre,41,11,media,Risaralda,828116,50
17354,hombre,39,11,media,Risaralda,828116,50
17355,mujer,20,11,media,Risaralda,700000,60
17356,hombre,56,9,secundaria,Risaralda,1000000,60
17357,mujer,39,18,superior,Santander,1800000,24
17358,hombre,43,18,superior,Santander,1200000,40
17359,mujer,40,18,superior,Santander,3000000,40
17360,hombre,45,12,superior,Santander,1500000,63
17361,hombre,53,8,secundaria,Santander,1300000,50
17362,mujer,42,9,secundaria,Santander,100000,10
17363,hombre,45,11,media,Santander,1500000,48
17364,hombre,36,9,secundaria,Santander,800000,48
17365,hombre,48,3,primaria,Santander,50000,48
17366,mujer,40,11,media,Santander,1600000,16
17367,hombre,48,11,media,Santander,828116,80
17368,mujer,40,11,media,Santander,828116,48
17369,hombre,42,11,media,Santander,800000,56
17370,mujer,47,5,primaria,Santander,900000,60
17371,mujer,22,11,media,Santander,350000,40
17372,hombre,51,3,primaria,Santander,828100,48
17373,mujer,41,11,media,Santander,720000,24
17374,mujer,64,18,superior,Santander,2800000,5
17375,hombre,39,7,secundaria,Santander,200000,50
17376,mujer,63,5,primaria,Santander,500000,70
17377,hombre,56,16,superior,Santander,5000000,36
17378,hombre,59,11,media,Santander,750000,64
17379,hombre,55,8,secundaria,Santander,1200000,63
17380,hombre,39,14,superior,Santander,3000000,25
17381,mujer,64,5,primaria,Santander,90000,5
17382,mujer,39,11,media,Santander,1150000,50
17383,hombre,35,4,primaria,Santander,1000000,40
17384,mujer,23,11,media,Santander,781242,48
17385,hombre,25,14,superior,Santander,300000,20
17386,hombre,55,2,primaria,Santander,1300000,119
17387,hombre,33,18,superior,Santander,4000000,70
17388,mujer,30,16,superior,Santander,828000,36
17389,mujer,41,7,secundaria,Santander,500000,40
17390,hombre,46,5,primaria,Santander,60000,40
17391,hombre,29,11,media,Santander,800000,54
17392,hombre,39,11,media,Santander,1000000,50
17393,mujer,40,11,media,Santander,1000000,20
17394,hombre,64,7,secundaria,Santander,700000,50
17395,hombre,26,11,media,Santander,1000000,54
17396,hombre,21,13,superior,Santander,300000,24
17397,mujer,45,4,primaria,Santander,500000,56
17398,hombre,40,11,media,Santander,600000,50
17399,hombre,27,8,secundaria,Santander,700000,56
17400,mujer,43,5,primaria,Santander,650000,56
17401,hombre,48,8,secundaria,Santander,900000,48
17402,hombre,26,15,superior,Santander,838100,48
17403,hombre,60,7,secundaria,Santander,800000,60
17404,hombre,37,11,media,Santander,1000000,60
17405,mujer,21,13,superior,Santander,920000,18
17406,hombre,59,16,superior,Santander,2800000,30
17407,mujer,25,16,superior,Santander,1300000,48
17408,hombre,49,11,media,Santander,2000000,44
17409,hombre,31,17,superior,Santander,2500000,45
17410,mujer,41,14,superior,Santander,850000,50
17411,hombre,40,11,media,Santander,1000000,40
17412,hombre,54,19,superior,Santander,3200000,52
17413,hombre,44,11,media,Santander,950000,48
17414,mujer,45,11,media,Santander,930000,48
17415,mujer,43,14,superior,Santander,828000,48
17416,hombre,27,11,media,Sucre,1542500,40
17417,mujer,38,14,superior,Sucre,20000,14
17418,mujer,58,7,secundaria,Tolima,900000,105
17419,hombre,25,12,superior,Tolima,400000,42
17420,mujer,47,16,superior,Tolima,1800000,50
17421,hombre,58,11,media,Tolima,3300000,48
17422,hombre,44,17,superior,Tolima,900000,20
17423,mujer,62,16,superior,Tolima,1000000,48
17424,hombre,49,16,superior,Tolima,2000000,48
17425,mujer,50,5,primaria,Tolima,800000,50
17426,hombre,45,14,superior,Tolima,850000,82
17427,mujer,42,11,media,Tolima,1190000,56
17428,hombre,60,11,media,Tolima,1000000,50
17429,hombre,27,16,superior,Tolima,1200000,40
17430,hombre,19,11,superior,Tolima,600000,40
17431,mujer,26,16,superior,Tolima,1600000,40
17432,mujer,26,16,superior,Tolima,1500000,40
17433,hombre,42,16,superior,Tolima,3300000,48
17434,mujer,49,2,primaria,Tolima,500000,35
17435,hombre,23,0,ninguno,Tolima,250000,54
17436,hombre,65,3,primaria,Tolima,350000,48
17437,hombre,24,11,media,Tolima,290000,24
17438,hombre,35,12,superior,Tolima,828116,48
17439,mujer,28,18,superior,Tolima,5887000,45
17440,hombre,29,11,media,Tolima,1540000,48
17441,hombre,39,11,media,Tolima,1040000,72
17442,hombre,33,16,superior,Tolima,800000,48
17443,mujer,32,17,superior,Tolima,1300000,48
17444,hombre,28,16,superior,Tolima,1000000,48
17445,mujer,25,11,media,Tolima,700000,50
17446,mujer,55,16,superior,Tolima,1140000,40
17447,hombre,45,5,primaria,Tolima,828116,72
17448,mujer,38,13,superior,Tolima,828116,48
17449,mujer,52,13,superior,Tolima,1200000,60
17450,hombre,41,11,media,Tolima,900000,60
17451,mujer,41,5,primaria,Tolima,50000,14
17452,mujer,34,13,superior,Tolima,828116,50
17453,hombre,37,5,primaria,Tolima,1000000,45
17454,mujer,37,11,media,Tolima,1080000,66
17455,hombre,36,11,media,Tolima,800000,45
17456,hombre,32,11,media,Tolima,828211,48
17457,hombre,33,19,superior,Tolima,300000,50
17458,mujer,22,13,superior,Tolima,1090000,66
17459,hombre,42,11,media,Tolima,828100,50
17460,mujer,45,13,superior,Tolima,828116,72
17461,hombre,32,11,media,Tolima,2000000,50
17462,mujer,29,13,superior,Tolima,935000,50
17463,mujer,49,5,primaria,Tolima,150000,30
17464,hombre,50,16,superior,Tolima,1500000,72
17465,mujer,30,16,superior,Tolima,1500000,48
17466,mujer,47,11,media,Tolima,500000,72
17467,hombre,49,16,superior,Tolima,1200000,48
17468,mujer,50,11,media,Tolima,2700000,48
17469,hombre,44,11,media,Valle del Cauca,828116,72
17470,hombre,40,16,superior,Valle del Cauca,1060000,48
17471,mujer,36,18,superior,Valle del Cauca,500000,30
17472,hombre,39,17,superior,Valle del Cauca,400000,48
17473,hombre,31,11,media,Valle del Cauca,1000000,48
17474,hombre,42,11,media,Valle del Cauca,980000,56
17475,mujer,42,11,media,Valle del Cauca,100000,6
17476,mujer,55,10,media,Valle del Cauca,1063000,48
17477,mujer,23,11,media,Valle del Cauca,1500000,48
17478,hombre,32,11,media,Valle del Cauca,800000,35
17479,hombre,43,11,media,Valle del Cauca,828116,48
17480,mujer,39,11,media,Valle del Cauca,560000,51
17481,mujer,29,17,superior,Valle del Cauca,600000,40
17482,hombre,30,11,media,Valle del Cauca,828116,48
17483,mujer,53,5,primaria,Valle del Cauca,500000,42
17484,hombre,51,11,media,Valle del Cauca,1200000,48
17485,mujer,45,10,media,Valle del Cauca,980000,48
17486,mujer,21,11,media,Valle del Cauca,760000,36
17487,mujer,18,10,media,Valle del Cauca,100000,30
17488,hombre,31,13,superior,Valle del Cauca,817000,40
17489,mujer,28,17,superior,Valle del Cauca,420000,20
17490,mujer,63,7,secundaria,Valle del Cauca,828116,60
17491,mujer,53,5,primaria,Valle del Cauca,600000,70
17492,mujer,30,11,media,Valle del Cauca,900000,44
17493,mujer,35,11,media,Valle del Cauca,696000,50
17494,mujer,49,11,media,Valle del Cauca,260000,8
17495,hombre,43,11,media,Valle del Cauca,1600000,50
17496,mujer,39,5,primaria,Valle del Cauca,1050000,50
17497,mujer,20,11,media,Valle del Cauca,828116,60
17498,mujer,50,11,media,Valle del Cauca,828116,48
17499,hombre,58,11,media,Valle del Cauca,760000,60
17500,mujer,41,19,superior,Valle del Cauca,919000,48
17501,hombre,55,13,superior,Valle del Cauca,1000000,40
17502,mujer,47,13,superior,Valle del Cauca,1600000,48
17503,hombre,29,9,secundaria,Valle del Cauca,828116,45
17504,hombre,55,5,primaria,Valle del Cauca,250000,24
17505,mujer,64,3,primaria,Valle del Cauca,200000,15
17506,mujer,35,11,media,Valle del Cauca,1200000,48
17507,hombre,55,4,primaria,Valle del Cauca,800000,78
17508,hombre,58,10,media,Valle del Cauca,400000,25
17509,mujer,43,11,media,Valle del Cauca,350000,14
17510,hombre,18,11,media,Valle del Cauca,900000,48
17511,hombre,54,16,superior,Valle del Cauca,2000000,40
17512,hombre,48,5,primaria,Valle del Cauca,900000,60
17513,mujer,48,11,media,Valle del Cauca,120000,16
17514,mujer,64,2,primaria,Valle del Cauca,400000,28
17515,hombre,42,10,media,Valle del Cauca,1200000,74
17516,hombre,38,11,media,Valle del Cauca,1000000,45
17517,hombre,50,2,primaria,Valle del Cauca,1100000,50
17518,hombre,48,0,ninguno,Cundinamarca,1000000,90
17519,mujer,41,2,primaria,Cundinamarca,70000,4
17520,mujer,18,11,media,Cundinamarca,600000,60
17521,mujer,31,18,superior,Cundinamarca,2000000,48
17522,hombre,63,0,ninguno,Cundinamarca,120000,24
17523,mujer,52,19,superior,Cundinamarca,2566000,44
17524,hombre,61,18,superior,Cundinamarca,1550000,60
17525,mujer,52,7,secundaria,Cundinamarca,781242,60
17526,hombre,53,5,primaria,Cundinamarca,250000,18
17527,hombre,32,10,media,Cundinamarca,961242,60
17528,mujer,25,11,media,Cundinamarca,600000,70
17529,mujer,48,13,superior,Cundinamarca,1200000,35
17530,hombre,46,4,primaria,Cundinamarca,450000,32
17531,hombre,44,13,superior,Cundinamarca,1200000,48
17532,mujer,47,16,superior,Cundinamarca,1200000,40
17533,hombre,46,11,media,Cundinamarca,1892484,84
17534,mujer,40,13,superior,Cundinamarca,920000,50
17535,mujer,52,5,primaria,Cundinamarca,800000,60
17536,hombre,42,11,media,Cundinamarca,781242,48
17537,hombre,41,16,superior,Cundinamarca,2500000,55
17538,mujer,33,14,superior,Cundinamarca,15000000,50
17539,mujer,42,11,media,Cundinamarca,800000,60
17540,hombre,36,5,primaria,Cundinamarca,900000,48
17541,hombre,38,6,secundaria,Cundinamarca,800000,90
17542,hombre,42,11,media,Cundinamarca,900000,48
17543,mujer,43,5,primaria,Cundinamarca,50000,42
17544,hombre,50,6,secundaria,Cundinamarca,800000,60
17545,mujer,45,3,primaria,Cundinamarca,280000,10
17546,hombre,47,5,primaria,Cundinamarca,3000000,60
17547,mujer,54,17,superior,Cundinamarca,3000000,30
17548,hombre,38,9,secundaria,Cundinamarca,781242,48
17549,mujer,40,11,media,Cundinamarca,781242,48
17550,mujer,58,4,primaria,Cundinamarca,565000,21
17551,mujer,33,11,media,Cundinamarca,800000,32
17552,hombre,44,11,media,Cundinamarca,781242,40
17553,hombre,52,11,media,Cundinamarca,1100000,48
17554,mujer,63,5,primaria,Cundinamarca,20000,48
17555,mujer,52,11,media,Cundinamarca,652000,48
17556,hombre,24,16,superior,Cundinamarca,1750000,40
17557,hombre,47,17,superior,Cundinamarca,3298050,50
17558,hombre,31,5,primaria,Cundinamarca,800000,60
17559,hombre,39,11,media,Cundinamarca,900000,60
17560,hombre,21,11,media,Cundinamarca,800000,72
17561,hombre,38,11,media,Cundinamarca,150000,40
17562,hombre,36,11,media,Cundinamarca,200000,40
17563,mujer,31,11,media,Cundinamarca,252000,15
17564,hombre,40,14,superior,Cundinamarca,800000,48
17565,mujer,53,0,ninguno,Cundinamarca,200000,55
17566,mujer,30,11,media,Cundinamarca,400000,30
17567,hombre,26,14,superior,Cundinamarca,781242,48
17568,hombre,65,2,primaria,Cundinamarca,1000000,60
17569,mujer,38,11,media,Cundinamarca,781242,48
17570,hombre,32,9,secundaria,Cundinamarca,792128,48
17571,mujer,32,16,superior,Cundinamarca,1200000,48
17572,mujer,31,11,media,Cundinamarca,900000,60
17573,hombre,29,11,media,Cundinamarca,2500000,48
17574,hombre,38,11,media,Cundinamarca,1800000,48
17575,mujer,31,11,media,Cundinamarca,600000,40
17576,hombre,32,9,secundaria,Cundinamarca,1300000,48
17577,hombre,26,7,secundaria,Cundinamarca,960000,48
17578,hombre,46,2,primaria,Cundinamarca,180000,40
17579,hombre,37,11,media,Cundinamarca,781242,48
17580,mujer,28,11,media,Cundinamarca,1600000,63
17581,hombre,29,11,media,Cundinamarca,3000000,72
17582,hombre,19,12,superior,Cundinamarca,781242,56
17583,mujer,53,6,secundaria,Cundinamarca,900000,60
17584,mujer,56,0,ninguno,Cundinamarca,828116,60
17585,mujer,45,5,primaria,Cundinamarca,500000,64
17586,hombre,47,3,primaria,Cundinamarca,300000,60
17587,mujer,22,11,media,Cundinamarca,781242,42
17588,mujer,29,16,superior,Cundinamarca,2000000,40
17589,mujer,27,11,media,Cundinamarca,1200000,48
17590,hombre,41,13,superior,Cundinamarca,1448000,84
17591,mujer,57,0,ninguno,Cundinamarca,320000,50
17592,hombre,47,4,primaria,Cundinamarca,600000,48
17593,hombre,24,12,superior,Cundinamarca,600000,32
17594,mujer,23,11,media,Cundinamarca,150000,24
17595,hombre,44,11,media,Cundinamarca,300000,48
17596,hombre,26,11,media,Cundinamarca,781242,48
17597,mujer,21,13,superior,Cundinamarca,781242,60
17598,hombre,61,11,media,Cundinamarca,781242,48
17599,hombre,36,2,primaria,Cundinamarca,285000,48
17600,hombre,60,4,primaria,Cundinamarca,912000,48
17601,hombre,37,9,secundaria,Cundinamarca,1560000,84
17602,mujer,21,13,superior,Cundinamarca,148000,12
17603,mujer,40,8,secundaria,Cundinamarca,840000,56
17604,hombre,19,2,primaria,Cundinamarca,120000,30
17605,hombre,46,11,media,Cundinamarca,1500000,60
17606,mujer,42,5,primaria,Cundinamarca,400000,12
17607,mujer,20,8,secundaria,Cundinamarca,1260000,56
17608,hombre,24,9,secundaria,Cundinamarca,980000,72
17609,mujer,22,6,secundaria,Cundinamarca,600000,48
17610,hombre,52,5,primaria,Cundinamarca,781242,48
17611,mujer,48,11,media,Cundinamarca,600000,40
17612,mujer,24,8,secundaria,Cundinamarca,1180000,68
17613,hombre,56,4,primaria,Cundinamarca,1200000,48
17614,mujer,27,7,secundaria,Cundinamarca,480000,48
17615,hombre,23,5,primaria,Cundinamarca,3000000,63
17616,mujer,48,4,primaria,Cundinamarca,408000,24
17617,mujer,56,0,ninguno,Cundinamarca,480000,105
17618,mujer,40,11,media,Cundinamarca,811242,48
17619,mujer,18,11,media,Cundinamarca,781242,48
17620,mujer,31,11,media,Cundinamarca,360000,30
17621,hombre,34,3,primaria,Cundinamarca,800000,48
17622,hombre,59,5,primaria,Cundinamarca,200000,24
17623,mujer,44,13,superior,Cundinamarca,820000,56
17624,mujer,20,15,superior,Cundinamarca,250000,20
17625,hombre,61,10,media,Cundinamarca,100000,40
17626,mujer,56,8,secundaria,Cundinamarca,650000,65
17627,hombre,65,11,media,Cundinamarca,500000,50
17628,hombre,39,11,media,Cundinamarca,2200000,50
17629,mujer,24,15,superior,Cundinamarca,881242,48
17630,hombre,28,12,superior,Cundinamarca,1440000,48
17631,mujer,28,13,superior,Cundinamarca,1000000,48
17632,hombre,50,6,secundaria,Cundinamarca,200000,42
17633,mujer,49,6,secundaria,Cundinamarca,300000,60
17634,hombre,23,10,media,Cundinamarca,781242,48
17635,hombre,49,3,primaria,Cundinamarca,700000,60
17636,mujer,44,5,primaria,Cundinamarca,2200000,45
17637,mujer,25,11,media,Cundinamarca,781242,48
17638,hombre,46,11,media,Cundinamarca,890000,48
17639,hombre,45,9,secundaria,Cundinamarca,900000,48
17640,hombre,22,11,media,Cundinamarca,1000000,60
17641,mujer,22,12,superior,Cundinamarca,450000,60
17642,mujer,21,11,media,Cundinamarca,1100000,60
17643,hombre,37,5,primaria,Cundinamarca,2000000,60
17644,hombre,52,5,primaria,Cundinamarca,1021242,45
17645,hombre,28,11,media,Cundinamarca,1000000,30
17646,mujer,36,5,primaria,Cundinamarca,1800000,54
17647,hombre,43,11,media,Cundinamarca,1400000,48
17648,mujer,19,13,superior,Cundinamarca,781242,48
17649,hombre,62,11,media,Cundinamarca,600000,96
17650,mujer,53,9,secundaria,Cundinamarca,400000,20
17651,hombre,25,13,superior,Cundinamarca,800000,48
17652,hombre,56,10,media,Cundinamarca,1360000,48
17653,mujer,58,9,secundaria,Cundinamarca,1320000,48
17654,mujer,24,14,superior,Cundinamarca,1100000,48
17655,hombre,22,11,media,Cundinamarca,800000,60
17656,mujer,31,16,superior,Cundinamarca,2900000,48
17657,hombre,58,5,primaria,Cundinamarca,500000,42
17658,hombre,62,6,secundaria,Cundinamarca,200000,50
17659,hombre,32,6,secundaria,Cundinamarca,940000,50
17660,hombre,36,5,primaria,Cundinamarca,1080000,84
17661,mujer,49,6,secundaria,Cundinamarca,1056242,54
17662,hombre,20,14,superior,Cundinamarca,900000,48
17663,mujer,23,11,media,Cundinamarca,781242,48
17664,mujer,37,11,media,Cundinamarca,1000000,48
17665,hombre,31,11,media,Cundinamarca,781242,48
17666,hombre,55,5,primaria,Cundinamarca,1200000,70
17667,mujer,24,16,superior,Cundinamarca,1000000,60
17668,hombre,32,9,secundaria,Cundinamarca,400000,40
17669,mujer,26,9,secundaria,Cundinamarca,500000,50
17670,hombre,25,11,media,Cundinamarca,781242,48
17671,mujer,42,11,media,Choco,300000,16
17672,hombre,48,3,primaria,Choco,800000,40
17673,mujer,49,16,superior,Choco,2400000,36
17674,hombre,37,5,primaria,Huila,828000,48
17675,mujer,34,16,superior,Huila,828000,48
17676,hombre,22,13,superior,La Guajira,781242,48
17677,hombre,57,11,media,La Guajira,1600000,48
17678,mujer,40,13,superior,La Guajira,120000,14
17679,mujer,60,5,primaria,La Guajira,500000,56
17680,hombre,45,11,media,La Guajira,400000,28
17681,mujer,54,18,superior,La Guajira,3600000,40
17682,mujer,44,14,superior,La Guajira,1060000,48
17683,hombre,37,14,superior,La Guajira,3900000,48
17684,mujer,38,16,superior,La Guajira,2250000,40
17685,hombre,45,5,primaria,La Guajira,200000,42
17686,mujer,34,17,superior,La Guajira,1400000,30
17687,hombre,42,13,superior,La Guajira,5156000,48
17688,mujer,39,16,superior,La Guajira,1200000,30
17689,hombre,45,11,media,La Guajira,600000,70
17690,hombre,63,5,primaria,La Guajira,600000,56
17691,mujer,57,13,superior,La Guajira,300000,36
17692,mujer,21,11,superior,La Guajira,200000,36
17693,hombre,23,11,media,La Guajira,400000,48
17694,mujer,60,11,media,La Guajira,3000000,56
17695,mujer,58,3,primaria,Sucre,70000,12
17696,hombre,63,3,primaria,Sucre,350000,40
17697,hombre,35,11,media,Sucre,600000,45
17698,mujer,30,13,superior,Sucre,350000,40
17699,mujer,48,7,secundaria,Sucre,500000,40
17700,hombre,56,4,primaria,Sucre,1200000,42
17701,mujer,40,14,superior,Sucre,140000,15
17702,mujer,59,5,primaria,Sucre,500000,40
17703,mujer,61,5,primaria,Sucre,450000,40
17704,hombre,64,4,primaria,Sucre,800000,49
17705,mujer,50,4,primaria,Sucre,700000,40
17706,hombre,26,11,media,Sucre,1000000,48
17707,mujer,20,13,superior,Sucre,781242,40
17708,hombre,38,3,primaria,Sucre,500000,49
17709,mujer,40,11,media,Sucre,500000,45
17710,hombre,23,6,secundaria,Sucre,450000,48
17711,mujer,25,7,secundaria,Sucre,125000,18
17712,hombre,24,11,media,Sucre,400000,54
17713,mujer,57,11,media,Sucre,781242,40
17714,mujer,35,16,superior,Sucre,40000,7
17715,hombre,28,11,media,Sucre,500000,35
17716,hombre,62,3,primaria,Sucre,400000,45
17717,hombre,31,3,primaria,Sucre,400000,46
17718,mujer,25,8,secundaria,Sucre,80000,14
17719,hombre,22,5,primaria,Sucre,400000,44
17720,mujer,56,6,secundaria,Sucre,350000,40
17721,mujer,33,13,superior,Sucre,350000,40
17722,hombre,31,5,primaria,Sucre,500000,45
17723,mujer,57,1,primaria,Sucre,330000,46
17724,hombre,37,11,media,Sucre,700000,40
17725,hombre,18,4,primaria,Sucre,150000,10
17726,mujer,56,13,superior,Sucre,600000,30
17727,hombre,60,9,secundaria,Sucre,1500000,48
17728,hombre,43,16,superior,Sucre,2000000,48
17729,mujer,41,14,superior,Sucre,800000,40
17730,hombre,56,7,secundaria,Sucre,1500000,60
17731,mujer,43,11,media,Sucre,350000,30
17732,hombre,53,11,media,Sucre,850000,30
17733,hombre,49,16,superior,Sucre,2850000,44
17734,mujer,29,16,superior,Sucre,1800000,40
17735,hombre,46,8,secundaria,Sucre,400000,40
17736,mujer,56,13,superior,Sucre,1500000,42
17737,mujer,51,5,primaria,Sucre,100000,42
17738,hombre,50,5,primaria,Sucre,700000,40
17739,mujer,48,13,superior,Sucre,900000,40
17740,hombre,48,11,media,Sucre,1000000,42
17741,mujer,45,7,secundaria,Sucre,800000,70
17742,mujer,40,17,superior,Sucre,2633097,30
17743,hombre,37,16,superior,Sucre,1500000,40
17744,hombre,42,8,secundaria,Sucre,530000,44
17745,hombre,29,15,superior,Sucre,500000,15
17746,hombre,46,5,primaria,Sucre,510000,42
17747,mujer,65,2,primaria,Sucre,500000,35
17748,hombre,46,1,primaria,Sucre,100000,25
17749,hombre,27,16,superior,Sucre,781242,44
17750,mujer,45,13,superior,Sucre,520000,40
17751,hombre,35,16,superior,Sucre,1350000,40
17752,hombre,47,5,primaria,Sucre,981242,49
17753,hombre,40,12,superior,Sucre,700000,36
17754,mujer,53,8,secundaria,Sucre,800000,44
17755,hombre,60,11,media,Sucre,400000,28
17756,mujer,51,11,media,Sucre,781242,40
17757,hombre,35,9,secundaria,Sucre,1500000,44
17758,mujer,30,13,superior,Sucre,125000,15
17759,mujer,50,5,primaria,Sucre,350000,24
17760,hombre,23,1,primaria,Sucre,220000,20
17761,hombre,58,5,primaria,Sucre,800000,40
17762,mujer,53,5,primaria,Sucre,480000,48
17763,hombre,31,13,superior,Sucre,750000,54
17764,mujer,57,5,primaria,Sucre,390000,40
17765,mujer,35,11,media,Sucre,300000,40
17766,mujer,56,13,superior,Sucre,350000,28
17767,hombre,28,16,superior,Sucre,781242,46
17768,mujer,45,16,superior,Sucre,2420000,30
17769,hombre,54,11,media,Sucre,700000,46
17770,mujer,34,13,superior,Sucre,1520000,30
17771,hombre,55,6,secundaria,Sucre,400000,35
17772,mujer,65,11,media,Sucre,450000,24
17773,hombre,49,8,secundaria,Sucre,1000000,44
17774,mujer,52,11,media,Sucre,300000,28
17775,mujer,43,11,media,Sucre,250000,20
17776,hombre,33,11,media,Sucre,780000,54
17777,mujer,33,3,primaria,Sucre,60000,10
17778,mujer,41,11,media,Sucre,1200000,40
17779,hombre,57,18,superior,Sucre,3500000,30
17780,hombre,44,11,media,Sucre,620000,44
17781,hombre,47,4,primaria,Sucre,640000,49
17782,mujer,35,11,media,Sucre,350000,28
17783,mujer,49,5,primaria,Sucre,330000,44
17784,hombre,52,0,ninguno,Sucre,600000,45
17785,hombre,28,7,secundaria,Sucre,600000,46
17786,hombre,27,6,secundaria,Sucre,1000000,46
17787,hombre,28,11,media,Sucre,400000,40
17788,hombre,44,3,primaria,Sucre,500000,46
17789,mujer,48,11,media,Sucre,200000,18
17790,hombre,65,4,primaria,Sucre,250000,28
17791,mujer,41,11,media,Sucre,300000,28
17792,hombre,58,5,primaria,Sucre,500000,40
17793,hombre,52,16,superior,Valle del Cauca,1700000,48
17794,mujer,54,19,superior,Valle del Cauca,1850000,48
17795,hombre,27,16,superior,Valle del Cauca,1500000,45
17796,mujer,32,16,superior,Valle del Cauca,1300000,48
17797,hombre,37,13,superior,Valle del Cauca,2542000,56
17798,mujer,35,14,superior,Valle del Cauca,1700000,40
17799,mujer,62,9,secundaria,Valle del Cauca,80000,2
17800,hombre,44,11,media,Valle del Cauca,781242,48
17801,mujer,37,11,media,Valle del Cauca,2200000,42
17802,mujer,20,8,secundaria,Valle del Cauca,500000,37
17803,mujer,40,11,media,Valle del Cauca,1100000,44
17804,mujer,41,9,secundaria,Valle del Cauca,1200000,60
17805,hombre,20,13,superior,Valle del Cauca,781242,48
17806,hombre,31,7,secundaria,Valle del Cauca,1200000,50
17807,mujer,20,11,media,Valle del Cauca,500000,24
17808,hombre,63,11,media,Valle del Cauca,1200000,20
17809,hombre,23,13,superior,Valle del Cauca,3000000,24
17810,hombre,39,5,primaria,Valle del Cauca,800000,44
17811,mujer,40,7,secundaria,Valle del Cauca,400000,46
17812,hombre,19,9,secundaria,Valle del Cauca,400000,59
17813,mujer,36,17,superior,Valle del Cauca,2000000,48
17814,hombre,38,17,superior,Valle del Cauca,4000000,40
17815,hombre,56,22,superior,Valle del Cauca,4000000,20
17816,hombre,25,16,superior,Valle del Cauca,1000000,48
17817,hombre,29,11,media,Valle del Cauca,903000,70
17818,mujer,54,12,superior,Valle del Cauca,100000,42
17819,mujer,23,16,superior,Valle del Cauca,1800000,70
17820,hombre,24,11,media,Valle del Cauca,1000000,56
17821,mujer,30,11,media,Valle del Cauca,500000,28
17822,hombre,29,11,media,Valle del Cauca,781242,72
17823,mujer,49,11,media,Valle del Cauca,870000,48
17824,mujer,55,11,media,Valle del Cauca,781242,48
17825,mujer,41,18,superior,Valle del Cauca,2600000,40
17826,hombre,64,5,primaria,Valle del Cauca,900000,40
17827,hombre,60,6,secundaria,Valle del Cauca,750000,40
17828,mujer,61,5,primaria,Valle del Cauca,30000,1
17829,mujer,53,6,secundaria,Valle del Cauca,750000,46
17830,hombre,20,12,superior,Valle del Cauca,700000,74
17831,hombre,25,13,superior,Valle del Cauca,840000,88
17832,hombre,34,11,media,Valle del Cauca,480000,47
17833,mujer,41,11,media,Valle del Cauca,781242,50
17834,mujer,19,12,superior,Valle del Cauca,781242,48
17835,mujer,58,8,secundaria,Valle del Cauca,861242,40
17836,mujer,20,12,superior,Valle del Cauca,820000,49
17837,mujer,25,11,media,Valle del Cauca,870000,48
17838,mujer,31,14,superior,Valle del Cauca,1200000,43
17839,mujer,38,15,superior,Valle del Cauca,2400000,45
17840,hombre,27,11,media,Antioquia,1428916,48
17841,hombre,31,13,superior,Antioquia,1000000,48
17842,mujer,65,13,superior,Antioquia,200000,18
17843,hombre,19,13,superior,Antioquia,700000,10
17844,hombre,29,15,superior,Antioquia,1800000,45
17845,mujer,23,13,superior,Antioquia,1283000,45
17846,hombre,60,16,superior,Antioquia,500000,14
17847,hombre,36,11,media,Antioquia,1000000,48
17848,mujer,33,11,media,Antioquia,1078116,48
17849,hombre,35,11,media,Antioquia,1600000,48
17850,mujer,34,16,superior,Antioquia,1500000,44
17851,mujer,32,16,superior,Antioquia,2500000,45
17852,hombre,37,16,superior,Antioquia,1500000,40
17853,mujer,62,17,superior,Antioquia,3600000,40
17854,hombre,55,13,superior,Antioquia,1525148,24
17855,hombre,59,5,primaria,Antioquia,200000,16
17856,mujer,54,11,media,Antioquia,600000,24
17857,hombre,52,8,secundaria,Antioquia,1000000,48
17858,hombre,26,13,superior,Antioquia,1200000,40
17859,mujer,47,5,primaria,Antioquia,280000,16
17860,hombre,31,5,primaria,Antioquia,280000,48
17861,mujer,30,12,superior,Antioquia,900000,48
17862,hombre,33,11,media,Antioquia,360000,48
17863,hombre,32,14,superior,Antioquia,3000000,60
17864,mujer,46,16,superior,Antioquia,2380000,48
17865,hombre,28,14,superior,Antioquia,1800000,48
17866,mujer,55,18,superior,Antioquia,150000,20
17867,hombre,54,11,media,Antioquia,2000000,60
17868,mujer,26,18,superior,Antioquia,4400000,48
17869,mujer,33,17,superior,Antioquia,2000000,48
17870,hombre,32,14,superior,Antioquia,2000000,60
17871,hombre,33,11,media,Antioquia,1300000,60
17872,hombre,36,11,media,Antioquia,1000000,48
17873,mujer,44,11,media,Antioquia,650000,48
17874,mujer,35,14,superior,Antioquia,35000,8
17875,hombre,59,11,media,Antioquia,1000000,48
17876,mujer,51,11,media,Antioquia,1000000,30
17877,mujer,27,14,superior,Antioquia,1350000,48
17878,hombre,49,11,media,Antioquia,1000000,20
17879,mujer,45,15,superior,Antioquia,3700000,48
17880,hombre,48,11,media,Antioquia,828000,48
17881,mujer,42,8,secundaria,Antioquia,828000,48
17882,hombre,21,8,secundaria,Antioquia,800000,48
17883,mujer,58,16,superior,Antioquia,3110000,48
17884,hombre,44,8,secundaria,Antioquia,900000,60
17885,hombre,20,11,media,Antioquia,380000,12
17886,hombre,36,11,media,Antioquia,1210000,48
17887,hombre,55,11,media,Antioquia,4000000,48
17888,hombre,31,18,superior,Antioquia,4000000,48
17889,hombre,26,16,superior,Antioquia,2000000,25
17890,mujer,20,8,secundaria,Antioquia,400000,24
17891,mujer,38,16,superior,Antioquia,1500000,48
17892,mujer,32,16,superior,Antioquia,50000,18
17893,hombre,60,1,primaria,Antioquia,55000,10
17894,hombre,44,11,media,Antioquia,1100000,60
17895,mujer,45,11,media,Antioquia,1000000,40
17896,hombre,26,12,superior,Antioquia,2196000,90
17897,mujer,47,5,primaria,Antioquia,400000,28
17898,mujer,58,11,media,Antioquia,800000,64
17899,mujer,31,16,superior,Antioquia,3500000,40
17900,mujer,28,16,superior,Antioquia,2900000,40
17901,mujer,62,5,primaria,Antioquia,28000,40
17902,hombre,56,0,ninguno,Antioquia,1150000,72
17903,mujer,57,8,secundaria,Antioquia,1300000,48
17904,mujer,30,16,superior,Antioquia,800000,48
17905,hombre,31,9,secundaria,Antioquia,1000000,48
17906,mujer,19,11,media,Antioquia,30000,4
17907,hombre,36,9,secundaria,Antioquia,900000,50
17908,hombre,56,11,media,Antioquia,980000,48
17909,mujer,46,11,media,Antioquia,500000,50
17910,mujer,26,16,superior,Antioquia,1000000,48
17911,mujer,27,16,superior,Antioquia,2500000,48
17912,hombre,29,16,superior,Antioquia,3000000,48
17913,hombre,45,19,superior,Antioquia,800000,48
17914,hombre,37,14,superior,Antioquia,1800000,48
17915,mujer,39,14,superior,Antioquia,2000000,48
17916,hombre,34,18,superior,Antioquia,1800000,30
17917,hombre,32,16,superior,Antioquia,2500000,5
17918,hombre,38,14,superior,Antioquia,828116,50
17919,mujer,21,12,superior,Antioquia,828116,40
17920,mujer,56,5,primaria,Antioquia,150000,20
17921,hombre,40,18,superior,Antioquia,10000000,50
17922,mujer,52,5,primaria,Antioquia,600000,18
17923,hombre,34,15,superior,Antioquia,1200000,48
17924,hombre,28,11,superior,Antioquia,828116,48
17925,hombre,22,12,superior,Antioquia,828000,40
17926,hombre,26,16,superior,Antioquia,2300000,45
17927,mujer,42,15,superior,Antioquia,2000000,40
17928,hombre,27,12,superior,Antioquia,828116,60
17929,mujer,26,14,superior,Antioquia,970000,48
17930,hombre,40,9,secundaria,Antioquia,700000,48
17931,hombre,40,6,secundaria,Antioquia,1000000,72
17932,mujer,36,16,superior,Antioquia,2000000,24
17933,hombre,41,13,superior,Antioquia,1200000,48
17934,mujer,37,13,superior,Antioquia,1700000,48
17935,hombre,25,11,media,Antioquia,900000,48
17936,mujer,34,11,media,Antioquia,900000,48
17937,hombre,23,12,superior,Antioquia,1700000,30
17938,mujer,30,17,superior,Antioquia,1700000,20
17939,hombre,54,11,media,Atlantico,900000,30
17940,hombre,27,16,superior,Atlantico,2000000,48
17941,mujer,29,17,superior,Atlantico,2900000,48
17942,hombre,29,16,superior,Atlantico,980000,42
17943,hombre,23,14,superior,Atlantico,780000,60
17944,hombre,28,14,superior,Atlantico,600000,70
17945,hombre,30,13,superior,Atlantico,500000,60
17946,mujer,25,16,superior,Atlantico,828116,48
17947,hombre,35,8,secundaria,Atlantico,800000,84
17948,hombre,52,5,primaria,Atlantico,900000,48
17949,mujer,54,5,primaria,Atlantico,420000,48
17950,mujer,19,13,superior,Atlantico,1000000,48
17951,hombre,30,11,media,Atlantico,900000,48
17952,hombre,57,4,primaria,Atlantico,750000,48
17953,hombre,32,11,media,Atlantico,700000,48
17954,hombre,33,8,secundaria,Atlantico,750000,60
17955,hombre,49,3,primaria,Atlantico,1200000,48
17956,mujer,50,9,secundaria,Atlantico,550000,42
17957,mujer,38,11,media,Atlantico,1200000,72
17958,hombre,28,14,superior,Atlantico,2070000,48
17959,hombre,28,16,superior,Atlantico,1000000,48
17960,mujer,24,13,superior,Atlantico,827000,70
17961,mujer,21,15,superior,Atlantico,1040000,66
17962,hombre,41,13,superior,Bogota D.C.,3200000,72
17963,hombre,47,14,superior,Bolivar,3100000,48
17964,mujer,42,14,superior,Bolivar,600000,40
17965,mujer,27,13,superior,Bolivar,828116,48
17966,hombre,60,5,primaria,Bolivar,500000,40
17967,hombre,22,8,secundaria,Bolivar,828116,48
17968,hombre,42,11,media,Bolivar,828116,48
17969,hombre,24,11,media,Bolivar,828116,48
17970,mujer,32,11,media,Bolivar,828116,48
17971,mujer,46,11,media,Bolivar,828116,48
17972,hombre,47,13,superior,Bolivar,828116,48
17973,hombre,23,14,superior,Bolivar,828116,48
17974,mujer,28,14,superior,Bolivar,1100000,48
17975,mujer,22,11,media,Bolivar,640000,60
17976,hombre,40,11,media,Bolivar,800000,48
17977,hombre,54,11,media,Bolivar,828116,48
17978,mujer,30,11,media,Bolivar,1500000,40
17979,hombre,36,13,superior,Bolivar,1200000,48
17980,mujer,30,16,superior,Bolivar,970000,48
17981,mujer,51,10,media,Bolivar,100000,7
17982,hombre,37,14,superior,Bolivar,900000,48
17983,hombre,33,16,superior,Bolivar,1000000,40
17984,hombre,30,5,primaria,Bolivar,800000,48
17985,hombre,29,7,secundaria,Bolivar,800000,48
17986,hombre,27,11,media,Bolivar,800000,48
17987,hombre,48,5,primaria,Bolivar,600000,40
17988,hombre,44,8,secundaria,Bolivar,500000,50
17989,hombre,19,11,media,Bolivar,240000,24
17990,hombre,39,7,secundaria,Bolivar,450000,50
17991,hombre,34,6,secundaria,Bolivar,500000,50
17992,mujer,31,5,primaria,Bolivar,370000,40
17993,mujer,36,6,secundaria,Bolivar,570000,48
17994,hombre,33,5,primaria,Bolivar,1200000,48
17995,mujer,24,11,media,Bolivar,900000,48
17996,hombre,29,14,superior,Bolivar,1550000,48
17997,hombre,39,14,superior,Bolivar,1500000,48
17998,mujer,36,14,superior,Bolivar,700000,35
17999,mujer,55,6,secundaria,Bolivar,600000,40
18000,hombre,62,16,superior,Bolivar,1500000,48
18001,mujer,58,7,secundaria,Bolivar,600000,24
18002,mujer,33,16,superior,Bolivar,1200000,48
18003,mujer,37,16,superior,Bolivar,1200000,40
18004,mujer,34,13,superior,Bolivar,828116,48
18005,hombre,37,13,superior,Bolivar,828116,48
18006,mujer,36,16,superior,Bolivar,1500000,48
18007,hombre,35,16,superior,Bolivar,828116,48
18008,hombre,39,6,secundaria,Bolivar,650000,40
18009,hombre,58,11,media,Bolivar,828116,48
18010,hombre,54,8,secundaria,Bolivar,1600000,40
18011,mujer,42,5,primaria,Bolivar,600000,40
18012,hombre,26,11,media,Bolivar,800000,48
18013,mujer,48,11,media,Bolivar,828116,48
18014,mujer,49,11,media,Bolivar,550000,48
18015,hombre,34,5,primaria,Bolivar,600000,50
18016,mujer,35,4,primaria,Bolivar,100000,50
18017,hombre,36,16,superior,Bolivar,1000000,40
18018,hombre,45,11,media,Bolivar,1300000,55
18019,mujer,40,11,media,Bolivar,500000,40
18020,hombre,22,11,media,Bolivar,828116,48
18021,hombre,37,5,primaria,Bolivar,900000,40
18022,mujer,37,5,primaria,Bolivar,600000,48
18023,hombre,20,11,media,Bolivar,500000,50
18024,hombre,64,0,ninguno,Bolivar,700000,50
18025,mujer,51,0,ninguno,Bolivar,100000,55
18026,hombre,25,7,secundaria,Bolivar,700000,50
18027,hombre,23,11,media,Bolivar,600000,55
18028,mujer,40,11,media,Bolivar,600000,40
18029,mujer,42,16,superior,Bolivar,1700000,40
18030,hombre,48,11,media,Bolivar,1200000,48
18031,hombre,48,7,secundaria,Bolivar,700000,48
18032,mujer,38,11,media,Bolivar,300000,30
18033,hombre,47,8,secundaria,Bolivar,700000,48
18034,mujer,60,5,primaria,Bolivar,600000,48
18035,mujer,64,7,secundaria,Bolivar,400000,40
18036,mujer,37,11,media,Bolivar,100000,40
18037,hombre,61,6,secundaria,Bolivar,500000,48
18038,hombre,29,11,media,Bolivar,828116,48
18039,hombre,20,6,secundaria,Bolivar,750000,48
18040,hombre,38,5,primaria,Bolivar,800000,48
18041,mujer,58,5,primaria,Bolivar,240000,24
18042,hombre,44,8,secundaria,Bolivar,828116,48
18043,mujer,28,11,media,Bolivar,300000,32
18044,hombre,29,13,superior,Bolivar,1200000,48
18045,hombre,63,5,primaria,Bolivar,600000,48
18046,mujer,62,11,media,Bolivar,200000,16
18047,hombre,23,11,media,Bolivar,900000,40
18048,hombre,64,4,primaria,Bolivar,828116,48
18049,mujer,58,3,primaria,Bolivar,750000,40
18050,hombre,37,11,media,Bolivar,800000,50
18051,hombre,37,11,media,Bolivar,400000,50
18052,hombre,43,5,primaria,Bolivar,500000,40
18053,hombre,20,11,media,Bolivar,280000,40
18054,hombre,58,3,primaria,Bolivar,950000,48
18055,hombre,35,11,media,Bolivar,828116,48
18056,mujer,31,5,primaria,Bolivar,100000,8
18057,hombre,29,6,secundaria,Bolivar,450000,48
18058,hombre,58,11,media,Bolivar,1000000,48
18059,mujer,56,5,primaria,Bolivar,200000,40
18060,mujer,23,14,superior,Bolivar,830000,48
18061,hombre,24,11,media,Bolivar,1020000,48
18062,hombre,41,11,media,Bolivar,600000,48
18063,mujer,24,11,media,Bolivar,360000,48
18064,hombre,19,9,secundaria,Bolivar,450000,40
18065,hombre,24,12,superior,Bolivar,828116,48
18066,hombre,45,11,media,Bolivar,600000,48
18067,hombre,34,16,superior,Bolivar,2500000,40
18068,mujer,31,16,superior,Bolivar,2000000,30
18069,hombre,48,5,primaria,Bolivar,900000,40
18070,mujer,51,11,media,Bolivar,390500,24
18071,hombre,45,11,media,Bolivar,900000,48
18072,mujer,41,11,media,Bolivar,200000,32
18073,hombre,62,13,superior,Bolivar,600000,60
18074,hombre,24,11,media,Bolivar,930000,48
18075,hombre,25,11,media,Bolivar,700000,40
18076,mujer,44,11,media,Bolivar,30000,20
18077,hombre,48,5,primaria,Bolivar,500000,70
18078,mujer,23,13,superior,Bolivar,828116,48
18079,mujer,42,14,superior,Bolivar,828116,48
18080,hombre,41,7,secundaria,Bolivar,828116,48
18081,mujer,33,5,primaria,Bolivar,500000,40
18082,mujer,34,16,superior,Bolivar,900000,40
18083,hombre,58,10,media,Bolivar,800000,36
18084,mujer,59,13,superior,Bolivar,978116,48
18085,mujer,28,18,superior,Boyaca,1000000,20
18086,hombre,29,7,secundaria,Boyaca,1000000,48
18087,hombre,21,10,media,Boyaca,600000,48
18088,mujer,24,13,superior,Boyaca,400000,36
18089,hombre,42,14,superior,Boyaca,800000,66
18090,mujer,41,14,superior,Boyaca,414000,18
18091,hombre,40,11,media,Boyaca,1500000,50
18092,mujer,33,16,superior,Boyaca,460000,25
18093,hombre,51,16,superior,Boyaca,1000000,40
18094,mujer,43,11,media,Boyaca,1000000,40
18095,mujer,31,16,superior,Boyaca,1100000,40
18096,hombre,33,11,media,Boyaca,1000000,40
18097,mujer,48,14,superior,Boyaca,781242,40
18098,mujer,53,5,primaria,Boyaca,1028116,54
18099,hombre,31,17,superior,Boyaca,1500000,40
18100,hombre,53,11,media,Boyaca,960000,42
18101,mujer,52,12,superior,Boyaca,240000,20
18102,mujer,63,11,media,Boyaca,781242,40
18103,mujer,32,13,superior,Boyaca,1200000,48
18104,hombre,55,13,superior,Boyaca,1600000,40
18105,mujer,44,13,superior,Boyaca,1128116,44
18106,hombre,52,11,media,Boyaca,1200000,48
18107,hombre,28,16,superior,Boyaca,1500000,40
18108,hombre,22,15,superior,Boyaca,2500000,48
18109,hombre,46,11,media,Boyaca,1004000,48
18110,mujer,46,14,superior,Boyaca,1600000,48
18111,hombre,25,12,superior,Boyaca,2200000,72
18112,mujer,27,11,media,Boyaca,850000,40
18113,mujer,24,15,superior,Boyaca,2000000,40
18114,hombre,28,6,secundaria,Boyaca,828116,40
18115,hombre,54,5,primaria,Boyaca,1000000,48
18116,mujer,52,5,primaria,Boyaca,800000,60
18117,mujer,55,16,superior,Boyaca,3500000,30
18118,mujer,23,16,superior,Boyaca,120000,24
18119,mujer,48,6,secundaria,Boyaca,150000,45
18120,hombre,27,7,secundaria,Boyaca,650000,45
18121,hombre,34,11,media,Boyaca,1500000,48
18122,mujer,30,13,superior,Boyaca,828116,44
18123,mujer,53,16,superior,Boyaca,906000,80
18124,hombre,51,15,superior,Boyaca,3500000,40
18125,mujer,53,16,superior,Boyaca,828116,45
18126,mujer,20,14,superior,Boyaca,828116,45
18127,hombre,33,11,media,Boyaca,1500000,84
18128,mujer,26,17,superior,Boyaca,4700000,80
18129,hombre,43,17,superior,Boyaca,4000000,55
18130,mujer,41,11,media,Boyaca,828116,48
18131,hombre,40,16,superior,Boyaca,1500000,44
18132,hombre,27,11,media,Boyaca,1200000,48
18133,hombre,38,11,media,Boyaca,1500000,30
18134,hombre,28,11,media,Boyaca,1400000,48
18135,mujer,30,11,media,Boyaca,828116,48
18136,mujer,39,13,superior,Boyaca,883000,48
18137,mujer,30,13,superior,Boyaca,828116,40
18138,hombre,35,17,superior,Boyaca,2000000,40
18139,hombre,25,16,superior,Boyaca,1500000,48
18140,mujer,18,11,superior,Boyaca,200000,20
18141,hombre,37,19,superior,Boyaca,1000000,40
18142,mujer,37,16,superior,Boyaca,1400000,40
18143,mujer,41,3,primaria,Boyaca,1800000,48
18144,hombre,51,8,secundaria,Boyaca,828116,70
18145,hombre,35,5,primaria,Boyaca,781242,48
18146,mujer,43,17,superior,Boyaca,2500000,40
18147,mujer,42,16,superior,Boyaca,1500000,40
18148,hombre,42,11,media,Boyaca,900000,50
18149,hombre,49,11,media,Caldas,4000000,48
18150,mujer,49,13,superior,Caldas,3600000,48
18151,hombre,22,15,superior,Caldas,900000,30
18152,hombre,60,4,primaria,Caldas,828115,48
18153,hombre,35,11,media,Caldas,828116,48
18154,hombre,32,11,media,Caldas,828116,48
18155,hombre,49,7,secundaria,Caldas,828116,48
18156,mujer,54,5,primaria,Caldas,200000,56
18157,mujer,52,11,media,Caldas,1848000,40
18158,hombre,53,16,superior,Caldas,1000000,48
18159,mujer,46,11,media,Caldas,828116,48
18160,hombre,46,8,secundaria,Caldas,1500000,48
18161,mujer,44,11,media,Caldas,828116,48
18162,hombre,26,16,superior,Caldas,1000000,60
18163,hombre,24,11,media,Caldas,828116,48
18164,mujer,42,11,media,Caldas,828116,48
18165,hombre,24,11,media,Caldas,828116,48
18166,hombre,62,8,secundaria,Caldas,1200000,48
18167,hombre,58,11,media,Caldas,1100000,48
18168,hombre,35,5,primaria,Caldas,400000,60
18169,mujer,27,6,secundaria,Caldas,480000,48
18170,hombre,35,16,superior,Caldas,2000000,48
18171,mujer,51,16,superior,Caldas,2400000,40
18172,mujer,30,18,superior,Caldas,2800000,50
18173,mujer,27,14,superior,Caldas,828116,48
18174,hombre,26,11,media,Caldas,1029000,48
18175,hombre,45,11,media,Caldas,828116,48
18176,mujer,41,8,secundaria,Caldas,1500000,60
18177,mujer,21,18,superior,Caldas,828116,48
18178,hombre,34,5,primaria,Caldas,828116,48
18179,mujer,35,5,primaria,Caldas,828116,48
18180,hombre,55,11,media,Caldas,900000,50
18181,hombre,54,11,media,Caldas,828116,80
18182,hombre,31,16,superior,Caldas,2484348,48
18183,mujer,39,6,secundaria,Caldas,800000,72
18184,hombre,37,11,media,Caldas,900000,70
18185,mujer,33,11,media,Caldas,978116,50
18186,mujer,26,7,secundaria,Caldas,650000,70
18187,hombre,43,10,media,Caqueta,600000,48
18188,mujer,32,11,media,Caqueta,600000,40
18189,hombre,47,14,superior,Caqueta,600000,48
18190,mujer,63,5,primaria,Caqueta,300000,40
18191,mujer,35,19,superior,Caqueta,2800000,40
18192,mujer,52,20,superior,Caqueta,3600000,40
18193,hombre,58,17,superior,Caqueta,3640000,40
18194,hombre,27,11,media,Caqueta,700000,66
18195,mujer,48,2,primaria,Caqueta,900000,60
18196,hombre,19,8,secundaria,Caqueta,800000,48
18197,hombre,33,13,superior,Caqueta,1500000,90
18198,mujer,42,5,primaria,Caqueta,1500000,50
18199,mujer,20,11,superior,Caqueta,450000,48
18200,hombre,48,0,ninguno,Cauca,860000,30
18201,mujer,30,12,superior,Cauca,620000,40
18202,mujer,50,11,media,Cauca,140000,15
18203,hombre,47,11,media,Cauca,600000,60
18204,hombre,38,11,media,Cauca,800000,80
18205,hombre,30,11,media,Cauca,720000,48
18206,hombre,32,11,media,Cauca,600000,48
18207,mujer,44,13,superior,Cauca,410000,28
18208,mujer,40,13,superior,Cauca,800000,40
18209,hombre,19,11,media,Cauca,960000,60
18210,hombre,65,1,primaria,Cauca,150000,45
18211,mujer,39,11,media,Cauca,828116,48
18212,hombre,57,5,primaria,Cauca,300000,70
18213,mujer,56,13,superior,Cauca,150000,60
18214,hombre,49,11,media,Cauca,600000,35
18215,mujer,40,16,superior,Cauca,954000,45
18216,mujer,40,2,primaria,Cauca,300000,20
18217,hombre,25,6,secundaria,Cauca,450000,48
18218,mujer,41,21,superior,Cauca,5000000,40
18219,hombre,40,16,superior,Cauca,1200000,45
18220,hombre,34,8,secundaria,Cauca,1500000,40
18221,mujer,35,10,media,Cauca,1000000,30
18222,hombre,36,9,secundaria,Cauca,828116,48
18223,mujer,38,9,secundaria,Cauca,80000,30
18224,mujer,59,5,primaria,Cauca,120000,10
18225,hombre,54,5,primaria,Cauca,500000,54
18226,hombre,27,4,primaria,Cauca,600000,40
18227,mujer,50,5,primaria,Cauca,300000,48
18228,hombre,48,14,superior,Cauca,4100000,105
18229,mujer,32,5,primaria,Cauca,120000,24
18230,hombre,37,14,superior,Cauca,6000000,120
18231,mujer,27,16,superior,Cauca,1200000,48
18232,mujer,55,8,secundaria,Cauca,200000,5
18233,hombre,57,6,secundaria,Cauca,600000,54
18234,mujer,33,16,superior,Cauca,1200000,30
18235,hombre,37,13,superior,Cauca,840000,48
18236,mujer,59,5,primaria,Cauca,1000000,70
18237,hombre,28,11,media,Cauca,828116,56
18238,hombre,49,11,media,Cauca,600000,48
18239,mujer,31,11,media,Cauca,600000,36
18240,hombre,65,3,primaria,Cauca,350000,12
18241,hombre,51,19,superior,Cauca,4000000,48
18242,mujer,27,16,superior,Cauca,828000,48
18243,hombre,24,16,superior,Cauca,1400000,48
18244,mujer,50,11,media,Cauca,400000,54
18245,hombre,59,11,media,Cauca,400000,54
18246,hombre,31,17,superior,Cauca,1700000,30
18247,hombre,27,13,superior,Cauca,1200000,45
18248,mujer,55,11,media,Cauca,1000000,49
18249,mujer,57,18,superior,Cauca,2400000,50
18250,hombre,27,20,superior,Cauca,1200000,48
18251,hombre,26,11,superior,Cauca,1200000,42
18252,hombre,34,11,media,Cauca,480000,42
18253,hombre,36,14,superior,Cauca,1580000,48
18254,hombre,35,17,superior,Cauca,1000000,20
18255,mujer,35,16,superior,Cauca,1200000,40
18256,hombre,24,14,superior,Cauca,560000,40
18257,mujer,33,10,media,Cauca,230000,18
18258,mujer,36,5,primaria,Cauca,450000,40
18259,hombre,45,22,superior,Cauca,15000000,12
18260,mujer,36,17,superior,Cauca,3000000,12
18261,hombre,28,13,superior,Cauca,950000,48
18262,mujer,22,11,media,Cauca,828166,54
18263,mujer,46,5,primaria,Cauca,400000,48
18264,hombre,22,7,secundaria,Cauca,650000,54
18265,hombre,19,6,secundaria,Cauca,120000,54
18266,hombre,44,11,media,Cauca,828116,40
18267,mujer,65,7,secundaria,Cauca,600000,72
18268,mujer,23,12,superior,Cauca,828166,50
18269,hombre,22,9,secundaria,Cauca,1000000,48
18270,mujer,37,11,media,Cauca,450000,56
18271,hombre,47,18,superior,Cauca,2000000,25
18272,hombre,56,11,media,Cauca,1300000,60
18273,hombre,22,12,superior,Cauca,700000,48
18274,mujer,23,12,superior,Cauca,700000,48
18275,mujer,42,6,secundaria,Cesar,792000,42
18276,mujer,24,14,superior,Cesar,200000,10
18277,mujer,37,13,superior,Cesar,40000,37
18278,hombre,56,11,media,Cesar,1000000,60
18279,mujer,51,11,media,Cesar,1000000,60
18280,mujer,24,16,superior,Cesar,1200000,48
18281,mujer,23,16,superior,Cesar,828200,60
18282,hombre,33,11,media,Cesar,2700000,84
18283,mujer,64,11,media,Cesar,300000,40
18284,mujer,52,4,primaria,Cesar,84000,20
18285,hombre,33,11,media,Cesar,900000,48
18286,mujer,41,8,secundaria,Cordoba,350000,24
18287,mujer,31,11,media,Cordoba,130000,20
18288,hombre,47,11,media,Cordoba,900000,50
18289,mujer,52,7,secundaria,Cordoba,80000,14
18290,mujer,27,11,media,Cordoba,858000,70
18291,hombre,30,11,media,Cordoba,1000000,48
18292,hombre,49,5,primaria,Cordoba,400000,48
18293,hombre,54,2,primaria,Cordoba,800000,63
18294,hombre,28,5,primaria,Cordoba,600000,60
18295,hombre,24,5,primaria,Cordoba,500000,50
18296,hombre,29,14,superior,Cordoba,828116,48
18297,mujer,23,11,media,Cordoba,828116,46
18298,mujer,61,8,secundaria,Cordoba,60000,22
18299,hombre,59,4,primaria,Cordoba,600000,60
18300,mujer,57,5,primaria,Cordoba,360000,50
18301,hombre,24,5,primaria,Cordoba,500000,60
18302,hombre,19,9,secundaria,Cordoba,500000,60
18303,hombre,56,7,secundaria,Cordoba,600000,90
18304,hombre,50,11,media,Cordoba,400000,48
18305,hombre,39,13,superior,Cordoba,800000,60
18306,mujer,35,13,superior,Cordoba,822000,40
18307,mujer,61,16,superior,Cordoba,828116,40
18308,hombre,25,11,media,Cordoba,700000,50
18309,hombre,53,0,ninguno,Cordoba,800000,60
18310,hombre,42,2,primaria,Cordoba,750000,55
18311,mujer,40,5,primaria,Cordoba,550000,56
18312,hombre,34,11,media,Cordoba,1400000,54
18313,mujer,33,11,media,Cordoba,50000,24
18314,mujer,54,11,media,Cordoba,100000,15
18315,hombre,54,5,primaria,Cordoba,250000,42
18316,hombre,30,16,superior,Cordoba,1300000,15
18317,hombre,60,5,primaria,Cordoba,700000,55
18318,mujer,58,9,secundaria,Cordoba,828116,50
18319,hombre,37,11,media,Cordoba,800000,55
18320,mujer,25,11,media,Cordoba,320000,38
18321,mujer,53,3,primaria,Cordoba,60000,18
18322,mujer,59,5,primaria,Cordoba,320000,40
18323,hombre,52,9,secundaria,Cordoba,1000000,52
18324,hombre,63,0,ninguno,Cordoba,400000,50
18325,hombre,26,8,secundaria,Cordoba,500000,60
18326,mujer,56,11,media,Cordoba,828000,48
18327,hombre,36,11,media,Cordoba,500000,36
18328,hombre,33,11,superior,Cordoba,800000,16
18329,hombre,48,6,secundaria,Cordoba,200000,40
18330,hombre,28,11,media,Cordoba,828116,40
18331,hombre,57,8,secundaria,Cordoba,900000,36
18332,mujer,23,11,media,Cordoba,200000,12
18333,mujer,37,13,superior,Cordoba,920000,60
18334,hombre,49,11,media,Cordoba,828116,46
18335,hombre,59,5,primaria,Cordoba,550000,50
18336,hombre,30,13,superior,Cordoba,1000000,48
18337,hombre,23,11,media,Cordoba,160000,24
18338,hombre,30,5,primaria,Cordoba,600000,60
18339,hombre,28,11,media,Cordoba,500000,50
18340,hombre,42,4,primaria,Cordoba,200000,40
18341,hombre,32,11,media,Cordoba,828116,46
18342,mujer,48,19,superior,Cordoba,2800000,30
18343,mujer,34,13,superior,Cordoba,1500000,46
18344,hombre,26,11,media,Cordoba,828116,48
18345,mujer,25,11,media,Cordoba,360000,24
18346,mujer,42,7,secundaria,Cordoba,500000,48
18347,hombre,20,11,media,Cordoba,148000,15
18348,hombre,46,13,superior,Cordoba,500000,54
18349,hombre,42,11,media,Cordoba,700000,48
18350,hombre,57,16,superior,Cordoba,1200000,36
18351,mujer,58,13,superior,Cordoba,1200000,36
18352,hombre,38,11,media,Cordoba,828116,48
18353,mujer,28,11,media,Cordoba,900000,48
18354,hombre,36,11,media,Cordoba,828116,48
18355,hombre,49,18,superior,Cordoba,3600000,30
18356,mujer,22,12,superior,Cordoba,800000,38
18357,hombre,41,11,media,Cordoba,650000,60
18358,mujer,65,6,secundaria,Cordoba,60000,12
18359,mujer,32,11,media,Cordoba,320000,32
18360,hombre,21,9,secundaria,Cordoba,600000,60
18361,mujer,40,16,superior,Cordoba,828116,44
18362,hombre,48,8,secundaria,Cordoba,900000,64
18363,mujer,23,11,media,Cordoba,780000,40
18364,mujer,18,11,media,Cordoba,828116,48
18365,hombre,58,11,media,Cordoba,600000,40
18366,mujer,55,5,primaria,Cordoba,60000,18
18367,hombre,55,5,primaria,Cordoba,1000000,50
18368,mujer,28,11,media,Cordoba,828116,50
18369,hombre,33,11,media,Cordoba,828116,48
18370,mujer,26,11,media,Cordoba,500000,54
18371,mujer,22,11,media,Cordoba,750000,54
18372,hombre,47,7,secundaria,Cordoba,1200000,44
18373,hombre,55,11,media,Cordoba,828116,52
18374,hombre,21,10,media,Cordoba,560000,49
18375,hombre,56,5,primaria,Cordoba,600000,54
18376,mujer,42,8,secundaria,Cordoba,470000,40
18377,hombre,25,11,media,Cordoba,828116,50
18378,hombre,62,11,media,Cordoba,1200000,50
18379,hombre,39,11,media,Cordoba,700000,54
18380,mujer,26,14,superior,Cordoba,930000,48
18381,hombre,35,11,media,Cordoba,1100000,48
18382,mujer,34,12,superior,Cordoba,200000,20
18383,hombre,60,4,primaria,Cordoba,500000,50
18384,hombre,33,16,superior,Cordoba,1500000,60
18385,mujer,32,11,media,Cordoba,350000,26
18386,hombre,60,13,superior,Cordoba,700000,60
18387,mujer,25,16,superior,Cordoba,940000,48
18388,hombre,54,4,primaria,Cordoba,600000,40
18389,hombre,47,3,primaria,Cordoba,750000,45
18390,mujer,41,11,media,Cordoba,1200000,45
18391,hombre,48,11,media,Cordoba,2600000,50
18392,hombre,35,5,primaria,Cordoba,828116,44
18393,mujer,52,4,primaria,Cordoba,50000,16
18394,hombre,31,14,superior,Cordoba,828116,48
18395,mujer,27,14,superior,Cordoba,1000000,48
18396,hombre,65,11,media,Cordoba,400000,30
18397,mujer,39,11,media,Cordoba,430000,48
18398,hombre,58,9,secundaria,Choco,3000000,50
18399,hombre,35,16,superior,Choco,500000,60
18400,hombre,36,2,primaria,Choco,600000,60
18401,mujer,32,14,superior,Choco,828116,48
18402,hombre,31,4,primaria,Choco,950000,48
18403,hombre,25,13,superior,Choco,1200000,48
18404,hombre,64,0,ninguno,Choco,200000,20
18405,mujer,41,15,superior,Choco,950000,60
18406,mujer,27,15,superior,Choco,828116,48
18407,mujer,62,5,primaria,Choco,828116,38
18408,hombre,32,16,superior,Choco,928200,60
18409,hombre,39,12,superior,Choco,828116,48
18410,mujer,38,16,superior,Choco,828116,40
18411,hombre,21,11,media,Choco,800000,40
18412,mujer,63,3,primaria,Choco,860000,30
18413,mujer,61,5,primaria,Choco,200000,40
18414,hombre,19,11,media,Choco,828116,50
18415,mujer,33,11,media,Choco,828116,56
18416,hombre,43,16,superior,Choco,1500000,60
18417,mujer,27,13,superior,Choco,828116,48
18418,mujer,30,12,superior,Choco,260000,24
18419,hombre,34,11,media,Choco,600000,30
18420,hombre,33,11,media,Choco,828116,50
18421,hombre,32,11,media,Choco,1500000,50
18422,hombre,31,16,superior,Choco,2028000,48
18423,hombre,30,13,superior,Choco,800000,50
18424,hombre,28,16,superior,Choco,850000,50
18425,mujer,24,13,superior,Choco,1300000,48
18426,mujer,22,13,superior,Choco,160000,30
18427,mujer,48,11,media,Choco,900000,50
18428,hombre,35,14,superior,Choco,1010000,40
18429,mujer,33,11,media,Choco,100000,14
18430,mujer,20,11,media,Choco,880000,48
18431,hombre,29,13,superior,Choco,828116,45
18432,mujer,64,0,ninguno,Choco,100000,20
18433,mujer,31,16,superior,Choco,480000,48
18434,mujer,31,16,superior,Choco,3000000,40
18435,mujer,19,11,superior,Choco,780000,42
18436,mujer,30,17,superior,Choco,1600000,20
18437,hombre,30,12,superior,Choco,1000000,48
18438,mujer,39,17,superior,Choco,4000000,40
18439,mujer,35,17,superior,Choco,2500000,40
18440,hombre,30,14,superior,Choco,2500000,48
18441,hombre,30,16,superior,Choco,2100000,42
18442,hombre,58,16,superior,Choco,1700000,40
18443,hombre,39,16,superior,Choco,8000000,60
18444,hombre,30,16,superior,Choco,2000000,48
18445,hombre,35,11,media,Choco,4000000,50
18446,mujer,33,16,superior,Choco,4000000,36
18447,hombre,42,11,media,Choco,500000,56
18448,mujer,32,16,superior,Choco,500000,56
18449,mujer,31,16,superior,Choco,1500000,40
18450,hombre,51,18,superior,Choco,3500000,40
18451,hombre,41,14,superior,Choco,2350000,48
18452,hombre,37,9,secundaria,Choco,2100000,48
18453,mujer,46,17,superior,Choco,3600000,30
18454,hombre,38,18,superior,Choco,2500000,42
18455,mujer,42,17,superior,Choco,3000000,40
18456,mujer,48,18,superior,Choco,4400000,30
18457,hombre,32,16,superior,Choco,1400000,52
18458,mujer,32,13,superior,Choco,150000,20
18459,mujer,38,16,superior,Choco,3500000,70
18460,mujer,39,16,superior,Choco,900000,40
18461,hombre,32,5,primaria,Choco,2000000,60
18462,mujer,31,11,media,Choco,1000000,60
18463,hombre,35,18,superior,Choco,10000000,60
18464,mujer,59,11,media,Huila,12500,20
18465,mujer,22,13,superior,Huila,828116,54
18466,mujer,22,11,media,Huila,500000,48
18467,mujer,47,17,superior,Huila,3600000,48
18468,mujer,35,5,primaria,Huila,1200000,48
18469,mujer,44,11,media,Huila,500000,84
18470,mujer,25,16,superior,Huila,1300000,48
18471,hombre,30,16,superior,Huila,1500000,48
18472,mujer,29,14,superior,Huila,1000000,48
18473,mujer,26,11,media,Huila,828116,48
18474,hombre,37,12,superior,Huila,800000,16
18475,mujer,30,11,media,Huila,925000,48
18476,hombre,31,11,media,Huila,600000,83
18477,mujer,28,12,superior,Huila,50000,24
18478,mujer,43,7,secundaria,Huila,840000,35
18479,mujer,63,11,media,Huila,50000,5
18480,hombre,48,11,media,Huila,400000,55
18481,mujer,42,5,primaria,Huila,50000,15
18482,hombre,35,9,secundaria,Huila,4000000,48
18483,mujer,33,16,superior,Huila,1000000,48
18484,hombre,31,5,primaria,Huila,1200000,70
18485,hombre,40,11,media,Huila,800000,45
18486,hombre,57,5,primaria,Huila,2500000,60
18487,mujer,53,5,primaria,Huila,30000,10
18488,mujer,32,11,media,Huila,160000,70
18489,hombre,34,11,media,Huila,600000,42
18490,mujer,44,11,media,Huila,810000,42
18491,mujer,52,5,primaria,Huila,1000000,70
18492,hombre,22,11,media,Huila,800000,55
18493,mujer,52,5,primaria,Huila,507000,24
18494,mujer,28,12,superior,Huila,900000,48
18495,mujer,22,11,media,Huila,821000,48
18496,mujer,28,12,superior,Huila,1100000,48
18497,hombre,54,8,secundaria,Huila,700000,48
18498,hombre,23,9,secundaria,Huila,834000,48
18499,mujer,53,5,primaria,Huila,550000,50
18500,mujer,45,11,media,Huila,100000,16
18501,hombre,57,1,primaria,Huila,184000,14
18502,mujer,58,9,secundaria,La Guajira,600000,42
18503,hombre,30,16,superior,La Guajira,900000,48
18504,hombre,63,0,ninguno,La Guajira,600000,48
18505,hombre,31,11,media,La Guajira,50000,48
18506,hombre,46,11,media,La Guajira,781242,72
18507,hombre,37,5,primaria,La Guajira,700000,40
18508,mujer,32,14,superior,La Guajira,820000,40
18509,hombre,65,7,secundaria,La Guajira,800000,60
18510,hombre,42,11,media,La Guajira,700000,60
18511,mujer,65,3,primaria,La Guajira,525000,28
18512,mujer,28,6,secundaria,La Guajira,100000,98
18513,mujer,30,12,superior,La Guajira,925148,45
18514,hombre,35,11,media,La Guajira,480000,40
18515,hombre,25,11,media,La Guajira,800000,45
18516,hombre,36,11,media,La Guajira,380000,45
18517,hombre,27,18,superior,La Guajira,300000,48
18518,hombre,23,16,superior,La Guajira,400000,6
18519,hombre,32,16,superior,La Guajira,1900000,48
18520,mujer,37,16,superior,La Guajira,500000,42
18521,mujer,58,9,secundaria,La Guajira,100000,40
18522,hombre,58,14,superior,La Guajira,4000000,30
18523,hombre,35,17,superior,La Guajira,1500000,48
18524,mujer,46,15,superior,La Guajira,46000,28
18525,hombre,57,17,superior,La Guajira,6000000,42
18526,hombre,57,12,superior,La Guajira,2900000,48
18527,hombre,26,11,media,La Guajira,1050000,45
18528,mujer,23,13,superior,La Guajira,850000,45
18529,hombre,36,6,secundaria,La Guajira,1000000,50
18530,mujer,27,13,superior,La Guajira,100000,70
18531,mujer,29,13,superior,La Guajira,100000,48
18532,mujer,35,16,superior,La Guajira,400000,40
18533,hombre,40,16,superior,La Guajira,500000,40
18534,hombre,43,11,media,La Guajira,800000,48
18535,hombre,30,11,media,La Guajira,1600000,48
18536,mujer,50,12,superior,La Guajira,900000,40
18537,hombre,46,11,media,La Guajira,1800000,84
18538,mujer,44,14,superior,La Guajira,600000,30
18539,hombre,33,5,primaria,Magdalena,781242,72
18540,mujer,26,13,superior,Magdalena,781242,40
18541,hombre,30,11,media,Magdalena,350000,48
18542,mujer,38,11,media,Magdalena,150000,6
18543,mujer,27,16,superior,Magdalena,828116,48
18544,hombre,25,8,secundaria,Magdalena,700000,50
18545,hombre,24,7,secundaria,Magdalena,500000,48
18546,hombre,36,8,secundaria,Magdalena,1000000,70
18547,hombre,51,11,media,Magdalena,600000,40
18548,mujer,31,15,superior,Magdalena,200000,20
18549,hombre,54,16,superior,Magdalena,900000,48
18550,mujer,40,14,superior,Magdalena,795000,50
18551,hombre,38,15,superior,Magdalena,1000000,48
18552,mujer,33,16,superior,Magdalena,1400000,48
18553,mujer,45,11,media,Magdalena,828150,48
18554,hombre,32,11,media,Magdalena,900000,40
18555,hombre,29,11,media,Magdalena,600000,30
18556,mujer,37,7,secundaria,Magdalena,900000,48
18557,hombre,25,16,superior,Magdalena,1200000,48
18558,mujer,55,5,primaria,Magdalena,450000,60
18559,hombre,65,8,secundaria,Magdalena,600000,49
18560,mujer,37,18,superior,Magdalena,1100000,30
18561,hombre,22,9,secundaria,Magdalena,200000,24
18562,mujer,39,11,media,Magdalena,100000,20
18563,hombre,25,11,media,Magdalena,800000,50
18564,hombre,40,3,primaria,Magdalena,900000,60
18565,mujer,34,13,superior,Magdalena,1200000,40
18566,hombre,61,11,media,Magdalena,800000,40
18567,hombre,25,14,superior,Magdalena,800000,60
18568,hombre,50,11,media,Magdalena,925000,48
18569,mujer,53,15,superior,Magdalena,1500000,30
18570,hombre,42,11,media,Magdalena,828116,48
18571,hombre,34,20,superior,Magdalena,4800000,23
18572,mujer,34,17,superior,Magdalena,2000000,23
18573,hombre,49,25,superior,Magdalena,7000000,40
18574,mujer,41,17,superior,Magdalena,1800000,44
18575,hombre,47,16,superior,Magdalena,1200000,40
18576,mujer,31,16,superior,Magdalena,2070000,45
18577,hombre,22,11,media,Magdalena,800000,48
18578,mujer,24,14,superior,Magdalena,1874000,60
18579,hombre,39,11,media,Magdalena,600000,60
18580,mujer,38,11,media,Magdalena,700000,20
18581,hombre,43,7,secundaria,Magdalena,1200000,48
18582,mujer,40,11,media,Magdalena,440000,40
18583,mujer,51,16,superior,Magdalena,2500000,60
18584,hombre,31,14,superior,Magdalena,1000000,48
18585,hombre,30,14,superior,Magdalena,800000,48
18586,mujer,50,17,superior,Magdalena,2900000,30
18587,mujer,43,11,media,Magdalena,300000,40
18588,mujer,26,16,superior,Magdalena,30000,30
18589,mujer,35,11,media,Magdalena,2000000,40
18590,hombre,51,11,media,Magdalena,4500000,48
18591,mujer,43,11,media,Magdalena,850000,48
18592,hombre,46,11,media,Magdalena,1200000,70
18593,hombre,22,11,media,Magdalena,800000,50
18594,mujer,21,12,superior,Magdalena,500000,40
18595,hombre,55,12,superior,Magdalena,1000000,60
18596,hombre,30,16,superior,Magdalena,1600000,40
18597,hombre,27,11,media,Magdalena,1300000,48
18598,mujer,23,15,superior,Magdalena,800000,40
18599,mujer,56,16,superior,Magdalena,1150000,48
18600,mujer,29,17,superior,Magdalena,1500000,48
18601,hombre,29,16,superior,Magdalena,2500000,48
18602,hombre,61,19,superior,Magdalena,2900000,40
18603,mujer,54,17,superior,Magdalena,2000000,40
18604,hombre,50,5,primaria,Magdalena,800000,50
18605,mujer,30,16,superior,Magdalena,1600000,48
18606,mujer,46,14,superior,Magdalena,1400000,50
18607,mujer,29,16,superior,Magdalena,1128116,56
18608,mujer,26,16,superior,Magdalena,1100000,48
18609,hombre,64,5,primaria,Magdalena,1000000,50
18610,hombre,32,11,media,Magdalena,800000,50
18611,mujer,39,16,superior,Magdalena,800000,50
18612,mujer,46,6,secundaria,Magdalena,120000,30
18613,hombre,40,16,superior,Magdalena,4500000,40
18614,mujer,40,17,superior,Magdalena,3800000,40
18615,mujer,38,15,superior,Magdalena,200000,50
18616,hombre,40,11,superior,Magdalena,1200000,84
18617,mujer,63,3,primaria,Magdalena,500000,40
18618,mujer,47,16,superior,Magdalena,1300000,48
18619,hombre,30,13,superior,Magdalena,1396000,56
18620,mujer,37,11,media,Magdalena,690000,30
18621,mujer,46,11,media,Magdalena,80000,30
18622,mujer,38,13,superior,Magdalena,798800,56
18623,hombre,27,11,media,Magdalena,1800000,60
18624,hombre,24,13,superior,Magdalena,1500000,60
18625,mujer,54,7,secundaria,Magdalena,664000,48
18626,hombre,27,11,media,Magdalena,781300,48
18627,mujer,53,11,media,Magdalena,50000,24
18628,hombre,49,11,media,Magdalena,781300,72
18629,mujer,52,11,media,Magdalena,781300,54
18630,mujer,24,14,superior,Magdalena,780000,24
18631,hombre,48,11,media,Magdalena,781300,48
18632,mujer,51,11,media,Magdalena,1200000,48
18633,mujer,24,15,superior,Magdalena,120000,24
18634,hombre,52,20,superior,Magdalena,10100000,45
18635,mujer,41,14,superior,Magdalena,1000000,44
18636,mujer,24,13,superior,Magdalena,1000000,48
18637,hombre,28,11,media,Meta,500000,25
18638,hombre,55,2,primaria,Meta,1400000,50
18639,mujer,47,16,superior,Meta,1600000,48
18640,hombre,32,11,media,Meta,750000,40
18641,mujer,41,11,media,Meta,600000,36
18642,hombre,44,5,primaria,Meta,900000,50
18643,hombre,42,16,superior,Meta,900000,40
18644,mujer,53,13,superior,Meta,2000000,48
18645,mujer,41,16,superior,Meta,900000,14
18646,mujer,50,16,superior,Meta,1800000,40
18647,mujer,35,15,superior,Meta,5200000,54
18648,mujer,32,16,superior,Meta,1360000,20
18649,hombre,29,9,secundaria,Meta,1500000,116
18650,hombre,33,14,superior,Meta,135000,27
18651,mujer,28,14,superior,Meta,300000,40
18652,mujer,53,11,media,Meta,880000,60
18653,hombre,21,5,primaria,Meta,300000,84
18654,hombre,29,14,superior,Meta,760000,35
18655,mujer,37,16,superior,Meta,870000,60
18656,hombre,49,5,primaria,Meta,1500000,48
18657,mujer,48,5,primaria,Meta,1200000,42
18658,hombre,21,11,media,Meta,600000,40
18659,mujer,18,9,secundaria,Meta,70000,40
18660,mujer,56,8,secundaria,Meta,800000,40
18661,mujer,36,11,media,Meta,500000,54
18662,hombre,54,2,primaria,Meta,1000000,54
18663,hombre,36,5,primaria,Meta,300000,40
18664,mujer,36,11,media,Meta,900000,84
18665,hombre,23,12,superior,Meta,900000,40
18666,hombre,23,11,media,Meta,830000,70
18667,mujer,54,5,primaria,Meta,300000,60
18668,mujer,36,16,superior,Meta,1050000,46
18669,hombre,48,5,primaria,Meta,1500000,84
18670,hombre,21,11,media,Meta,700000,70
18671,mujer,20,13,superior,Meta,1100000,48
18672,hombre,60,2,primaria,Meta,500000,50
18673,hombre,30,13,superior,Meta,3000000,50
18674,hombre,36,6,secundaria,Meta,1200000,60
18675,hombre,44,5,primaria,Meta,1000000,48
18676,mujer,48,8,secundaria,Meta,800000,48
18677,hombre,56,7,secundaria,Meta,600000,50
18678,hombre,32,14,superior,Meta,1600000,48
18679,mujer,39,11,media,Meta,350000,18
18680,hombre,39,17,superior,Meta,1500000,40
18681,mujer,42,17,superior,Meta,2400000,30
18682,mujer,37,16,superior,Meta,2850000,48
18683,hombre,41,16,superior,Meta,4300000,40
18684,hombre,61,18,superior,Meta,7600000,60
18685,mujer,65,6,secundaria,Meta,300000,30
18686,hombre,36,16,superior,Meta,3000000,48
18687,mujer,36,15,superior,Meta,1000000,48
18688,mujer,29,16,superior,Meta,2900000,40
18689,hombre,44,16,superior,Meta,3100000,60
18690,hombre,51,14,superior,Meta,2100000,48
18691,hombre,36,16,superior,Meta,3000000,48
18692,hombre,48,11,media,Meta,560000,24
18693,hombre,41,5,primaria,Meta,500000,25
18694,hombre,33,5,primaria,Meta,800000,84
18695,hombre,63,3,primaria,Meta,60000,24
18696,mujer,28,11,media,Meta,828000,40
18697,hombre,33,9,secundaria,Meta,828000,84
18698,mujer,30,11,media,Meta,200000,30
18699,mujer,41,21,superior,Meta,4000000,30
18700,hombre,44,16,superior,Meta,3500000,64
18701,mujer,36,17,superior,Meta,3000000,64
18702,hombre,59,7,secundaria,Meta,1000000,84
18703,hombre,26,11,media,Meta,900000,90
18704,mujer,53,3,primaria,Meta,170000,60
18705,mujer,39,8,secundaria,Meta,30000,66
18706,hombre,61,7,secundaria,Meta,1080000,48
18707,mujer,51,11,media,Meta,1000000,48
18708,hombre,31,6,secundaria,Meta,720000,48
18709,mujer,27,7,secundaria,Meta,1050000,63
18710,hombre,22,11,media,Meta,1250000,84
18711,mujer,36,11,media,Meta,400000,36
18712,hombre,25,11,media,Meta,1500000,48
18713,mujer,27,16,superior,Meta,800000,45
18714,hombre,62,21,superior,Meta,22000000,40
18715,hombre,30,11,media,Meta,1300000,70
18716,mujer,24,11,media,Meta,400000,30
18717,hombre,51,5,primaria,Meta,1000000,50
18718,mujer,23,11,superior,Meta,680000,48
18719,hombre,40,5,primaria,Meta,828000,48
18720,hombre,38,11,media,Meta,1200000,60
18721,mujer,33,14,superior,Meta,1200000,50
18722,mujer,45,5,primaria,Meta,600000,48
18723,mujer,25,11,media,Meta,800000,42
18724,mujer,56,6,secundaria,Meta,1230000,50
18725,mujer,33,11,media,Meta,450000,35
18726,hombre,19,13,superior,Meta,670000,20
18727,hombre,31,11,media,Meta,800000,48
18728,hombre,22,9,secundaria,Meta,1200000,84
18729,mujer,22,11,superior,Meta,1000000,60
18730,mujer,54,17,superior,Meta,3600000,40
18731,hombre,28,11,media,Meta,850000,50
18732,mujer,30,11,media,Meta,800000,48
18733,mujer,32,11,media,Meta,800000,48
18734,mujer,31,11,media,Meta,900000,45
18735,mujer,36,11,media,Meta,2000000,56
18736,hombre,31,11,media,Meta,2000000,84
18737,hombre,27,14,superior,Meta,900000,42
18738,hombre,58,21,superior,Meta,5000000,36
18739,mujer,50,13,superior,Meta,818000,60
18740,hombre,24,13,superior,Meta,1200000,48
18741,mujer,48,11,media,Meta,1530000,70
18742,hombre,54,5,primaria,Meta,400000,40
18743,hombre,35,11,media,Meta,800000,40
18744,hombre,28,10,media,Meta,800000,54
18745,hombre,30,11,media,Meta,700000,84
18746,hombre,52,7,secundaria,Meta,500000,56
18747,hombre,21,11,media,Meta,450000,70
18748,hombre,51,5,primaria,Meta,900000,84
18749,hombre,30,11,media,Meta,1600000,84
18750,hombre,53,11,media,Meta,1070000,48
18751,mujer,54,8,secundaria,Meta,1023000,54
18752,hombre,61,11,media,Meta,1400000,44
18753,mujer,42,11,media,Meta,1050000,60
18754,hombre,45,16,superior,Meta,600000,36
18755,mujer,38,11,media,Meta,810000,44
18756,mujer,41,11,media,Narino,900000,60
18757,hombre,57,8,secundaria,Narino,700000,48
18758,hombre,43,16,superior,Narino,828116,44
18759,mujer,49,11,media,Narino,800000,60
18760,mujer,60,16,superior,Narino,60000,7
18761,mujer,34,11,media,Narino,200000,21
18762,hombre,42,11,media,Narino,2168000,48
18763,hombre,54,11,media,Narino,900000,86
18764,hombre,60,18,superior,Narino,6300000,40
18765,mujer,57,16,superior,Narino,1027000,40
18766,hombre,32,17,superior,Narino,3000000,40
18767,mujer,27,17,superior,Narino,2900000,36
18768,hombre,29,16,superior,Narino,3100000,45
18769,mujer,49,3,primaria,Narino,300000,48
18770,hombre,35,5,primaria,Narino,800000,64
18771,hombre,61,16,superior,Narino,1201819,45
18772,mujer,62,11,media,Narino,1200000,48
18773,mujer,37,16,superior,Narino,2300000,48
18774,hombre,39,4,primaria,Narino,500000,77
18775,hombre,64,16,superior,Narino,1800000,48
18776,mujer,57,19,superior,Narino,2600000,30
18777,mujer,39,11,media,Narino,350000,36
18778,hombre,41,5,primaria,Narino,1068116,48
18779,hombre,57,5,primaria,Narino,800000,44
18780,mujer,55,5,primaria,Narino,300000,48
18781,mujer,29,14,superior,Narino,828116,48
18782,hombre,37,19,superior,Narino,2300000,40
18783,hombre,55,5,primaria,Narino,600000,60
18784,mujer,31,12,superior,Narino,700000,40
18785,mujer,51,12,superior,Narino,700000,30
18786,mujer,49,14,superior,Narino,1000000,55
18787,hombre,54,3,primaria,Narino,2000000,48
18788,mujer,55,11,media,Narino,485000,24
18789,hombre,20,11,media,Narino,828116,44
18790,mujer,45,11,media,Narino,828116,40
18791,hombre,46,8,secundaria,Narino,3000000,54
18792,hombre,28,15,superior,Narino,100000,40
18793,mujer,35,18,superior,Narino,1756000,40
18794,mujer,65,11,media,Narino,500000,8
18795,mujer,42,16,superior,Narino,1500000,40
18796,mujer,33,16,superior,Narino,1300000,56
18797,hombre,40,14,superior,Narino,2580000,44
18798,hombre,35,16,superior,Narino,2700000,40
18799,mujer,39,11,media,Narino,400000,45
18800,mujer,33,16,superior,Narino,1230000,30
18801,mujer,23,13,superior,Narino,370000,24
18802,hombre,31,11,media,Narino,600000,50
18803,hombre,36,14,superior,Narino,3000000,70
18804,mujer,36,18,superior,Narino,2100000,35
18805,hombre,40,17,superior,Narino,4130000,40
18806,hombre,63,11,media,Narino,250000,20
18807,mujer,24,8,secundaria,Narino,900000,60
18808,hombre,65,11,media,Narino,150000,20
18809,mujer,28,3,primaria,Narino,800000,50
18810,mujer,33,3,primaria,Narino,200000,15
18811,mujer,27,11,media,Narino,560000,22
18812,mujer,25,10,media,Narino,120000,20
18813,mujer,58,5,primaria,Narino,300000,13
18814,mujer,40,11,media,Narino,300000,44
18815,hombre,24,11,media,Narino,700000,48
18816,mujer,38,11,media,Narino,400000,48
18817,mujer,26,11,media,Narino,280000,30
18818,hombre,34,6,secundaria,Narino,1100000,60
18819,mujer,30,5,primaria,Narino,400000,42
18820,mujer,52,2,primaria,Narino,200000,36
18821,hombre,44,11,media,Narino,1000000,48
18822,hombre,56,10,media,Narino,100000,28
18823,hombre,30,10,media,Narino,500000,48
18824,hombre,52,5,primaria,Narino,240000,56
18825,hombre,27,13,superior,Narino,1000000,48
18826,hombre,34,16,superior,Narino,2500000,70
18827,mujer,37,11,media,Narino,826000,20
18828,hombre,29,16,superior,Narino,1500000,40
18829,hombre,47,20,superior,Narino,4300000,45
18830,mujer,41,11,media,N. de Santander,800000,60
18831,hombre,38,11,media,N. de Santander,700000,56
18832,hombre,39,11,media,N. de Santander,920000,104
18833,mujer,37,11,media,N. de Santander,1000000,42
18834,hombre,42,11,media,N. de Santander,462500,40
18835,hombre,40,11,media,N. de Santander,400000,56
18836,mujer,38,13,superior,N. de Santander,400000,56
18837,mujer,57,5,primaria,N. de Santander,400000,28
18838,mujer,37,11,media,N. de Santander,500000,16
18839,hombre,28,11,media,N. de Santander,800000,60
18840,hombre,22,11,media,N. de Santander,500000,54
18841,mujer,51,11,media,N. de Santander,910000,48
18842,hombre,29,17,superior,N. de Santander,2000000,48
18843,mujer,25,16,superior,N. de Santander,60000,25
18844,mujer,43,11,media,N. de Santander,120000,30
18845,mujer,42,9,secundaria,N. de Santander,520000,50
18846,mujer,47,11,media,N. de Santander,20000,24
18847,hombre,50,8,secundaria,N. de Santander,400000,40
18848,hombre,46,5,primaria,N. de Santander,800000,48
18849,mujer,46,11,media,N. de Santander,120000,12
18850,mujer,25,11,media,N. de Santander,828000,48
18851,mujer,18,11,media,N. de Santander,240000,40
18852,mujer,32,16,superior,N. de Santander,600000,50
18853,hombre,45,7,secundaria,N. de Santander,800000,50
18854,mujer,49,3,primaria,N. de Santander,666000,57
18855,mujer,54,6,secundaria,N. de Santander,120000,20
18856,hombre,30,11,media,N. de Santander,500000,21
18857,mujer,30,8,secundaria,N. de Santander,500000,24
18858,hombre,28,5,primaria,N. de Santander,600000,72
18859,hombre,26,9,secundaria,N. de Santander,700000,72
18860,hombre,54,5,primaria,N. de Santander,450000,60
18861,hombre,46,5,primaria,N. de Santander,925116,54
18862,mujer,63,11,media,N. de Santander,665000,105
18863,mujer,34,11,media,N. de Santander,200000,46
18864,hombre,57,10,media,N. de Santander,1000000,50
18865,hombre,25,11,media,N. de Santander,700000,50
18866,mujer,21,11,media,N. de Santander,350000,45
18867,hombre,30,11,media,N. de Santander,90000,77
18868,mujer,41,5,primaria,N. de Santander,1100000,48
18869,hombre,42,11,media,N. de Santander,1100000,72
18870,hombre,40,8,secundaria,N. de Santander,500000,48
18871,hombre,22,11,media,N. de Santander,600000,77
18872,hombre,48,8,secundaria,N. de Santander,300000,55
18873,hombre,25,15,superior,N. de Santander,320000,60
18874,hombre,25,11,media,N. de Santander,300000,60
18875,mujer,24,13,superior,N. de Santander,450000,60
18876,hombre,21,11,media,N. de Santander,600000,50
18877,hombre,47,11,media,N. de Santander,700000,65
18878,mujer,45,11,media,N. de Santander,870000,50
18879,hombre,24,14,superior,N. de Santander,1280000,60
18880,mujer,25,14,superior,N. de Santander,500000,50
18881,hombre,46,9,secundaria,N. de Santander,900000,56
18882,mujer,50,7,secundaria,N. de Santander,240000,24
18883,mujer,25,11,media,N. de Santander,780000,50
18884,mujer,22,11,media,N. de Santander,800000,54
18885,hombre,39,9,secundaria,N. de Santander,950000,72
18886,mujer,46,13,superior,N. de Santander,500000,42
18887,hombre,42,7,secundaria,N. de Santander,1000000,54
18888,mujer,40,11,media,N. de Santander,400000,20
18889,mujer,23,15,superior,N. de Santander,1800000,48
18890,hombre,25,16,superior,N. de Santander,1800000,48
18891,hombre,45,11,media,N. de Santander,650000,84
18892,mujer,44,13,superior,N. de Santander,828000,48
18893,hombre,54,11,media,N. de Santander,3000000,48
18894,mujer,62,17,superior,N. de Santander,4000000,40
18895,hombre,53,16,superior,N. de Santander,3200000,44
18896,mujer,41,16,superior,N. de Santander,1144000,42
18897,hombre,52,14,superior,N. de Santander,828216,60
18898,mujer,45,16,superior,N. de Santander,6000000,66
18899,mujer,54,14,superior,N. de Santander,2390000,44
18900,hombre,54,14,superior,N. de Santander,1600000,48
18901,mujer,49,16,superior,N. de Santander,800000,50
18902,hombre,27,11,media,N. de Santander,3200000,84
18903,mujer,22,11,media,N. de Santander,1600000,48
18904,hombre,39,11,media,N. de Santander,828216,84
18905,mujer,25,11,media,N. de Santander,828000,80
18906,hombre,34,11,media,N. de Santander,750000,63
18907,mujer,21,11,media,N. de Santander,750000,48
18908,hombre,36,11,media,N. de Santander,1000000,55
18909,mujer,33,16,superior,N. de Santander,2300000,50
18910,mujer,40,16,superior,N. de Santander,2200000,55
18911,hombre,18,11,superior,N. de Santander,2000000,25
18912,mujer,50,4,primaria,N. de Santander,900000,60
18913,hombre,39,16,superior,N. de Santander,5000000,40
18914,mujer,36,16,superior,N. de Santander,1200000,25
18915,hombre,46,16,superior,N. de Santander,3500000,60
18916,mujer,46,16,superior,N. de Santander,6000000,48
18917,hombre,41,11,media,Quindio,828116,48
18918,mujer,40,13,superior,Quindio,828116,48
18919,hombre,58,5,primaria,Quindio,1100000,48
18920,hombre,18,10,media,Quindio,1100000,45
18921,mujer,52,11,media,Quindio,1004000,62
18922,mujer,51,5,primaria,Quindio,50000,30
18923,hombre,29,11,media,Quindio,900000,48
18924,mujer,25,13,superior,Quindio,828116,66
18925,hombre,60,5,primaria,Quindio,800000,60
18926,hombre,34,14,superior,Quindio,1300000,48
18927,mujer,58,9,secundaria,Quindio,1600000,50
18928,hombre,33,11,media,Quindio,1600000,60
18929,hombre,23,11,media,Quindio,828000,54
18930,hombre,32,7,secundaria,Quindio,828116,60
18931,mujer,29,11,media,Quindio,660000,60
18932,hombre,37,5,primaria,Quindio,800000,36
18933,mujer,34,12,superior,Quindio,400000,25
18934,mujer,44,6,secundaria,Quindio,700000,48
18935,hombre,21,14,superior,Quindio,828116,48
18936,hombre,47,11,media,Quindio,900000,60
18937,hombre,24,11,media,Quindio,900000,54
18938,mujer,22,14,superior,Quindio,828000,54
18939,hombre,61,3,primaria,Quindio,700000,54
18940,mujer,48,13,superior,Quindio,1000000,48
18941,mujer,21,14,superior,Quindio,800000,48
18942,mujer,46,11,media,Quindio,2200000,48
18943,hombre,61,13,superior,Quindio,800000,72
18944,mujer,51,8,secundaria,Quindio,1250000,60
18945,hombre,55,5,primaria,Quindio,828116,60
18946,mujer,22,12,superior,Quindio,908000,60
18947,hombre,45,18,superior,Quindio,2200000,40
18948,hombre,35,11,media,Quindio,500000,50
18949,hombre,26,11,media,Quindio,1000000,32
18950,hombre,36,16,superior,Quindio,4000000,40
18951,mujer,31,16,superior,Quindio,1100000,24
18952,hombre,28,16,superior,Quindio,2500000,60
18953,mujer,39,5,primaria,Quindio,350000,18
18954,hombre,40,8,secundaria,Quindio,800000,48
18955,hombre,43,9,secundaria,Quindio,1200000,48
18956,hombre,31,6,secundaria,Quindio,700000,54
18957,mujer,21,11,media,Quindio,250000,24
18958,mujer,27,11,media,Quindio,100000,40
18959,hombre,23,11,media,Quindio,828000,48
18960,hombre,23,11,media,Quindio,828116,48
18961,hombre,47,7,secundaria,Quindio,828000,48
18962,mujer,33,11,media,Quindio,800000,60
18963,mujer,37,11,media,Quindio,70000,20
18964,hombre,60,0,ninguno,Quindio,800000,60
18965,hombre,32,16,superior,Quindio,2640000,42
18966,hombre,56,18,superior,Quindio,3100000,48
18967,hombre,27,16,superior,Quindio,3000000,48
18968,mujer,28,16,superior,Quindio,2800000,50
18969,hombre,64,5,primaria,Quindio,500000,104
18970,mujer,21,14,superior,Quindio,828116,48
18971,hombre,30,14,superior,Quindio,828116,48
18972,hombre,56,3,primaria,Quindio,828116,48
18973,hombre,64,1,primaria,Quindio,900000,54
18974,hombre,40,2,primaria,Quindio,828000,54
18975,hombre,37,20,superior,Quindio,4000000,48
18976,mujer,35,16,superior,Quindio,1000000,60
18977,hombre,39,18,superior,Quindio,5000000,48
18978,mujer,35,17,superior,Quindio,2000000,72
18979,hombre,43,20,superior,Quindio,7000000,48
18980,hombre,48,7,secundaria,Quindio,700000,60
18981,mujer,49,11,media,Quindio,300000,20
18982,mujer,22,11,media,Quindio,828116,60
18983,hombre,30,11,media,Quindio,1100000,48
18984,hombre,52,6,secundaria,Quindio,800000,60
18985,mujer,44,13,media,Quindio,456250,24
18986,mujer,26,16,superior,Quindio,1000000,48
18987,hombre,47,9,secundaria,Quindio,1000000,50
18988,mujer,51,20,superior,Quindio,2660000,54
18989,hombre,65,7,secundaria,Risaralda,300000,45
18990,mujer,59,5,primaria,Risaralda,50000,20
18991,hombre,25,15,superior,Risaralda,2000000,36
18992,mujer,25,14,superior,Risaralda,400000,24
18993,mujer,40,4,primaria,Risaralda,600000,32
18994,hombre,21,8,secundaria,Risaralda,500000,40
18995,hombre,19,9,secundaria,Risaralda,800000,55
18996,hombre,38,10,media,Risaralda,828116,49
18997,hombre,31,5,primaria,Risaralda,1000000,84
18998,mujer,44,8,secundaria,Risaralda,852000,48
18999,hombre,39,11,media,Risaralda,828116,54
19000,mujer,41,5,primaria,Risaralda,900000,54
19001,mujer,20,11,media,Risaralda,860000,45
19002,hombre,34,11,media,Risaralda,828116,48
19003,mujer,36,11,media,Risaralda,150000,40
19004,hombre,32,11,media,Risaralda,1300000,48
19005,mujer,36,12,superior,Risaralda,300000,48
19006,hombre,50,8,secundaria,Risaralda,1200000,44
19007,hombre,45,5,primaria,Risaralda,1200000,70
19008,mujer,39,10,media,Risaralda,2000000,40
19009,mujer,40,5,primaria,Risaralda,150000,50
19010,hombre,45,7,secundaria,Risaralda,828116,70
19011,hombre,23,15,superior,Risaralda,828116,48
19012,hombre,28,0,ninguno,Risaralda,900000,48
19013,hombre,52,14,superior,Risaralda,1100000,48
19014,hombre,52,6,secundaria,Risaralda,1500000,56
19015,mujer,46,9,secundaria,Risaralda,1000000,50
19016,hombre,41,11,media,Risaralda,800000,48
19017,mujer,45,11,media,Risaralda,800000,60
19018,mujer,24,12,superior,Risaralda,828116,48
19019,mujer,22,14,superior,Risaralda,1000000,48
19020,hombre,30,5,primaria,Risaralda,1000000,64
19021,hombre,46,11,media,Risaralda,1000000,60
19022,mujer,53,17,superior,Risaralda,2000000,36
19023,mujer,18,13,superior,Risaralda,50000,10
19024,hombre,46,5,primaria,Risaralda,1300000,42
19025,mujer,33,11,media,Risaralda,50000,40
19026,mujer,22,11,media,Risaralda,828116,40
19027,hombre,64,7,secundaria,Risaralda,900000,45
19028,mujer,26,11,media,Risaralda,828116,44
19029,hombre,40,5,primaria,Risaralda,850000,66
19030,hombre,24,11,media,Risaralda,828116,54
19031,hombre,20,10,media,Risaralda,700000,45
19032,mujer,42,20,superior,Risaralda,2500000,40
19033,mujer,57,7,secundaria,Risaralda,800000,72
19034,hombre,32,15,superior,Santander,980000,48
19035,mujer,30,5,primaria,Santander,1000000,72
19036,hombre,38,11,media,Santander,1200000,60
19037,hombre,59,4,primaria,Santander,350000,30
19038,mujer,60,6,secundaria,Santander,280000,22
19039,hombre,30,11,media,Santander,400000,50
19040,mujer,40,16,superior,Santander,250000,40
19041,mujer,26,14,superior,Santander,1192500,48
19042,hombre,39,7,secundaria,Santander,1800000,60
19043,hombre,37,16,superior,Santander,1900000,48
19044,mujer,34,17,superior,Santander,2050000,40
19045,mujer,23,11,media,Santander,10000,5
19046,hombre,33,8,secundaria,Santander,960000,54
19047,hombre,41,11,media,Santander,800000,64
19048,mujer,38,9,secundaria,Santander,120000,54
19049,mujer,46,16,superior,Santander,4120000,40
19050,mujer,44,7,secundaria,Santander,300000,54
19051,hombre,22,12,superior,Santander,1150000,48
19052,hombre,38,11,media,Santander,1200000,60
19053,mujer,30,11,media,Santander,828116,50
19054,hombre,29,11,media,Santander,1400000,60
19055,hombre,22,11,media,Santander,1100000,60
19056,hombre,22,11,media,Santander,1300000,72
19057,hombre,28,11,media,Santander,750000,60
19058,mujer,32,11,media,Santander,1228116,56
19059,hombre,55,11,media,Santander,925000,60
19060,hombre,50,2,primaria,Santander,700000,66
19061,hombre,30,11,media,Santander,700000,72
19062,hombre,55,0,ninguno,Santander,100000,24
19063,hombre,30,13,superior,Santander,700000,84
19064,mujer,44,13,superior,Santander,900000,48
19065,mujer,60,5,primaria,Santander,300000,48
19066,mujer,27,11,media,Santander,998100,48
19067,mujer,25,14,superior,Santander,838100,40
19068,hombre,28,15,superior,Santander,1200000,48
19069,hombre,53,8,secundaria,Santander,350000,15
19070,mujer,47,11,media,Santander,400000,24
19071,mujer,52,5,primaria,Santander,600000,50
19072,hombre,34,4,primaria,Santander,700000,50
19073,hombre,54,3,primaria,Santander,1200000,72
19074,hombre,30,5,primaria,Santander,1200000,50
19075,hombre,45,5,primaria,Santander,800000,72
19076,mujer,26,11,media,Santander,781242,54
19077,mujer,23,11,media,Santander,781242,48
19078,hombre,45,11,media,Santander,600000,50
19079,mujer,37,16,superior,Santander,1200000,44
19080,mujer,33,11,media,Santander,900000,48
19081,hombre,24,14,superior,Santander,940000,36
19082,mujer,60,6,secundaria,Santander,340000,40
19083,hombre,61,3,primaria,Santander,900000,48
19084,mujer,32,11,media,Santander,200000,40
19085,mujer,44,14,superior,Santander,900000,60
19086,mujer,53,5,primaria,Santander,700000,60
19087,hombre,30,12,superior,Santander,828116,45
19088,hombre,27,11,media,Santander,828116,48
19089,mujer,35,11,media,Santander,781242,48
19090,hombre,44,8,secundaria,Santander,720000,48
19091,hombre,34,11,media,Santander,1000000,98
19092,hombre,53,11,media,Santander,2700000,52
19093,mujer,54,17,superior,Santander,1600000,48
19094,hombre,47,16,superior,Santander,500000,40
19095,mujer,46,14,superior,Santander,434028,30
19096,mujer,35,8,secundaria,Santander,960000,54
19097,hombre,34,12,superior,Santander,1100000,48
19098,mujer,32,11,media,Santander,240000,26
19099,hombre,35,1,primaria,Santander,838100,72
19100,mujer,54,11,media,Santander,900000,60
19101,hombre,22,11,media,Santander,800000,50
19102,mujer,22,11,media,Santander,500000,48
19103,hombre,54,11,media,Santander,1000000,48
19104,mujer,49,11,media,Santander,838100,48
19105,hombre,51,11,media,Santander,2000000,60
19106,hombre,21,12,superior,Santander,900000,56
19107,mujer,40,17,superior,Santander,2300000,44
19108,hombre,33,16,superior,Santander,2300000,48
19109,mujer,48,11,media,Santander,700000,56
19110,hombre,46,11,media,Santander,1000000,50
19111,mujer,57,6,secundaria,Sucre,500000,40
19112,mujer,50,7,secundaria,Sucre,200000,25
19113,hombre,45,13,superior,Sucre,1200000,70
19114,mujer,52,13,superior,Sucre,881242,40
19115,hombre,57,11,media,Sucre,1200000,40
19116,mujer,48,5,primaria,Sucre,460000,40
19117,mujer,41,2,primaria,Sucre,450000,45
19118,mujer,45,13,superior,Sucre,300000,60
19119,mujer,38,13,superior,Sucre,1000000,40
19120,hombre,47,13,superior,Sucre,828116,48
19121,mujer,41,14,superior,Sucre,2500000,40
19122,hombre,61,16,superior,Sucre,4000000,42
19123,mujer,47,17,superior,Sucre,3000000,40
19124,mujer,24,8,secundaria,Sucre,1070000,49
19125,mujer,34,16,superior,Sucre,1800000,48
19126,hombre,30,17,superior,Sucre,2300000,48
19127,mujer,28,17,superior,Sucre,3500000,40
19128,mujer,52,14,superior,Sucre,828116,48
19129,mujer,30,11,media,Sucre,828116,48
19130,hombre,49,0,ninguno,Sucre,800000,68
19131,hombre,29,5,primaria,Sucre,900000,70
19132,mujer,25,13,superior,Sucre,780000,46
19133,hombre,38,8,secundaria,Sucre,600000,48
19134,mujer,27,12,superior,Sucre,828116,48
19135,hombre,57,3,primaria,Sucre,1000000,50
19136,mujer,44,2,primaria,Sucre,400000,24
19137,hombre,27,10,media,Sucre,600000,48
19138,hombre,50,7,secundaria,Sucre,50000,10
19139,hombre,28,11,media,Sucre,700000,50
19140,hombre,42,11,media,Sucre,828116,48
19141,mujer,39,13,superior,Sucre,1038116,48
19142,mujer,51,18,superior,Sucre,3400000,40
19143,mujer,21,13,superior,Sucre,600000,60
19144,mujer,64,6,secundaria,Sucre,1500000,38
19145,mujer,33,14,superior,Sucre,1000000,40
19146,hombre,47,3,primaria,Sucre,800000,50
19147,mujer,40,7,secundaria,Sucre,200000,24
19148,mujer,37,11,media,Sucre,600000,42
19149,hombre,52,11,media,Sucre,1000000,70
19150,hombre,20,9,secundaria,Sucre,800000,55
19151,mujer,64,0,ninguno,Sucre,10000,14
19152,mujer,42,11,media,Sucre,30000,7
19153,hombre,31,15,superior,Sucre,828116,48
19154,mujer,34,5,primaria,Sucre,150000,15
19155,hombre,31,16,superior,Sucre,1000000,60
19156,mujer,29,16,superior,Sucre,1000000,48
19157,mujer,28,11,media,Sucre,800000,48
19158,mujer,41,13,superior,Sucre,700000,48
19159,hombre,47,8,secundaria,Sucre,800000,48
19160,mujer,42,11,media,Sucre,828116,40
19161,mujer,56,11,media,Sucre,414758,40
19162,hombre,29,9,secundaria,Sucre,400000,42
19163,mujer,21,10,media,Sucre,400000,43
19164,hombre,60,5,primaria,Sucre,800000,30
19165,hombre,24,16,superior,Sucre,1000000,48
19166,mujer,37,13,superior,Sucre,900000,40
19167,hombre,28,12,superior,Sucre,828116,84
19168,mujer,25,12,superior,Sucre,100000,18
19169,mujer,39,12,superior,Sucre,500000,48
19170,hombre,20,7,secundaria,Sucre,200000,24
19171,mujer,39,11,media,Sucre,400000,28
19172,mujer,55,10,media,Sucre,250000,42
19173,mujer,45,6,secundaria,Sucre,800000,52
19174,hombre,24,12,superior,Sucre,900000,52
19175,mujer,26,13,superior,Sucre,828116,48
19176,mujer,24,16,superior,Sucre,200000,20
19177,mujer,21,14,superior,Sucre,480000,24
19178,hombre,30,17,superior,Sucre,3900000,48
19179,mujer,45,16,superior,Sucre,3600000,40
19180,hombre,29,10,media,Sucre,1200000,50
19181,mujer,53,18,superior,Sucre,3000000,48
19182,mujer,33,16,superior,Sucre,2000000,40
19183,mujer,36,3,primaria,Tolima,700000,30
19184,hombre,19,10,media,Tolima,828100,55
19185,hombre,58,11,media,Tolima,828116,72
19186,hombre,19,9,secundaria,Tolima,900000,48
19187,hombre,43,5,primaria,Tolima,640000,60
19188,mujer,35,11,media,Tolima,220000,35
19189,hombre,47,9,secundaria,Tolima,900000,60
19190,mujer,48,13,superior,Tolima,1048116,40
19191,hombre,27,10,media,Tolima,60000,50
19192,mujer,21,11,media,Tolima,350000,24
19193,hombre,20,11,media,Tolima,900000,72
19194,hombre,45,3,primaria,Tolima,1000000,70
19195,hombre,43,19,superior,Tolima,1600000,30
19196,mujer,42,16,superior,Tolima,1500000,35
19197,mujer,62,4,primaria,Tolima,100000,98
19198,mujer,20,11,superior,Tolima,250000,60
19199,mujer,19,11,superior,Tolima,470000,60
19200,hombre,37,14,superior,Tolima,1260000,72
19201,mujer,36,14,superior,Tolima,60000,21
19202,mujer,23,13,superior,Tolima,500000,35
19203,hombre,34,16,superior,Tolima,2500000,80
19204,mujer,26,13,superior,Tolima,998100,55
19205,hombre,54,11,media,Tolima,828116,84
19206,mujer,57,10,media,Tolima,828116,84
19207,hombre,27,11,media,Tolima,2100000,72
19208,hombre,55,11,media,Tolima,1000000,30
19209,mujer,50,20,superior,Tolima,3300000,30
19210,hombre,24,12,superior,Tolima,828116,48
19211,hombre,18,11,media,Tolima,140000,40
19212,hombre,40,11,media,Tolima,828000,48
19213,mujer,39,16,superior,Tolima,1400000,56
19214,hombre,52,11,media,Tolima,1300000,48
19215,mujer,38,13,superior,Tolima,400000,72
19216,hombre,32,9,secundaria,Tolima,1300000,45
19217,mujer,38,11,media,Tolima,500000,50
19218,hombre,43,11,media,Tolima,828116,48
19219,hombre,39,13,superior,Tolima,1000000,44
19220,mujer,34,16,superior,Tolima,1300000,44
19221,hombre,37,13,superior,Tolima,1000000,56
19222,mujer,41,11,media,Tolima,880000,63
19223,hombre,40,11,media,Tolima,600000,60
19224,hombre,52,14,superior,Tolima,1200000,26
19225,hombre,39,11,media,Tolima,900000,54
19226,mujer,32,11,media,Tolima,828116,72
19227,hombre,31,16,superior,Tolima,3200000,70
19228,hombre,21,9,secundaria,Tolima,828116,52
19229,hombre,63,16,superior,Tolima,1000000,60
19230,hombre,27,8,secundaria,Tolima,450000,25
19231,mujer,28,13,superior,Tolima,828116,56
19232,mujer,61,5,primaria,Valle del Cauca,330000,54
19233,mujer,40,6,secundaria,Valle del Cauca,660000,35
19234,mujer,35,3,primaria,Valle del Cauca,828116,48
19235,mujer,21,11,media,Valle del Cauca,828116,45
19236,mujer,18,11,media,Valle del Cauca,700000,48
19237,hombre,27,11,media,Valle del Cauca,1300000,48
19238,mujer,34,11,media,Valle del Cauca,480000,36
19239,hombre,32,5,primaria,Valle del Cauca,925000,54
19240,hombre,50,4,primaria,Valle del Cauca,500000,20
19241,mujer,39,3,primaria,Valle del Cauca,70000,20
19242,mujer,43,11,media,Valle del Cauca,1000000,66
19243,hombre,21,11,media,Valle del Cauca,750000,40
19244,hombre,48,15,superior,Valle del Cauca,1000000,60
19245,hombre,54,11,media,Valle del Cauca,300000,48
19246,mujer,41,2,primaria,Valle del Cauca,125000,21
19247,hombre,44,5,primaria,Valle del Cauca,1050000,56
19248,mujer,27,11,media,Valle del Cauca,925000,48
19249,mujer,47,11,media,Valle del Cauca,888116,48
19250,hombre,51,17,superior,Valle del Cauca,750000,48
19251,hombre,47,10,media,Valle del Cauca,2000000,72
19252,mujer,34,16,superior,Valle del Cauca,1100000,40
19253,mujer,47,11,media,Valle del Cauca,828116,40
19254,mujer,23,11,media,Valle del Cauca,1400000,40
19255,hombre,57,6,secundaria,Valle del Cauca,828116,72
19256,mujer,64,7,secundaria,Valle del Cauca,400000,42
19257,hombre,44,16,superior,Valle del Cauca,2000000,48
19258,mujer,43,17,superior,Valle del Cauca,450000,40
19259,hombre,60,11,media,Valle del Cauca,250000,48
19260,hombre,26,11,media,Valle del Cauca,828116,63
19261,mujer,24,8,secundaria,Valle del Cauca,300000,21
19262,mujer,60,5,primaria,Valle del Cauca,46000,9
19263,mujer,49,9,secundaria,Valle del Cauca,600000,25
19264,mujer,53,11,media,Valle del Cauca,600000,48
19265,mujer,35,11,media,Valle del Cauca,828116,66
19266,mujer,37,14,superior,Valle del Cauca,900000,48
19267,mujer,65,5,primaria,Valle del Cauca,50000,40
19268,hombre,42,11,media,Valle del Cauca,100000,56
19269,hombre,60,9,secundaria,Valle del Cauca,1100000,48
19270,hombre,58,16,superior,Valle del Cauca,2000000,48
19271,hombre,37,11,media,Valle del Cauca,1100000,48
19272,mujer,19,11,superior,Valle del Cauca,828116,48
19273,mujer,24,15,superior,Valle del Cauca,828116,43
19274,hombre,27,11,media,Valle del Cauca,1400000,72
19275,hombre,40,11,media,Valle del Cauca,2000000,48
19276,hombre,60,11,media,Valle del Cauca,900000,114
19277,hombre,41,8,secundaria,Valle del Cauca,900000,45
19278,hombre,20,11,media,Valle del Cauca,1200000,48
19279,hombre,27,11,media,Valle del Cauca,1300000,54
19280,hombre,41,11,media,Valle del Cauca,700000,66
19281,hombre,48,7,secundaria,Valle del Cauca,1000000,48
19282,hombre,21,11,media,Valle del Cauca,22000,7
19283,hombre,38,11,media,Valle del Cauca,2000000,40
19284,mujer,37,16,superior,Valle del Cauca,2000000,51
19285,mujer,59,14,superior,Valle del Cauca,960000,63
19286,hombre,37,11,media,Cesar,500000,45
19287,hombre,32,11,media,Cesar,600000,40
19288,hombre,57,5,primaria,Cesar,500000,20
19289,hombre,54,3,primaria,Cesar,800000,40
19290,hombre,26,9,secundaria,Cesar,400000,60
19291,hombre,52,5,primaria,Cesar,870000,84
19292,hombre,25,0,ninguno,Cesar,800000,60
19293,hombre,32,10,media,Cesar,700000,48
19294,hombre,26,16,superior,Cesar,700000,48
19295,mujer,37,18,superior,Cesar,1400000,40
19296,mujer,54,8,secundaria,Cesar,450000,30
19297,hombre,27,11,media,Cesar,400000,40
19298,mujer,39,16,superior,Cesar,2125000,48
19299,hombre,49,17,superior,Cesar,3100000,48
19300,hombre,47,13,superior,Cesar,200000,40
19301,mujer,64,5,primaria,Cesar,370000,48
19302,hombre,49,13,superior,Cesar,7000000,40
19303,mujer,63,16,superior,Cesar,2400000,40
19304,mujer,21,13,superior,Cesar,780000,40
19305,hombre,43,5,primaria,Cesar,500000,60
19306,mujer,19,11,media,Cesar,100000,20
19307,hombre,22,11,media,Cesar,700000,48
19308,hombre,36,11,media,Cesar,960000,48
19309,mujer,49,16,superior,Cesar,1700000,40
19310,hombre,65,18,superior,Cesar,3800000,40
19311,mujer,61,18,superior,Cesar,3600000,40
19312,mujer,40,16,superior,Cesar,300000,48
19313,hombre,62,5,primaria,Cesar,600000,80
19314,mujer,56,9,secundaria,Cesar,1500000,40
19315,hombre,52,6,secundaria,Cesar,300000,36
19316,hombre,49,16,superior,Cesar,3000000,40
19317,mujer,48,11,media,Cesar,1400000,40
19318,mujer,23,11,media,Cesar,780000,40
19319,mujer,39,16,superior,Cesar,800000,48
19320,hombre,45,16,superior,Cesar,3700000,48
19321,hombre,21,11,media,Cesar,781000,50
19322,mujer,31,13,media,Cesar,1900000,40
19323,hombre,29,0,ninguno,Cesar,300000,40
19324,mujer,29,11,media,Cesar,400000,40
19325,hombre,54,11,media,Cesar,1200000,50
19326,mujer,52,13,superior,Cesar,1280000,48
19327,hombre,26,11,media,Cesar,800000,48
19328,hombre,46,7,secundaria,Cesar,350000,40
19329,hombre,33,5,primaria,Cesar,300000,40
19330,hombre,59,2,primaria,Cesar,450000,70
19331,mujer,22,11,media,Cesar,30000,7
19332,mujer,40,11,media,Cesar,1180000,48
19333,hombre,37,4,primaria,Cesar,400000,80
19334,mujer,44,5,primaria,Cesar,660000,48
19335,hombre,65,7,secundaria,Cesar,1000000,80
19336,hombre,36,13,superior,Cesar,1200000,48
19337,mujer,34,18,superior,Cesar,2060000,40
19338,mujer,53,11,media,Cesar,780000,40
19339,hombre,51,11,media,Cesar,350000,60
19340,hombre,46,5,primaria,Cesar,100000,40
19341,hombre,24,6,secundaria,Cesar,400000,48
19342,mujer,25,11,media,Cesar,250000,40
19343,hombre,43,2,primaria,Cesar,350000,70
19344,mujer,37,7,secundaria,Cesar,40000,25
19345,hombre,37,2,primaria,Cesar,400000,70
19346,hombre,36,11,media,Cesar,800000,60
19347,mujer,34,6,secundaria,Cesar,800000,72
19348,hombre,48,8,secundaria,Cesar,650000,48
19349,hombre,50,0,ninguno,Cesar,200000,70
19350,mujer,45,0,ninguno,Cesar,200000,60
19351,hombre,57,10,media,Cesar,600000,48
19352,mujer,63,4,primaria,Cesar,100000,40
19353,mujer,31,0,ninguno,Cesar,150000,25
19354,hombre,35,5,primaria,Cesar,100000,70
19355,mujer,23,13,superior,Cesar,350000,60
19356,hombre,27,11,media,Cesar,400000,40
19357,mujer,41,14,superior,Cundinamarca,781242,45
19358,mujer,25,13,superior,Cundinamarca,828116,48
19359,mujer,29,11,media,Cundinamarca,600000,24
19360,mujer,56,3,primaria,Cundinamarca,471000,18
19361,mujer,21,13,superior,Cundinamarca,781242,62
19362,mujer,65,2,primaria,Cundinamarca,40000,4
19363,mujer,33,11,media,Cundinamarca,590000,30
19364,hombre,34,8,secundaria,Cundinamarca,781242,48
19365,hombre,61,5,primaria,Cundinamarca,440000,28
19366,hombre,62,11,media,Cundinamarca,800000,35
19367,mujer,50,11,media,Cundinamarca,500000,48
19368,hombre,28,14,superior,Cundinamarca,680000,48
19369,hombre,28,11,media,Cundinamarca,1600000,72
19370,hombre,44,11,media,Cundinamarca,1800000,116
19371,hombre,20,13,superior,Cundinamarca,40000,8
19372,mujer,48,11,media,Cundinamarca,60000,14
19373,hombre,22,9,secundaria,Cundinamarca,200000,36
19374,mujer,54,2,primaria,Cundinamarca,676000,16
19375,hombre,30,16,superior,Cundinamarca,1800000,84
19376,mujer,31,11,media,Cundinamarca,1160000,48
19377,mujer,29,16,superior,Cundinamarca,1530000,48
19378,hombre,19,11,media,Cundinamarca,240000,24
19379,hombre,48,16,superior,Cundinamarca,300000,40
19380,mujer,45,11,media,Cundinamarca,781242,40
19381,hombre,22,13,superior,Cundinamarca,781242,40
19382,mujer,29,11,media,Cundinamarca,1100000,48
19383,hombre,58,5,primaria,Cundinamarca,500000,42
19384,mujer,32,11,media,Cundinamarca,420000,25
19385,hombre,56,3,primaria,Cundinamarca,1050000,48
19386,mujer,37,11,media,Cundinamarca,400000,50
19387,mujer,50,1,primaria,Cundinamarca,600000,70
19388,hombre,35,7,secundaria,Cundinamarca,781242,72
19389,mujer,36,9,secundaria,Cundinamarca,275000,40
19390,hombre,52,5,primaria,Cundinamarca,700000,48
19391,mujer,41,9,secundaria,Cundinamarca,300000,16
19392,hombre,22,12,superior,Cundinamarca,781242,48
19393,mujer,61,5,primaria,Cundinamarca,1510000,50
19394,mujer,27,11,media,Cundinamarca,781242,48
19395,hombre,39,11,media,Cundinamarca,700000,24
19396,mujer,46,16,superior,Cundinamarca,1600000,40
19397,hombre,57,5,primaria,Cundinamarca,2000000,35
19398,mujer,54,4,primaria,Cundinamarca,750000,50
19399,mujer,33,11,media,Cundinamarca,1200000,48
19400,mujer,22,13,superior,Cundinamarca,1200000,48
19401,hombre,63,13,superior,Cundinamarca,160000,28
19402,mujer,55,5,primaria,Cundinamarca,145000,8
19403,mujer,38,11,media,Cundinamarca,800000,48
19404,hombre,34,11,media,Cundinamarca,1500000,56
19405,hombre,46,9,secundaria,Cundinamarca,831242,48
19406,hombre,36,13,superior,Cundinamarca,781242,48
19407,mujer,30,11,media,Cundinamarca,781242,48
19408,hombre,52,11,media,Cundinamarca,1081242,60
19409,mujer,44,11,media,Cundinamarca,1081242,44
19410,hombre,18,6,secundaria,Cundinamarca,440000,16
19411,hombre,46,11,media,Cundinamarca,1000000,30
19412,hombre,44,11,media,Cundinamarca,150000,25
19413,mujer,47,11,media,Cundinamarca,150000,12
19414,mujer,40,16,superior,Cundinamarca,200000,4
19415,hombre,65,11,media,Cundinamarca,400000,48
19416,mujer,56,20,superior,Cundinamarca,3400000,30
19417,hombre,55,11,media,Cundinamarca,3000000,72
19418,hombre,31,13,superior,Cundinamarca,950000,84
19419,hombre,51,16,superior,Cundinamarca,1502344,48
19420,mujer,48,11,media,Cundinamarca,700000,15
19421,hombre,25,17,superior,Cundinamarca,2000000,75
19422,mujer,27,11,media,Cundinamarca,300000,24
19423,hombre,27,6,secundaria,Cundinamarca,500000,84
19424,hombre,61,5,primaria,Cundinamarca,1500000,70
19425,mujer,52,9,secundaria,Cundinamarca,1500000,108
19426,hombre,27,11,media,Cundinamarca,781242,48
19427,mujer,22,13,superior,Cundinamarca,480000,56
19428,hombre,25,11,superior,Cundinamarca,781242,48
19429,hombre,27,11,media,Cundinamarca,600000,24
19430,mujer,63,8,secundaria,Cundinamarca,200000,84
19431,mujer,58,15,superior,Cundinamarca,781242,40
19432,mujer,49,5,primaria,Cundinamarca,840000,62
19433,hombre,40,11,media,Cundinamarca,817242,48
19434,mujer,34,11,media,Cundinamarca,781242,48
19435,hombre,47,11,media,Cundinamarca,1700000,48
19436,mujer,44,11,media,Cundinamarca,1500000,63
19437,mujer,59,9,secundaria,Cundinamarca,500000,54
19438,hombre,61,1,primaria,Cundinamarca,850000,48
19439,mujer,27,16,superior,Cundinamarca,1700000,48
19440,mujer,48,11,media,Cundinamarca,1500000,48
19441,mujer,40,13,superior,Cundinamarca,1000000,84
19442,mujer,62,11,media,Cundinamarca,9000,7
19443,mujer,26,11,media,Cundinamarca,530000,48
19444,mujer,42,4,primaria,Cundinamarca,440000,30
19445,hombre,27,18,superior,Cundinamarca,1500000,48
19446,hombre,61,4,primaria,Cundinamarca,800000,48
19447,hombre,31,11,media,Cundinamarca,1300000,48
19448,mujer,22,16,superior,Cundinamarca,1800000,84
19449,mujer,32,13,media,Cundinamarca,781242,54
19450,hombre,51,14,superior,Cundinamarca,1100000,48
19451,mujer,50,11,media,Cundinamarca,781242,48
19452,hombre,51,11,media,Cundinamarca,1000000,56
19453,mujer,37,11,media,Cundinamarca,1000000,56
19454,mujer,50,11,media,Cundinamarca,781242,48
19455,hombre,63,11,media,Cundinamarca,600000,60
19456,hombre,60,8,secundaria,Cundinamarca,500000,40
19457,hombre,37,7,secundaria,Cundinamarca,900000,45
19458,hombre,63,16,superior,Cundinamarca,2000000,40
19459,hombre,33,16,superior,Cundinamarca,4000000,70
19460,mujer,64,9,secundaria,Cundinamarca,700000,50
19461,hombre,30,16,superior,Cundinamarca,2300000,48
19462,mujer,62,2,primaria,Cundinamarca,781242,48
19463,mujer,48,11,media,Cundinamarca,1000000,48
19464,hombre,49,16,superior,Cundinamarca,800000,60
19465,hombre,62,13,superior,Cundinamarca,480000,15
19466,mujer,32,11,media,Cundinamarca,200000,72
19467,hombre,35,11,media,Cundinamarca,920000,48
19468,mujer,26,16,superior,Cundinamarca,781242,48
19469,mujer,65,7,secundaria,Cundinamarca,300000,20
19470,mujer,27,17,superior,Cundinamarca,1052000,48
19471,hombre,22,11,superior,Cundinamarca,900000,24
19472,hombre,65,5,primaria,Cundinamarca,900000,44
19473,hombre,48,11,media,Cundinamarca,1000000,72
19474,hombre,43,11,media,Cundinamarca,400000,20
19475,mujer,33,11,media,Cundinamarca,900000,48
19476,mujer,44,11,media,Cundinamarca,781242,48
19477,mujer,41,11,media,Cundinamarca,320000,40
19478,mujer,25,13,superior,Cundinamarca,931242,48
19479,hombre,28,11,superior,Cundinamarca,800000,30
19480,mujer,62,1,primaria,Cundinamarca,540000,48
19481,hombre,27,5,primaria,Cundinamarca,600000,48
19482,hombre,65,0,ninguno,Cundinamarca,200000,21
19483,mujer,58,0,ninguno,Cundinamarca,150000,21
19484,hombre,40,5,primaria,Cundinamarca,1501242,63
19485,hombre,45,5,primaria,Cundinamarca,2000000,48
19486,hombre,24,6,secundaria,Cundinamarca,200000,30
19487,hombre,37,11,media,Cundinamarca,1500000,72
19488,mujer,35,11,media,Cundinamarca,1500000,48
19489,hombre,36,16,superior,Cundinamarca,2500000,56
19490,mujer,39,16,superior,Cundinamarca,2800000,48
19491,mujer,42,16,superior,Cundinamarca,1320000,42
19492,hombre,22,15,superior,Cundinamarca,1100000,36
19493,hombre,20,11,superior,Cundinamarca,910000,42
19494,mujer,40,10,media,Cundinamarca,50000,30
19495,mujer,62,7,secundaria,Cundinamarca,300000,13
19496,hombre,63,11,media,Cundinamarca,800000,60
19497,mujer,35,11,media,Cundinamarca,1500000,70
19498,hombre,65,9,secundaria,Cundinamarca,200000,55
19499,mujer,52,11,media,Cundinamarca,781242,48
19500,hombre,30,12,superior,Cundinamarca,680000,20
19501,mujer,45,11,media,Cundinamarca,1031242,40
19502,hombre,48,11,media,Cundinamarca,250000,72
19503,hombre,48,5,primaria,Cundinamarca,781242,48
19504,hombre,32,11,media,Cundinamarca,1500000,72
19505,mujer,30,13,superior,Cundinamarca,4500000,90
19506,hombre,34,13,superior,Cundinamarca,4500000,48
19507,mujer,60,4,primaria,Cundinamarca,200000,30
19508,hombre,42,11,media,Cundinamarca,3200000,84
19509,mujer,39,13,superior,Cundinamarca,1000000,48
19510,hombre,43,11,media,Cundinamarca,1000000,48
19511,hombre,59,10,media,Cundinamarca,800000,48
19512,mujer,34,11,media,Cundinamarca,960000,48
19513,hombre,64,11,media,Cundinamarca,50000,5
19514,hombre,25,16,superior,Cundinamarca,1500000,36
19515,mujer,47,5,primaria,Cundinamarca,1381242,48
19516,hombre,35,15,superior,Cundinamarca,2500000,60
19517,hombre,52,8,secundaria,Cundinamarca,1290000,45
19518,hombre,55,2,primaria,Cundinamarca,150000,12
19519,hombre,28,5,primaria,Cundinamarca,180000,16
19520,hombre,44,3,primaria,Cundinamarca,150000,28
19521,mujer,47,5,primaria,Cundinamarca,400000,12
19522,hombre,22,7,secundaria,Cundinamarca,250000,30
19523,hombre,34,12,superior,Cundinamarca,2400000,48
19524,hombre,55,13,superior,Cundinamarca,500000,40
19525,mujer,55,11,media,Cundinamarca,500000,48
19526,hombre,44,5,primaria,Cundinamarca,781242,48
19527,mujer,44,2,primaria,Cundinamarca,150000,30
19528,hombre,50,9,secundaria,Cundinamarca,500000,84
19529,mujer,42,6,secundaria,Cundinamarca,500000,70
19530,mujer,25,6,secundaria,Cundinamarca,200000,14
19531,hombre,51,2,primaria,Cundinamarca,800000,50
19532,hombre,61,6,secundaria,Cundinamarca,1200000,41
19533,mujer,55,2,primaria,Cundinamarca,100000,105
19534,mujer,58,18,superior,Choco,20000000,60
19535,hombre,52,18,superior,Choco,3200000,48
19536,hombre,65,17,superior,La Guajira,2000000,30
19537,mujer,53,18,superior,La Guajira,3800000,30
19538,mujer,39,11,media,Santander,450000,48
19539,hombre,39,6,secundaria,Santander,980000,48
19540,mujer,60,11,media,Sucre,350000,25
19541,hombre,34,11,media,Sucre,500000,48
19542,hombre,51,9,secundaria,Sucre,680000,48
19543,hombre,20,5,primaria,Sucre,400000,45
19544,mujer,22,9,secundaria,Sucre,120000,40
19545,mujer,46,11,media,Sucre,300000,40
19546,hombre,52,11,media,Sucre,350000,44
19547,hombre,28,8,secundaria,Sucre,400000,84
19548,hombre,47,9,secundaria,Sucre,500000,40
19549,hombre,33,16,superior,Sucre,240000,30
19550,mujer,58,3,primaria,Sucre,60000,14
19551,mujer,43,11,media,Sucre,380000,30
19552,hombre,39,9,secundaria,Sucre,400000,44
19553,hombre,35,14,superior,Sucre,1000000,45
19554,mujer,31,14,superior,Sucre,782242,40
19555,mujer,65,0,ninguno,Sucre,400000,70
19556,mujer,58,2,primaria,Sucre,240000,24
19557,hombre,25,9,secundaria,Sucre,800000,40
19558,hombre,54,2,primaria,Sucre,300000,42
19559,mujer,35,4,primaria,Sucre,100000,25
19560,hombre,34,1,primaria,Sucre,450000,60
19561,mujer,25,10,media,Sucre,100000,15
19562,hombre,58,11,media,Sucre,1500000,40
19563,mujer,50,11,media,Sucre,150000,20
19564,hombre,31,16,superior,Sucre,600000,45
19565,mujer,64,18,superior,Sucre,3300000,25
19566,hombre,34,14,superior,Sucre,1903000,48
19567,hombre,56,17,superior,Sucre,2633000,30
19568,mujer,33,5,primaria,Sucre,100000,20
19569,mujer,52,12,superior,Sucre,850000,48
19570,hombre,55,11,media,Sucre,700000,60
19571,hombre,41,16,superior,Sucre,900000,40
19572,hombre,34,11,media,Sucre,3000000,40
19573,mujer,28,16,superior,Sucre,800000,40
19574,hombre,26,13,superior,Sucre,600000,45
19575,hombre,20,13,superior,Sucre,140000,25
19576,hombre,18,4,primaria,Sucre,300000,40
19577,hombre,24,10,media,Sucre,400000,48
19578,hombre,51,13,superior,Sucre,800000,49
19579,hombre,48,2,primaria,Sucre,400000,60
19580,hombre,18,6,secundaria,Sucre,100000,18
19581,hombre,46,5,primaria,Sucre,600000,63
19582,mujer,36,11,media,Sucre,600000,56
19583,hombre,24,6,secundaria,Sucre,600000,44
19584,mujer,29,11,media,Sucre,300000,40
19585,hombre,42,16,superior,Sucre,2000000,40
19586,hombre,37,11,media,Sucre,600000,44
19587,hombre,19,11,superior,Sucre,250000,25
19588,hombre,63,2,primaria,Sucre,350000,42
19589,hombre,59,2,primaria,Sucre,600000,63
19590,hombre,27,11,media,Sucre,500000,40
19591,mujer,60,0,ninguno,Sucre,200000,30
19592,hombre,37,4,primaria,Sucre,180000,35
19593,hombre,31,5,primaria,Sucre,120000,30
19594,hombre,26,3,primaria,Sucre,300000,40
19595,hombre,36,11,media,Sucre,400000,48
19596,hombre,43,0,ninguno,Sucre,600000,70
19597,hombre,20,11,media,Sucre,400000,54
19598,hombre,51,11,media,Sucre,3000000,40
19599,hombre,24,12,superior,Sucre,400000,56
19600,hombre,33,4,primaria,Sucre,500000,56
19601,mujer,38,6,secundaria,Sucre,200000,20
19602,hombre,43,11,media,Sucre,350000,45
19603,hombre,33,10,media,Sucre,900000,45
19604,hombre,63,2,primaria,Sucre,700000,40
19605,hombre,53,11,media,Sucre,600000,70
19606,mujer,33,11,media,Sucre,320000,42
19607,mujer,31,6,secundaria,Sucre,300000,42
19608,mujer,46,3,primaria,Sucre,80000,20
19609,hombre,48,5,primaria,Sucre,480000,40
19610,hombre,22,8,secundaria,Sucre,300000,43
19611,hombre,18,8,secundaria,Sucre,180000,20
19612,hombre,20,5,primaria,Sucre,450000,48
19613,hombre,51,9,secundaria,Sucre,700000,60
19614,mujer,39,2,primaria,Sucre,280000,42
19615,hombre,20,0,ninguno,Sucre,450000,50
19616,hombre,31,6,secundaria,Sucre,300000,40
19617,mujer,30,5,primaria,Sucre,300000,40
19618,hombre,50,2,primaria,Sucre,300000,56
19619,mujer,49,0,ninguno,Sucre,70000,28
19620,hombre,20,2,primaria,Sucre,200000,42
19621,hombre,20,2,primaria,Sucre,200000,42
19622,mujer,57,2,primaria,Sucre,300000,40
19623,hombre,28,3,primaria,Sucre,800000,48
19624,hombre,37,3,primaria,Sucre,300000,40
19625,hombre,24,11,media,Sucre,800000,44
19626,mujer,29,6,secundaria,Sucre,600000,42
19627,mujer,35,5,primaria,Sucre,300000,40
19628,hombre,28,13,superior,Sucre,600000,56
19629,mujer,22,9,secundaria,Sucre,50000,7
19630,mujer,34,0,ninguno,Sucre,520000,70
19631,hombre,30,3,primaria,Sucre,250000,40
19632,hombre,32,5,primaria,Sucre,700000,49
19633,mujer,26,14,superior,Sucre,100000,25
19634,hombre,44,5,primaria,Sucre,500000,42
19635,mujer,41,0,ninguno,Sucre,150000,20
19636,hombre,49,4,primaria,Sucre,400000,45
19637,hombre,38,11,media,Sucre,700000,44
19638,mujer,38,9,secundaria,Sucre,200000,23
19639,mujer,48,3,primaria,Sucre,120000,20
19640,mujer,37,8,secundaria,Sucre,350000,45
19641,hombre,53,3,primaria,Sucre,700000,46
19642,hombre,22,9,secundaria,Sucre,600000,44
19643,hombre,60,0,ninguno,Sucre,100000,25
19644,hombre,55,8,secundaria,Sucre,650000,42
19645,hombre,18,11,media,Sucre,350000,42
19646,mujer,21,17,superior,Sucre,650000,35
19647,mujer,55,5,primaria,Sucre,150000,20
19648,mujer,53,5,primaria,Sucre,100000,7
19649,hombre,52,7,secundaria,Sucre,400000,40
19650,hombre,48,5,primaria,Sucre,370000,40
19651,mujer,41,5,primaria,Sucre,300000,63
19652,mujer,48,5,primaria,Sucre,400000,40
19653,hombre,48,2,primaria,Sucre,200000,40
19654,hombre,21,9,secundaria,Sucre,600000,45
19655,hombre,34,5,primaria,Sucre,450000,63
19656,mujer,25,5,primaria,Sucre,300000,42
19657,hombre,55,0,ninguno,Atlantico,440000,60
19658,mujer,55,10,media,Atlantico,48000,20
19659,mujer,32,11,media,Atlantico,275000,36
19660,hombre,24,11,media,Atlantico,450000,44
19661,hombre,20,11,media,Atlantico,120000,21
19662,hombre,52,0,ninguno,Atlantico,150000,30
19663,hombre,47,11,media,Atlantico,400000,30
19664,mujer,48,11,media,Atlantico,830000,40
19665,hombre,52,11,media,Atlantico,300000,40
19666,hombre,26,11,media,Atlantico,800000,48
19667,mujer,62,6,secundaria,Atlantico,60000,21
19668,mujer,27,11,media,Atlantico,860000,48
19669,hombre,37,11,media,Atlantico,1100000,48
19670,hombre,61,3,primaria,Atlantico,300000,40
19671,hombre,30,11,media,Atlantico,780000,54
19672,mujer,53,11,media,Atlantico,490000,30
19673,mujer,59,9,secundaria,Atlantico,330000,18
19674,hombre,57,8,secundaria,Atlantico,800000,66
19675,hombre,61,3,primaria,Atlantico,300000,40
19676,mujer,57,5,primaria,Atlantico,25000,14
19677,mujer,40,11,media,Atlantico,600000,72
19678,hombre,42,11,media,Atlantico,900000,70
19679,mujer,49,0,ninguno,Atlantico,360000,44
19680,hombre,59,0,ninguno,Atlantico,360000,50
19681,hombre,50,16,superior,Atlantico,1000000,48
19682,hombre,39,8,secundaria,Atlantico,250000,40
19683,mujer,35,8,secundaria,Atlantico,450000,48
19684,hombre,54,16,superior,Atlantico,1000000,54
19685,hombre,54,7,secundaria,Atlantico,600000,60
19686,mujer,22,11,media,Atlantico,150000,30
19687,mujer,53,11,media,Atlantico,800000,48
19688,mujer,57,11,media,Atlantico,100000,21
19689,hombre,45,11,media,Atlantico,750000,60
19690,hombre,49,7,secundaria,Atlantico,900000,72
19691,mujer,50,11,media,Atlantico,400000,52
19692,mujer,64,9,secundaria,Atlantico,200000,20
19693,hombre,54,6,secundaria,Atlantico,1200000,60
19694,hombre,25,6,secundaria,Atlantico,90000,30
19695,hombre,52,0,ninguno,Atlantico,600000,48
19696,hombre,30,4,primaria,Atlantico,500000,40
19697,hombre,57,7,secundaria,Atlantico,1000000,48
19698,mujer,25,11,media,Atlantico,30000,20
19699,mujer,19,11,media,Atlantico,90000,21
19700,hombre,24,11,media,Atlantico,600000,70
19701,hombre,47,5,primaria,Atlantico,400000,30
19702,mujer,46,6,secundaria,Atlantico,600000,30
19703,mujer,52,8,secundaria,Atlantico,240000,17
19704,mujer,27,11,media,Atlantico,760000,70
19705,hombre,27,11,media,Atlantico,400000,56
19706,mujer,21,11,media,Atlantico,525000,40
19707,hombre,49,5,primaria,Atlantico,240000,40
19708,hombre,30,5,primaria,Atlantico,800000,70
19709,hombre,57,0,ninguno,Atlantico,720000,90
19710,hombre,53,11,media,Atlantico,150000,30
19711,mujer,19,11,media,Atlantico,80000,30
19712,hombre,30,11,media,Atlantico,1200000,48
19713,mujer,49,5,primaria,Atlantico,640000,32
19714,hombre,50,2,primaria,Atlantico,700000,50
19715,hombre,59,5,primaria,Atlantico,750000,60
19716,hombre,60,0,ninguno,Atlantico,600000,60
19717,mujer,42,4,primaria,Atlantico,600000,48
19718,hombre,42,5,primaria,Atlantico,1200000,84
19719,mujer,57,3,primaria,Atlantico,300000,84
19720,hombre,41,6,secundaria,Atlantico,900000,84
19721,hombre,20,10,media,Atlantico,400000,21
19722,mujer,46,9,secundaria,Atlantico,220000,40
19723,hombre,57,7,secundaria,Atlantico,430000,50
19724,hombre,63,0,ninguno,Atlantico,300000,36
19725,mujer,50,0,ninguno,Atlantico,400000,56
19726,mujer,51,3,primaria,Atlantico,60000,30
19727,hombre,60,5,primaria,Atlantico,200000,36
19728,hombre,43,11,media,Atlantico,1000000,30
19729,hombre,45,7,secundaria,Atlantico,500000,48
19730,mujer,48,11,media,Atlantico,1180000,84
19731,hombre,35,4,primaria,Atlantico,400000,60
19732,hombre,55,16,superior,Atlantico,2300000,48
19733,hombre,61,5,primaria,Atlantico,400000,42
19734,mujer,62,5,primaria,Atlantico,40000,12
19735,hombre,28,11,media,Atlantico,350000,48
19736,mujer,52,16,superior,Atlantico,1800000,28
19737,mujer,41,5,primaria,Atlantico,300000,44
19738,mujer,46,3,primaria,Atlantico,450000,10
19739,hombre,40,9,secundaria,Atlantico,600000,40
19740,hombre,24,11,media,Atlantico,300000,32
19741,hombre,59,5,primaria,Atlantico,1000000,70
19742,mujer,64,5,primaria,Atlantico,570000,40
19743,mujer,25,13,superior,Atlantico,90000,10
19744,hombre,61,9,secundaria,Atlantico,100000,30
19745,mujer,60,5,primaria,Atlantico,1100000,40
19746,hombre,50,11,media,Atlantico,980000,48
19747,mujer,40,11,media,Atlantico,100000,20
19748,hombre,48,11,media,Atlantico,720000,48
19749,mujer,20,12,superior,Atlantico,120000,16
19750,hombre,42,5,primaria,Atlantico,1500000,50
19751,hombre,34,11,media,Atlantico,600000,60
19752,mujer,60,0,ninguno,Atlantico,150000,18
19753,mujer,28,11,media,Atlantico,96000,12
19754,mujer,50,11,media,Atlantico,700000,28
19755,hombre,56,5,primaria,Atlantico,930000,54
19756,hombre,37,11,media,Atlantico,550000,60
19757,hombre,45,5,primaria,Atlantico,400000,48
19758,hombre,43,11,media,Atlantico,1200000,48
19759,mujer,39,11,media,Atlantico,800000,48
19760,hombre,38,12,superior,Antioquia,2000000,119
19761,hombre,50,16,superior,Antioquia,1800000,60
19762,mujer,46,16,superior,Antioquia,3000000,55
19763,mujer,25,11,media,Antioquia,1500000,45
19764,hombre,44,14,superior,Antioquia,1700000,98
19765,hombre,19,15,superior,Antioquia,828116,48
19766,mujer,53,20,superior,Antioquia,3100000,20
19767,hombre,62,2,primaria,Antioquia,400000,27
19768,hombre,38,11,media,Antioquia,1070000,72
19769,hombre,31,13,superior,Antioquia,900000,48
19770,mujer,23,14,superior,Antioquia,825000,40
19771,hombre,32,16,superior,Antioquia,2000000,48
19772,mujer,50,6,secundaria,Antioquia,400000,18
19773,hombre,34,5,primaria,Antioquia,960000,54
19774,mujer,32,10,media,Antioquia,480000,36
19775,hombre,42,8,secundaria,Antioquia,720000,66
19776,hombre,26,11,media,Antioquia,800000,44
19777,mujer,34,18,superior,Antioquia,3000000,35
19778,mujer,57,16,superior,Antioquia,1600000,48
19779,hombre,62,16,superior,Antioquia,4000000,40
19780,hombre,48,8,secundaria,Antioquia,1300000,48
19781,hombre,23,13,superior,Antioquia,1040000,48
19782,mujer,21,14,superior,Antioquia,1040000,48
19783,mujer,50,17,superior,Antioquia,2000000,40
19784,mujer,28,16,superior,Antioquia,2900000,48
19785,mujer,42,6,secundaria,Antioquia,1945148,54
19786,hombre,43,16,superior,Antioquia,3000000,60
19787,hombre,39,14,superior,Antioquia,900000,48
19788,mujer,25,14,superior,Antioquia,1200000,48
19789,hombre,31,11,media,Antioquia,1200000,44
19790,mujer,52,5,primaria,Antioquia,506000,40
19791,hombre,19,5,primaria,Antioquia,828116,48
19792,hombre,40,5,primaria,Antioquia,2000000,48
19793,mujer,39,13,superior,Antioquia,1260000,48
19794,mujer,32,22,superior,Antioquia,1600000,60
19795,hombre,36,16,superior,Antioquia,2000000,40
19796,hombre,33,12,superior,Antioquia,1000000,82
19797,mujer,27,16,superior,Antioquia,2290000,40
19798,hombre,41,10,media,Antioquia,1100000,54
19799,hombre,55,11,media,Antioquia,828116,48
19800,mujer,46,11,media,Antioquia,828116,48
19801,hombre,54,4,primaria,Antioquia,1400000,50
19802,hombre,23,11,media,Antioquia,1160000,60
19803,hombre,58,8,secundaria,Antioquia,1000000,48
19804,hombre,59,0,ninguno,Antioquia,80000,24
19805,hombre,48,18,superior,Antioquia,3000000,40
19806,mujer,43,18,superior,Antioquia,3000000,48
19807,hombre,64,1,primaria,Antioquia,1500000,48
19808,mujer,30,15,superior,Antioquia,2300000,48
19809,hombre,34,17,superior,Antioquia,1300000,36
19810,mujer,49,17,superior,Antioquia,5000000,48
19811,hombre,26,14,superior,Antioquia,620000,13
19812,mujer,25,14,superior,Antioquia,200000,8
19813,hombre,48,4,primaria,Antioquia,828000,48
19814,hombre,55,12,superior,Antioquia,1800000,56
19815,mujer,30,18,superior,Antioquia,2300000,48
19816,mujer,45,7,secundaria,Antioquia,850000,50
19817,hombre,42,14,superior,Antioquia,1620000,48
19818,mujer,52,17,superior,Antioquia,400000,6
19819,mujer,49,18,superior,Antioquia,1000000,48
19820,hombre,56,11,media,Antioquia,2400000,48
19821,hombre,31,14,superior,Antioquia,900000,63
19822,mujer,26,16,superior,Antioquia,1500000,40
19823,mujer,48,0,ninguno,Antioquia,480000,40
19824,hombre,26,12,superior,Antioquia,30000,8
19825,hombre,39,17,superior,Antioquia,1400000,50
19826,mujer,38,21,superior,Antioquia,1895000,40
19827,hombre,35,16,superior,Antioquia,1100000,48
19828,mujer,52,14,superior,Antioquia,1300000,7
19829,hombre,57,1,primaria,Antioquia,200000,40
19830,mujer,59,7,secundaria,Antioquia,900000,48
19831,hombre,40,7,secundaria,Antioquia,400000,48
19832,hombre,46,7,secundaria,Antioquia,1300000,48
19833,hombre,24,13,superior,Antioquia,1569000,45
19834,mujer,32,13,superior,Antioquia,1100000,42
19835,mujer,20,9,secundaria,Antioquia,700000,15
19836,mujer,56,16,superior,Antioquia,2500000,48
19837,hombre,26,13,superior,Atlantico,1200000,45
19838,mujer,34,16,superior,Atlantico,1500000,48
19839,mujer,24,16,superior,Atlantico,200000,14
19840,mujer,43,16,superior,Atlantico,1000000,32
19841,hombre,42,16,superior,Atlantico,2100000,48
19842,mujer,36,16,superior,Atlantico,1200000,8
19843,hombre,33,16,superior,Atlantico,1200000,56
19844,mujer,65,11,media,Atlantico,800000,72
19845,hombre,39,14,superior,Atlantico,840000,48
19846,hombre,54,9,secundaria,Atlantico,900000,40
19847,mujer,56,9,secundaria,Atlantico,420000,20
19848,hombre,35,16,superior,Atlantico,3000000,48
19849,mujer,31,17,superior,Atlantico,3000000,48
19850,hombre,41,14,superior,Atlantico,1200000,84
19851,mujer,32,16,superior,Atlantico,800000,20
19852,hombre,54,16,superior,Atlantico,821116,48
19853,mujer,36,11,media,Atlantico,100000,14
19854,hombre,24,13,superior,Atlantico,650000,40
19855,mujer,19,13,superior,Atlantico,100000,14
19856,hombre,34,16,superior,Atlantico,2400000,96
19857,mujer,43,10,media,Atlantico,1100000,84
19858,mujer,30,16,superior,Atlantico,580000,36
19859,hombre,58,11,media,Atlantico,800000,40
19860,hombre,25,11,media,Atlantico,700000,30
19861,mujer,35,19,superior,Atlantico,3000000,30
19862,hombre,27,11,media,Atlantico,1700000,84
19863,mujer,30,11,media,Atlantico,850000,48
19864,hombre,32,16,superior,Atlantico,3800000,44
19865,hombre,55,16,superior,Atlantico,3000000,48
19866,hombre,44,11,media,Atlantico,900000,48
19867,hombre,20,11,media,Atlantico,200000,10
19868,hombre,52,11,media,Atlantico,850000,48
19869,mujer,46,11,media,Atlantico,240000,30
19870,hombre,61,10,media,Atlantico,800000,26
19871,mujer,32,11,media,Atlantico,500000,12
19872,mujer,56,11,media,Atlantico,960000,60
19873,hombre,23,13,superior,Atlantico,828116,48
19874,hombre,22,13,superior,Atlantico,1350000,48
19875,hombre,55,5,primaria,Atlantico,1200000,60
19876,hombre,21,10,media,Atlantico,500000,40
19877,hombre,53,11,media,Atlantico,520000,48
19878,hombre,41,11,media,Atlantico,1450000,48
19879,mujer,37,9,secundaria,Atlantico,1000000,40
19880,mujer,36,11,media,Atlantico,1000000,70
19881,hombre,35,11,media,Atlantico,1000000,84
19882,hombre,34,11,media,Atlantico,1200000,48
19883,mujer,34,16,superior,Atlantico,900000,48
19884,hombre,54,11,media,Atlantico,900000,48
19885,mujer,21,15,superior,Atlantico,800000,21
19886,hombre,57,9,secundaria,Atlantico,300000,40
19887,mujer,56,6,secundaria,Atlantico,300000,25
19888,mujer,34,17,superior,Atlantico,1914000,48
19889,mujer,36,11,media,Atlantico,700000,25
19890,hombre,26,14,superior,Atlantico,925000,78
19891,hombre,51,13,superior,Atlantico,800000,48
19892,mujer,52,13,superior,Atlantico,800000,20
19893,mujer,24,13,superior,Atlantico,800000,48
19894,mujer,21,13,superior,Atlantico,800000,48
19895,hombre,21,14,superior,Atlantico,828116,48
19896,hombre,52,9,secundaria,Atlantico,500000,40
19897,mujer,21,11,media,Atlantico,900000,56
19898,mujer,43,8,secundaria,Atlantico,300000,14
19899,hombre,57,11,media,Atlantico,1200000,84
19900,mujer,34,15,superior,Atlantico,500000,40
19901,hombre,29,16,superior,Atlantico,2200000,45
19902,hombre,40,13,superior,Atlantico,1500000,56
19903,mujer,43,11,media,Atlantico,800000,40
19904,hombre,28,14,superior,Atlantico,1400000,40
19905,mujer,25,16,superior,Atlantico,1500000,40
19906,hombre,29,14,superior,Atlantico,1000000,48
19907,mujer,27,15,superior,Atlantico,600000,18
19908,mujer,26,11,media,Atlantico,700000,40
19909,hombre,33,11,media,Atlantico,1000000,60
19910,mujer,19,11,media,Atlantico,1000000,48
19911,hombre,58,11,media,Atlantico,1000000,40
19912,mujer,23,14,superior,Atlantico,900000,48
19913,mujer,65,9,secundaria,Atlantico,1500000,70
19914,hombre,26,16,superior,Atlantico,1050000,40
19915,hombre,39,5,primaria,Atlantico,200000,24
19916,hombre,38,11,media,Atlantico,1500000,48
19917,mujer,37,13,superior,Atlantico,230000,10
19918,hombre,52,5,primaria,Atlantico,1120000,98
19919,mujer,44,5,primaria,Atlantico,516000,24
19920,mujer,26,14,superior,Atlantico,1000000,24
19921,mujer,24,11,media,Atlantico,564000,27
19922,hombre,23,8,secundaria,Atlantico,500000,48
19923,mujer,36,11,media,Atlantico,290000,20
19924,hombre,27,3,primaria,Atlantico,1200000,30
19925,hombre,30,4,primaria,Atlantico,1500000,96
19926,mujer,41,8,secundaria,Atlantico,90000,21
19927,mujer,52,5,primaria,Atlantico,420000,60
19928,hombre,47,11,media,Atlantico,1300000,60
19929,hombre,42,13,superior,Atlantico,828116,48
19930,hombre,44,10,media,Atlantico,1000000,48
19931,mujer,46,11,media,Atlantico,2100000,10
19932,hombre,33,11,media,Atlantico,800000,70
19933,mujer,59,5,primaria,Atlantico,800000,54
19934,mujer,48,2,primaria,Atlantico,900000,35
19935,mujer,29,3,primaria,Atlantico,1000000,84
19936,hombre,18,0,ninguno,Atlantico,1500000,48
19937,mujer,39,5,primaria,Atlantico,300000,24
19938,mujer,62,2,primaria,Atlantico,160000,40
19939,mujer,31,6,secundaria,Atlantico,120000,12
19940,hombre,27,3,primaria,Atlantico,900000,48
19941,mujer,23,7,secundaria,Atlantico,210000,30
19942,hombre,43,11,media,Atlantico,1500000,84
19943,mujer,41,11,media,Atlantico,978116,60
19944,hombre,25,11,media,Atlantico,800000,70
19945,hombre,20,5,primaria,Atlantico,800000,70
19946,hombre,47,2,primaria,Atlantico,900000,48
19947,hombre,33,13,superior,Atlantico,1200000,48
19948,mujer,27,13,superior,Atlantico,1200000,48
19949,hombre,40,0,ninguno,Atlantico,800000,84
19950,mujer,47,6,secundaria,Atlantico,800000,24
19951,mujer,58,3,primaria,Atlantico,480000,36
19952,hombre,52,11,media,Atlantico,1200000,72
19953,mujer,48,11,media,Atlantico,700000,15
19954,hombre,48,6,secundaria,Atlantico,500000,48
19955,mujer,43,11,media,Atlantico,400000,28
19956,hombre,34,13,superior,Atlantico,1600000,80
19957,mujer,44,11,media,Atlantico,1000000,48
19958,mujer,33,11,media,Atlantico,1000000,55
19959,mujer,29,13,superior,Atlantico,1015000,48
19960,hombre,52,11,media,Atlantico,800000,48
19961,hombre,38,11,media,Atlantico,700000,72
19962,hombre,35,11,media,Atlantico,900000,48
19963,hombre,52,11,media,Atlantico,1200000,84
19964,hombre,45,8,secundaria,Atlantico,750000,60
19965,mujer,38,9,secundaria,Atlantico,750000,60
19966,hombre,39,11,media,Atlantico,1000000,48
19967,mujer,35,11,media,Atlantico,150000,2
19968,hombre,43,5,primaria,Atlantico,750000,50
19969,hombre,21,9,secundaria,Atlantico,900000,60
19970,hombre,59,0,ninguno,Atlantico,150000,45
19971,hombre,35,11,media,Atlantico,828116,48
19972,hombre,36,8,secundaria,Atlantico,828116,48
19973,mujer,29,11,media,Atlantico,828116,48
19974,hombre,53,8,secundaria,Atlantico,828000,48
19975,hombre,45,11,media,Atlantico,1200000,72
19976,hombre,31,13,superior,Atlantico,930000,48
19977,hombre,56,11,media,Atlantico,800000,48
19978,mujer,45,5,primaria,Atlantico,300000,18
19979,hombre,27,14,superior,Atlantico,600000,54
19980,mujer,47,13,superior,Atlantico,600000,30
19981,mujer,19,13,superior,Atlantico,200000,14
19982,hombre,58,13,superior,Atlantico,828116,48
19983,hombre,54,6,secundaria,Atlantico,700000,48
19984,mujer,45,11,media,Atlantico,400000,40
19985,mujer,36,9,secundaria,Atlantico,800000,56
19986,hombre,40,11,media,Atlantico,800000,56
19987,mujer,39,6,secundaria,Atlantico,1000000,24
19988,mujer,44,11,media,Atlantico,300000,25
19989,mujer,40,8,secundaria,Atlantico,100000,40
19990,mujer,19,11,media,Atlantico,580000,30
19991,hombre,58,6,secundaria,Atlantico,400000,48
19992,hombre,58,10,media,Atlantico,800000,48
19993,hombre,32,5,primaria,Atlantico,1500000,82
19994,hombre,26,5,primaria,Atlantico,700000,48
19995,mujer,35,8,secundaria,Atlantico,2800000,66
19996,mujer,21,9,secundaria,Atlantico,1280000,30
19997,hombre,22,11,media,Atlantico,900000,48
19998,hombre,34,12,superior,Atlantico,828116,48
19999,hombre,45,6,secundaria,Atlantico,100000,48
20000,mujer,44,11,media,Atlantico,560000,42
20001,hombre,55,3,primaria,Atlantico,500000,100
20002,hombre,54,5,primaria,Atlantico,600000,35
20003,hombre,30,11,media,Atlantico,828116,48
20004,mujer,37,11,media,Atlantico,800000,56
20005,hombre,48,11,media,Atlantico,900000,96
20006,mujer,40,11,media,Atlantico,100000,21
20007,hombre,33,11,media,Atlantico,750000,84
20008,mujer,42,11,media,Atlantico,600000,70
20009,hombre,25,11,media,Atlantico,1680000,84
20010,hombre,25,11,media,Atlantico,900000,35
20011,hombre,34,5,primaria,Atlantico,800000,70
20012,mujer,31,6,secundaria,Atlantico,400000,48
20013,hombre,24,8,secundaria,Atlantico,1200000,48
20014,hombre,27,6,secundaria,Atlantico,900000,84
20015,hombre,40,11,media,Atlantico,800000,48
20016,mujer,40,13,superior,Atlantico,500000,18
20017,hombre,40,9,secundaria,Atlantico,800000,48
20018,hombre,42,7,secundaria,Atlantico,250000,48
20019,hombre,22,11,media,Atlantico,948116,48
20020,mujer,21,9,secundaria,Atlantico,300000,24
20021,hombre,48,11,media,Atlantico,1000000,70
20022,mujer,40,5,primaria,Atlantico,860000,48
20023,hombre,21,15,superior,Atlantico,400000,20
20024,hombre,41,11,media,Atlantico,1500000,48
20025,mujer,39,13,superior,Atlantico,900000,40
20026,mujer,34,13,superior,Atlantico,800000,30
20027,hombre,36,7,secundaria,Atlantico,1000000,48
20028,mujer,34,11,media,Atlantico,800000,48
20029,hombre,32,11,media,Atlantico,900000,120
20030,mujer,30,13,superior,Atlantico,830000,48
20031,mujer,60,11,media,Atlantico,100000,30
20032,hombre,39,13,superior,Atlantico,1200000,48
20033,hombre,52,11,media,Atlantico,900000,70
20034,mujer,65,6,secundaria,Atlantico,200000,20
20035,hombre,49,11,media,Atlantico,828611,60
20036,mujer,39,5,primaria,Atlantico,240000,24
20037,hombre,20,11,media,Atlantico,600000,48
20038,hombre,35,13,superior,Atlantico,1000000,48
20039,mujer,37,16,superior,Atlantico,400000,20
20040,hombre,44,13,superior,Atlantico,300000,50
20041,mujer,38,14,superior,Atlantico,100000,48
20042,hombre,34,9,secundaria,Atlantico,950000,48
20043,hombre,58,9,secundaria,Atlantico,900000,48
20044,mujer,58,0,ninguno,Atlantico,820000,48
20045,hombre,28,14,superior,Atlantico,8700000,96
20046,hombre,34,17,superior,Atlantico,3000000,84
20047,mujer,26,16,superior,Atlantico,1000000,44
20048,hombre,55,14,superior,Atlantico,1800000,48
20049,hombre,36,11,media,Atlantico,3000000,96
20050,mujer,30,16,superior,Atlantico,2500000,40
20051,mujer,42,14,superior,Atlantico,1980000,48
20052,mujer,39,18,superior,Atlantico,1560000,48
20053,hombre,25,14,superior,Atlantico,3000000,48
20054,mujer,21,14,superior,Atlantico,4000000,48
20055,hombre,23,13,superior,Atlantico,1200000,72
20056,mujer,26,13,superior,Atlantico,1700000,48
20057,hombre,42,11,media,Atlantico,600000,48
20058,mujer,46,6,secundaria,Bogota D.C.,782420,48
20059,mujer,43,13,superior,Bogota D.C.,1881242,40
20060,hombre,23,12,superior,Bogota D.C.,250000,10
20061,hombre,33,18,superior,Bogota D.C.,4000000,40
20062,mujer,33,11,media,Bogota D.C.,1200000,48
20063,hombre,65,16,superior,Bogota D.C.,5000000,40
20064,hombre,34,16,superior,Bogota D.C.,3000000,40
20065,hombre,29,16,superior,Bogota D.C.,1300000,48
20066,hombre,59,15,superior,Bogota D.C.,7000000,48
20067,mujer,41,18,superior,Bogota D.C.,1100000,20
20068,hombre,39,15,superior,Bogota D.C.,1210000,48
20069,hombre,55,21,superior,Bogota D.C.,11000000,40
20070,mujer,59,15,superior,Bogota D.C.,2340000,48
20071,hombre,28,16,superior,Bogota D.C.,2500000,42
20072,mujer,48,19,superior,Bogota D.C.,2587000,48
20073,hombre,45,11,media,Bogota D.C.,1200000,40
20074,hombre,63,9,secundaria,Bogota D.C.,1800000,40
20075,mujer,63,11,media,Bogota D.C.,1300000,45
20076,hombre,27,16,superior,Bogota D.C.,2200000,48
20077,mujer,52,13,superior,Bogota D.C.,1200000,48
20078,hombre,57,0,ninguno,Bogota D.C.,2000000,48
20079,hombre,29,16,superior,Bogota D.C.,4000000,40
20080,mujer,32,11,media,Bogota D.C.,828116,48
20081,hombre,31,13,superior,Bogota D.C.,1050000,48
20082,mujer,26,15,superior,Bogota D.C.,1128116,48
20083,hombre,30,11,superior,Bogota D.C.,1300000,45
20084,hombre,38,10,media,Bogota D.C.,828116,48
20085,hombre,40,12,superior,Bogota D.C.,1100000,48
20086,mujer,51,14,superior,Bogota D.C.,1250000,48
20087,mujer,60,11,media,Bogota D.C.,800000,63
20088,hombre,35,11,media,Bogota D.C.,1000000,36
20089,hombre,63,2,primaria,Bogota D.C.,700000,72
20090,hombre,37,11,media,Bogota D.C.,850000,72
20091,mujer,52,8,secundaria,Bogota D.C.,100000,7
20092,hombre,23,11,media,Bogota D.C.,828116,42
20093,hombre,24,6,secundaria,Bogota D.C.,480000,84
20094,mujer,22,6,secundaria,Bogota D.C.,300000,84
20095,hombre,24,16,superior,Bogota D.C.,828116,48
20096,mujer,22,11,superior,Bogota D.C.,1070000,40
20097,mujer,62,15,superior,Bogota D.C.,3100000,35
20098,hombre,24,18,superior,Bogota D.C.,2200000,45
20099,mujer,42,11,media,Bogota D.C.,30000,2
20100,hombre,39,11,media,Bogota D.C.,900000,48
20101,hombre,38,5,primaria,Bogota D.C.,828116,48
20102,hombre,32,16,superior,Bogota D.C.,900000,42
20103,mujer,33,17,superior,Bogota D.C.,2088000,48
20104,hombre,31,11,media,Bogota D.C.,1150000,70
20105,mujer,46,11,media,Bogota D.C.,850000,40
20106,hombre,25,15,superior,Bogota D.C.,2000000,40
20107,hombre,48,11,media,Bogota D.C.,828116,40
20108,mujer,46,15,superior,Bogota D.C.,1200000,56
20109,mujer,20,14,superior,Bogota D.C.,1100000,43
20110,hombre,42,11,media,Bogota D.C.,840000,48
20111,mujer,27,11,media,Bogota D.C.,100000,4
20112,mujer,27,11,media,Bogota D.C.,650000,48
20113,hombre,43,5,primaria,Bogota D.C.,1000000,50
20114,mujer,28,13,superior,Bogota D.C.,1280000,48
20115,hombre,27,12,superior,Bogota D.C.,500000,18
20116,hombre,57,5,primaria,Bogota D.C.,828116,48
20117,mujer,63,0,ninguno,Bogota D.C.,100000,60
20118,mujer,46,16,superior,Bogota D.C.,200000,40
20119,hombre,28,15,superior,Bogota D.C.,1800000,48
20120,hombre,29,11,media,Bogota D.C.,1210000,48
20121,mujer,24,13,superior,Bogota D.C.,828116,48
20122,hombre,57,6,secundaria,Bogota D.C.,900000,48
20123,hombre,65,11,media,Bogota D.C.,1650000,48
20124,hombre,26,11,media,Bogota D.C.,1800000,48
20125,hombre,44,16,superior,Bogota D.C.,900000,35
20126,mujer,39,18,superior,Bogota D.C.,3500000,48
20127,mujer,30,11,media,Bogota D.C.,884116,48
20128,hombre,27,11,media,Bogota D.C.,1168000,48
20129,hombre,27,14,superior,Bogota D.C.,900000,48
20130,mujer,22,15,superior,Bogota D.C.,600000,28
20131,hombre,24,16,superior,Bogota D.C.,351800,45
20132,hombre,35,11,media,Bogota D.C.,415000,42
20133,mujer,30,0,ninguno,Bogota D.C.,415000,42
20134,mujer,20,11,media,Bogota D.C.,828116,48
20135,mujer,41,13,superior,Bogota D.C.,828116,55
20136,mujer,45,11,media,Bogota D.C.,100000,72
20137,mujer,50,13,superior,Bogota D.C.,900000,40
20138,hombre,27,11,media,Bogota D.C.,1200000,48
20139,hombre,56,7,secundaria,Bogota D.C.,828116,48
20140,mujer,40,18,superior,Bogota D.C.,850000,43
20141,hombre,28,17,superior,Bogota D.C.,790000,40
20142,mujer,40,11,media,Bogota D.C.,160000,54
20143,mujer,20,13,superior,Bogota D.C.,660000,36
20144,mujer,45,13,superior,Bogota D.C.,2100000,40
20145,mujer,34,20,superior,Bogota D.C.,2800000,30
20146,hombre,59,10,media,Bogota D.C.,5000000,48
20147,mujer,63,14,superior,Bogota D.C.,1200000,48
20148,mujer,43,9,secundaria,Bogota D.C.,828116,48
20149,hombre,20,11,media,Bogota D.C.,830000,72
20150,hombre,21,11,media,Bogota D.C.,1120000,72
20151,mujer,46,16,superior,Bogota D.C.,196000,8
20152,hombre,19,8,secundaria,Bogota D.C.,700000,60
20153,hombre,61,13,superior,Bogota D.C.,2000000,48
20154,mujer,65,16,superior,Bogota D.C.,1300000,48
20155,hombre,60,18,superior,Bogota D.C.,4000000,10
20156,mujer,47,9,secundaria,Bogota D.C.,400000,60
20157,mujer,25,17,superior,Bogota D.C.,1890000,55
20158,hombre,29,11,media,Bogota D.C.,600000,48
20159,mujer,44,11,media,Bogota D.C.,600000,48
20160,mujer,25,13,superior,Bogota D.C.,1000000,48
20161,hombre,28,13,superior,Bogota D.C.,1000000,48
20162,hombre,46,19,superior,Bogota D.C.,9000000,55
20163,mujer,42,17,superior,Bogota D.C.,8700000,48
20164,mujer,46,6,secundaria,Bogota D.C.,1228116,55
20165,hombre,29,11,media,Bogota D.C.,1080000,90
20166,hombre,30,15,superior,Bogota D.C.,3000000,48
20167,hombre,30,11,media,Bogota D.C.,828116,58
20168,hombre,24,11,media,Bogota D.C.,900000,48
20169,mujer,23,11,media,Bogota D.C.,500000,92
20170,mujer,41,14,superior,Bogota D.C.,1080000,48
20171,mujer,31,11,media,Bogota D.C.,834116,48
20172,hombre,33,11,media,Bogota D.C.,500000,48
20173,mujer,44,12,superior,Bogota D.C.,828116,48
20174,hombre,47,11,media,Bogota D.C.,1000000,48
20175,mujer,49,5,primaria,Bogota D.C.,960000,40
20176,mujer,21,14,superior,Bogota D.C.,920000,48
20177,mujer,53,11,media,Bogota D.C.,828116,48
20178,mujer,43,14,superior,Bogota D.C.,1000000,48
20179,hombre,38,12,superior,Bogota D.C.,1500000,72
20180,mujer,32,13,superior,Bogota D.C.,1000000,48
20181,mujer,40,16,superior,Bogota D.C.,300000,35
20182,mujer,22,12,superior,Bogota D.C.,1620000,48
20183,hombre,26,11,media,Bogota D.C.,1400000,48
20184,mujer,24,11,media,Bogota D.C.,400000,40
20185,hombre,62,9,secundaria,Bogota D.C.,1200000,48
20186,mujer,43,8,secundaria,Bogota D.C.,600000,48
20187,hombre,22,13,superior,Bogota D.C.,1008116,55
20188,mujer,20,14,superior,Bogota D.C.,828116,56
20189,hombre,20,11,media,Bogota D.C.,1150000,72
20190,mujer,38,4,primaria,Bogota D.C.,828116,48
20191,mujer,41,6,secundaria,Bogota D.C.,180000,6
20192,mujer,34,4,primaria,Bogota D.C.,200000,18
20193,mujer,29,11,media,Bogota D.C.,1200000,112
20194,mujer,53,11,media,Bogota D.C.,140000,16
20195,hombre,33,15,superior,Bogota D.C.,2400000,48
20196,mujer,53,11,media,Bogota D.C.,828116,48
20197,hombre,28,13,superior,Bogota D.C.,828116,48
20198,mujer,20,13,superior,Bogota D.C.,1000000,44
20199,mujer,33,16,superior,Bogota D.C.,1200000,48
20200,hombre,27,17,superior,Bogota D.C.,4500000,22
20201,hombre,18,12,superior,Bogota D.C.,828116,40
20202,mujer,63,8,secundaria,Bogota D.C.,720000,72
20203,mujer,25,11,media,Bogota D.C.,828116,36
20204,mujer,21,13,superior,Bogota D.C.,1000000,54
20205,hombre,41,0,ninguno,Bogota D.C.,1200000,60
20206,hombre,42,11,media,Bogota D.C.,1200000,48
20207,hombre,44,13,superior,Bogota D.C.,200000,40
20208,mujer,43,12,superior,Bogota D.C.,1560000,65
20209,hombre,23,15,superior,Bogota D.C.,1300000,50
20210,hombre,37,11,media,Bogota D.C.,2600000,60
20211,mujer,22,13,superior,Bogota D.C.,900000,48
20212,hombre,30,17,superior,Bogota D.C.,4024000,60
20213,hombre,34,8,secundaria,Bogota D.C.,2000000,64
20214,mujer,34,18,superior,Bogota D.C.,1010000,40
20215,mujer,64,3,primaria,Bogota D.C.,1068116,48
20216,hombre,51,11,media,Bogota D.C.,1500000,60
20217,mujer,52,11,media,Bogota D.C.,1500000,60
20218,mujer,56,5,primaria,Bogota D.C.,1000000,50
20219,mujer,28,18,superior,Bogota D.C.,925000,48
20220,mujer,21,16,superior,Bogota D.C.,1000000,48
20221,hombre,47,19,superior,Bogota D.C.,5000000,45
20222,mujer,42,16,superior,Bogota D.C.,828116,25
20223,mujer,62,7,secundaria,Bogota D.C.,200000,20
20224,hombre,31,13,superior,Bogota D.C.,800000,50
20225,hombre,22,11,media,Bogota D.C.,828116,48
20226,hombre,28,15,superior,Bogota D.C.,1500000,48
20227,mujer,30,17,superior,Bogota D.C.,828160,48
20228,hombre,54,16,superior,Bogota D.C.,1800000,48
20229,hombre,43,7,secundaria,Bogota D.C.,1000000,72
20230,hombre,58,23,superior,Bogota D.C.,3500000,40
20231,mujer,48,11,media,Bogota D.C.,828116,48
20232,mujer,39,16,superior,Bogota D.C.,2300000,40
20233,mujer,47,11,media,Bogota D.C.,828116,48
20234,mujer,21,11,media,Bogota D.C.,500000,30
20235,hombre,20,11,media,Bogota D.C.,450000,45
20236,hombre,28,13,superior,Bogota D.C.,828116,48
20237,mujer,44,1,primaria,Bogota D.C.,828116,48
20238,mujer,25,17,superior,Bogota D.C.,1300000,40
20239,mujer,56,11,media,Bogota D.C.,828116,48
20240,mujer,37,13,superior,Bogota D.C.,828116,48
20241,hombre,30,6,secundaria,Bogota D.C.,828116,48
20242,hombre,28,6,secundaria,Bogota D.C.,400000,40
20243,mujer,54,13,superior,Bogota D.C.,2000000,40
20244,hombre,27,18,superior,Bogota D.C.,1500000,40
20245,hombre,43,18,superior,Bogota D.C.,18000000,48
20246,mujer,47,16,superior,Bogota D.C.,4200000,45
20247,hombre,23,16,superior,Bogota D.C.,1300000,48
20248,mujer,25,17,superior,Bogota D.C.,1150000,48
20249,mujer,56,7,secundaria,Bogota D.C.,1400000,55
20250,hombre,25,15,superior,Bogota D.C.,1370000,40
20251,hombre,30,5,primaria,Bogota D.C.,1200000,48
20252,hombre,49,5,primaria,Bogota D.C.,600000,60
20253,hombre,59,7,secundaria,Bogota D.C.,600000,28
20254,mujer,49,11,media,Bogota D.C.,828116,48
20255,mujer,41,17,superior,Bogota D.C.,2500000,45
20256,hombre,26,16,superior,Bogota D.C.,828116,40
20257,mujer,46,5,primaria,Bogota D.C.,700000,48
20258,hombre,50,11,media,Bogota D.C.,400000,49
20259,mujer,48,11,media,Bogota D.C.,500000,48
20260,hombre,27,12,superior,Bogota D.C.,600000,70
20261,mujer,28,11,media,Bogota D.C.,600000,70
20262,hombre,49,9,secundaria,Bolivar,800000,60
20263,mujer,41,5,primaria,Bolivar,300000,24
20264,mujer,58,8,secundaria,Bolivar,828116,40
20265,hombre,64,6,secundaria,Bolivar,520000,40
20266,mujer,27,11,media,Bolivar,80000,30
20267,hombre,25,11,media,Bolivar,480000,40
20268,hombre,30,11,media,Bolivar,660000,48
20269,mujer,46,8,secundaria,Bolivar,840000,40
20270,mujer,23,11,media,Bolivar,600000,36
20271,hombre,25,11,media,Bolivar,800000,40
20272,hombre,32,9,secundaria,Bolivar,300000,40
20273,hombre,25,11,media,Bolivar,500000,30
20274,hombre,29,8,secundaria,Bolivar,900000,60
20275,mujer,53,7,secundaria,Bolivar,530000,40
20276,hombre,31,9,secundaria,Bolivar,600000,55
20277,hombre,45,2,primaria,Bolivar,150000,12
20278,hombre,55,9,secundaria,Bolivar,920000,40
20279,hombre,21,11,media,Bolivar,1000000,54
20280,hombre,18,6,secundaria,Bolivar,500000,50
20281,hombre,23,11,media,Bolivar,780000,25
20282,hombre,30,10,media,Bolivar,600000,24
20283,hombre,44,9,secundaria,Bolivar,1300000,48
20284,hombre,47,11,media,Bolivar,1000000,60
20285,mujer,23,11,media,Bolivar,200000,50
20286,hombre,37,7,secundaria,Bolivar,820000,48
20287,mujer,35,5,primaria,Bolivar,600000,48
20288,hombre,60,5,primaria,Bolivar,540000,30
20289,mujer,50,6,secundaria,Bolivar,300000,35
20290,hombre,37,1,primaria,Bolivar,570000,40
20291,mujer,29,10,media,Bolivar,360000,50
20292,hombre,43,5,primaria,Bolivar,1500000,54
20293,mujer,31,7,secundaria,Bolivar,60000,40
20294,mujer,38,9,secundaria,Bolivar,360000,25
20295,hombre,35,8,secundaria,Bolivar,400000,48
20296,mujer,22,8,secundaria,Bolivar,300000,25
20297,mujer,42,3,primaria,Bolivar,452000,16
20298,mujer,46,10,media,Bolivar,60000,15
20299,hombre,52,0,ninguno,Bolivar,660000,48
20300,hombre,57,5,primaria,Bolivar,600000,35
20301,hombre,38,2,primaria,Bolivar,900000,52
20302,mujer,54,3,primaria,Bolivar,530000,40
20303,hombre,24,7,secundaria,Bolivar,400000,40
20304,hombre,29,13,superior,Bolivar,828116,48
20305,hombre,42,9,secundaria,Bolivar,1200000,30
20306,hombre,41,11,media,Bolivar,925148,48
20307,mujer,54,11,media,Bolivar,1200000,48
20308,hombre,38,11,media,Bolivar,900000,48
20309,hombre,35,11,media,Bolivar,900000,48
20310,mujer,39,11,media,Bolivar,500000,48
20311,hombre,29,11,media,Bolivar,828116,48
20312,hombre,25,11,media,Bolivar,828116,48
20313,hombre,50,5,primaria,Bolivar,800000,48
20314,hombre,25,13,superior,Bolivar,900000,48
20315,mujer,20,13,superior,Bolivar,1100000,48
20316,hombre,22,11,media,Bolivar,800000,48
20317,hombre,65,16,superior,Bolivar,1000000,40
20318,hombre,24,11,media,Bolivar,800000,40
20319,mujer,58,5,primaria,Bolivar,500000,42
20320,hombre,33,6,secundaria,Bolivar,600000,44
20321,hombre,52,11,media,Bolivar,1000000,48
20322,mujer,27,11,superior,Bolivar,380000,20
20323,hombre,34,5,primaria,Bolivar,600000,48
20324,mujer,53,13,superior,Bolivar,925148,48
20325,hombre,53,9,secundaria,Bolivar,1000000,55
20326,mujer,23,13,superior,Bolivar,925148,48
20327,hombre,29,11,media,Bolivar,1000000,48
20328,hombre,49,11,media,Bolivar,1200000,48
20329,hombre,25,11,media,Bolivar,925148,48
20330,mujer,57,3,primaria,Bolivar,600000,48
20331,mujer,46,11,media,Bolivar,4000000,50
20332,mujer,35,16,superior,Bolivar,1500000,48
20333,hombre,35,16,superior,Bolivar,1500000,48
20334,mujer,40,8,secundaria,Bolivar,1020000,70
20335,mujer,34,16,superior,Bolivar,300000,24
20336,hombre,36,16,superior,Bolivar,1200000,48
20337,hombre,31,19,superior,Bolivar,2500000,48
20338,mujer,27,16,superior,Bolivar,2500000,48
20339,hombre,41,16,superior,Bolivar,2800000,54
20340,hombre,34,11,media,Boyaca,900000,48
20341,mujer,41,4,primaria,Boyaca,200000,30
20342,mujer,22,6,secundaria,Boyaca,600000,45
20343,hombre,22,6,secundaria,Boyaca,550000,45
20344,hombre,22,6,secundaria,Boyaca,500000,45
20345,hombre,31,13,superior,Boyaca,1350000,45
20346,hombre,42,3,primaria,Boyaca,700000,60
20347,mujer,45,5,primaria,Boyaca,650000,48
20348,mujer,25,9,secundaria,Boyaca,250000,45
20349,hombre,29,16,superior,Caldas,3000000,42
20350,mujer,25,14,superior,Caldas,781242,20
20351,mujer,33,17,superior,Caldas,2000000,60
20352,hombre,32,15,superior,Caldas,12000000,60
20353,mujer,24,16,superior,Caldas,2800000,48
20354,mujer,57,13,superior,Caldas,1200000,60
20355,hombre,32,11,media,Caldas,500000,60
20356,mujer,29,20,superior,Caldas,1200000,48
20357,hombre,46,19,superior,Caldas,3500000,40
20358,mujer,47,17,superior,Caldas,3700000,40
20359,mujer,50,11,media,Caldas,900000,40
20360,hombre,61,16,superior,Caldas,6000000,48
20361,hombre,47,3,primaria,Caldas,450000,60
20362,mujer,55,12,superior,Caldas,1950000,59
20363,hombre,28,16,superior,Caldas,300000,78
20364,hombre,25,16,superior,Caldas,300000,78
20365,hombre,50,11,media,Caldas,1300000,48
20366,mujer,47,13,superior,Caldas,828116,48
20367,hombre,43,6,secundaria,Caldas,400000,48
20368,hombre,25,13,superior,Caldas,1625000,45
20369,hombre,26,13,superior,Caldas,1625000,45
20370,mujer,23,15,superior,Caldas,828116,48
20371,hombre,46,11,media,Caldas,1000000,48
20372,hombre,54,11,media,Caldas,800000,50
20373,mujer,46,11,media,Caldas,100000,20
20374,hombre,29,16,superior,Caldas,1000000,48
20375,hombre,26,13,superior,Caldas,2000000,48
20376,mujer,28,17,superior,Caldas,3000000,48
20377,mujer,36,13,superior,Caldas,828116,48
20378,hombre,33,11,media,Caldas,600000,40
20379,mujer,33,11,media,Caldas,540000,40
20380,mujer,29,11,media,Caldas,828116,48
20381,mujer,32,13,superior,Caldas,828116,48
20382,hombre,27,11,media,Caldas,828116,48
20383,mujer,62,16,superior,Caldas,7000000,42
20384,hombre,28,13,superior,Caldas,1530000,60
20385,mujer,28,11,media,Caldas,1000000,48
20386,hombre,61,11,media,Caldas,3000000,80
20387,mujer,45,11,media,Caldas,1200000,48
20388,hombre,24,16,superior,Caldas,2000000,48
20389,mujer,26,17,superior,Caldas,2310000,48
20390,hombre,60,16,superior,Caldas,600000,52
20391,mujer,45,12,superior,Caldas,400000,52
20392,mujer,51,16,superior,Caldas,1950000,48
20393,hombre,60,11,media,Caqueta,900000,70
20394,hombre,37,6,secundaria,Caqueta,600000,77
20395,mujer,38,11,media,Caqueta,100000,30
20396,hombre,46,9,secundaria,Caqueta,830000,45
20397,mujer,55,11,media,Caqueta,200000,40
20398,mujer,37,5,primaria,Caqueta,200000,50
20399,hombre,31,11,media,Caqueta,1155000,72
20400,hombre,43,11,media,Caqueta,1100000,40
20401,mujer,37,11,media,Caqueta,782000,40
20402,hombre,44,13,superior,Caqueta,1100000,48
20403,mujer,29,8,secundaria,Caqueta,932000,48
20404,mujer,52,5,primaria,Caqueta,600000,60
20405,hombre,51,6,secundaria,Caqueta,1100000,48
20406,hombre,45,2,primaria,Caqueta,600000,40
20407,mujer,25,11,media,Caqueta,430000,30
20408,hombre,39,12,superior,Caqueta,1830000,72
20409,hombre,65,5,primaria,Caqueta,800000,50
20410,hombre,24,16,superior,Caqueta,1200000,40
20411,hombre,40,11,media,Caqueta,1100000,50
20412,hombre,31,13,superior,Caqueta,2400000,72
20413,mujer,28,16,superior,Caqueta,2400000,72
20414,hombre,36,11,media,Caqueta,1400000,43
20415,hombre,47,11,media,Caqueta,1028116,56
20416,mujer,63,11,media,Caqueta,3500000,60
20417,hombre,53,5,primaria,Caqueta,1800000,48
20418,hombre,22,13,superior,Caqueta,280000,16
20419,mujer,39,16,superior,Caqueta,1200000,45
20420,mujer,58,18,superior,Caqueta,3200000,40
20421,mujer,47,2,primaria,Caqueta,800000,72
20422,hombre,27,15,superior,Caqueta,800000,30
20423,mujer,46,11,media,Caqueta,1500000,24
20424,mujer,58,3,primaria,Caqueta,400000,30
20425,hombre,21,14,superior,Caqueta,800000,40
20426,hombre,25,13,superior,Caqueta,900000,44
20427,mujer,23,13,superior,Caqueta,828150,48
20428,mujer,28,11,media,Caqueta,900000,43
20429,hombre,54,11,media,Caqueta,800000,50
20430,hombre,21,9,secundaria,Caqueta,500000,40
20431,hombre,32,11,media,Caqueta,600000,45
20432,hombre,47,11,media,Caqueta,800000,50
20433,mujer,38,12,superior,Caqueta,1500000,45
20434,hombre,33,12,superior,Caqueta,1200000,40
20435,hombre,22,11,media,Caqueta,720000,72
20436,mujer,64,18,superior,Caqueta,3700000,40
20437,mujer,57,12,superior,Caqueta,15000000,50
20438,hombre,40,16,superior,Caqueta,1900000,30
20439,mujer,36,16,superior,Caqueta,1500000,48
20440,mujer,31,16,superior,Caqueta,1400000,40
20441,hombre,32,13,superior,Caqueta,1400000,52
20442,hombre,53,3,primaria,Caqueta,820000,40
20443,mujer,50,3,primaria,Caqueta,50000,21
20444,hombre,34,18,superior,Caqueta,2100000,30
20445,mujer,53,11,media,Caqueta,700000,60
20446,mujer,20,12,superior,Caqueta,828116,45
20447,mujer,32,11,media,Caqueta,600000,56
20448,hombre,62,5,primaria,Caqueta,600000,48
20449,hombre,21,11,media,Caqueta,750000,48
20450,hombre,47,9,secundaria,Caqueta,1500000,44
20451,mujer,50,16,superior,Caqueta,1886000,45
20452,mujer,18,9,secundaria,Caqueta,200000,77
20453,mujer,33,11,media,Caqueta,828116,40
20454,mujer,30,14,superior,Caqueta,826116,45
20455,mujer,49,3,primaria,Caqueta,780000,48
20456,mujer,36,16,superior,Caqueta,1500000,40
20457,mujer,19,14,superior,Caqueta,850000,45
20458,mujer,58,11,media,Caqueta,2150000,40
20459,mujer,33,16,superior,Caqueta,1200000,40
20460,mujer,65,2,primaria,Caqueta,180000,60
20461,mujer,56,11,media,Caqueta,1300000,50
20462,hombre,42,11,media,Caqueta,1000000,50
20463,hombre,50,16,superior,Caqueta,5000000,60
20464,hombre,19,12,superior,Caqueta,600000,40
20465,hombre,56,20,superior,Caqueta,7800000,40
20466,mujer,56,17,superior,Caqueta,3500000,48
20467,hombre,20,13,superior,Caqueta,782000,48
20468,hombre,58,11,media,Caqueta,2000000,60
20469,hombre,31,14,superior,Caqueta,900000,48
20470,mujer,21,14,superior,Caqueta,820000,43
20471,hombre,19,11,superior,Caqueta,850000,40
20472,mujer,32,17,superior,Caqueta,3800000,40
20473,hombre,26,16,superior,Caqueta,925000,48
20474,hombre,18,7,secundaria,Caqueta,1000000,60
20475,hombre,46,11,media,Caqueta,3600000,48
20476,hombre,27,11,media,Caqueta,830000,48
20477,hombre,36,8,secundaria,Caqueta,700000,60
20478,hombre,25,16,superior,Caqueta,820000,40
20479,mujer,21,11,media,Caqueta,1100000,43
20480,mujer,33,14,superior,Caqueta,828150,40
20481,hombre,25,13,superior,Caqueta,700000,40
20482,hombre,65,3,primaria,Caqueta,400000,60
20483,mujer,58,2,primaria,Caqueta,260000,30
20484,hombre,45,17,superior,Caqueta,4000000,40
20485,mujer,36,16,superior,Caqueta,4000000,40
20486,mujer,41,18,superior,Caqueta,2500000,40
20487,mujer,22,17,superior,Caqueta,1500000,48
20488,hombre,53,6,secundaria,Caqueta,1060000,52
20489,hombre,28,13,superior,Caqueta,900000,50
20490,mujer,27,18,superior,Caqueta,1500000,40
20491,mujer,42,11,media,Caqueta,925000,48
20492,hombre,47,11,media,Caqueta,900000,60
20493,mujer,31,16,superior,Caqueta,2100000,45
20494,hombre,55,13,superior,Caqueta,960000,48
20495,hombre,24,16,superior,Caqueta,1200000,48
20496,hombre,23,11,media,Cauca,200000,45
20497,hombre,35,11,media,Cauca,3000000,40
20498,hombre,31,17,superior,Cauca,2000000,24
20499,hombre,41,0,ninguno,Cauca,888000,40
20500,mujer,48,11,media,Cauca,260000,15
20501,mujer,44,0,ninguno,Cauca,328000,40
20502,mujer,41,11,media,Cauca,200000,50
20503,mujer,56,9,secundaria,Cauca,300000,49
20504,mujer,64,0,ninguno,Cauca,200000,24
20505,hombre,39,5,primaria,Cauca,400000,45
20506,mujer,38,9,secundaria,Cauca,900000,48
20507,hombre,53,17,superior,Cauca,3690000,30
20508,mujer,54,11,media,Cauca,60000,12
20509,hombre,29,16,superior,Cauca,3600000,40
20510,mujer,22,15,superior,Cauca,160000,4
20511,hombre,53,0,ninguno,Cauca,480000,48
20512,mujer,40,5,primaria,Cauca,400000,70
20513,hombre,31,11,media,Cauca,350000,24
20514,mujer,57,16,superior,Cauca,1815000,44
20515,mujer,29,12,superior,Cauca,865000,42
20516,hombre,51,11,media,Cauca,1000000,48
20517,hombre,25,11,media,Cauca,1000000,48
20518,hombre,29,14,superior,Cauca,1000000,40
20519,mujer,28,14,superior,Cauca,1200000,50
20520,hombre,45,11,media,Cauca,1000000,60
20521,mujer,49,12,superior,Cauca,900000,48
20522,hombre,23,13,superior,Cauca,1600000,60
20523,hombre,20,11,media,Cauca,828116,60
20524,mujer,37,16,superior,Cauca,1200000,48
20525,mujer,63,0,ninguno,Cauca,150000,18
20526,mujer,37,6,secundaria,Cauca,500000,50
20527,hombre,37,6,secundaria,Cauca,500000,50
20528,hombre,26,10,media,Cauca,300000,48
20529,hombre,23,10,media,Cauca,500000,48
20530,mujer,42,5,primaria,Cauca,60000,16
20531,hombre,53,11,media,Cauca,500000,50
20532,hombre,53,19,superior,Cauca,3000000,40
20533,mujer,50,11,media,Cesar,100000,15
20534,mujer,57,5,primaria,Cesar,300000,48
20535,hombre,27,11,media,Cesar,950000,56
20536,mujer,45,16,superior,Cesar,1600000,40
20537,mujer,37,16,superior,Cesar,950000,40
20538,mujer,40,13,superior,Cesar,600000,40
20539,hombre,53,9,secundaria,Cesar,900000,48
20540,mujer,42,5,primaria,Cesar,250000,40
20541,mujer,21,11,media,Cesar,200000,20
20542,hombre,22,11,media,Cesar,700000,48
20543,mujer,64,5,primaria,Cesar,1380000,40
20544,mujer,30,11,media,Cesar,850000,48
20545,mujer,62,13,superior,Cesar,450000,40
20546,hombre,32,11,media,Cesar,1500000,52
20547,hombre,40,11,media,Cesar,781000,48
20548,mujer,25,11,media,Cesar,300000,48
20549,hombre,22,11,media,Cesar,700000,48
20550,hombre,49,11,media,Cesar,1100000,70
20551,mujer,53,11,media,Cesar,600000,60
20552,hombre,27,16,superior,Cesar,1300000,48
20553,mujer,26,11,media,Cesar,500000,40
20554,hombre,56,11,media,Cesar,828200,48
20555,hombre,27,13,superior,Cesar,1300000,48
20556,mujer,33,11,media,Cesar,828200,48
20557,mujer,29,16,superior,Cesar,1400000,48
20558,mujer,33,13,superior,Cesar,930000,48
20559,mujer,26,13,superior,Cesar,900000,48
20560,hombre,39,11,media,Cesar,1300000,48
20561,mujer,61,11,media,Cesar,300000,36
20562,mujer,27,16,superior,Cesar,1200000,48
20563,mujer,48,11,media,Cesar,700000,48
20564,hombre,23,11,media,Cesar,600000,50
20565,hombre,31,16,superior,Cesar,2960000,48
20566,mujer,26,13,superior,Cesar,600000,20
20567,mujer,40,11,media,Cesar,900000,42
20568,hombre,47,11,media,Cesar,1500000,48
20569,hombre,32,9,secundaria,Cesar,700000,40
20570,mujer,30,11,media,Cesar,760000,48
20571,mujer,33,16,superior,Cesar,3600000,48
20572,hombre,58,11,media,Cesar,900000,60
20573,hombre,24,12,superior,Cesar,600000,48
20574,mujer,24,13,superior,Cesar,900000,56
20575,hombre,29,16,superior,Cesar,300000,78
20576,mujer,50,11,media,Cesar,100000,70
20577,hombre,56,5,primaria,Cesar,4500000,84
20578,hombre,53,3,primaria,Cesar,1000000,45
20579,hombre,24,11,media,Cesar,781000,48
20580,mujer,33,9,secundaria,Cesar,300000,24
20581,mujer,35,11,media,Cesar,500000,52
20582,mujer,26,11,media,Cesar,960000,48
20583,mujer,27,12,superior,Cesar,60000,36
20584,hombre,20,11,media,Cesar,1300000,84
20585,mujer,20,13,superior,Cesar,500000,60
20586,hombre,53,16,superior,Cesar,4000000,48
20587,mujer,56,11,media,Cesar,300000,20
20588,mujer,33,11,media,Cesar,1800000,48
20589,hombre,25,16,superior,Cesar,1600000,48
20590,mujer,22,11,media,Cesar,150000,14
20591,hombre,34,11,media,Cesar,400000,48
20592,hombre,61,6,secundaria,Cesar,500000,48
20593,mujer,53,5,primaria,Cesar,781000,48
20594,hombre,28,11,media,Cesar,900000,70
20595,mujer,55,11,media,Cesar,800000,40
20596,hombre,28,16,superior,Cesar,1100000,48
20597,mujer,34,16,superior,Cesar,2000000,48
20598,mujer,64,11,media,Cesar,1500000,40
20599,mujer,39,11,media,Cesar,850000,60
20600,hombre,31,19,superior,Cesar,6000000,40
20601,mujer,47,5,primaria,Cesar,400000,50
20602,hombre,35,5,primaria,Cesar,850000,48
20603,mujer,31,5,primaria,Cesar,300000,40
20604,hombre,22,14,superior,Cesar,800000,55
20605,mujer,30,14,superior,Cesar,300000,40
20606,mujer,46,11,media,Cesar,400000,20
20607,hombre,52,5,primaria,Cesar,860000,48
20608,mujer,29,16,superior,Cesar,850000,48
20609,mujer,24,16,superior,Cesar,1800000,40
20610,hombre,30,14,superior,Cesar,500000,42
20611,mujer,24,15,superior,Cesar,828200,48
20612,mujer,33,2,primaria,Cesar,380000,24
20613,mujer,36,16,superior,Cesar,900000,48
20614,hombre,40,11,media,Cesar,650000,48
20615,hombre,56,13,superior,Cesar,1400000,84
20616,mujer,52,13,superior,Cesar,250000,25
20617,hombre,44,11,media,Cesar,860000,48
20618,mujer,45,11,media,Cesar,860000,48
20619,hombre,50,4,primaria,Cesar,1100000,48
20620,hombre,27,16,superior,Cesar,900000,22
20621,mujer,53,5,primaria,Cesar,200000,50
20622,hombre,28,15,superior,Cesar,780000,50
20623,hombre,26,11,superior,Cesar,800000,60
20624,hombre,41,11,media,Cesar,700000,48
20625,hombre,36,9,secundaria,Cesar,900000,52
20626,mujer,19,11,media,Cesar,120000,42
20627,hombre,25,11,media,Cesar,700000,60
20628,hombre,44,16,superior,Cesar,1500000,48
20629,hombre,33,9,secundaria,Cesar,520000,78
20630,mujer,22,14,superior,Cesar,200000,24
20631,hombre,30,11,media,Cesar,800000,48
20632,mujer,47,8,secundaria,Cesar,350000,15
20633,hombre,54,11,media,Cesar,800000,40
20634,hombre,27,11,media,Cesar,300000,40
20635,hombre,22,13,superior,Cesar,850000,54
20636,mujer,35,11,media,Cesar,820000,42
20637,mujer,53,11,media,Cesar,900000,48
20638,mujer,56,5,primaria,Cesar,450000,54
20639,hombre,31,9,secundaria,Cesar,700000,60
20640,hombre,37,11,media,Cesar,3000000,50
20641,hombre,36,11,media,Cesar,1900000,72
20642,mujer,39,11,media,Cesar,850000,40
20643,mujer,38,11,media,Cesar,650000,55
20644,hombre,43,11,media,Cesar,1000000,60
20645,mujer,37,13,superior,Cesar,400000,28
20646,hombre,35,11,media,Cesar,708000,80
20647,mujer,31,13,superior,Cesar,30000,3
20648,hombre,46,11,media,Cesar,2000000,42
20649,hombre,30,11,media,Cesar,900000,48
20650,hombre,64,22,superior,Cesar,3900000,40
20651,mujer,27,11,media,Cesar,250000,70
20652,hombre,40,13,superior,Cesar,2000000,42
20653,mujer,40,13,superior,Cesar,1300000,36
20654,mujer,45,16,superior,Cesar,1700000,40
20655,mujer,39,16,superior,Cesar,2000000,42
20656,hombre,32,9,secundaria,Cesar,1181000,48
20657,hombre,29,15,superior,Cesar,700000,48
20658,mujer,27,16,superior,Cesar,800000,48
20659,mujer,57,5,primaria,Cesar,700000,35
20660,mujer,28,11,media,Cesar,828000,48
20661,mujer,33,15,superior,Cesar,400000,48
20662,hombre,24,11,media,Cesar,850000,48
20663,mujer,44,3,primaria,Cesar,460000,40
20664,hombre,33,5,primaria,Cesar,900000,48
20665,hombre,21,10,media,Cesar,1050000,60
20666,mujer,29,15,superior,Cesar,1800000,48
20667,hombre,46,11,media,Cesar,1900000,48
20668,mujer,29,12,superior,Cesar,700000,40
20669,hombre,44,11,media,Cesar,1320000,48
20670,hombre,57,11,media,Cesar,100000,50
20671,hombre,59,11,media,Cesar,100000,50
20672,mujer,25,16,superior,Cesar,781000,48
20673,hombre,34,11,media,Cesar,800000,48
20674,mujer,50,5,primaria,Cesar,500000,50
20675,mujer,21,13,superior,Cesar,300000,24
20676,mujer,31,11,media,Cordoba,781242,48
20677,hombre,31,11,media,Cordoba,781242,48
20678,hombre,38,11,media,Cordoba,900000,48
20679,mujer,28,13,superior,Cordoba,781242,48
20680,hombre,62,8,secundaria,Cordoba,500000,60
20681,mujer,39,5,primaria,Cordoba,781242,44
20682,hombre,55,11,media,Cordoba,781242,62
20683,hombre,60,11,media,Cordoba,3000000,30
20684,mujer,22,12,superior,Cordoba,781242,40
20685,hombre,30,13,superior,Cordoba,781242,44
20686,hombre,28,16,superior,Cordoba,1280000,40
20687,hombre,36,11,media,Cordoba,400000,40
20688,hombre,51,11,media,Cordoba,750000,48
20689,mujer,51,9,secundaria,Cordoba,400000,30
20690,hombre,18,11,media,Cordoba,450000,40
20691,mujer,34,9,secundaria,Cordoba,828116,48
20692,hombre,36,11,media,Cordoba,828116,48
20693,hombre,29,11,media,Cordoba,900000,62
20694,hombre,30,14,superior,Cordoba,828116,48
20695,hombre,29,9,secundaria,Cordoba,400000,33
20696,hombre,40,5,primaria,Cordoba,600000,54
20697,hombre,49,3,primaria,Cordoba,500000,42
20698,hombre,48,5,primaria,Cordoba,900000,70
20699,mujer,49,8,secundaria,Cordoba,828116,48
20700,mujer,39,13,superior,Cordoba,370000,40
20701,hombre,38,13,superior,Cordoba,828116,48
20702,mujer,60,1,primaria,Cordoba,160000,12
20703,mujer,55,5,primaria,Cordoba,150000,20
20704,mujer,33,14,superior,Cordoba,828116,46
20705,hombre,52,11,media,Cordoba,1100000,60
20706,mujer,44,11,media,Cordoba,100000,18
20707,mujer,25,12,superior,Cordoba,900000,50
20708,mujer,59,14,superior,Cordoba,1600000,48
20709,hombre,54,11,media,Cordoba,1200000,50
20710,mujer,30,14,superior,Cordoba,500000,25
20711,mujer,35,13,superior,Cordoba,1200000,48
20712,hombre,56,13,superior,Cordoba,1100000,48
20713,mujer,44,11,media,Cordoba,800000,48
20714,mujer,42,13,superior,Cordoba,828116,60
20715,mujer,50,16,superior,Cordoba,2000000,46
20716,hombre,39,11,media,Cordoba,828116,54
20717,mujer,27,11,media,Cordoba,730000,46
20718,hombre,44,16,superior,Cordoba,2000000,40
20719,mujer,36,16,superior,Cordoba,1700000,44
20720,hombre,42,16,superior,Cordoba,800000,40
20721,hombre,55,19,superior,Cordoba,2800000,30
20722,hombre,63,3,primaria,Choco,300000,54
20723,mujer,21,12,superior,Choco,100000,20
20724,mujer,51,11,media,Choco,420000,20
20725,hombre,52,5,primaria,Choco,1500000,48
20726,hombre,26,16,superior,Choco,860000,40
20727,mujer,52,11,media,Choco,825000,40
20728,mujer,57,18,superior,Choco,2200000,36
20729,mujer,50,16,superior,Choco,3600000,36
20730,hombre,51,13,superior,Choco,1600000,40
20731,hombre,29,6,secundaria,Choco,500000,72
20732,mujer,23,12,superior,Choco,828116,40
20733,mujer,56,11,media,Choco,1200000,40
20734,hombre,54,3,primaria,Choco,1000000,50
20735,mujer,28,11,media,Choco,500000,40
20736,mujer,35,17,superior,Choco,2500000,40
20737,hombre,22,5,primaria,Choco,1000000,48
20738,mujer,26,11,media,Choco,900000,48
20739,mujer,41,11,media,Choco,240000,18
20740,hombre,53,13,superior,Choco,800000,40
20741,mujer,34,0,ninguno,Choco,400000,60
20742,hombre,60,13,superior,Choco,400000,40
20743,mujer,44,4,primaria,Choco,1000000,60
20744,hombre,36,16,superior,Choco,2000000,48
20745,mujer,62,16,superior,Choco,3850000,36
20746,mujer,40,16,superior,Choco,2500000,52
20747,mujer,19,12,superior,Choco,700000,40
20748,mujer,62,17,superior,Choco,3900000,36
20749,hombre,43,11,media,Choco,400000,40
20750,mujer,60,11,media,Choco,450000,40
20751,hombre,37,16,superior,Choco,1800000,40
20752,mujer,31,15,superior,Choco,1000000,48
20753,hombre,32,9,secundaria,Choco,828116,48
20754,hombre,39,11,media,Choco,500000,40
20755,mujer,29,12,superior,Choco,900000,84
20756,hombre,53,12,superior,Choco,828116,40
20757,mujer,30,14,superior,Choco,2760000,56
20758,hombre,37,2,primaria,Choco,900000,48
20759,mujer,29,16,superior,Choco,3000000,48
20760,mujer,45,4,primaria,Choco,300000,48
20761,hombre,55,3,primaria,Choco,400000,48
20762,hombre,26,13,superior,Choco,1600000,48
20763,hombre,43,13,superior,Choco,600000,40
20764,hombre,32,11,media,Choco,2500000,60
20765,hombre,65,16,superior,Choco,4200000,36
20766,mujer,63,16,superior,Choco,4200000,36
20767,mujer,47,6,secundaria,Choco,500000,40
20768,mujer,21,11,media,Choco,700000,46
20769,mujer,55,11,media,Choco,900000,40
20770,hombre,49,5,primaria,Choco,600000,48
20771,mujer,22,13,superior,Choco,1458000,40
20772,hombre,26,16,superior,Choco,1700000,40
20773,mujer,27,16,superior,Choco,1520000,40
20774,hombre,61,17,superior,Choco,4500000,36
20775,mujer,59,16,superior,Choco,3100000,36
20776,hombre,46,17,superior,Choco,4575000,40
20777,mujer,43,18,superior,Choco,11000000,52
20778,mujer,56,16,superior,Choco,3380000,30
20779,hombre,24,16,superior,Choco,8000000,60
20780,mujer,39,16,superior,Huila,4000000,45
20781,hombre,41,13,superior,Huila,1000000,60
20782,mujer,39,18,superior,Huila,8400000,50
20783,mujer,22,12,superior,Huila,300000,16
20784,mujer,63,5,primaria,Huila,150000,24
20785,hombre,42,14,superior,Huila,150000,20
20786,mujer,40,11,media,Huila,560000,32
20787,hombre,55,11,media,Huila,1500000,84
20788,mujer,54,11,media,Huila,100000,8
20789,hombre,26,15,superior,Huila,400000,30
20790,mujer,34,12,superior,Huila,70000,40
20791,hombre,61,11,media,Huila,900000,56
20792,hombre,22,13,superior,Huila,700000,40
20793,hombre,44,11,media,Huila,828116,84
20794,mujer,44,11,media,Huila,200000,20
20795,mujer,27,11,superior,Huila,900000,48
20796,hombre,22,11,media,Huila,800000,56
20797,mujer,41,11,media,Huila,781242,48
20798,hombre,51,11,media,Huila,900000,48
20799,hombre,49,9,secundaria,Huila,900000,44
20800,mujer,27,13,superior,Huila,828116,54
20801,mujer,53,5,primaria,Huila,20000,3
20802,mujer,29,13,superior,Huila,950000,54
20803,hombre,34,15,superior,Huila,1000000,56
20804,hombre,60,11,media,Huila,3800000,60
20805,hombre,29,19,superior,Huila,975000,35
20806,hombre,26,16,superior,Huila,2800000,40
20807,hombre,32,11,media,Huila,500000,48
20808,mujer,64,16,superior,Huila,3500000,40
20809,mujer,20,13,superior,Huila,1200000,48
20810,hombre,29,6,secundaria,Huila,900000,54
20811,mujer,48,7,secundaria,Huila,880000,54
20812,hombre,23,11,superior,Huila,828116,70
20813,hombre,46,16,superior,Huila,1600000,48
20814,hombre,39,11,media,Huila,1000000,60
20815,hombre,64,11,media,Huila,900000,70
20816,hombre,51,10,media,Huila,700000,70
20817,mujer,43,16,superior,Huila,1853000,48
20818,hombre,56,11,media,Huila,1300000,48
20819,hombre,28,16,superior,Huila,1600000,48
20820,hombre,30,15,superior,Huila,906000,50
20821,hombre,55,5,primaria,Huila,300000,48
20822,hombre,53,11,media,Huila,1200000,56
20823,hombre,28,16,superior,Huila,1500000,45
20824,hombre,43,5,primaria,Huila,600000,60
20825,mujer,35,8,secundaria,Huila,120000,10
20826,hombre,30,11,media,Huila,2000000,70
20827,mujer,29,11,media,Huila,1000000,42
20828,mujer,30,11,media,Huila,150000,12
20829,hombre,30,11,media,Huila,900000,84
20830,mujer,43,7,secundaria,Huila,960000,72
20831,hombre,21,11,media,Huila,1200000,48
20832,hombre,26,11,media,Huila,700000,48
20833,mujer,45,14,superior,Huila,1500000,48
20834,hombre,26,12,superior,Huila,2200000,48
20835,hombre,49,24,superior,Huila,2000000,84
20836,hombre,51,7,secundaria,Huila,300000,60
20837,hombre,54,5,primaria,Huila,600000,77
20838,mujer,39,13,superior,Huila,832400,45
20839,hombre,34,5,primaria,Huila,800000,70
20840,hombre,18,11,media,Huila,700000,68
20841,hombre,28,16,superior,Huila,2000000,54
20842,hombre,59,11,media,Huila,900000,50
20843,mujer,38,11,media,Huila,1120000,65
20844,hombre,43,16,superior,Huila,900000,40
20845,mujer,39,16,superior,Huila,3000000,40
20846,hombre,50,21,superior,Huila,2000000,48
20847,mujer,48,14,superior,Huila,47550,10
20848,mujer,60,5,primaria,Huila,90000,16
20849,mujer,41,7,secundaria,Huila,300000,40
20850,mujer,56,5,primaria,Huila,250000,20
20851,hombre,59,13,superior,Huila,1300000,48
20852,mujer,61,16,superior,Huila,2100000,48
20853,hombre,32,17,superior,Huila,2100000,84
20854,hombre,61,5,primaria,Huila,2500000,66
20855,mujer,33,11,media,Huila,2000000,76
20856,hombre,39,7,secundaria,Huila,600000,70
20857,mujer,37,13,superior,Huila,900000,40
20858,hombre,50,16,superior,Huila,1000000,48
20859,mujer,39,17,superior,Huila,1800000,40
20860,hombre,41,24,superior,Huila,4800000,48
20861,mujer,52,16,superior,Huila,1500000,50
20862,hombre,55,18,superior,Huila,3200000,55
20863,mujer,25,15,superior,Huila,600000,48
20864,mujer,30,17,superior,Huila,1400000,40
20865,hombre,22,11,media,Huila,781242,48
20866,hombre,21,10,media,Huila,1000000,48
20867,mujer,62,14,superior,Huila,3100000,44
20868,hombre,49,20,superior,Huila,3800000,48
20869,mujer,53,18,superior,Huila,2400000,40
20870,mujer,29,16,superior,Huila,1000000,48
20871,mujer,24,17,superior,Huila,1300000,48
20872,mujer,21,14,superior,Huila,834500,48
20873,hombre,24,11,media,Huila,834000,55
20874,mujer,31,7,secundaria,Huila,1270000,84
20875,mujer,47,11,media,Huila,510000,30
20876,hombre,42,11,media,Huila,950000,48
20877,hombre,27,11,media,Huila,950000,45
20878,hombre,22,11,media,Huila,600000,40
20879,hombre,58,11,media,Huila,2600000,48
20880,mujer,30,14,superior,Huila,1500000,48
20881,mujer,58,9,secundaria,Huila,800000,24
20882,mujer,34,14,superior,Huila,1000000,40
20883,hombre,38,10,media,Huila,900000,78
20884,mujer,32,12,superior,Huila,500000,36
20885,hombre,50,11,media,Huila,1000000,48
20886,hombre,22,13,superior,Huila,781242,48
20887,hombre,60,16,superior,Huila,1300000,70
20888,hombre,27,13,superior,Huila,2100000,84
20889,mujer,25,9,secundaria,Huila,800000,48
20890,mujer,38,18,superior,Huila,2500000,48
20891,mujer,33,16,superior,Huila,1000000,60
20892,hombre,49,11,media,Huila,2000000,70
20893,mujer,54,13,superior,Huila,828116,48
20894,mujer,37,11,media,Huila,250000,20
20895,hombre,33,11,media,Huila,1100000,65
20896,mujer,57,8,secundaria,Huila,300000,30
20897,mujer,31,7,secundaria,Huila,410000,36
20898,hombre,24,11,media,Huila,800000,75
20899,hombre,64,3,primaria,Huila,1500000,48
20900,hombre,60,14,superior,Huila,800000,48
20901,mujer,62,11,media,Huila,100000,72
20902,mujer,58,16,superior,Huila,1500000,48
20903,mujer,58,11,media,Huila,1200000,40
20904,hombre,31,9,secundaria,Huila,1500000,48
20905,mujer,35,16,superior,Huila,2400000,40
20906,hombre,39,3,primaria,Huila,1440000,70
20907,mujer,55,21,superior,Huila,3100000,44
20908,mujer,35,14,superior,Huila,2000000,48
20909,hombre,42,18,superior,Huila,2980000,45
20910,mujer,46,17,superior,Huila,6000000,40
20911,hombre,59,11,media,Huila,5000000,40
20912,mujer,55,8,secundaria,Huila,150000,10
20913,mujer,23,16,superior,Huila,979000,45
20914,hombre,44,11,media,Huila,1200000,48
20915,mujer,35,9,secundaria,Huila,1200000,48
20916,hombre,61,11,media,Huila,3500000,40
20917,hombre,46,11,media,Huila,928166,48
20918,hombre,52,16,superior,Huila,6000000,45
20919,mujer,47,18,superior,Huila,5800000,40
20920,mujer,56,0,ninguno,La Guajira,140000,42
20921,hombre,36,0,ninguno,La Guajira,210000,42
20922,mujer,40,13,superior,La Guajira,1200000,35
20923,hombre,42,13,superior,La Guajira,4000000,48
20924,hombre,29,16,superior,La Guajira,2800000,48
20925,mujer,38,11,media,La Guajira,500000,35
20926,mujer,40,16,superior,La Guajira,903000,48
20927,mujer,50,15,superior,La Guajira,350000,56
20928,hombre,27,13,superior,La Guajira,850000,50
20929,hombre,38,11,media,La Guajira,700000,48
20930,hombre,28,11,media,La Guajira,600000,50
20931,hombre,57,0,ninguno,La Guajira,450000,84
20932,hombre,65,2,primaria,La Guajira,800000,48
20933,hombre,54,11,media,La Guajira,870000,48
20934,hombre,58,8,secundaria,La Guajira,1500000,40
20935,hombre,47,6,secundaria,La Guajira,450000,48
20936,mujer,37,8,secundaria,La Guajira,120000,24
20937,hombre,32,4,primaria,La Guajira,700000,70
20938,mujer,35,7,secundaria,La Guajira,122000,48
20939,mujer,35,16,superior,La Guajira,900000,40
20940,hombre,55,16,superior,La Guajira,800000,70
20941,mujer,46,11,media,La Guajira,600000,40
20942,hombre,45,7,secundaria,La Guajira,500000,45
20943,mujer,40,13,superior,La Guajira,1150000,48
20944,mujer,63,5,primaria,La Guajira,300000,50
20945,hombre,25,12,superior,La Guajira,782000,48
20946,hombre,39,11,media,La Guajira,828116,48
20947,mujer,23,15,superior,La Guajira,800000,48
20948,hombre,25,12,superior,La Guajira,700000,50
20949,mujer,23,16,superior,La Guajira,925148,45
20950,mujer,47,11,media,La Guajira,700000,48
20951,mujer,48,16,superior,La Guajira,1800000,35
20952,hombre,34,12,superior,La Guajira,1200000,80
20953,hombre,52,16,superior,La Guajira,2400000,40
20954,mujer,47,16,superior,La Guajira,1500000,48
20955,mujer,24,16,superior,La Guajira,1200000,48
20956,hombre,20,13,superior,La Guajira,150000,12
20957,hombre,28,18,superior,La Guajira,2000000,48
20958,hombre,29,18,superior,La Guajira,3000000,40
20959,mujer,33,17,superior,La Guajira,800000,40
20960,hombre,31,13,superior,La Guajira,900000,40
20961,hombre,30,12,superior,La Guajira,1200000,40
20962,hombre,35,14,superior,La Guajira,2200000,70
20963,mujer,34,16,superior,La Guajira,1000000,40
20964,hombre,62,9,secundaria,La Guajira,400000,40
20965,mujer,32,17,superior,La Guajira,1700000,40
20966,hombre,37,16,superior,La Guajira,900000,48
20967,mujer,36,13,superior,La Guajira,726700,36
20968,hombre,34,13,superior,La Guajira,1980000,84
20969,mujer,50,13,superior,La Guajira,828116,48
20970,mujer,32,16,superior,La Guajira,2000000,70
20971,hombre,53,11,media,La Guajira,4000000,70
20972,hombre,43,16,superior,La Guajira,1400000,64
20973,hombre,30,9,secundaria,La Guajira,500000,70
20974,mujer,24,11,media,La Guajira,20000,30
20975,hombre,32,11,media,La Guajira,100000,40
20976,hombre,62,3,primaria,La Guajira,600000,40
20977,mujer,61,0,ninguno,La Guajira,500000,40
20978,hombre,24,16,superior,La Guajira,828116,40
20979,hombre,55,11,media,La Guajira,1500000,60
20980,hombre,25,16,superior,La Guajira,1000000,60
20981,mujer,20,13,superior,La Guajira,500000,25
20982,mujer,29,16,superior,La Guajira,925148,45
20983,mujer,29,16,superior,La Guajira,600000,60
20984,mujer,24,14,superior,La Guajira,700000,60
20985,hombre,28,11,media,La Guajira,1500000,45
20986,mujer,34,13,superior,La Guajira,250000,30
20987,hombre,49,17,superior,La Guajira,800000,40
20988,mujer,33,13,superior,La Guajira,1200000,48
20989,hombre,36,16,superior,La Guajira,1400000,48
20990,hombre,39,18,superior,La Guajira,1000000,40
20991,hombre,34,11,media,La Guajira,2600000,60
20992,mujer,33,13,superior,La Guajira,944000,40
20993,hombre,31,19,superior,La Guajira,8000000,48
20994,mujer,31,16,superior,La Guajira,2200000,48
20995,mujer,33,16,superior,La Guajira,1716000,40
20996,mujer,31,16,superior,La Guajira,1200000,70
20997,hombre,35,14,superior,La Guajira,600000,48
20998,mujer,25,16,superior,La Guajira,800000,15
20999,hombre,47,13,superior,La Guajira,80000,48
21000,mujer,33,16,superior,La Guajira,1500000,40
21001,mujer,46,20,superior,La Guajira,1200000,60
21002,hombre,59,19,superior,La Guajira,8200000,30
21003,mujer,18,10,media,La Guajira,200000,35
21004,hombre,29,11,media,La Guajira,100000,84
21005,hombre,37,16,superior,La Guajira,600000,40
21006,mujer,29,11,superior,La Guajira,100000,45
21007,hombre,39,11,media,La Guajira,400000,55
21008,mujer,38,14,superior,La Guajira,1130000,48
21009,hombre,53,14,superior,La Guajira,41176000,48
21010,mujer,54,13,superior,La Guajira,1500000,48
21011,hombre,37,13,superior,La Guajira,2000000,48
21012,mujer,36,14,superior,La Guajira,800000,40
21013,hombre,40,13,superior,La Guajira,1200000,40
21014,mujer,25,13,superior,La Guajira,620000,63
21015,hombre,47,11,media,La Guajira,1240000,48
21016,hombre,52,18,superior,La Guajira,900000,40
21017,mujer,25,16,superior,La Guajira,2000000,40
21018,hombre,41,11,media,La Guajira,1300000,48
21019,mujer,29,15,superior,La Guajira,680000,28
21020,mujer,63,18,superior,La Guajira,3500000,40
21021,mujer,48,16,superior,La Guajira,1800000,48
21022,mujer,39,16,superior,Magdalena,2500000,48
21023,hombre,31,14,superior,Magdalena,800000,40
21024,hombre,54,5,primaria,Magdalena,900000,50
21025,mujer,30,17,superior,Magdalena,2755200,48
21026,hombre,32,11,media,Magdalena,1600000,50
21027,hombre,25,11,media,Magdalena,1000000,40
21028,hombre,38,17,superior,Magdalena,4900000,40
21029,mujer,37,16,superior,Magdalena,8000000,48
21030,mujer,56,14,superior,Magdalena,300000,30
21031,hombre,41,13,superior,Magdalena,880000,48
21032,mujer,31,11,media,Magdalena,300000,30
21033,hombre,59,5,primaria,Magdalena,700000,50
21034,hombre,32,11,media,Magdalena,600000,48
21035,hombre,25,11,media,Magdalena,600000,48
21036,mujer,43,6,secundaria,Magdalena,350000,16
21037,hombre,26,13,superior,Magdalena,781242,48
21038,hombre,37,11,media,Magdalena,900000,48
21039,mujer,54,11,media,Magdalena,1030000,52
21040,mujer,50,7,secundaria,Magdalena,450000,40
21041,hombre,21,8,secundaria,Magdalena,800000,50
21042,hombre,30,11,media,Magdalena,1200000,72
21043,mujer,33,11,media,Magdalena,800000,48
21044,hombre,29,11,media,Magdalena,800000,50
21045,mujer,31,11,media,Magdalena,781242,48
21046,hombre,22,7,secundaria,Magdalena,410000,40
21047,mujer,35,4,primaria,Magdalena,450000,50
21048,hombre,40,11,media,Magdalena,3000000,48
21049,hombre,48,14,superior,Magdalena,1900000,48
21050,mujer,33,14,superior,Magdalena,1700000,48
21051,hombre,48,19,superior,Magdalena,1500000,48
21052,mujer,42,13,superior,Magdalena,1600000,48
21053,mujer,38,8,secundaria,Magdalena,70000,24
21054,mujer,18,11,media,Magdalena,1020000,48
21055,mujer,62,5,primaria,Magdalena,600000,72
21056,hombre,49,8,secundaria,Magdalena,1700000,40
21057,hombre,21,12,superior,Magdalena,500000,20
21058,hombre,33,9,secundaria,Magdalena,1500000,30
21059,mujer,38,11,media,Magdalena,750000,36
21060,hombre,34,12,superior,Magdalena,1000000,72
21061,mujer,24,11,media,Magdalena,500000,30
21062,hombre,42,19,superior,Meta,3800000,40
21063,hombre,55,11,media,Meta,800000,60
21064,hombre,41,8,secundaria,Meta,200000,45
21065,mujer,29,11,media,Meta,820000,44
21066,hombre,42,11,media,Meta,920000,52
21067,mujer,58,5,primaria,Meta,700000,42
21068,mujer,36,13,superior,Meta,1100000,55
21069,hombre,48,17,superior,Narino,3400000,40
21070,mujer,44,16,superior,Narino,828116,25
21071,hombre,41,16,superior,Narino,1200000,60
21072,hombre,45,8,secundaria,Narino,1000000,48
21073,hombre,43,5,primaria,Narino,500000,44
21074,hombre,26,12,superior,Narino,300000,40
21075,hombre,43,11,media,Narino,1000000,60
21076,mujer,23,5,primaria,Narino,900000,50
21077,hombre,59,4,primaria,Narino,1000000,50
21078,mujer,47,13,superior,Narino,940000,36
21079,hombre,59,5,primaria,Narino,500000,30
21080,mujer,58,3,primaria,Narino,200000,12
21081,hombre,58,5,primaria,Narino,1000000,48
21082,hombre,44,11,media,Narino,930000,51
21083,mujer,58,11,media,Narino,700000,63
21084,hombre,53,11,media,Narino,1160000,28
21085,hombre,31,15,superior,Narino,500000,24
21086,hombre,36,17,superior,Narino,5550000,40
21087,mujer,37,16,superior,Narino,2300000,40
21088,hombre,47,16,superior,Narino,1500000,44
21089,mujer,40,5,primaria,Narino,250000,45
21090,hombre,45,11,media,Narino,300000,40
21091,mujer,40,3,primaria,Narino,400000,16
21092,mujer,57,0,ninguno,Narino,120000,20
21093,mujer,33,11,media,Narino,430000,48
21094,hombre,28,11,media,Narino,600000,48
21095,hombre,63,5,primaria,Narino,700000,65
21096,mujer,62,11,media,Narino,700000,65
21097,mujer,37,17,superior,Narino,1700000,40
21098,hombre,46,11,media,Narino,400000,40
21099,mujer,50,11,media,Narino,300000,24
21100,mujer,39,2,primaria,Narino,300000,60
21101,hombre,40,5,primaria,Narino,806000,49
21102,hombre,63,11,media,Narino,180000,50
21103,hombre,45,2,primaria,Narino,150000,24
21104,mujer,45,1,primaria,Narino,360000,24
21105,hombre,23,6,secundaria,Narino,400000,46
21106,hombre,38,5,primaria,Narino,390000,48
21107,mujer,37,4,primaria,Narino,400000,30
21108,hombre,44,4,primaria,Narino,200000,48
21109,hombre,40,5,primaria,Narino,170000,36
21110,mujer,54,0,ninguno,Narino,200000,40
21111,hombre,65,3,primaria,Narino,120000,40
21112,mujer,33,5,primaria,Narino,120000,40
21113,mujer,44,18,superior,Narino,2680000,40
21114,mujer,23,13,superior,Narino,300000,12
21115,hombre,36,11,media,Narino,820000,48
21116,hombre,52,10,media,Narino,600000,50
21117,mujer,49,14,superior,Narino,1750000,45
21118,hombre,32,11,media,Narino,600000,40
21119,mujer,27,11,media,Narino,828116,44
21120,mujer,44,11,media,Narino,600000,62
21121,hombre,18,11,media,Narino,15000,8
21122,hombre,34,13,superior,Narino,820000,46
21123,mujer,36,12,superior,Narino,400000,55
21124,mujer,53,11,media,Narino,900000,84
21125,hombre,46,11,media,Narino,1800000,42
21126,hombre,43,5,primaria,Narino,300000,48
21127,mujer,59,5,primaria,Narino,500000,42
21128,mujer,29,16,superior,Narino,828116,48
21129,hombre,28,13,superior,Narino,500000,48
21130,hombre,42,5,primaria,Narino,800000,60
21131,mujer,58,13,superior,Narino,828116,48
21132,hombre,43,8,secundaria,Narino,828116,44
21133,hombre,30,11,media,Narino,800000,54
21134,mujer,34,11,media,Narino,800000,48
21135,hombre,27,11,media,Narino,1000000,48
21136,mujer,38,9,secundaria,Narino,450000,60
21137,hombre,35,5,primaria,Narino,300000,60
21138,hombre,41,11,media,Narino,400000,36
21139,mujer,34,8,secundaria,Narino,380000,40
21140,hombre,19,11,media,Narino,910000,40
21141,hombre,26,11,media,N. de Santander,1800000,72
21142,mujer,34,13,superior,N. de Santander,540000,35
21143,hombre,59,13,superior,N. de Santander,1000000,40
21144,hombre,30,16,superior,N. de Santander,800000,60
21145,mujer,41,11,media,N. de Santander,1000000,48
21146,mujer,40,5,primaria,N. de Santander,900000,50
21147,mujer,22,5,primaria,N. de Santander,160000,18
21148,mujer,45,11,media,N. de Santander,781242,50
21149,hombre,39,11,media,N. de Santander,550000,35
21150,hombre,30,11,media,N. de Santander,500000,35
21151,hombre,28,11,media,N. de Santander,400000,40
21152,mujer,28,14,superior,N. de Santander,100000,60
21153,hombre,37,11,media,N. de Santander,700000,60
21154,mujer,40,16,superior,N. de Santander,1100000,48
21155,hombre,33,11,media,N. de Santander,800000,60
21156,mujer,24,15,superior,N. de Santander,1000000,50
21157,mujer,19,13,superior,N. de Santander,320000,22
21158,hombre,47,14,superior,N. de Santander,1000000,40
21159,mujer,43,16,superior,N. de Santander,1500000,48
21160,hombre,59,11,media,N. de Santander,2600000,48
21161,hombre,31,13,superior,N. de Santander,781242,48
21162,mujer,28,13,superior,N. de Santander,900000,48
21163,hombre,54,16,superior,N. de Santander,2500000,40
21164,hombre,41,11,media,N. de Santander,3000000,56
21165,mujer,58,14,superior,N. de Santander,920000,48
21166,mujer,24,16,superior,N. de Santander,1200000,48
21167,mujer,64,11,media,N. de Santander,2300000,48
21168,hombre,46,16,superior,N. de Santander,13000000,50
21169,mujer,46,16,superior,N. de Santander,3500000,40
21170,mujer,25,16,superior,N. de Santander,800000,25
21171,mujer,50,18,superior,N. de Santander,2000000,48
21172,mujer,62,3,primaria,N. de Santander,500000,60
21173,hombre,29,16,superior,Quindio,1000000,65
21174,hombre,61,8,secundaria,Quindio,800000,40
21175,hombre,18,13,superior,Quindio,828000,48
21176,hombre,56,6,secundaria,Quindio,1600000,60
21177,mujer,53,10,media,Quindio,828000,56
21178,mujer,47,5,primaria,Quindio,828000,48
21179,hombre,24,5,primaria,Quindio,280000,48
21180,mujer,26,8,secundaria,Quindio,828000,48
21181,hombre,55,11,media,Quindio,900000,84
21182,hombre,24,12,superior,Quindio,828000,48
21183,hombre,55,5,primaria,Quindio,828000,84
21184,hombre,28,11,media,Quindio,1000000,40
21185,mujer,55,3,primaria,Quindio,400000,50
21186,hombre,40,5,primaria,Quindio,700000,54
21187,hombre,61,2,primaria,Quindio,828000,48
21188,mujer,36,11,media,Quindio,828000,63
21189,hombre,33,5,primaria,Quindio,700000,48
21190,mujer,33,11,media,Quindio,200000,48
21191,hombre,59,2,primaria,Quindio,828000,45
21192,hombre,50,11,media,Quindio,1628000,56
21193,mujer,51,3,primaria,Risaralda,1200000,72
21194,hombre,56,9,secundaria,Risaralda,1200000,72
21195,mujer,40,15,superior,Risaralda,900000,48
21196,hombre,41,11,media,Risaralda,1500000,48
21197,mujer,29,11,media,Risaralda,840000,60
21198,mujer,51,7,secundaria,Risaralda,750000,60
21199,hombre,48,19,superior,Risaralda,1800000,72
21200,hombre,56,8,secundaria,Risaralda,100000,4
21201,hombre,31,16,superior,Risaralda,600000,30
21202,hombre,45,11,media,Risaralda,2100000,50
21203,mujer,38,9,secundaria,Risaralda,828116,48
21204,mujer,19,11,media,Risaralda,450000,60
21205,hombre,42,11,media,Risaralda,2500000,50
21206,mujer,65,8,secundaria,Risaralda,600000,84
21207,hombre,42,19,superior,Risaralda,2300000,40
21208,mujer,55,8,secundaria,Risaralda,828116,55
21209,mujer,46,11,media,Risaralda,1028116,48
21210,hombre,49,11,media,Risaralda,828116,48
21211,mujer,22,14,superior,Risaralda,2500000,40
21212,mujer,22,14,superior,Risaralda,828116,48
21213,mujer,29,17,superior,Risaralda,2200000,40
21214,hombre,25,17,superior,Risaralda,828116,48
21215,hombre,25,16,superior,Risaralda,1200000,48
21216,mujer,24,13,superior,Risaralda,1100000,48
21217,mujer,60,11,media,Risaralda,150000,20
21218,mujer,58,13,superior,Risaralda,400000,40
21219,hombre,35,11,media,Risaralda,1000000,48
21220,hombre,20,11,media,Risaralda,800000,48
21221,hombre,58,5,primaria,Risaralda,2500000,48
21222,mujer,50,7,secundaria,Risaralda,800000,48
21223,mujer,26,16,superior,Risaralda,2000000,48
21224,mujer,51,5,primaria,Risaralda,1000000,48
21225,hombre,39,14,superior,Risaralda,1400000,48
21226,mujer,59,13,superior,Risaralda,150000,40
21227,hombre,57,11,media,Risaralda,800000,60
21228,hombre,48,6,secundaria,Risaralda,900000,50
21229,mujer,44,6,secundaria,Risaralda,160000,60
21230,hombre,28,13,superior,Risaralda,1080000,48
21231,hombre,27,16,superior,Risaralda,900000,48
21232,hombre,49,5,primaria,Risaralda,828116,44
21233,hombre,23,12,superior,Risaralda,414058,24
21234,hombre,21,11,media,Risaralda,828116,48
21235,mujer,52,12,superior,Risaralda,828116,48
21236,hombre,48,14,superior,Risaralda,2000000,60
21237,mujer,47,11,media,Risaralda,800000,48
21238,mujer,60,5,primaria,Risaralda,1128116,48
21239,hombre,35,8,secundaria,Risaralda,350000,66
21240,mujer,32,11,media,Risaralda,828116,60
21241,hombre,58,5,primaria,Risaralda,3000000,60
21242,mujer,52,5,primaria,Risaralda,2200000,48
21243,mujer,46,11,media,Risaralda,600000,30
21244,hombre,52,11,media,Risaralda,300000,60
21245,mujer,34,12,superior,Risaralda,828116,54
21246,hombre,37,11,media,Risaralda,1000000,60
21247,hombre,51,15,superior,Risaralda,1940000,43
21248,mujer,65,5,primaria,Risaralda,2160000,56
21249,hombre,43,11,media,Risaralda,2000000,72
21250,mujer,38,16,superior,Risaralda,500000,20
21251,mujer,22,13,superior,Risaralda,120000,12
21252,hombre,52,11,media,Risaralda,3100000,54
21253,mujer,40,16,superior,Risaralda,1800000,48
21254,mujer,52,16,superior,Risaralda,2000000,20
21255,mujer,40,16,superior,Risaralda,828116,48
21256,hombre,46,5,primaria,Risaralda,1200000,48
21257,hombre,20,12,superior,Risaralda,828116,48
21258,hombre,61,5,primaria,Risaralda,800000,48
21259,mujer,57,11,media,Risaralda,400000,40
21260,hombre,32,11,media,Risaralda,828116,48
21261,mujer,30,11,media,Risaralda,900000,48
21262,mujer,30,12,superior,Risaralda,1328116,48
21263,mujer,33,12,superior,Risaralda,1030000,40
21264,mujer,39,11,media,Risaralda,500000,50
21265,mujer,27,13,superior,Risaralda,828116,48
21266,mujer,24,14,superior,Risaralda,828116,40
21267,hombre,22,12,superior,Risaralda,1000000,48
21268,mujer,58,18,superior,Risaralda,3200000,48
21269,mujer,36,11,media,Risaralda,1008116,48
21270,hombre,42,11,media,Risaralda,828116,48
21271,hombre,47,11,media,Risaralda,828116,48
21272,hombre,28,14,superior,Santander,700000,15
21273,mujer,36,13,superior,Santander,781242,44
21274,hombre,62,7,secundaria,Santander,800000,60
21275,mujer,31,11,media,Santander,710000,48
21276,hombre,56,5,primaria,Santander,900000,48
21277,hombre,21,13,superior,Santander,828116,48
21278,mujer,58,13,superior,Santander,1500000,48
21279,mujer,30,14,superior,Santander,1250000,48
21280,mujer,56,3,primaria,Santander,4000000,91
21281,hombre,28,11,media,Santander,1000000,52
21282,hombre,25,11,superior,Santander,888116,48
21283,hombre,22,11,media,Santander,400000,84
21284,mujer,42,13,superior,Santander,900000,84
21285,mujer,65,16,superior,Sucre,70000,10
21286,mujer,33,16,superior,Sucre,500000,15
21287,hombre,36,17,superior,Sucre,500000,20
21288,mujer,54,11,media,Sucre,740000,24
21289,hombre,26,14,superior,Sucre,1300000,48
21290,hombre,21,13,superior,Sucre,920000,60
21291,mujer,24,13,superior,Sucre,200000,20
21292,mujer,41,14,superior,Sucre,1200000,42
21293,hombre,39,11,media,Sucre,828116,48
21294,hombre,33,13,superior,Sucre,400000,42
21295,mujer,27,16,superior,Sucre,1600000,40
21296,hombre,30,15,superior,Sucre,500000,40
21297,mujer,42,16,superior,Sucre,1875000,30
21298,hombre,47,11,media,Sucre,828116,48
21299,mujer,52,8,secundaria,Sucre,840000,36
21300,mujer,21,15,superior,Sucre,100000,12
21301,mujer,37,16,superior,Sucre,500000,37
21302,hombre,49,14,superior,Sucre,1000000,50
21303,hombre,33,18,superior,Sucre,4900000,40
21304,mujer,26,17,superior,Sucre,1600000,48
21305,mujer,42,5,primaria,Sucre,828116,48
21306,hombre,46,11,media,Sucre,828116,48
21307,hombre,34,19,superior,Sucre,2100000,42
21308,hombre,65,1,primaria,Sucre,450000,48
21309,hombre,48,5,primaria,Sucre,500000,49
21310,mujer,57,2,primaria,Sucre,200000,28
21311,mujer,48,13,superior,Sucre,828116,48
21312,hombre,53,8,secundaria,Sucre,400000,38
21313,hombre,55,8,secundaria,Sucre,300000,48
21314,mujer,65,5,primaria,Sucre,100000,16
21315,mujer,48,6,secundaria,Sucre,1080000,48
21316,hombre,26,11,media,Sucre,525000,48
21317,hombre,21,5,primaria,Sucre,600000,48
21318,mujer,19,14,superior,Sucre,828116,48
21319,mujer,40,6,secundaria,Sucre,430000,30
21320,hombre,29,6,secundaria,Sucre,500000,49
21321,hombre,30,14,superior,Sucre,828116,48
21322,mujer,28,13,superior,Sucre,828116,48
21323,mujer,55,11,media,Sucre,400000,40
21324,hombre,28,13,superior,Sucre,600000,50
21325,hombre,52,11,media,Sucre,1000000,70
21326,hombre,19,11,media,Sucre,950000,65
21327,hombre,21,11,media,Sucre,850000,49
21328,mujer,25,8,secundaria,Sucre,380000,60
21329,mujer,52,5,primaria,Sucre,200000,21
21330,hombre,27,14,superior,Sucre,400000,16
21331,hombre,33,11,media,Sucre,828116,48
21332,mujer,28,13,superior,Sucre,828116,48
21333,mujer,27,11,media,Sucre,828116,48
21334,hombre,31,8,secundaria,Sucre,500000,50
21335,hombre,53,11,media,Sucre,750000,70
21336,mujer,42,14,superior,Sucre,350000,14
21337,mujer,61,2,primaria,Sucre,150000,21
21338,hombre,19,14,superior,Sucre,400000,24
21339,hombre,38,6,secundaria,Sucre,500000,56
21340,mujer,32,6,secundaria,Sucre,200000,30
21341,mujer,43,7,secundaria,Sucre,300000,30
21342,hombre,21,5,primaria,Sucre,400000,45
21343,hombre,23,11,media,Sucre,500000,50
21344,hombre,58,5,primaria,Sucre,450000,48
21345,mujer,52,11,media,Sucre,100000,16
21346,hombre,34,6,secundaria,Sucre,600000,63
21347,hombre,30,9,secundaria,Sucre,700000,70
21348,mujer,34,5,primaria,Sucre,700000,42
21349,hombre,30,16,superior,Sucre,828116,40
21350,mujer,46,8,secundaria,Sucre,120000,14
21351,hombre,52,5,primaria,Sucre,1000000,48
21352,mujer,25,13,superior,Sucre,828116,56
21353,hombre,57,11,media,Sucre,1000000,56
21354,hombre,28,11,media,Sucre,1000000,48
21355,mujer,27,16,superior,Sucre,1500000,48
21356,hombre,18,9,secundaria,Sucre,400000,40
21357,mujer,62,5,primaria,Sucre,400000,30
21358,mujer,33,11,media,Sucre,500000,38
21359,hombre,47,8,secundaria,Sucre,600000,48
21360,mujer,37,11,media,Sucre,300000,56
21361,hombre,19,10,media,Sucre,400000,48
21362,hombre,35,8,secundaria,Sucre,700000,50
21363,mujer,31,11,media,Sucre,781242,48
21364,hombre,63,11,media,Sucre,600000,48
21365,mujer,61,13,superior,Sucre,50000,42
21366,hombre,48,11,media,Sucre,3000000,56
21367,hombre,33,11,media,Sucre,1600000,48
21368,mujer,23,7,secundaria,Sucre,360000,38
21369,mujer,48,5,primaria,Sucre,500000,50
21370,hombre,27,13,superior,Sucre,1500000,40
21371,mujer,24,13,superior,Sucre,828116,48
21372,hombre,58,8,secundaria,Sucre,1000000,45
21373,mujer,58,11,media,Sucre,300000,35
21374,hombre,33,16,superior,Sucre,800000,50
21375,hombre,48,11,media,Sucre,1500000,48
21376,hombre,38,13,superior,Sucre,4500000,72
21377,mujer,35,17,superior,Sucre,1320000,48
21378,hombre,29,11,media,Sucre,800000,44
21379,mujer,41,11,media,Sucre,900000,30
21380,hombre,21,11,media,Sucre,600000,44
21381,hombre,45,7,secundaria,Sucre,1500000,60
21382,mujer,41,10,media,Sucre,300000,25
21383,hombre,49,9,secundaria,Sucre,700000,60
21384,mujer,32,11,media,Sucre,60000,14
21385,hombre,36,5,primaria,Sucre,700000,56
21386,mujer,31,11,media,Sucre,150000,25
21387,hombre,31,16,superior,Sucre,1800000,48
21388,mujer,40,11,media,Sucre,550000,44
21389,hombre,42,14,superior,Sucre,3500000,60
21390,mujer,48,4,primaria,Sucre,900000,49
21391,mujer,18,11,media,Sucre,400000,25
21392,hombre,61,5,primaria,Sucre,400000,45
21393,hombre,20,12,superior,Sucre,100000,18
21394,hombre,25,6,secundaria,Sucre,500000,45
21395,mujer,45,13,superior,Sucre,4000000,48
21396,hombre,36,16,superior,Sucre,350000,40
21397,mujer,34,14,superior,Sucre,2400000,56
21398,mujer,19,11,media,Sucre,430000,49
21399,mujer,54,16,superior,Sucre,2444700,40
21400,hombre,46,12,superior,Sucre,900000,50
21401,mujer,63,11,media,Sucre,2000000,48
21402,hombre,43,16,superior,Sucre,1500000,40
21403,mujer,62,13,superior,Sucre,2500000,42
21404,hombre,45,16,superior,Sucre,800000,45
21405,hombre,56,17,superior,Sucre,1800000,44
21406,hombre,44,5,primaria,Sucre,700000,46
21407,mujer,53,11,media,Sucre,840000,46
21408,hombre,65,16,superior,Sucre,2500000,48
21409,hombre,24,11,media,Tolima,300000,60
21410,mujer,51,11,media,Tolima,900000,40
21411,hombre,22,13,superior,Tolima,828116,48
21412,hombre,26,10,media,Tolima,1000000,48
21413,mujer,22,11,media,Tolima,550000,20
21414,mujer,47,16,superior,Tolima,2800000,40
21415,hombre,52,11,media,Tolima,828116,48
21416,mujer,41,9,secundaria,Tolima,140000,15
21417,mujer,18,10,media,Tolima,240000,36
21418,mujer,43,11,media,Tolima,40000,20
21419,hombre,27,16,superior,Tolima,800000,48
21420,mujer,32,16,superior,Tolima,3000000,40
21421,hombre,44,21,superior,Tolima,3200000,48
21422,mujer,47,11,media,Tolima,400000,40
21423,hombre,56,11,media,Tolima,3500000,76
21424,mujer,60,8,secundaria,Tolima,200000,60
21425,mujer,33,13,superior,Tolima,950000,48
21426,mujer,22,15,superior,Tolima,200000,20
21427,hombre,29,16,superior,Tolima,1700000,48
21428,mujer,23,15,superior,Tolima,1000000,48
21429,hombre,53,5,primaria,Tolima,800000,60
21430,mujer,22,13,superior,Tolima,850000,48
21431,hombre,57,11,media,Tolima,828116,50
21432,mujer,44,11,media,Tolima,900000,70
21433,mujer,27,11,media,Tolima,828116,48
21434,hombre,29,18,superior,Tolima,2500000,40
21435,mujer,29,18,superior,Tolima,1500000,48
21436,hombre,30,5,primaria,Tolima,600000,25
21437,mujer,28,5,primaria,Tolima,200000,39
21438,hombre,51,11,media,Tolima,700000,70
21439,mujer,27,9,secundaria,Tolima,600000,21
21440,hombre,52,4,primaria,Valle del Cauca,800000,66
21441,hombre,47,6,secundaria,Valle del Cauca,900000,72
21442,hombre,51,8,secundaria,Valle del Cauca,828116,66
21443,hombre,35,11,media,Valle del Cauca,2200000,60
21444,hombre,38,11,media,Valle del Cauca,1000000,48
21445,mujer,24,11,media,Valle del Cauca,906000,54
21446,hombre,39,11,media,Valle del Cauca,900000,48
21447,hombre,51,11,media,Valle del Cauca,900000,48
21448,mujer,27,17,superior,Valle del Cauca,5000000,46
21449,hombre,34,18,superior,Valle del Cauca,3000000,56
21450,hombre,29,11,media,Valle del Cauca,828116,48
21451,hombre,28,11,media,Valle del Cauca,858116,72
21452,mujer,49,11,media,Valle del Cauca,1200000,48
21453,mujer,33,17,superior,Valle del Cauca,4900000,35
21454,mujer,46,5,primaria,Valle del Cauca,200000,30
21455,hombre,24,11,media,Valle del Cauca,1200000,48
21456,mujer,18,11,media,Valle del Cauca,500000,12
21457,mujer,22,13,superior,Valle del Cauca,828116,70
21458,mujer,57,7,secundaria,Valle del Cauca,80000,14
21459,hombre,57,11,media,Valle del Cauca,828116,48
21460,mujer,33,11,media,Valle del Cauca,828116,72
21461,hombre,26,11,media,Valle del Cauca,2000000,40
21462,mujer,25,11,media,Valle del Cauca,900000,60
21463,mujer,53,11,media,Valle del Cauca,828116,48
21464,mujer,25,11,media,Valle del Cauca,1150000,48
21465,mujer,49,11,media,Valle del Cauca,828116,60
21466,mujer,18,11,superior,Valle del Cauca,828116,48
21467,mujer,51,8,secundaria,Valle del Cauca,828000,56
21468,mujer,19,11,media,Valle del Cauca,828000,40
21469,mujer,33,11,media,Valle del Cauca,800000,48
21470,hombre,25,8,secundaria,Valle del Cauca,700000,42
21471,hombre,49,7,secundaria,Valle del Cauca,800000,48
21472,mujer,42,11,media,Valle del Cauca,450000,48
21473,hombre,21,11,media,Valle del Cauca,828116,60
21474,hombre,30,4,primaria,Valle del Cauca,30000,9
21475,mujer,44,7,secundaria,Valle del Cauca,170000,60
21476,mujer,32,1,primaria,Valle del Cauca,380000,72
21477,hombre,41,4,primaria,Valle del Cauca,2000000,55
21478,mujer,35,11,media,Valle del Cauca,1060000,40
21479,hombre,37,11,media,Valle del Cauca,240000,42
21480,hombre,49,5,primaria,Valle del Cauca,720000,50
21481,hombre,48,5,primaria,Valle del Cauca,800000,48
21482,mujer,19,11,media,Valle del Cauca,924000,63
21483,hombre,21,9,secundaria,Valle del Cauca,828116,48
21484,hombre,27,8,secundaria,Valle del Cauca,900000,63
21485,mujer,23,9,secundaria,Valle del Cauca,400000,20
21486,mujer,28,11,media,Valle del Cauca,1040000,57
21487,hombre,52,3,primaria,Valle del Cauca,830000,36
21488,hombre,26,11,media,Valle del Cauca,828116,48
21489,mujer,30,11,media,Valle del Cauca,828116,48
21490,hombre,33,11,media,Valle del Cauca,1900000,42
21491,hombre,28,16,superior,Valle del Cauca,1400000,48
21492,hombre,52,10,media,Valle del Cauca,600000,79
21493,hombre,20,11,media,Valle del Cauca,1000000,75
21494,mujer,61,9,secundaria,Valle del Cauca,710000,45
21495,mujer,35,11,media,Valle del Cauca,57500,30
21496,mujer,53,11,media,Valle del Cauca,120000,18
21497,mujer,25,13,superior,Valle del Cauca,590000,30
21498,mujer,28,11,media,Valle del Cauca,1600000,60
21499,hombre,33,7,secundaria,Valle del Cauca,828116,72
21500,mujer,48,3,primaria,Valle del Cauca,600000,48
21501,hombre,29,11,media,Valle del Cauca,1300000,48
21502,hombre,32,6,secundaria,Valle del Cauca,600000,40
21503,mujer,27,11,media,Valle del Cauca,250000,20
21504,hombre,56,5,primaria,Valle del Cauca,800000,56
21505,mujer,50,15,superior,Valle del Cauca,2700000,48
21506,hombre,27,14,superior,Valle del Cauca,1200000,48
21507,mujer,61,5,primaria,Valle del Cauca,200000,48
21508,mujer,33,16,superior,Valle del Cauca,1220000,77
21509,hombre,20,11,media,Valle del Cauca,400000,40
21510,hombre,29,15,superior,Valle del Cauca,1200000,48
21511,mujer,24,11,media,Valle del Cauca,544000,32
21512,mujer,51,3,primaria,Valle del Cauca,240000,16
21513,hombre,28,13,superior,Valle del Cauca,1350000,48
21514,hombre,37,11,media,Valle del Cauca,1750000,48
21515,mujer,36,13,superior,Valle del Cauca,100000,6
21516,mujer,31,11,media,Valle del Cauca,100000,42
21517,mujer,50,11,media,Valle del Cauca,828000,48
21518,hombre,32,11,media,Valle del Cauca,828116,84
21519,hombre,30,13,superior,Valle del Cauca,1000000,30
21520,mujer,29,11,media,Valle del Cauca,1500000,48
21521,hombre,33,13,superior,Valle del Cauca,970000,48
21522,hombre,42,11,media,Valle del Cauca,1300000,54
21523,mujer,44,11,media,Valle del Cauca,280000,24
21524,hombre,49,16,superior,Valle del Cauca,2700000,44
21525,mujer,45,13,superior,Valle del Cauca,975000,48
21526,hombre,43,11,media,Valle del Cauca,6000000,48
21527,hombre,43,11,media,Valle del Cauca,900000,60
21528,mujer,46,14,superior,Valle del Cauca,1550000,48
21529,hombre,47,5,primaria,Valle del Cauca,500000,40
21530,hombre,57,5,primaria,Valle del Cauca,800000,50
21531,mujer,57,13,superior,Valle del Cauca,1730000,40
21532,hombre,35,11,media,Valle del Cauca,1200000,54
21533,hombre,29,5,primaria,Valle del Cauca,1000000,96
21534,mujer,24,11,media,Valle del Cauca,640000,48
21535,mujer,26,17,superior,Valle del Cauca,1400000,48
21536,hombre,49,11,media,Valle del Cauca,1200000,60
21537,mujer,60,9,secundaria,Valle del Cauca,300000,48
21538,hombre,27,11,media,Cundinamarca,1000000,72
21539,mujer,29,18,superior,La Guajira,500000,40
21540,hombre,37,13,superior,La Guajira,2000000,35
21541,hombre,50,5,primaria,La Guajira,2000000,60
21542,mujer,26,16,superior,La Guajira,1300000,45
21543,mujer,25,16,superior,La Guajira,2500000,48
21544,mujer,46,13,superior,La Guajira,781242,48
21545,mujer,28,16,superior,La Guajira,350000,15
21546,hombre,38,9,secundaria,La Guajira,800000,80
21547,mujer,34,10,media,La Guajira,520000,70
21548,mujer,54,13,superior,La Guajira,400000,40
21549,hombre,28,13,superior,La Guajira,900000,40
21550,hombre,22,13,superior,La Guajira,600000,50
21551,hombre,31,14,superior,La Guajira,1300000,48
21552,mujer,30,16,superior,La Guajira,1400000,48
21553,hombre,50,11,media,La Guajira,800000,70
21554,hombre,22,13,superior,La Guajira,781242,48
21555,mujer,61,5,primaria,La Guajira,300000,50
21556,mujer,36,13,superior,La Guajira,400000,40
21557,hombre,52,7,secundaria,La Guajira,1000000,80
21558,hombre,25,11,media,La Guajira,520000,48
21559,mujer,25,11,media,La Guajira,800000,60
21560,hombre,52,11,media,La Guajira,900000,80
21561,mujer,54,13,superior,La Guajira,781242,54
21562,hombre,24,10,media,La Guajira,600000,80
21563,mujer,22,8,secundaria,La Guajira,230000,20
21564,hombre,60,11,media,La Guajira,800000,50
21565,hombre,21,13,superior,La Guajira,240000,32
21566,mujer,20,13,superior,La Guajira,380000,50
21567,hombre,48,13,superior,La Guajira,800000,40
21568,mujer,49,15,superior,La Guajira,400000,40
21569,mujer,40,13,superior,La Guajira,860000,48
21570,mujer,54,13,superior,La Guajira,1000000,48
21571,mujer,61,5,primaria,La Guajira,200000,70
21572,hombre,51,13,superior,La Guajira,250000,40
21573,mujer,44,13,superior,La Guajira,300000,40
21574,hombre,33,13,superior,La Guajira,500000,40
21575,hombre,42,11,media,Caqueta,1100000,48
21576,mujer,43,11,media,Caqueta,300000,35
21577,mujer,39,13,superior,Bogota D.C.,2000000,20
21578,hombre,35,11,media,Bogota D.C.,1000000,60
21579,mujer,37,11,media,Bogota D.C.,1000000,60
21580,hombre,42,11,media,Bolivar,1500000,44
21581,hombre,38,11,media,Bolivar,800000,40
21582,mujer,45,11,media,Cesar,300000,28
21583,hombre,26,13,superior,Cesar,700000,48
21584,hombre,61,9,secundaria,Cesar,600000,60
21585,mujer,51,6,secundaria,Cesar,150000,48
21586,hombre,29,13,superior,Cundinamarca,1200000,63
21587,mujer,55,5,primaria,Cundinamarca,300000,24
21588,hombre,56,5,primaria,Cundinamarca,600000,55
21589,hombre,26,7,secundaria,Cundinamarca,720000,44
21590,hombre,37,11,media,Cundinamarca,600000,44
21591,mujer,57,3,primaria,Cundinamarca,100000,35
21592,hombre,23,5,primaria,Cundinamarca,300000,72
21593,hombre,21,11,media,Cundinamarca,781242,48
21594,hombre,19,9,secundaria,Cundinamarca,800000,72
21595,hombre,51,5,primaria,Cundinamarca,1200000,40
21596,mujer,57,11,media,Cundinamarca,400000,16
21597,mujer,30,12,superior,Cundinamarca,780000,48
21598,hombre,57,11,media,Cundinamarca,781242,48
21599,mujer,25,16,superior,Cundinamarca,1600000,48
21600,hombre,46,14,superior,Cundinamarca,1400000,14
21601,hombre,47,3,primaria,Cundinamarca,800000,40
21602,mujer,48,9,secundaria,Cundinamarca,800000,18
21603,hombre,35,18,superior,Cundinamarca,3000000,30
21604,mujer,28,17,superior,Cundinamarca,200000,30
21605,hombre,52,13,superior,Cundinamarca,1500000,48
21606,hombre,54,17,superior,Cundinamarca,3200000,35
21607,hombre,32,9,secundaria,Cundinamarca,800000,98
21608,hombre,42,9,secundaria,Quindio,50000,12
21609,hombre,62,7,secundaria,Quindio,90000,5
21610,hombre,39,11,media,Quindio,1100000,60
21611,mujer,54,7,secundaria,Quindio,700000,60
21612,hombre,26,18,superior,Quindio,1960000,45
21613,mujer,26,13,superior,Quindio,50000,3
21614,mujer,25,16,superior,Quindio,3300000,48
21615,hombre,56,1,primaria,Quindio,800000,60
21616,hombre,25,11,media,Quindio,800000,30
21617,hombre,36,9,secundaria,Quindio,828000,45
21618,mujer,39,11,media,Quindio,1700000,48
21619,hombre,48,0,ninguno,Quindio,840000,48
21620,hombre,26,11,media,Quindio,680000,45
21621,hombre,37,4,primaria,Quindio,804000,45
21622,hombre,25,11,media,Quindio,700000,60
21623,hombre,41,2,primaria,Quindio,200000,45
21624,mujer,36,2,primaria,Quindio,230000,20
21625,mujer,53,0,ninguno,Quindio,200000,24
21626,hombre,20,9,secundaria,Quindio,500000,30
21627,hombre,55,11,media,Quindio,828000,40
21628,hombre,65,7,secundaria,Quindio,240000,20
21629,mujer,38,11,media,Quindio,160000,16
21630,hombre,51,7,secundaria,Quindio,600000,48
21631,mujer,21,13,superior,Quindio,1128116,60
21632,hombre,35,13,superior,Quindio,800000,48
21633,mujer,22,16,superior,Quindio,360000,30
21634,mujer,58,11,media,Quindio,60000,7
21635,mujer,40,13,superior,Quindio,928100,48
21636,hombre,54,6,secundaria,Quindio,200000,48
21637,mujer,56,14,superior,Quindio,1400000,44
21638,hombre,27,16,superior,Quindio,1000000,44
21639,mujer,19,10,media,Quindio,200000,60
21640,hombre,53,9,secundaria,Quindio,1200000,50
21641,hombre,23,14,superior,Quindio,988000,45
21642,mujer,50,16,superior,Quindio,1800000,40
21643,hombre,57,8,secundaria,Quindio,1000000,72
21644,hombre,53,3,primaria,Quindio,150000,30
21645,hombre,57,5,primaria,Quindio,150000,18
21646,hombre,44,9,secundaria,Quindio,800000,51
21647,mujer,51,4,primaria,Quindio,1000000,84
21648,mujer,28,11,media,Quindio,800000,70
21649,mujer,59,5,primaria,Quindio,380000,21
21650,hombre,62,5,primaria,Quindio,520000,40
21651,hombre,65,5,primaria,Quindio,800000,65
21652,hombre,33,6,secundaria,Quindio,1000000,72
21653,hombre,20,11,media,Quindio,1028000,40
21654,hombre,33,2,primaria,Quindio,700000,72
21655,hombre,60,1,primaria,Quindio,600000,45
21656,hombre,46,11,media,Quindio,1000000,90
21657,mujer,38,13,superior,Quindio,600000,90
21658,hombre,56,11,media,Quindio,1200000,48
21659,hombre,56,5,primaria,Quindio,100000,56
21660,hombre,52,5,primaria,Quindio,120000,60
21661,mujer,48,1,primaria,Quindio,1200000,60
21662,hombre,25,11,media,Quindio,500000,30
21663,hombre,19,11,media,Quindio,300000,12
21664,hombre,59,3,primaria,Quindio,350000,40
21665,hombre,30,11,media,Quindio,1220000,56
21666,mujer,29,11,media,Quindio,240000,16
21667,hombre,23,10,media,Quindio,1000000,84
21668,hombre,50,19,superior,Quindio,1000000,40
21669,mujer,34,18,superior,Quindio,2500000,40
21670,hombre,56,5,primaria,Quindio,640000,40
21671,mujer,54,11,media,Quindio,40000,4
21672,hombre,24,13,superior,Quindio,828116,72
21673,mujer,43,8,secundaria,Quindio,400000,60
21674,hombre,25,14,superior,Quindio,2300000,40
21675,hombre,35,4,primaria,Quindio,700000,50
21676,hombre,34,11,media,Quindio,3000000,48
21677,hombre,63,2,primaria,Quindio,800000,60
21678,mujer,51,11,media,Quindio,200000,40
21679,hombre,59,8,secundaria,Quindio,800000,40
21680,mujer,36,16,superior,Quindio,1228000,8
21681,hombre,21,11,media,Quindio,828000,48
21682,hombre,51,9,secundaria,Quindio,1000000,40
21683,mujer,64,5,primaria,Quindio,400000,81
21684,mujer,57,16,superior,Quindio,3300000,30
21685,hombre,62,16,superior,Quindio,500000,21
21686,mujer,58,15,superior,Quindio,500000,40
21687,mujer,50,8,secundaria,Quindio,30000,14
21688,mujer,35,16,superior,Quindio,4000000,24
21689,hombre,18,3,primaria,Quindio,828100,48
21690,hombre,24,7,secundaria,Quindio,740000,40
21691,mujer,54,5,primaria,Quindio,485000,60
21692,hombre,43,5,primaria,Quindio,6000000,40
21693,mujer,36,11,media,Quindio,200000,63
21694,hombre,48,5,primaria,Quindio,828116,72
21695,mujer,54,7,secundaria,Quindio,500000,35
21696,mujer,59,11,media,Quindio,500000,30
21697,mujer,63,3,primaria,Quindio,400000,42
21698,hombre,44,7,secundaria,Quindio,80000,30
21699,hombre,40,16,superior,Quindio,828000,40
21700,hombre,62,5,primaria,Quindio,600000,60
21701,hombre,43,4,primaria,Quindio,600000,40
21702,hombre,40,5,primaria,Quindio,600000,40
21703,hombre,56,5,primaria,Quindio,800000,48
21704,mujer,38,5,primaria,Quindio,15000,35
21705,hombre,35,5,primaria,Quindio,480000,45
21706,hombre,61,2,primaria,Quindio,350000,15
21707,mujer,60,0,ninguno,Quindio,200000,20
21708,hombre,28,11,media,Quindio,1120000,48
21709,mujer,49,6,secundaria,Quindio,400000,21
21710,hombre,57,5,primaria,Quindio,640000,50
21711,mujer,39,11,media,Quindio,80000,60
21712,hombre,52,2,primaria,Quindio,800000,51
21713,mujer,38,2,primaria,Quindio,60000,6
21714,hombre,50,9,secundaria,Quindio,828100,54
21715,mujer,30,11,media,Quindio,828100,48
21716,mujer,45,7,secundaria,Quindio,1200000,45
21717,hombre,20,11,media,Quindio,1135000,60
21718,hombre,37,13,superior,Quindio,1050000,48
21719,mujer,62,11,media,Quindio,414058,20
21720,hombre,63,4,primaria,Quindio,400000,65
21721,hombre,54,8,secundaria,Quindio,320000,60
21722,hombre,56,11,media,Quindio,4140000,40
21723,mujer,58,14,superior,Quindio,700000,20
21724,mujer,28,11,media,Quindio,440000,16
21725,hombre,61,6,secundaria,Quindio,828000,45
21726,mujer,26,11,media,Quindio,300000,40
21727,mujer,46,5,primaria,Quindio,500000,36
21728,mujer,53,11,media,Quindio,828100,48
21729,hombre,50,8,secundaria,Quindio,800000,60
21730,mujer,24,16,superior,Quindio,1600000,51
21731,hombre,42,11,media,Quindio,828000,96
21732,mujer,19,11,media,Quindio,400000,45
21733,hombre,32,11,media,Quindio,350000,40
21734,hombre,30,11,media,Quindio,948100,68
21735,mujer,43,2,primaria,Quindio,200000,24
21736,hombre,22,7,secundaria,Quindio,890000,50
21737,mujer,35,8,secundaria,Quindio,800000,72
21738,hombre,26,11,superior,Quindio,828116,60
21739,hombre,58,6,secundaria,Quindio,800000,70
21740,hombre,39,13,superior,Quindio,2600000,58
21741,hombre,51,11,media,Quindio,828116,51
21742,mujer,39,5,primaria,Quindio,800000,54
21743,hombre,53,7,secundaria,Quindio,480000,48
21744,mujer,52,9,secundaria,Quindio,100000,18
21745,hombre,56,1,primaria,Quindio,800000,50
21746,mujer,22,16,superior,Quindio,1200000,48
21747,hombre,46,7,secundaria,Quindio,800000,105
21748,mujer,48,9,secundaria,Quindio,400000,105
21749,hombre,24,14,superior,Quindio,828000,40
21750,hombre,47,5,primaria,Quindio,800000,40
21751,hombre,51,11,media,Quindio,828100,48
21752,hombre,23,11,media,Quindio,600000,60
21753,hombre,47,11,media,Quindio,828116,84
21754,hombre,51,5,primaria,Quindio,1000000,51
21755,hombre,40,16,superior,Quindio,1552000,45
21756,hombre,33,11,media,Quindio,1028100,48
21757,hombre,46,6,secundaria,Quindio,760000,50
21758,hombre,35,11,media,Quindio,1200000,44
21759,hombre,21,12,superior,Quindio,414000,20
21760,hombre,52,5,primaria,Quindio,828100,48
21761,hombre,52,5,primaria,Quindio,600000,42
21762,hombre,18,12,superior,Quindio,828116,56
21763,hombre,21,11,media,Quindio,800000,48
21764,mujer,19,9,secundaria,Quindio,828116,45
21765,mujer,37,11,media,Quindio,400000,55
21766,hombre,50,8,secundaria,Quindio,250000,40
21767,hombre,49,15,superior,Atlantico,1749000,40
21768,hombre,57,5,primaria,Bogota D.C.,2500000,70
21769,mujer,37,7,secundaria,Bogota D.C.,3000000,40
21770,hombre,33,5,primaria,Bogota D.C.,1300000,48
21771,hombre,52,14,superior,Bogota D.C.,4000000,40
21772,mujer,49,17,superior,Bogota D.C.,3000000,35
21773,mujer,23,15,superior,Bogota D.C.,1500000,48
21774,mujer,37,16,superior,Bogota D.C.,1600000,48
21775,hombre,28,13,superior,Bogota D.C.,1200000,48
21776,hombre,20,14,superior,Bogota D.C.,828116,48
21777,hombre,50,9,secundaria,Boyaca,500000,77
21778,mujer,40,5,primaria,Boyaca,520000,48
21779,hombre,57,16,superior,Caldas,450000,40
21780,mujer,60,16,superior,Caldas,1800000,40
21781,hombre,46,5,primaria,Caqueta,600000,30
21782,hombre,42,13,superior,Caqueta,1700000,48
21783,mujer,42,26,superior,Caqueta,5200000,40
21784,hombre,23,11,media,Cesar,500000,48
21785,hombre,63,5,primaria,Cesar,1000000,48
21786,mujer,42,11,media,Cesar,500000,48
21787,mujer,43,11,media,Cesar,500000,48
21788,hombre,52,13,superior,Cesar,900000,48
21789,hombre,36,3,primaria,Cesar,820000,48
21790,hombre,25,11,media,Cesar,600000,60
21791,mujer,31,11,media,Cesar,781000,48
21792,hombre,31,11,media,Cesar,850000,54
21793,mujer,27,11,media,Cesar,781000,48
21794,mujer,26,11,media,Cesar,300000,40
21795,hombre,24,9,secundaria,Cesar,600000,50
21796,mujer,43,11,media,Cordoba,600000,16
21797,hombre,49,18,superior,Huila,5000000,45
21798,mujer,46,16,superior,Huila,3800000,40
21799,mujer,38,16,superior,Huila,3000000,48
21800,hombre,47,11,media,Huila,900000,48
21801,mujer,38,11,media,Huila,880000,48
21802,mujer,26,11,media,La Guajira,800000,72
21803,hombre,31,11,media,La Guajira,2000000,60
21804,hombre,35,2,primaria,Santander,5000000,126
21805,hombre,21,11,media,Santander,500000,48
21806,hombre,53,5,primaria,Santander,2000000,78
21807,hombre,34,11,media,Santander,1000000,50
21808,mujer,44,13,superior,Santander,925000,48
21809,hombre,30,7,secundaria,Santander,2000000,48
21810,mujer,32,2,primaria,Santander,400000,15
21811,hombre,24,8,secundaria,Santander,2000000,50
21812,mujer,45,5,primaria,Santander,1200000,60
21813,mujer,38,5,primaria,Santander,800000,48
21814,mujer,56,5,primaria,Tolima,30000,77
21815,hombre,43,5,primaria,Tolima,120000,63
21816,hombre,21,9,secundaria,Tolima,1500000,54
21817,hombre,50,6,secundaria,Bolivar,1021242,70
21818,mujer,45,14,superior,Bolivar,901242,70
21819,mujer,58,16,superior,Bolivar,2000000,50
21820,hombre,31,11,media,Bolivar,781242,70
21821,mujer,41,16,superior,Bolivar,1000000,40
