campana_id,cliente_id,fecha_envio,canal,tipo_oferta,costo,convertido
600001,3000002,2025-02-26,sms,cashback,700,0
600002,3000003,2025-02-22,email,generico,3600,0
600003,3000004,2025-07-05,sms,descuento,2500,0
600004,3000004,2026-02-20,email,cashback,3600,0
600005,3000005,2025-10-07,email,generico,2900,0
600006,3000005,2025-07-16,sms,descuento,2000,0
600007,3000006,2025-02-03,push,descuento,700,0
600008,3000006,2025-08-25,push,descuento,2900,0
600009,3000008,2025-11-18,push,cashback,1600,0
600010,3000009,2025-10-18,push,generico,2900,0
600011,3000010,2025-04-18,email,descuento,3800,0
600012,3000010,2025-12-23,push,upgrade_credito,2400,0
600013,3000010,2025-11-14,email,generico,3700,0
600014,3000011,2026-01-16,email,upgrade_credito,3600,0
600015,3000011,2025-11-10,push,cashback,1800,0
600016,3000012,2025-04-17,push,generico,800,0
600017,3000013,2026-01-21,push,descuento,1700,0
600018,3000015,2025-05-21,push,generico,2500,0
600019,3000016,2025-12-22,sms,descuento,4000,0
600020,3000017,2025-12-29,push,generico,2800,0
600021,3000018,2025-12-18,email,descuento,2200,0
600022,3000020,2025-05-19,push,cashback,2400,1
600023,3000020,2025-07-23,sms,upgrade_credito,1800,0
600024,3000021,2025-10-25,sms,descuento,3000,0
600025,3000021,2026-01-06,push,descuento,2100,0
600026,3000022,2025-02-20,sms,generico,2800,0
600027,3000022,2025-04-16,push,generico,1800,0
600028,3000023,2026-01-24,push,cashback,2700,0
600029,3000023,2025-08-02,push,cashback,1100,1
600030,3000023,2025-04-28,email,descuento,1700,0
600031,3000025,2026-02-19,push,generico,1600,0
600032,3000026,2025-03-14,push,cashback,3700,1
600033,3000027,2025-06-23,email,descuento,3700,0
600034,3000027,2025-06-11,push,descuento,3200,0
600035,3000028,2025-04-11,push,cashback,3700,0
600036,3000028,2025-03-06,push,upgrade_credito,2100,0
600037,3000028,2025-02-26,push,cashback,3600,0
600038,3000029,2025-11-05,email,descuento,500,0
600039,3000029,2025-03-04,push,upgrade_credito,3100,1
600040,3000029,2025-11-26,push,cashback,2900,0
600041,3000030,2025-01-03,push,descuento,1600,0
600042,3000030,2025-09-24,email,cashback,2800,0
600043,3000031,2025-11-04,email,cashback,2200,0
600044,3000031,2025-09-03,email,cashback,3400,0
600045,3000032,2025-07-31,sms,generico,2300,1
600046,3000032,2025-04-22,push,cashback,3000,0
600047,3000032,2025-07-20,push,cashback,2100,0
600048,3000033,2025-04-06,email,cashback,1800,0
600049,3000033,2025-09-16,sms,generico,3200,0
600050,3000033,2025-01-22,email,descuento,1600,0
600051,3000033,2025-10-31,sms,cashback,1000,0
600052,3000035,2025-04-13,push,descuento,3800,0
600053,3000035,2026-01-09,push,generico,3200,0
600054,3000035,2025-07-27,push,descuento,2900,0
600055,3000035,2025-09-05,email,cashback,900,0
600056,3000036,2026-02-19,push,descuento,2200,0
600057,3000038,2026-02-23,push,descuento,2500,0
600058,3000038,2025-08-06,sms,cashback,500,0
600059,3000038,2026-02-18,push,generico,3200,0
600060,3000039,2026-02-20,email,generico,2200,0
600061,3000039,2025-05-07,sms,generico,3000,0
600062,3000039,2025-03-29,push,cashback,1300,1
600063,3000041,2025-05-28,email,cashback,1300,0
600064,3000041,2026-02-14,email,generico,900,0
600065,3000042,2025-06-01,email,cashback,2400,0
600066,3000042,2025-12-29,push,generico,800,0
600067,3000043,2025-10-06,email,generico,600,0
600068,3000043,2026-02-27,push,generico,3200,0
600069,3000044,2025-12-14,push,descuento,3200,0
600070,3000044,2026-02-10,push,descuento,2900,0
600071,3000044,2025-11-06,email,descuento,3500,0
600072,3000045,2025-03-05,email,cashback,1800,0
600073,3000045,2025-04-01,push,generico,1200,0
600074,3000046,2025-09-02,push,cashback,3700,0
600075,3000046,2025-01-12,email,descuento,2700,0
600076,3000048,2025-01-20,sms,cashback,1200,1
600077,3000050,2025-08-19,push,generico,2000,0
600078,3000051,2025-04-30,push,descuento,1100,0
600079,3000051,2025-03-09,push,cashback,2400,0
600080,3000052,2025-05-14,push,generico,2700,0
600081,3000052,2026-02-16,push,descuento,1200,0
600082,3000053,2025-04-20,sms,generico,3300,0
600083,3000053,2025-07-07,email,cashback,2700,0
600084,3000054,2025-09-01,push,cashback,3500,0
600085,3000055,2025-12-18,push,cashback,2500,0
600086,3000056,2025-01-11,sms,upgrade_credito,3600,0
600087,3000056,2026-01-27,sms,upgrade_credito,2000,0
600088,3000057,2025-01-06,sms,upgrade_credito,1300,0
600089,3000057,2025-06-22,push,cashback,3800,0
600090,3000058,2025-02-25,email,cashback,500,0
600091,3000059,2025-04-15,email,upgrade_credito,1700,0
600092,3000059,2025-03-04,email,generico,1500,0
600093,3000060,2025-08-07,push,generico,1600,0
600094,3000060,2025-02-05,email,descuento,1100,0
600095,3000061,2025-11-08,push,generico,2000,0
600096,3000062,2025-08-25,push,upgrade_credito,1900,1
600097,3000062,2025-01-30,sms,descuento,3000,0
600098,3000062,2025-02-26,push,descuento,900,0
600099,3000062,2025-01-25,push,generico,3500,0
600100,3000063,2025-06-12,push,cashback,3000,0
600101,3000063,2025-10-12,push,generico,1500,0
600102,3000063,2025-06-30,sms,upgrade_credito,3500,0
600103,3000065,2025-01-01,push,generico,1000,0
600104,3000066,2025-02-15,push,generico,3800,0
600105,3000066,2025-11-21,push,generico,2100,0
600106,3000067,2026-03-03,email,cashback,3700,1
600107,3000067,2025-03-30,push,cashback,1500,1
600108,3000069,2025-03-20,email,generico,2700,0
600109,3000069,2025-12-03,push,upgrade_credito,1200,0
600110,3000070,2025-12-14,email,descuento,700,0
600111,3000070,2025-02-07,push,cashback,600,0
600112,3000070,2026-02-03,push,upgrade_credito,3500,0
600113,3000071,2026-01-27,email,generico,800,0
600114,3000071,2025-02-02,sms,descuento,3400,0
600115,3000071,2025-07-22,sms,cashback,2100,0
600116,3000072,2025-04-03,push,upgrade_credito,3700,0
600117,3000073,2025-01-31,push,descuento,3400,0
600118,3000073,2025-09-01,push,cashback,1200,0
600119,3000073,2025-04-30,sms,cashback,3200,0
600120,3000073,2025-07-26,email,cashback,900,0
600121,3000074,2025-04-28,push,generico,1700,0
600122,3000075,2025-10-05,sms,descuento,3100,1
600123,3000075,2025-09-26,sms,descuento,1300,0
600124,3000075,2025-07-18,push,cashback,1300,0
600125,3000077,2025-10-11,sms,cashback,2400,0
600126,3000077,2025-08-01,push,upgrade_credito,1600,0
600127,3000078,2026-03-13,email,cashback,2200,0
600128,3000080,2025-05-08,email,descuento,1400,0
600129,3000080,2025-01-10,email,cashback,1100,0
600130,3000080,2025-06-14,push,descuento,3300,0
600131,3000081,2025-11-03,sms,generico,1100,0
600132,3000081,2025-09-10,sms,generico,1600,0
600133,3000083,2025-10-12,email,descuento,600,0
600134,3000084,2025-04-29,email,generico,3100,0
600135,3000084,2025-04-27,push,descuento,1400,0
600136,3000085,2025-11-28,email,descuento,2300,0
600137,3000085,2025-06-12,email,descuento,2600,0
600138,3000086,2025-06-20,push,generico,3500,0
600139,3000087,2026-02-28,push,upgrade_credito,3500,0
600140,3000087,2025-06-06,push,cashback,3000,0
600141,3000087,2025-09-06,email,upgrade_credito,2200,0
600142,3000089,2025-12-02,email,descuento,700,0
600143,3000089,2026-01-21,sms,cashback,1000,0
600144,3000090,2025-12-29,sms,cashback,500,0
600145,3000091,2026-03-01,email,generico,3200,0
600146,3000091,2025-06-25,email,cashback,2500,0
600147,3000092,2025-02-06,push,descuento,2200,1
600148,3000092,2025-06-28,push,generico,700,0
600149,3000093,2025-02-05,sms,generico,2700,0
600150,3000093,2025-09-18,sms,cashback,1900,0
600151,3000093,2026-02-28,email,descuento,2100,0
600152,3000093,2025-06-30,push,descuento,1500,0
600153,3000093,2025-01-12,push,cashback,3600,0
600154,3000093,2025-11-29,sms,descuento,1700,0
600155,3000094,2025-07-30,push,generico,2800,0
600156,3000094,2026-01-19,push,generico,800,0
600157,3000096,2025-01-27,sms,cashback,2100,0
600158,3000096,2025-08-13,push,cashback,3500,0
600159,3000096,2025-02-08,push,cashback,4000,0
600160,3000096,2025-07-29,email,cashback,800,0
600161,3000096,2025-01-20,email,cashback,3800,0
600162,3000096,2025-12-24,email,cashback,2700,0
600163,3000097,2025-12-30,push,generico,3100,0
600164,3000097,2025-11-02,push,generico,3500,0
600165,3000099,2026-03-05,sms,generico,3600,0
600166,3000100,2025-08-05,push,generico,3300,0
600167,3000100,2026-01-06,sms,cashback,2000,0
600168,3000100,2025-05-20,sms,descuento,1200,0
600169,3000101,2026-03-01,email,descuento,1900,0
600170,3000101,2026-02-28,push,descuento,1400,0
600171,3000101,2025-01-26,email,upgrade_credito,1100,0
600172,3000101,2025-12-14,email,descuento,1600,0
600173,3000101,2026-03-07,email,descuento,1600,0
600174,3000102,2025-02-26,sms,descuento,1000,0
600175,3000102,2025-12-20,push,generico,900,0
600176,3000104,2025-01-06,push,upgrade_credito,3400,0
600177,3000104,2025-08-15,sms,cashback,2400,0
600178,3000105,2025-06-25,push,upgrade_credito,1200,0
600179,3000105,2025-09-17,push,generico,600,0
600180,3000106,2025-11-25,email,descuento,2600,0
600181,3000107,2025-05-06,push,cashback,4000,1
600182,3000108,2025-10-31,push,upgrade_credito,1700,0
600183,3000108,2025-09-08,email,descuento,2200,0
600184,3000108,2025-12-13,push,generico,3300,0
600185,3000109,2026-01-02,push,upgrade_credito,3400,0
600186,3000109,2025-11-29,email,descuento,2300,0
600187,3000109,2025-10-16,push,descuento,1700,0
600188,3000110,2025-02-27,push,generico,2800,1
600189,3000110,2025-06-09,push,cashback,1200,0
600190,3000111,2025-05-01,push,descuento,900,0
600191,3000111,2025-08-18,sms,upgrade_credito,3400,0
600192,3000112,2025-04-23,push,generico,2500,0
600193,3000113,2025-06-01,sms,descuento,1000,0
600194,3000113,2025-01-06,push,cashback,1800,0
600195,3000114,2025-07-25,sms,generico,2500,0
600196,3000114,2025-08-16,sms,cashback,2300,0
600197,3000114,2025-08-10,email,upgrade_credito,700,0
600198,3000115,2025-05-23,email,cashback,1000,0
600199,3000116,2025-03-26,push,generico,1600,0
600200,3000116,2025-09-03,push,descuento,2700,0
600201,3000118,2025-11-12,email,descuento,3500,0
600202,3000120,2026-01-31,push,cashback,1000,0
600203,3000120,2025-09-08,push,generico,3500,0
600204,3000123,2025-11-14,push,descuento,3200,0
600205,3000123,2025-02-12,sms,generico,2200,0
600206,3000123,2025-11-02,push,cashback,3700,1
600207,3000124,2025-08-09,push,upgrade_credito,1200,0
600208,3000124,2025-06-10,push,cashback,2500,0
600209,3000125,2025-08-19,email,descuento,2300,0
600210,3000126,2025-07-26,push,cashback,3000,0
600211,3000126,2025-03-20,push,generico,2900,0
600212,3000127,2025-01-06,push,cashback,3600,0
600213,3000127,2026-01-31,email,upgrade_credito,1300,0
600214,3000128,2025-12-22,push,generico,1900,0
600215,3000129,2025-02-05,sms,descuento,1700,0
600216,3000129,2025-02-21,email,cashback,600,0
600217,3000130,2025-09-07,email,generico,3400,0
600218,3000131,2025-06-30,push,descuento,2700,0
600219,3000131,2025-03-26,push,descuento,1000,0
600220,3000132,2026-02-09,email,upgrade_credito,2000,0
600221,3000133,2025-05-13,email,generico,1000,0
600222,3000133,2026-02-26,push,descuento,1600,1
600223,3000133,2025-12-25,push,generico,3900,0
600224,3000134,2025-09-16,push,descuento,2600,0
600225,3000135,2025-06-14,push,generico,2300,0
600226,3000135,2026-01-05,sms,descuento,3500,0
600227,3000135,2025-11-25,sms,generico,2800,0
600228,3000135,2025-05-03,sms,generico,1900,0
600229,3000136,2025-07-23,email,descuento,1200,0
600230,3000136,2025-01-10,push,cashback,600,0
600231,3000136,2025-03-31,email,cashback,1500,0
600232,3000137,2025-09-08,push,upgrade_credito,2200,0
600233,3000137,2026-03-06,push,upgrade_credito,800,0
600234,3000137,2025-05-19,push,descuento,3100,0
600235,3000139,2025-12-02,email,descuento,3900,0
600236,3000139,2026-01-28,push,cashback,1700,0
600237,3000139,2025-08-16,push,generico,1300,0
600238,3000139,2025-04-15,push,upgrade_credito,3000,0
600239,3000141,2025-03-18,email,cashback,2200,0
600240,3000142,2025-06-10,push,cashback,2800,1
600241,3000142,2025-10-23,push,descuento,1500,0
600242,3000142,2025-08-05,email,cashback,1000,0
600243,3000143,2025-07-02,email,cashback,600,0
600244,3000143,2025-12-31,email,generico,3200,1
600245,3000145,2026-03-02,sms,upgrade_credito,1100,0
600246,3000146,2025-12-13,sms,generico,3100,0
600247,3000146,2026-03-14,push,descuento,1900,0
600248,3000147,2025-07-05,push,descuento,900,0
600249,3000147,2026-02-12,push,descuento,3300,0
600250,3000147,2025-10-18,push,cashback,1800,0
600251,3000148,2025-11-11,email,cashback,3400,0
600252,3000149,2025-11-27,email,cashback,1700,0
600253,3000150,2025-07-19,email,generico,1600,0
600254,3000150,2026-02-22,push,upgrade_credito,1000,0
600255,3000150,2025-02-01,push,cashback,3800,0
600256,3000151,2025-03-25,email,generico,3900,0
600257,3000151,2025-04-05,push,cashback,800,0
600258,3000151,2026-03-06,push,descuento,1500,0
600259,3000152,2025-02-22,push,descuento,4000,0
600260,3000152,2026-01-02,push,generico,2700,0
600261,3000152,2025-10-13,push,cashback,1200,0
600262,3000152,2025-04-20,push,cashback,1100,0
600263,3000153,2025-12-19,push,cashback,1400,0
600264,3000153,2025-12-01,push,cashback,3200,0
600265,3000155,2026-02-22,push,descuento,1000,0
600266,3000156,2025-07-22,push,cashback,800,0
600267,3000157,2025-09-13,email,cashback,1100,0
600268,3000157,2025-06-03,sms,cashback,1400,0
600269,3000158,2025-09-22,email,cashback,2900,0
600270,3000159,2026-01-17,sms,upgrade_credito,2200,0
600271,3000159,2025-05-02,push,descuento,900,0
600272,3000160,2025-02-08,email,descuento,2800,1
600273,3000161,2025-03-05,sms,upgrade_credito,2300,0
600274,3000162,2025-01-20,push,upgrade_credito,2300,0
600275,3000162,2025-01-02,push,generico,2000,0
600276,3000163,2025-11-25,push,descuento,600,0
600277,3000163,2025-07-13,email,descuento,2800,0
600278,3000163,2026-01-19,email,upgrade_credito,2800,0
600279,3000163,2025-09-04,push,upgrade_credito,3500,0
600280,3000165,2025-04-08,email,cashback,3200,0
600281,3000165,2025-02-28,email,cashback,2300,0
600282,3000165,2025-03-19,sms,generico,800,0
600283,3000166,2026-02-13,push,cashback,2800,0
600284,3000166,2025-04-01,sms,upgrade_credito,3900,0
600285,3000167,2025-03-15,push,cashback,1500,0
600286,3000167,2025-11-09,email,cashback,800,0
600287,3000169,2025-02-18,email,cashback,2900,0
600288,3000171,2025-04-24,email,cashback,3400,0
600289,3000172,2025-09-03,email,upgrade_credito,3000,0
600290,3000173,2025-01-24,sms,generico,1600,0
600291,3000173,2025-02-22,email,generico,3300,0
600292,3000174,2025-04-27,push,cashback,3500,0
600293,3000176,2025-10-20,push,cashback,1800,0
600294,3000176,2025-03-01,push,generico,2400,0
600295,3000177,2025-11-14,push,generico,2400,0
600296,3000178,2025-04-12,sms,upgrade_credito,3900,0
600297,3000178,2025-05-15,push,cashback,2400,0
600298,3000178,2025-03-31,sms,upgrade_credito,1800,1
600299,3000179,2025-10-01,push,cashback,2200,0
600300,3000179,2026-01-26,email,generico,1700,0
600301,3000180,2025-10-09,push,descuento,3200,0
600302,3000182,2025-09-02,email,generico,3900,0
600303,3000182,2026-01-20,push,generico,3500,0
600304,3000183,2025-01-16,push,cashback,3300,1
600305,3000184,2025-04-11,sms,upgrade_credito,2800,0
600306,3000184,2025-02-11,push,descuento,800,0
600307,3000186,2025-08-15,push,descuento,1300,0
600308,3000187,2025-05-29,push,upgrade_credito,1700,0
600309,3000188,2025-03-03,email,cashback,2600,0
600310,3000188,2025-01-27,push,generico,3800,0
600311,3000190,2025-05-29,sms,cashback,1000,0
600312,3000190,2025-04-13,email,cashback,3600,1
600313,3000190,2025-08-28,email,generico,2900,0
600314,3000191,2025-10-05,sms,descuento,1900,0
600315,3000191,2025-01-16,push,generico,2200,1
600316,3000192,2025-10-25,push,cashback,3600,0
600317,3000192,2025-09-15,email,upgrade_credito,900,0
600318,3000193,2025-10-13,sms,descuento,3500,0
600319,3000194,2025-12-23,email,generico,3700,0
600320,3000195,2026-03-14,push,cashback,600,0
600321,3000196,2025-10-07,push,cashback,3900,0
600322,3000197,2025-03-20,email,cashback,1900,0
600323,3000197,2025-02-28,push,generico,3500,1
600324,3000198,2025-06-19,push,cashback,1500,0
600325,3000198,2025-10-12,push,descuento,600,0
600326,3000198,2025-10-10,push,cashback,3400,0
600327,3000199,2026-03-05,email,cashback,1800,0
600328,3000199,2025-11-18,push,cashback,2200,0
600329,3000199,2025-02-05,push,cashback,1800,0
600330,3000200,2025-02-08,push,descuento,3900,0
600331,3000200,2025-04-14,push,descuento,1600,0
600332,3000201,2025-01-05,push,cashback,3200,0
600333,3000201,2026-02-28,email,descuento,1500,0
600334,3000201,2025-11-16,push,descuento,3300,0
600335,3000202,2025-01-26,push,cashback,1800,0
600336,3000202,2025-10-04,push,descuento,1400,0
600337,3000202,2025-01-20,email,descuento,3400,0
600338,3000203,2026-01-03,push,upgrade_credito,900,0
600339,3000203,2025-02-26,push,descuento,2000,0
600340,3000204,2025-08-17,sms,generico,500,0
600341,3000205,2025-08-22,push,descuento,2100,0
600342,3000205,2025-06-12,email,cashback,2700,0
600343,3000205,2026-01-27,email,descuento,3000,0
600344,3000206,2026-01-20,push,generico,1000,0
600345,3000206,2025-12-26,push,descuento,3500,0
600346,3000208,2025-01-15,push,generico,3700,0
600347,3000209,2025-02-06,push,descuento,2900,0
600348,3000210,2025-03-19,email,generico,3800,0
600349,3000212,2025-08-06,email,descuento,600,0
600350,3000212,2025-07-12,email,descuento,2200,0
600351,3000213,2026-02-06,sms,cashback,500,1
600352,3000214,2025-06-17,sms,cashback,1100,0
600353,3000214,2025-03-20,email,upgrade_credito,1900,0
600354,3000214,2025-02-15,email,generico,3600,0
600355,3000214,2025-04-12,email,cashback,1700,0
600356,3000215,2025-03-02,push,upgrade_credito,2600,0
600357,3000217,2025-11-11,email,upgrade_credito,3800,0
600358,3000217,2026-01-03,email,descuento,900,0
600359,3000217,2025-06-04,push,cashback,500,0
600360,3000218,2025-05-23,push,generico,2800,1
600361,3000218,2025-12-16,push,cashback,1000,0
600362,3000219,2025-12-03,sms,generico,2500,0
600363,3000219,2025-08-16,push,cashback,2800,1
600364,3000219,2026-01-15,email,descuento,1100,0
600365,3000220,2025-08-21,push,cashback,1800,0
600366,3000221,2026-02-10,push,upgrade_credito,600,0
600367,3000222,2025-01-02,sms,cashback,1300,0
600368,3000223,2026-01-06,push,upgrade_credito,3200,0
600369,3000223,2026-03-01,email,cashback,4000,0
600370,3000223,2025-07-24,push,descuento,2400,0
600371,3000224,2025-06-20,sms,descuento,1000,0
600372,3000225,2025-10-26,push,generico,3500,0
600373,3000226,2025-11-01,push,generico,800,0
600374,3000226,2025-05-07,email,upgrade_credito,2500,0
600375,3000226,2025-09-29,push,cashback,1000,0
600376,3000227,2025-07-15,push,descuento,2900,0
600377,3000227,2025-09-23,email,upgrade_credito,3000,0
600378,3000227,2025-08-28,sms,generico,1500,0
600379,3000228,2026-03-06,sms,descuento,1200,0
600380,3000228,2026-01-17,sms,cashback,1900,0
600381,3000228,2026-02-07,email,generico,2800,0
600382,3000228,2026-03-05,email,cashback,3100,0
600383,3000228,2025-03-28,email,descuento,1600,0
600384,3000229,2025-06-23,push,descuento,1400,0
600385,3000229,2025-11-20,email,descuento,1400,0
600386,3000230,2025-02-28,sms,descuento,3000,0
600387,3000231,2025-09-22,sms,descuento,2000,0
600388,3000231,2025-02-13,email,generico,800,0
600389,3000231,2025-10-10,email,generico,3700,0
600390,3000231,2025-06-03,push,generico,600,0
600391,3000232,2025-04-19,push,cashback,1700,0
600392,3000232,2025-01-02,push,upgrade_credito,2400,1
600393,3000233,2025-08-04,push,cashback,3600,1
600394,3000235,2025-04-21,push,descuento,3000,0
600395,3000236,2025-10-17,push,cashback,1200,0
600396,3000236,2025-09-29,email,cashback,1700,0
600397,3000238,2025-08-06,sms,generico,1200,0
600398,3000238,2026-01-01,email,cashback,2300,0
600399,3000239,2025-05-04,push,generico,3800,0
600400,3000239,2025-03-25,sms,cashback,3100,0
600401,3000239,2026-01-30,push,descuento,2000,0
600402,3000239,2025-01-14,push,descuento,800,0
600403,3000240,2025-01-19,email,upgrade_credito,2300,0
600404,3000240,2025-09-17,email,upgrade_credito,2900,0
600405,3000240,2025-06-10,push,cashback,2000,0
600406,3000241,2026-01-31,push,generico,1300,0
600407,3000241,2025-05-30,email,generico,2900,1
600408,3000241,2025-02-06,sms,descuento,1600,0
600409,3000242,2025-04-18,sms,cashback,2400,0
600410,3000242,2025-08-30,push,descuento,500,0
600411,3000244,2025-06-03,push,upgrade_credito,3300,0
600412,3000244,2025-10-23,push,generico,1900,0
600413,3000245,2025-11-09,email,cashback,2800,0
600414,3000246,2025-10-19,email,upgrade_credito,1700,0
600415,3000246,2025-07-11,email,upgrade_credito,2600,0
600416,3000246,2026-02-02,push,generico,1200,0
600417,3000246,2026-02-15,push,upgrade_credito,3700,0
600418,3000246,2025-07-27,email,generico,1100,0
600419,3000247,2025-06-18,sms,descuento,2100,0
600420,3000247,2026-01-10,email,generico,2100,0
600421,3000248,2025-01-26,push,cashback,2100,0
600422,3000248,2025-11-24,email,upgrade_credito,3600,0
600423,3000248,2025-05-10,push,cashback,1400,0
600424,3000249,2025-12-20,push,generico,600,0
600425,3000249,2025-05-27,email,upgrade_credito,3800,0
600426,3000250,2025-09-15,email,cashback,3700,1
600427,3000252,2026-03-13,push,cashback,500,0
600428,3000252,2025-02-09,push,descuento,2500,0
600429,3000252,2026-02-18,push,generico,1100,0
600430,3000253,2025-01-06,sms,descuento,3200,0
600431,3000253,2025-06-16,email,descuento,1500,0
600432,3000254,2025-05-24,email,cashback,900,1
600433,3000254,2025-12-21,email,generico,3000,1
600434,3000254,2025-06-14,sms,descuento,2500,0
600435,3000254,2025-06-29,email,generico,3700,0
600436,3000256,2025-07-28,email,cashback,3500,0
600437,3000256,2025-03-31,push,generico,4000,0
600438,3000256,2025-10-11,push,generico,2600,0
600439,3000256,2025-01-19,email,cashback,2300,0
600440,3000258,2025-09-16,push,descuento,3200,0
600441,3000259,2025-06-17,push,upgrade_credito,1200,0
600442,3000259,2026-02-15,email,cashback,3700,0
600443,3000259,2026-03-12,email,descuento,2400,0
600444,3000260,2026-03-15,sms,cashback,2200,0
600445,3000260,2025-10-24,email,generico,3200,0
600446,3000261,2025-01-03,sms,descuento,2900,0
600447,3000262,2026-01-26,push,cashback,3900,1
600448,3000262,2026-02-05,push,descuento,3700,0
600449,3000262,2025-12-27,push,generico,2400,0
600450,3000262,2025-05-29,push,upgrade_credito,3500,0
600451,3000264,2025-01-06,push,descuento,600,0
600452,3000264,2026-02-09,push,descuento,1600,1
600453,3000265,2025-01-09,sms,cashback,1800,0
600454,3000266,2025-02-15,push,generico,2300,0
600455,3000267,2025-08-21,email,generico,1600,0
600456,3000267,2025-08-20,push,cashback,800,1
600457,3000267,2026-02-08,push,cashback,2800,0
600458,3000269,2025-03-14,push,cashback,700,0
600459,3000270,2025-09-30,email,descuento,1800,0
600460,3000270,2025-03-11,email,descuento,1300,0
600461,3000271,2025-04-30,email,generico,1700,0
600462,3000271,2025-03-01,email,descuento,800,0
600463,3000272,2025-06-22,email,generico,1000,0
600464,3000272,2025-12-01,push,upgrade_credito,3600,1
600465,3000276,2025-03-04,push,cashback,1100,0
600466,3000276,2025-09-01,email,generico,1600,0
600467,3000276,2025-10-24,sms,generico,1100,0
600468,3000277,2025-06-18,push,generico,1000,0
600469,3000277,2026-02-16,push,generico,3100,0
600470,3000277,2025-08-24,push,generico,3300,0
600471,3000278,2025-09-28,push,upgrade_credito,1900,0
600472,3000279,2025-07-06,sms,upgrade_credito,2400,0
600473,3000279,2026-01-19,email,cashback,2200,0
600474,3000280,2025-11-28,email,generico,3000,0
600475,3000280,2025-11-15,email,upgrade_credito,3200,0
600476,3000282,2025-08-28,email,cashback,2100,0
600477,3000282,2025-05-13,sms,upgrade_credito,3500,0
600478,3000282,2026-01-15,push,upgrade_credito,3100,0
600479,3000283,2025-05-26,push,cashback,1800,0
600480,3000283,2025-05-09,push,descuento,1600,0
600481,3000284,2025-01-18,push,descuento,2700,0
600482,3000284,2025-02-16,push,descuento,3000,0
600483,3000284,2025-09-06,push,generico,600,0
600484,3000285,2025-02-28,push,generico,2800,0
600485,3000285,2025-10-08,email,cashback,3400,0
600486,3000285,2025-01-08,push,upgrade_credito,3400,0
600487,3000286,2026-02-08,sms,generico,3300,0
600488,3000287,2025-04-26,push,descuento,1600,0
600489,3000287,2026-01-24,push,cashback,3800,0
600490,3000288,2025-03-12,sms,cashback,2000,0
600491,3000289,2025-06-24,sms,generico,700,0
600492,3000290,2026-01-30,email,descuento,1000,0
600493,3000291,2025-07-26,push,descuento,2600,0
600494,3000292,2025-05-29,push,generico,1600,0
600495,3000292,2025-03-25,push,cashback,3000,0
600496,3000294,2025-07-22,email,descuento,2500,0
600497,3000294,2025-09-22,sms,generico,2800,0
600498,3000295,2025-03-23,push,upgrade_credito,700,0
600499,3000295,2025-09-28,email,upgrade_credito,3000,0
600500,3000295,2025-06-22,email,upgrade_credito,3500,0
600501,3000295,2025-10-04,email,descuento,3600,0
600502,3000296,2025-02-28,push,descuento,500,0
600503,3000296,2025-08-31,email,cashback,2600,1
600504,3000297,2025-07-24,push,cashback,2300,0
600505,3000297,2026-01-22,sms,generico,900,0
600506,3000297,2025-01-08,push,descuento,3800,0
600507,3000298,2025-09-21,push,upgrade_credito,1200,0
600508,3000298,2025-06-29,push,upgrade_credito,2000,0
600509,3000298,2025-12-13,email,generico,2300,0
600510,3000299,2025-06-13,push,cashback,1000,0
600511,3000299,2025-06-10,sms,upgrade_credito,800,0
600512,3000300,2026-02-14,sms,descuento,1200,0
600513,3000300,2025-08-25,push,cashback,3600,0
600514,3000301,2025-12-02,push,descuento,800,0
600515,3000301,2026-01-14,push,cashback,1700,0
600516,3000302,2025-05-01,push,upgrade_credito,4000,0
600517,3000302,2025-11-09,email,upgrade_credito,2100,0
600518,3000303,2025-02-23,push,upgrade_credito,3000,0
600519,3000303,2025-03-27,push,generico,2800,0
600520,3000305,2026-03-12,push,descuento,600,0
600521,3000305,2025-12-14,sms,cashback,3700,0
600522,3000306,2025-10-14,email,cashback,1200,0
600523,3000306,2025-04-07,email,generico,1100,0
600524,3000308,2026-01-28,push,descuento,1500,0
600525,3000308,2025-02-21,push,descuento,2700,0
600526,3000309,2025-04-20,push,cashback,1400,0
600527,3000309,2026-02-11,sms,descuento,1300,0
600528,3000309,2025-12-04,push,generico,2600,1
600529,3000310,2026-03-07,email,descuento,3700,0
600530,3000310,2026-03-04,push,cashback,3700,0
600531,3000311,2025-04-19,email,descuento,800,0
600532,3000311,2025-05-05,push,generico,2400,0
600533,3000312,2025-11-30,email,cashback,3200,0
600534,3000312,2025-10-07,push,cashback,3500,0
600535,3000314,2025-10-30,push,upgrade_credito,1200,0
600536,3000314,2025-03-24,email,generico,3000,0
600537,3000315,2025-03-10,push,descuento,1000,0
600538,3000315,2025-10-16,sms,upgrade_credito,4000,0
600539,3000316,2025-08-23,email,descuento,2800,0
600540,3000316,2025-10-08,push,descuento,3000,0
600541,3000317,2026-02-09,sms,cashback,2800,0
600542,3000318,2025-01-30,push,cashback,1800,0
600543,3000319,2025-10-31,email,cashback,3700,0
600544,3000319,2025-03-18,push,descuento,1000,0
600545,3000321,2025-08-13,push,cashback,2400,0
600546,3000323,2025-11-24,email,descuento,2700,0
600547,3000323,2025-01-05,push,descuento,3000,1
600548,3000325,2025-10-24,push,cashback,3600,0
600549,3000326,2025-08-19,push,cashback,2600,0
600550,3000327,2025-06-22,email,upgrade_credito,2000,0
600551,3000327,2025-11-01,email,cashback,1600,0
600552,3000329,2025-11-01,push,cashback,3000,1
600553,3000329,2026-02-11,sms,descuento,4000,0
600554,3000332,2025-01-20,email,generico,900,0
600555,3000334,2025-06-03,push,upgrade_credito,1800,0
600556,3000334,2025-11-23,push,cashback,2400,0
600557,3000334,2025-09-03,push,generico,3700,1
600558,3000337,2025-12-22,push,cashback,3300,0
600559,3000338,2025-12-06,sms,cashback,1200,0
600560,3000339,2025-03-03,email,descuento,3400,1
600561,3000339,2025-04-17,push,descuento,2100,1
600562,3000340,2025-04-24,push,cashback,900,0
600563,3000340,2025-04-25,email,cashback,1400,0
600564,3000341,2025-02-12,push,generico,1800,0
600565,3000342,2026-01-03,email,generico,1900,0
600566,3000342,2025-07-19,email,descuento,3200,0
600567,3000342,2026-03-01,email,descuento,1200,0
600568,3000344,2025-09-16,push,descuento,2600,0
600569,3000344,2025-01-27,sms,cashback,3700,0
600570,3000345,2025-04-16,email,descuento,3100,0
600571,3000345,2025-06-29,email,descuento,3000,0
600572,3000347,2025-02-16,email,descuento,2400,0
600573,3000347,2026-03-12,push,descuento,3100,0
600574,3000347,2025-06-22,push,generico,2900,0
600575,3000349,2025-09-04,push,generico,1800,0
600576,3000349,2025-12-14,push,cashback,3900,1
600577,3000349,2025-10-24,push,generico,1800,0
600578,3000350,2025-03-18,push,generico,3100,0
600579,3000350,2025-02-01,push,upgrade_credito,4000,0
600580,3000351,2025-04-24,sms,generico,3200,0
600581,3000351,2026-02-21,sms,descuento,1300,0
600582,3000352,2025-10-19,push,descuento,2800,0
600583,3000352,2025-02-17,push,descuento,1800,1
600584,3000352,2025-08-12,email,cashback,2000,0
600585,3000353,2025-06-15,push,descuento,3300,0
600586,3000353,2025-12-01,sms,descuento,2500,0
600587,3000353,2025-07-23,sms,cashback,3400,0
600588,3000353,2026-02-25,email,cashback,2200,0
600589,3000354,2025-01-03,sms,cashback,3100,0
600590,3000355,2025-02-27,push,cashback,900,0
600591,3000356,2025-04-28,push,descuento,1700,0
600592,3000357,2025-06-24,email,generico,800,0
600593,3000359,2025-12-12,push,cashback,700,0
600594,3000360,2025-03-18,push,generico,3100,0
600595,3000361,2025-02-01,email,cashback,800,1
600596,3000361,2025-03-23,push,cashback,2900,0
600597,3000362,2025-12-20,sms,generico,2600,0
600598,3000364,2025-12-29,sms,upgrade_credito,3400,0
600599,3000364,2025-03-06,push,upgrade_credito,1600,0
600600,3000365,2025-01-09,email,cashback,1800,0
600601,3000365,2026-01-24,push,upgrade_credito,2500,0
600602,3000366,2025-03-23,sms,generico,2200,0
600603,3000366,2026-03-03,email,cashback,1200,0
600604,3000366,2025-12-16,push,generico,1200,0
600605,3000367,2025-12-23,push,generico,800,0
600606,3000367,2025-01-26,push,generico,2700,0
600607,3000368,2025-01-22,sms,upgrade_credito,3200,0
600608,3000369,2025-10-07,push,descuento,2800,0
600609,3000369,2025-12-29,push,descuento,3300,1
600610,3000369,2025-07-25,email,upgrade_credito,2700,0
600611,3000369,2025-09-05,push,generico,1900,0
600612,3000370,2025-08-03,push,descuento,1800,0
600613,3000373,2025-12-07,email,generico,1700,0
600614,3000373,2025-05-06,email,upgrade_credito,700,0
600615,3000373,2025-02-13,push,generico,3500,1
600616,3000373,2026-03-10,push,generico,800,0
600617,3000374,2026-02-05,push,cashback,3800,0
600618,3000375,2025-04-09,push,cashback,3000,0
600619,3000375,2025-11-08,email,cashback,900,0
600620,3000376,2026-01-16,sms,descuento,3400,0
600621,3000376,2025-12-01,push,descuento,3500,0
600622,3000376,2025-06-02,push,upgrade_credito,3900,0
600623,3000376,2025-09-19,push,generico,3000,0
600624,3000377,2025-09-22,push,generico,3700,0
600625,3000377,2025-07-05,push,cashback,2300,0
600626,3000378,2025-12-27,sms,generico,1900,0
600627,3000378,2026-01-22,push,cashback,1700,0
600628,3000378,2026-01-09,sms,generico,1300,0
600629,3000378,2025-04-18,sms,cashback,2600,0
600630,3000379,2025-12-01,email,descuento,2200,0
600631,3000380,2025-10-25,push,cashback,2900,0
600632,3000381,2026-03-07,sms,cashback,500,0
600633,3000381,2025-08-25,push,generico,800,0
600634,3000381,2025-10-09,push,descuento,3500,0
600635,3000382,2025-01-21,sms,descuento,500,0
600636,3000383,2025-09-20,sms,cashback,2300,0
600637,3000383,2025-10-29,email,cashback,3000,0
600638,3000384,2026-01-22,sms,descuento,2800,1
600639,3000384,2025-04-23,email,descuento,2700,0
600640,3000384,2025-08-01,email,upgrade_credito,2800,0
600641,3000386,2025-10-24,push,descuento,3900,0
600642,3000387,2025-10-14,sms,cashback,3500,0
600643,3000387,2025-10-01,email,descuento,600,0
600644,3000387,2026-03-11,email,descuento,2300,0
600645,3000388,2025-01-26,sms,generico,2700,0
600646,3000388,2025-07-19,email,generico,1300,0
600647,3000388,2025-09-04,push,descuento,2400,0
600648,3000389,2025-04-22,email,generico,600,0
600649,3000389,2025-08-31,push,generico,1900,0
600650,3000390,2025-07-11,push,descuento,1500,0
600651,3000390,2026-01-15,push,generico,3400,0
600652,3000390,2025-01-08,email,cashback,3000,0
600653,3000391,2025-03-16,email,cashback,3100,0
600654,3000392,2025-02-16,sms,generico,1200,0
600655,3000393,2026-01-07,push,cashback,3400,0
600656,3000393,2025-08-04,email,cashback,1700,0
600657,3000393,2025-10-25,sms,cashback,600,0
600658,3000393,2025-07-01,email,descuento,3200,0
600659,3000394,2026-02-23,push,descuento,700,0
600660,3000395,2025-12-19,sms,descuento,1500,0
600661,3000395,2026-02-27,email,generico,3400,0
600662,3000395,2025-10-30,email,descuento,2100,0
600663,3000395,2025-07-13,sms,upgrade_credito,3900,0
600664,3000396,2025-11-08,sms,cashback,1200,0
600665,3000396,2025-02-10,sms,cashback,3500,0
600666,3000397,2026-03-07,push,upgrade_credito,2800,0
600667,3000398,2026-03-05,push,cashback,3200,1
600668,3000399,2025-09-19,email,descuento,2800,0
600669,3000399,2025-03-29,sms,generico,3500,0
600670,3000400,2025-02-26,email,cashback,1700,0
600671,3000401,2025-05-07,push,descuento,4000,0
600672,3000401,2025-02-16,push,cashback,3900,1
600673,3000401,2025-11-25,push,cashback,2600,0
600674,3000401,2025-07-08,push,descuento,1000,0
600675,3000402,2025-07-31,sms,descuento,3100,0
600676,3000403,2025-08-08,sms,upgrade_credito,2100,0
600677,3000403,2026-02-12,email,cashback,3200,0
600678,3000404,2025-11-19,sms,cashback,1100,0
600679,3000404,2025-11-24,push,cashback,2100,0
600680,3000404,2026-01-23,sms,cashback,1500,0
600681,3000405,2025-07-29,sms,descuento,800,0
600682,3000406,2025-02-01,push,upgrade_credito,600,0
600683,3000406,2025-01-09,email,descuento,2000,0
600684,3000408,2026-02-08,sms,descuento,600,0
600685,3000408,2026-02-05,sms,cashback,600,0
600686,3000408,2025-04-29,email,cashback,3900,1
600687,3000409,2025-05-26,push,cashback,500,0
600688,3000409,2026-02-17,email,cashback,1300,0
600689,3000410,2025-11-13,push,cashback,3400,0
600690,3000410,2025-04-13,push,descuento,2700,0
600691,3000411,2025-11-29,push,descuento,3500,0
600692,3000411,2025-03-08,sms,descuento,1600,0
600693,3000412,2025-02-05,push,cashback,600,0
600694,3000412,2025-01-29,push,descuento,1600,0
600695,3000412,2025-06-02,push,descuento,2400,0
600696,3000414,2026-01-15,email,upgrade_credito,600,0
600697,3000414,2025-12-26,push,generico,2400,0
600698,3000415,2025-03-15,push,upgrade_credito,600,0
600699,3000416,2025-01-10,email,cashback,600,1
600700,3000417,2026-01-28,push,descuento,1300,0
600701,3000417,2025-10-13,push,cashback,1400,0
600702,3000418,2025-04-12,email,cashback,2500,1
600703,3000419,2026-02-22,email,upgrade_credito,1100,0
600704,3000419,2025-10-02,push,descuento,3200,0
600705,3000420,2025-06-17,sms,generico,1400,0
600706,3000420,2025-09-08,push,generico,3100,1
600707,3000422,2025-12-26,email,descuento,900,0
600708,3000423,2025-12-19,sms,descuento,900,0
600709,3000423,2025-10-10,email,cashback,1600,0
600710,3000425,2025-02-25,email,descuento,3800,0
600711,3000425,2025-03-16,sms,descuento,2600,0
600712,3000427,2025-07-02,email,cashback,2200,0
600713,3000427,2026-01-29,email,generico,1900,0
600714,3000428,2025-07-26,sms,descuento,3700,0
600715,3000428,2026-03-01,sms,generico,3400,0
600716,3000428,2026-02-05,email,cashback,2800,0
600717,3000429,2026-03-07,sms,descuento,800,0
600718,3000429,2025-03-22,email,generico,1600,0
600719,3000430,2026-02-23,push,descuento,3500,0
600720,3000430,2025-12-29,push,generico,2100,0
600721,3000430,2025-05-28,sms,descuento,2200,0
600722,3000430,2025-01-07,email,descuento,3300,1
600723,3000431,2025-06-11,push,cashback,2700,0
600724,3000432,2025-01-15,push,cashback,3400,0
600725,3000432,2025-12-29,email,cashback,3500,1
600726,3000432,2025-12-26,push,generico,1700,0
600727,3000432,2025-02-13,push,cashback,3200,0
600728,3000433,2025-12-26,push,descuento,500,0
600729,3000433,2025-08-11,email,cashback,1200,0
600730,3000433,2026-01-26,sms,upgrade_credito,1200,0
600731,3000433,2026-02-28,sms,cashback,3700,1
600732,3000434,2025-08-03,email,descuento,2700,0
600733,3000434,2025-03-25,push,descuento,2100,0
600734,3000435,2025-08-28,sms,cashback,3600,0
600735,3000435,2025-06-04,sms,descuento,2100,0
600736,3000436,2025-05-03,sms,cashback,2200,0
600737,3000436,2025-04-10,email,upgrade_credito,3700,0
600738,3000436,2026-01-17,sms,upgrade_credito,1000,0
600739,3000436,2026-03-09,push,cashback,500,0
600740,3000437,2026-01-24,push,descuento,2600,0
600741,3000437,2025-03-15,email,generico,2000,0
600742,3000438,2025-10-06,push,cashback,800,0
600743,3000438,2025-11-23,push,generico,1700,0
600744,3000439,2026-02-28,push,cashback,1900,0
600745,3000439,2026-02-23,email,descuento,1400,0
600746,3000439,2025-10-25,push,generico,1600,0
600747,3000439,2026-02-16,email,cashback,1800,0
600748,3000440,2026-01-05,email,generico,1300,0
600749,3000440,2026-02-08,sms,upgrade_credito,2300,0
600750,3000442,2025-09-27,sms,generico,3700,0
600751,3000442,2025-10-29,email,upgrade_credito,600,0
600752,3000442,2025-07-20,push,generico,1800,0
600753,3000442,2025-12-03,push,cashback,3800,1
600754,3000443,2025-01-12,sms,cashback,2100,0
600755,3000443,2025-06-17,email,generico,2900,0
600756,3000443,2025-12-26,push,cashback,1400,0
600757,3000445,2025-10-15,sms,upgrade_credito,3300,0
600758,3000445,2025-04-02,email,cashback,2600,0
600759,3000445,2026-02-18,email,generico,3000,0
600760,3000446,2025-09-13,push,cashback,2100,0
600761,3000446,2025-06-04,push,upgrade_credito,3100,0
600762,3000447,2025-12-21,email,cashback,1800,0
600763,3000447,2025-09-04,push,generico,2700,1
600764,3000448,2025-07-08,email,cashback,600,0
600765,3000448,2025-08-06,email,generico,3500,0
600766,3000450,2025-09-03,sms,cashback,3000,1
600767,3000450,2026-01-02,sms,upgrade_credito,2800,0
600768,3000451,2025-12-04,push,cashback,1600,0
600769,3000452,2026-02-08,push,cashback,2200,0
600770,3000452,2025-12-21,push,cashback,3500,1
600771,3000453,2025-02-15,email,generico,2700,0
600772,3000453,2025-07-08,sms,descuento,3600,1
600773,3000454,2026-02-09,email,descuento,2300,0
600774,3000454,2025-03-14,email,cashback,2500,0
600775,3000454,2025-12-19,push,generico,2700,0
600776,3000455,2025-08-12,push,cashback,3800,0
600777,3000455,2025-05-15,email,descuento,3100,1
600778,3000455,2026-01-18,email,generico,3500,0
600779,3000456,2025-10-28,email,generico,3000,0
600780,3000457,2025-04-06,email,descuento,3600,0
600781,3000457,2025-10-06,push,descuento,3300,1
600782,3000457,2025-10-07,push,cashback,900,0
600783,3000458,2025-09-24,push,generico,3700,0
600784,3000458,2025-10-09,push,cashback,1700,0
600785,3000458,2026-01-07,sms,generico,1900,0
600786,3000459,2025-11-15,sms,generico,1200,0
600787,3000459,2026-01-02,email,generico,800,0
600788,3000460,2025-12-05,sms,cashback,1800,1
600789,3000460,2025-11-12,email,cashback,3900,0
600790,3000461,2025-04-25,email,cashback,2500,0
600791,3000463,2025-12-16,push,generico,1300,0
600792,3000465,2025-07-08,push,generico,3800,0
600793,3000465,2025-11-13,push,cashback,1200,0
600794,3000466,2025-08-08,push,cashback,3900,0
600795,3000467,2025-01-25,push,upgrade_credito,900,0
600796,3000467,2025-06-09,push,descuento,3100,0
600797,3000467,2025-01-20,push,upgrade_credito,3700,0
600798,3000468,2025-02-03,push,cashback,1800,0
600799,3000468,2025-12-26,email,generico,2000,0
600800,3000468,2026-01-08,email,generico,1500,0
600801,3000470,2025-05-17,sms,generico,3800,0
600802,3000471,2026-03-12,email,upgrade_credito,1200,0
600803,3000471,2025-03-02,push,cashback,3500,0
600804,3000471,2025-04-09,sms,generico,2200,0
600805,3000471,2025-09-17,sms,cashback,3700,0
600806,3000471,2025-01-16,sms,descuento,800,0
600807,3000471,2025-04-14,push,generico,1800,0
600808,3000471,2025-12-02,push,descuento,3900,0
600809,3000471,2025-10-15,sms,generico,4000,0
600810,3000472,2026-02-03,email,descuento,2100,0
600811,3000472,2025-03-06,push,generico,1700,0
600812,3000472,2025-05-05,push,descuento,3300,0
600813,3000473,2025-10-06,push,descuento,2600,0
600814,3000473,2025-05-01,email,generico,2200,0
600815,3000474,2025-06-10,sms,descuento,1600,0
600816,3000474,2025-04-07,push,cashback,600,0
600817,3000474,2025-09-22,sms,descuento,3100,0
600818,3000474,2025-10-14,push,cashback,3200,0
600819,3000475,2025-09-05,push,cashback,2800,0
600820,3000476,2025-06-07,push,descuento,3400,0
600821,3000477,2025-11-15,email,generico,3300,0
600822,3000477,2026-01-29,push,generico,1900,0
600823,3000477,2025-12-26,email,cashback,900,0
600824,3000478,2025-06-08,email,descuento,1100,0
600825,3000478,2025-04-03,sms,descuento,2000,0
600826,3000479,2025-09-08,email,cashback,2300,0
600827,3000479,2025-11-26,email,generico,600,0
600828,3000480,2025-11-01,email,descuento,1000,0
600829,3000481,2025-07-05,email,cashback,1000,0
600830,3000481,2025-10-18,push,generico,2400,0
600831,3000481,2026-02-02,push,generico,900,0
600832,3000482,2025-04-19,sms,descuento,1300,0
600833,3000482,2025-06-22,push,descuento,900,1
600834,3000482,2025-06-21,email,cashback,3000,0
600835,3000483,2025-02-17,push,upgrade_credito,900,1
600836,3000483,2025-02-17,email,cashback,3100,1
600837,3000483,2025-03-17,email,generico,2900,0
600838,3000483,2025-06-06,email,upgrade_credito,3600,0
600839,3000484,2025-02-25,push,cashback,3400,0
600840,3000484,2026-01-05,sms,cashback,3200,0
600841,3000485,2025-10-10,sms,descuento,1000,0
600842,3000485,2026-01-09,sms,cashback,1500,0
600843,3000485,2025-10-30,push,upgrade_credito,2100,0
600844,3000486,2025-06-20,email,descuento,1000,0
600845,3000486,2025-06-14,email,descuento,2900,0
600846,3000487,2025-06-21,push,cashback,2500,0
600847,3000488,2025-08-10,sms,descuento,1000,0
600848,3000488,2025-04-02,push,generico,3300,0
600849,3000489,2025-03-31,sms,descuento,2300,0
600850,3000489,2025-08-30,push,generico,3000,0
600851,3000491,2025-03-28,push,cashback,1300,0
600852,3000491,2025-12-24,email,generico,700,0
600853,3000491,2025-07-18,email,generico,500,0
600854,3000492,2026-02-21,sms,upgrade_credito,2300,0
600855,3000492,2025-12-19,email,cashback,1100,1
600856,3000493,2025-10-28,sms,descuento,2600,0
600857,3000493,2026-01-17,push,upgrade_credito,800,0
600858,3000493,2025-10-25,push,descuento,3900,1
600859,3000494,2026-02-24,push,generico,2400,0
600860,3000494,2026-01-07,push,descuento,900,0
600861,3000494,2025-07-07,sms,descuento,600,0
600862,3000496,2025-08-17,email,cashback,2100,0
600863,3000497,2025-09-05,push,cashback,2100,1
600864,3000497,2026-02-24,sms,upgrade_credito,2800,0
600865,3000497,2025-08-17,push,generico,1700,0
600866,3000497,2025-04-15,push,generico,2700,0
600867,3000499,2025-08-28,push,cashback,900,0
600868,3000499,2025-10-02,push,descuento,3800,1
600869,3000500,2025-05-30,push,cashback,2800,0
600870,3000500,2025-02-09,sms,generico,2400,0
600871,3000501,2026-02-20,push,generico,2000,0
600872,3000501,2025-03-12,push,descuento,3400,0
600873,3000501,2025-03-31,email,cashback,2500,0
600874,3000502,2025-05-17,email,descuento,2300,0
600875,3000502,2025-08-20,email,cashback,3100,0
600876,3000502,2025-08-04,push,descuento,2900,1
600877,3000503,2025-09-13,push,upgrade_credito,3800,0
600878,3000503,2025-10-18,push,descuento,3000,1
600879,3000507,2026-02-16,sms,descuento,3100,0
600880,3000508,2025-06-19,email,descuento,3000,0
600881,3000509,2025-08-17,push,upgrade_credito,1500,0
600882,3000510,2025-09-15,sms,cashback,900,0
600883,3000511,2025-05-06,push,descuento,2400,0
600884,3000512,2025-08-05,sms,generico,3700,1
600885,3000512,2025-10-16,push,generico,3800,0
600886,3000512,2026-02-03,push,upgrade_credito,3800,1
600887,3000513,2026-02-06,sms,cashback,3100,0
600888,3000513,2025-05-02,email,cashback,2600,0
600889,3000514,2025-09-11,push,descuento,2100,0
600890,3000514,2025-01-02,email,descuento,2600,0
600891,3000514,2025-11-16,push,cashback,4000,0
600892,3000516,2025-03-21,email,cashback,2800,0
600893,3000518,2025-01-16,push,upgrade_credito,2500,0
600894,3000518,2026-01-10,push,cashback,3300,0
600895,3000518,2025-03-06,push,descuento,3900,0
600896,3000519,2025-06-26,sms,generico,3500,0
600897,3000519,2025-01-08,push,upgrade_credito,2900,0
600898,3000520,2025-03-27,push,generico,2100,0
600899,3000520,2025-04-28,email,cashback,3600,0
600900,3000522,2026-01-29,sms,descuento,2500,0
600901,3000522,2025-01-24,push,descuento,3800,1
600902,3000523,2025-09-08,sms,cashback,700,0
600903,3000523,2025-12-03,push,descuento,3300,0
600904,3000524,2025-06-06,push,cashback,1200,0
600905,3000524,2025-11-04,push,generico,1400,0
600906,3000524,2025-12-29,push,generico,1800,0
600907,3000524,2025-10-29,push,cashback,2400,0
600908,3000525,2026-03-01,email,upgrade_credito,800,0
600909,3000525,2026-02-02,sms,cashback,2800,0
600910,3000526,2025-04-25,email,descuento,2800,0
600911,3000526,2025-02-24,sms,cashback,2700,1
600912,3000527,2026-02-16,push,cashback,3700,0
600913,3000528,2025-06-23,email,cashback,3400,0
600914,3000528,2026-01-14,email,cashback,600,0
600915,3000528,2025-06-03,push,descuento,1100,0
600916,3000528,2025-10-30,push,upgrade_credito,2500,1
600917,3000528,2025-10-06,push,descuento,2800,1
600918,3000529,2025-10-20,email,descuento,700,0
600919,3000529,2025-04-05,push,descuento,3300,1
600920,3000529,2026-01-21,push,cashback,500,0
600921,3000529,2025-11-10,push,cashback,700,0
600922,3000530,2025-12-13,push,generico,3400,0
600923,3000531,2025-10-07,push,generico,900,0
600924,3000532,2025-08-16,email,upgrade_credito,2400,0
600925,3000532,2025-03-13,email,generico,4000,0
600926,3000533,2025-10-01,sms,upgrade_credito,2400,0
600927,3000533,2025-08-12,sms,generico,2500,0
600928,3000533,2026-02-15,sms,generico,3300,0
600929,3000534,2025-09-19,push,generico,3400,0
600930,3000534,2025-07-07,push,upgrade_credito,600,0
600931,3000535,2025-09-17,push,descuento,2600,0
600932,3000536,2025-05-02,push,generico,600,0
600933,3000536,2025-10-11,email,descuento,2700,0
600934,3000538,2025-10-13,push,descuento,1700,0
600935,3000538,2025-06-21,push,generico,4000,0
600936,3000539,2025-08-07,push,descuento,900,0
600937,3000540,2025-01-03,email,generico,1500,0
600938,3000540,2025-10-31,push,descuento,500,0
600939,3000540,2025-03-23,email,descuento,3500,0
600940,3000541,2026-01-17,email,generico,1300,0
600941,3000541,2025-05-07,email,cashback,2600,0
600942,3000542,2026-02-25,email,upgrade_credito,3600,1
600943,3000542,2025-02-24,push,cashback,2500,1
600944,3000543,2025-01-28,email,descuento,600,0
600945,3000543,2026-01-26,email,descuento,1100,0
600946,3000543,2025-09-27,email,generico,2600,0
600947,3000544,2025-07-28,sms,descuento,3900,0
600948,3000544,2025-01-15,email,generico,1800,0
600949,3000545,2025-09-01,email,descuento,2600,0
600950,3000547,2025-03-29,sms,generico,1900,0
600951,3000548,2025-04-09,push,generico,1100,0
600952,3000548,2025-02-18,email,descuento,900,0
600953,3000549,2025-05-13,push,upgrade_credito,800,0
600954,3000550,2025-10-08,push,cashback,600,0
600955,3000551,2025-04-30,push,cashback,3800,0
600956,3000551,2025-11-10,email,cashback,1900,0
600957,3000552,2025-08-29,push,descuento,2800,0
600958,3000552,2025-12-14,push,descuento,2600,0
600959,3000553,2025-07-22,email,upgrade_credito,3500,0
600960,3000553,2026-02-06,push,upgrade_credito,3800,0
600961,3000554,2025-05-04,push,descuento,2200,0
600962,3000554,2025-01-24,email,descuento,2800,0
600963,3000555,2025-02-24,push,generico,2500,0
600964,3000556,2025-03-26,push,upgrade_credito,2600,0
600965,3000556,2025-05-21,email,upgrade_credito,1500,0
600966,3000556,2025-12-07,sms,generico,3200,0
600967,3000557,2026-02-04,sms,generico,2700,0
600968,3000558,2025-05-19,push,cashback,3600,1
600969,3000558,2025-10-24,push,generico,3700,0
600970,3000558,2025-03-22,email,descuento,1600,0
600971,3000559,2025-01-29,push,descuento,2100,1
600972,3000559,2025-09-26,push,cashback,1100,0
600973,3000561,2025-07-01,email,descuento,900,1
600974,3000561,2025-04-16,push,cashback,4000,0
600975,3000561,2025-01-21,push,cashback,2500,0
600976,3000562,2025-04-24,push,cashback,3700,1
600977,3000562,2025-02-01,email,cashback,1400,0
600978,3000563,2026-03-07,push,descuento,3900,0
600979,3000563,2025-04-09,sms,cashback,2900,0
600980,3000564,2025-01-19,email,generico,3400,0
600981,3000564,2025-09-30,push,cashback,3600,0
600982,3000564,2025-11-20,push,descuento,2000,0
600983,3000565,2025-06-02,push,cashback,1900,1
600984,3000568,2025-10-02,email,cashback,2600,0
600985,3000568,2025-12-24,email,descuento,3900,0
600986,3000569,2026-02-07,push,cashback,1200,0
600987,3000571,2026-02-28,push,generico,700,0
600988,3000571,2025-06-22,email,cashback,900,0
600989,3000571,2025-07-09,email,cashback,3400,0
600990,3000572,2025-10-17,push,cashback,900,0
600991,3000573,2026-02-15,email,upgrade_credito,2200,0
600992,3000574,2025-05-17,push,descuento,1700,0
600993,3000574,2025-04-25,sms,cashback,3700,1
600994,3000574,2025-12-26,sms,descuento,1300,0
600995,3000575,2026-02-20,email,descuento,600,0
600996,3000575,2025-03-14,email,descuento,3200,0
600997,3000575,2025-06-03,email,cashback,1400,0
600998,3000576,2026-03-12,push,upgrade_credito,1200,0
600999,3000576,2025-12-20,email,descuento,3700,0
601000,3000576,2025-10-19,email,generico,3500,0
601001,3000577,2025-02-03,push,descuento,800,0
601002,3000578,2025-01-05,push,upgrade_credito,2600,0
601003,3000578,2025-05-04,push,generico,3300,0
601004,3000578,2025-04-30,push,cashback,1900,1
601005,3000579,2025-04-24,push,cashback,3200,0
601006,3000579,2025-05-11,push,descuento,1000,0
601007,3000580,2025-05-15,email,upgrade_credito,800,0
601008,3000580,2025-03-06,push,descuento,2500,0
601009,3000580,2026-01-01,push,upgrade_credito,3500,0
601010,3000581,2025-06-22,sms,descuento,1600,0
601011,3000581,2025-11-11,email,cashback,1900,0
601012,3000582,2025-04-17,email,cashback,1300,0
601013,3000582,2025-11-30,sms,descuento,1400,0
601014,3000583,2025-05-16,email,descuento,1100,0
601015,3000583,2026-02-27,email,generico,600,0
601016,3000584,2025-06-19,sms,upgrade_credito,1500,0
601017,3000584,2025-03-08,push,descuento,2900,0
601018,3000587,2026-01-13,email,descuento,1800,0
601019,3000587,2025-12-02,sms,cashback,3600,1
601020,3000587,2025-06-21,push,upgrade_credito,2000,0
601021,3000589,2026-01-14,push,cashback,1000,0
601022,3000589,2025-07-21,sms,generico,1900,0
601023,3000592,2026-01-14,sms,cashback,2300,0
601024,3000592,2025-12-11,push,upgrade_credito,700,0
601025,3000592,2025-03-23,push,generico,2700,0
601026,3000592,2025-06-28,push,descuento,3800,0
601027,3000593,2025-01-05,email,upgrade_credito,3200,0
601028,3000593,2026-01-16,email,upgrade_credito,500,0
601029,3000594,2025-02-01,push,cashback,3800,0
601030,3000594,2025-06-16,push,descuento,500,0
601031,3000595,2026-01-05,push,descuento,1300,0
601032,3000596,2025-05-21,email,descuento,1200,0
601033,3000599,2025-05-25,push,descuento,3800,0
601034,3000599,2025-07-24,push,descuento,2600,0
601035,3000600,2025-06-30,sms,cashback,700,0
601036,3000601,2025-01-04,email,generico,3800,0
601037,3000601,2025-08-03,sms,descuento,3000,0
601038,3000602,2025-05-18,push,upgrade_credito,500,0
601039,3000603,2025-10-02,email,cashback,2000,1
601040,3000604,2026-03-03,email,upgrade_credito,700,0
601041,3000604,2025-09-28,sms,generico,3600,0
601042,3000604,2025-09-24,sms,upgrade_credito,1000,1
601043,3000605,2025-03-19,push,upgrade_credito,3500,0
601044,3000605,2025-10-20,push,cashback,2900,0
601045,3000605,2025-12-07,push,generico,1700,0
601046,3000605,2025-08-27,push,descuento,3700,0
601047,3000606,2025-04-07,email,cashback,3300,0
601048,3000606,2025-07-18,push,upgrade_credito,2700,0
601049,3000607,2026-01-25,email,descuento,1600,0
601050,3000607,2025-03-10,email,upgrade_credito,800,0
601051,3000607,2026-02-17,email,upgrade_credito,800,0
601052,3000608,2025-10-08,email,descuento,2400,0
601053,3000608,2025-08-05,push,generico,2700,0
601054,3000608,2025-08-22,email,generico,1400,0
601055,3000608,2026-02-15,email,descuento,700,1
601056,3000608,2025-11-02,push,descuento,1200,1
601057,3000609,2025-03-15,sms,cashback,3200,0
601058,3000609,2025-01-18,email,generico,2300,0
601059,3000609,2025-06-09,push,generico,2200,0
601060,3000610,2025-01-06,email,descuento,2700,0
601061,3000612,2026-02-02,email,generico,2600,0
601062,3000613,2026-01-29,sms,descuento,3000,0
601063,3000614,2025-12-21,push,generico,3400,0
601064,3000615,2025-10-30,email,cashback,2200,0
601065,3000615,2025-07-16,push,upgrade_credito,2500,0
601066,3000615,2025-08-01,push,generico,2500,0
601067,3000617,2025-04-08,push,generico,1200,0
601068,3000617,2025-05-29,email,generico,1600,0
601069,3000618,2026-02-16,push,descuento,2900,0
601070,3000619,2026-01-09,email,descuento,3700,0
601071,3000619,2025-12-17,push,cashback,3300,0
601072,3000621,2026-01-08,push,cashback,2500,0
601073,3000621,2025-10-13,push,descuento,2200,0
601074,3000621,2025-08-03,sms,generico,700,0
601075,3000623,2025-05-10,sms,upgrade_credito,1800,0
601076,3000624,2025-12-29,push,descuento,1900,0
601077,3000625,2025-09-16,email,descuento,700,0
601078,3000625,2025-05-16,email,descuento,1900,0
601079,3000626,2025-03-12,push,cashback,3100,1
601080,3000626,2025-03-31,push,descuento,900,0
601081,3000627,2025-07-08,push,descuento,1200,0
601082,3000628,2025-05-29,email,upgrade_credito,900,0
601083,3000628,2025-06-09,sms,cashback,2700,0
601084,3000629,2025-09-30,email,upgrade_credito,3400,0
601085,3000629,2025-01-15,push,descuento,1100,0
601086,3000630,2025-02-08,sms,cashback,2400,0
601087,3000630,2025-06-21,email,cashback,1200,0
601088,3000630,2025-09-18,email,generico,1800,0
601089,3000631,2025-02-28,push,generico,3500,0
601090,3000631,2026-02-28,sms,generico,2300,0
601091,3000633,2025-01-23,email,generico,3500,1
601092,3000633,2025-07-11,push,upgrade_credito,3300,0
601093,3000634,2025-04-24,email,cashback,3500,0
601094,3000634,2025-12-03,email,descuento,1100,0
601095,3000634,2025-12-24,sms,generico,3600,0
601096,3000635,2025-10-30,push,upgrade_credito,1800,1
601097,3000636,2025-06-27,email,descuento,1300,0
601098,3000636,2025-06-01,email,upgrade_credito,2300,0
601099,3000636,2025-05-26,sms,generico,1700,0
601100,3000637,2025-04-29,push,generico,1700,0
601101,3000637,2025-08-06,push,cashback,3000,1
601102,3000637,2026-01-15,sms,upgrade_credito,2000,0
601103,3000638,2025-07-21,push,descuento,1200,0
601104,3000638,2025-12-06,push,cashback,2900,0
601105,3000639,2025-03-21,sms,upgrade_credito,4000,0
601106,3000639,2025-02-20,push,generico,4000,0
601107,3000640,2025-12-20,email,descuento,800,0
601108,3000640,2025-05-01,push,cashback,700,0
601109,3000641,2025-04-03,email,cashback,3900,0
601110,3000641,2025-07-02,email,cashback,800,0
601111,3000644,2025-08-29,email,descuento,2700,0
601112,3000644,2025-05-14,email,generico,1400,0
601113,3000645,2025-12-04,push,cashback,1300,0
601114,3000645,2025-04-24,email,cashback,3500,0
601115,3000646,2025-07-16,push,descuento,2400,0
601116,3000648,2025-02-11,push,descuento,3600,0
601117,3000648,2025-12-07,push,upgrade_credito,1500,0
601118,3000649,2025-02-25,push,generico,2300,0
601119,3000649,2025-05-19,push,descuento,1800,0
601120,3000649,2025-06-02,sms,upgrade_credito,1000,0
601121,3000650,2025-12-08,email,descuento,2400,0
601122,3000650,2025-05-12,email,generico,800,0
601123,3000651,2025-09-22,push,descuento,3200,0
601124,3000652,2025-05-19,push,descuento,2400,0
601125,3000653,2025-02-14,email,generico,1200,0
601126,3000654,2025-03-08,email,upgrade_credito,2100,0
601127,3000654,2025-06-13,push,descuento,2600,0
601128,3000654,2026-03-03,push,generico,1400,0
601129,3000655,2025-07-08,push,descuento,2900,1
601130,3000656,2025-11-16,email,descuento,3600,0
601131,3000656,2025-01-08,push,cashback,4000,0
601132,3000657,2025-03-03,push,upgrade_credito,900,0
601133,3000657,2025-03-21,email,descuento,1600,0
601134,3000657,2025-04-30,push,generico,1800,0
601135,3000658,2025-02-09,email,generico,1600,0
601136,3000658,2025-02-02,push,generico,2000,0
601137,3000661,2026-02-09,email,descuento,2300,0
601138,3000661,2025-10-13,push,cashback,2600,0
601139,3000662,2026-01-24,push,cashback,3500,0
601140,3000663,2025-10-20,push,cashback,3300,0
601141,3000663,2025-07-01,push,generico,700,0
601142,3000663,2025-02-20,email,upgrade_credito,700,0
601143,3000664,2026-01-06,push,upgrade_credito,500,0
601144,3000664,2026-02-18,push,upgrade_credito,2200,0
601145,3000665,2025-06-08,push,generico,1900,0
601146,3000665,2025-08-22,push,cashback,2600,1
601147,3000665,2025-04-21,push,upgrade_credito,2000,0
601148,3000666,2025-02-13,email,cashback,2800,1
601149,3000668,2025-07-04,push,cashback,3800,0
601150,3000668,2025-10-23,push,generico,1000,0
601151,3000668,2025-11-30,email,cashback,700,0
601152,3000669,2025-04-12,email,cashback,3600,0
601153,3000669,2025-10-12,push,generico,1500,0
601154,3000669,2025-08-22,push,generico,1600,0
601155,3000670,2025-09-10,email,cashback,3300,0
601156,3000671,2025-09-27,email,cashback,2800,0
601157,3000671,2025-03-18,push,descuento,3600,0
601158,3000672,2025-11-11,push,cashback,1800,0
601159,3000674,2025-04-09,push,generico,3500,0
601160,3000675,2025-12-01,push,descuento,3100,0
601161,3000675,2025-05-03,push,generico,700,0
601162,3000676,2025-10-17,email,cashback,3800,1
601163,3000677,2025-03-05,sms,descuento,2800,0
601164,3000677,2026-01-28,push,cashback,3700,0
601165,3000677,2025-03-14,push,generico,3800,0
601166,3000678,2025-03-12,push,generico,2800,0
601167,3000678,2025-03-29,push,generico,900,0
601168,3000678,2025-09-02,push,descuento,2600,0
601169,3000679,2025-06-18,push,descuento,2300,0
601170,3000679,2026-02-10,sms,cashback,1200,0
601171,3000680,2025-05-03,email,cashback,2200,0
601172,3000680,2026-02-20,email,descuento,2000,1
601173,3000680,2025-08-30,push,generico,1400,0
601174,3000680,2025-11-06,push,generico,2100,0
601175,3000680,2025-08-14,push,generico,1700,0
601176,3000681,2025-05-15,email,upgrade_credito,1500,0
601177,3000682,2025-06-18,push,descuento,2100,0
601178,3000682,2025-03-04,email,generico,2600,0
601179,3000684,2025-10-12,sms,generico,2600,0
601180,3000684,2025-04-21,sms,generico,3900,0
601181,3000684,2025-05-26,sms,descuento,3600,0
601182,3000684,2025-01-15,push,cashback,2500,0
601183,3000684,2025-10-14,email,cashback,1800,0
601184,3000684,2025-04-08,sms,cashback,3100,0
601185,3000685,2025-08-08,push,descuento,2300,0
601186,3000686,2025-05-16,push,descuento,3500,0
601187,3000686,2025-11-17,push,descuento,2900,0
601188,3000686,2025-11-02,push,generico,3000,0
601189,3000688,2026-01-24,push,upgrade_credito,2700,0
601190,3000689,2025-07-18,email,cashback,1900,0
601191,3000690,2025-04-19,sms,descuento,1100,0
601192,3000690,2026-03-08,email,descuento,2600,0
601193,3000690,2025-02-18,push,descuento,600,0
601194,3000690,2025-12-28,push,generico,1700,0
601195,3000690,2025-03-30,push,descuento,3200,0
601196,3000691,2025-06-29,push,cashback,900,0
601197,3000691,2025-05-20,email,cashback,3500,0
601198,3000691,2026-03-05,sms,descuento,1500,0
601199,3000691,2026-01-03,email,descuento,3200,0
601200,3000691,2025-04-12,email,upgrade_credito,2700,0
601201,3000692,2026-02-13,push,cashback,800,1
601202,3000693,2025-05-14,sms,generico,900,0
601203,3000693,2025-04-28,push,cashback,4000,1
601204,3000693,2025-09-19,push,upgrade_credito,3900,0
601205,3000694,2026-01-09,push,upgrade_credito,1700,0
601206,3000694,2025-01-15,push,generico,1600,0
601207,3000694,2025-10-24,email,upgrade_credito,1300,0
601208,3000694,2026-01-01,email,descuento,1000,0
601209,3000696,2025-01-29,email,upgrade_credito,1900,0
601210,3000696,2026-03-09,email,cashback,2000,0
601211,3000696,2025-07-19,email,upgrade_credito,2800,0
601212,3000696,2025-06-01,email,generico,1700,0
601213,3000697,2025-05-06,push,upgrade_credito,2700,0
601214,3000697,2026-02-13,email,upgrade_credito,1500,0
601215,3000697,2026-01-10,push,cashback,2600,0
601216,3000698,2025-10-24,email,descuento,1800,0
601217,3000699,2025-08-17,push,generico,1300,0
601218,3000699,2025-01-17,push,cashback,3700,0
601219,3000699,2025-03-20,sms,upgrade_credito,1200,0
601220,3000699,2025-06-14,push,descuento,2100,0
601221,3000700,2025-12-04,email,upgrade_credito,2900,0
601222,3000701,2025-05-16,email,descuento,2100,0
601223,3000702,2025-08-09,email,upgrade_credito,2500,0
601224,3000702,2025-11-07,push,descuento,2100,0
601225,3000702,2025-02-18,push,descuento,2000,1
601226,3000703,2025-05-17,push,descuento,2900,0
601227,3000703,2026-03-12,push,descuento,1300,0
601228,3000705,2025-01-05,email,generico,700,0
601229,3000705,2025-10-29,email,descuento,1600,0
601230,3000707,2025-08-19,email,generico,2800,0
601231,3000707,2026-01-29,push,cashback,700,0
601232,3000707,2025-11-01,push,descuento,900,0
601233,3000708,2025-09-14,push,cashback,1200,1
601234,3000708,2025-03-19,sms,generico,1700,0
601235,3000708,2025-06-23,push,cashback,2300,0
601236,3000710,2025-12-18,email,cashback,2200,0
601237,3000711,2025-03-18,push,upgrade_credito,3700,0
601238,3000711,2025-09-28,push,descuento,800,0
601239,3000712,2025-01-07,email,descuento,1300,0
601240,3000713,2026-02-23,email,generico,3400,1
601241,3000714,2025-05-27,email,descuento,3100,0
601242,3000714,2026-01-11,email,descuento,2200,0
601243,3000715,2025-11-30,push,descuento,2800,0
601244,3000716,2026-03-14,email,generico,2500,0
601245,3000716,2025-02-12,push,upgrade_credito,3600,0
601246,3000716,2025-07-13,email,generico,2600,0
601247,3000717,2025-05-10,push,generico,3900,0
601248,3000719,2025-10-30,push,cashback,2500,0
601249,3000721,2025-01-10,email,cashback,1700,0
601250,3000721,2025-07-06,sms,generico,1600,0
601251,3000723,2025-03-06,push,upgrade_credito,1200,0
601252,3000723,2025-01-28,email,generico,1000,0
601253,3000724,2025-07-06,push,cashback,1100,0
601254,3000724,2025-01-05,push,descuento,1100,0
601255,3000724,2025-03-21,email,cashback,1600,1
601256,3000725,2025-05-08,push,upgrade_credito,2200,0
601257,3000726,2025-01-12,email,descuento,1400,0
601258,3000726,2025-06-23,sms,cashback,2800,0
601259,3000726,2025-06-03,push,cashback,800,0
601260,3000727,2025-08-23,email,cashback,3700,0
601261,3000727,2025-11-30,push,generico,800,0
601262,3000727,2025-01-26,push,upgrade_credito,2200,0
601263,3000728,2025-01-05,email,descuento,3100,0
601264,3000728,2025-06-18,email,cashback,1100,0
601265,3000729,2025-10-26,push,cashback,800,0
601266,3000730,2025-03-09,push,descuento,3200,0
601267,3000732,2025-08-14,push,cashback,1400,0
601268,3000732,2025-02-04,sms,cashback,600,0
601269,3000736,2025-08-11,email,cashback,1900,0
601270,3000737,2026-03-07,push,generico,800,0
601271,3000738,2025-10-31,email,upgrade_credito,3400,0
601272,3000738,2025-04-23,email,cashback,1100,0
601273,3000739,2025-05-13,sms,upgrade_credito,1100,0
601274,3000739,2025-07-09,email,cashback,3300,0
601275,3000739,2025-10-07,sms,upgrade_credito,600,0
601276,3000739,2025-04-25,email,cashback,900,0
601277,3000740,2025-12-19,email,cashback,800,0
601278,3000741,2026-01-13,push,generico,2600,0
601279,3000741,2025-04-16,sms,upgrade_credito,3100,0
601280,3000743,2025-08-10,email,cashback,2900,0
601281,3000743,2025-09-29,push,descuento,2600,0
601282,3000743,2026-02-25,email,upgrade_credito,3000,0
601283,3000744,2025-05-28,sms,descuento,1300,1
601284,3000744,2025-09-27,email,upgrade_credito,1600,0
601285,3000746,2025-04-27,push,upgrade_credito,2700,0
601286,3000746,2026-03-14,push,upgrade_credito,3900,0
601287,3000746,2025-11-15,push,descuento,3000,0
601288,3000747,2025-06-06,push,generico,2000,0
601289,3000747,2025-04-05,email,descuento,3200,0
601290,3000747,2025-11-14,push,generico,1500,0
601291,3000747,2025-06-12,email,generico,1900,0
601292,3000748,2025-02-27,email,descuento,1300,0
601293,3000748,2025-12-27,email,generico,3300,0
601294,3000749,2025-03-16,email,generico,1900,0
601295,3000750,2025-07-03,email,descuento,3500,0
601296,3000751,2025-07-13,email,generico,2600,0
601297,3000751,2025-07-23,email,cashback,3100,0
601298,3000752,2025-06-13,sms,cashback,2700,0
601299,3000752,2025-08-29,push,descuento,1700,0
601300,3000752,2025-03-08,email,cashback,700,0
601301,3000753,2025-10-17,email,generico,3600,0
601302,3000753,2026-03-10,email,generico,2600,0
601303,3000753,2025-03-17,email,cashback,2500,0
601304,3000753,2025-07-02,sms,cashback,900,0
601305,3000754,2025-04-15,email,cashback,1800,0
601306,3000754,2025-07-09,email,descuento,2700,0
601307,3000755,2025-07-21,push,cashback,3400,0
601308,3000755,2026-02-04,email,generico,1700,0
601309,3000755,2025-03-02,sms,cashback,2300,0
601310,3000756,2025-12-19,push,cashback,2400,0
601311,3000756,2025-12-19,email,generico,3500,0
601312,3000757,2025-10-15,sms,cashback,3900,0
601313,3000757,2025-03-22,email,descuento,3500,0
601314,3000758,2025-10-03,sms,generico,1300,0
601315,3000758,2025-06-08,email,generico,1700,0
601316,3000758,2025-05-20,email,cashback,1900,0
601317,3000759,2025-12-14,push,generico,2700,0
601318,3000759,2026-01-17,email,cashback,3700,0
601319,3000759,2025-02-08,email,upgrade_credito,3300,0
601320,3000760,2025-03-06,email,upgrade_credito,2600,1
601321,3000760,2026-02-19,push,generico,2000,0
601322,3000760,2025-07-20,push,generico,3100,0
601323,3000761,2026-01-18,push,upgrade_credito,600,0
601324,3000762,2025-12-08,sms,descuento,1000,0
601325,3000762,2025-11-26,email,cashback,2400,0
601326,3000763,2025-08-16,push,upgrade_credito,3700,0
601327,3000764,2025-08-29,push,descuento,2000,0
601328,3000764,2025-02-22,push,generico,1500,0
601329,3000765,2025-05-14,email,descuento,3300,0
601330,3000766,2025-02-24,sms,cashback,900,0
601331,3000766,2026-02-16,push,cashback,2900,0
601332,3000766,2026-01-14,sms,generico,2800,0
601333,3000766,2025-12-10,push,cashback,2300,0
601334,3000767,2025-11-09,push,descuento,2700,1
601335,3000767,2025-05-08,push,cashback,3000,1
601336,3000768,2026-01-02,email,upgrade_credito,2000,0
601337,3000768,2025-02-02,push,generico,3800,0
601338,3000769,2025-02-09,push,upgrade_credito,1100,0
601339,3000770,2025-05-12,email,cashback,1500,0
601340,3000770,2026-01-18,sms,descuento,2500,0
601341,3000770,2025-04-06,push,cashback,1600,0
601342,3000771,2025-08-15,push,generico,1100,0
601343,3000771,2025-01-30,sms,descuento,1200,0
601344,3000771,2026-02-10,email,cashback,1800,0
601345,3000771,2025-07-28,email,descuento,2200,0
601346,3000771,2025-12-14,email,generico,2500,0
601347,3000772,2025-10-13,sms,upgrade_credito,3400,0
601348,3000772,2025-03-01,push,generico,600,0
601349,3000772,2026-02-10,email,generico,3000,0
601350,3000773,2026-02-21,push,generico,2600,0
601351,3000773,2025-04-02,push,generico,3900,0
601352,3000774,2025-01-08,push,cashback,2500,1
601353,3000775,2026-02-01,sms,generico,1300,0
601354,3000775,2025-03-28,push,cashback,3400,1
601355,3000775,2025-11-08,email,upgrade_credito,2400,0
601356,3000775,2025-01-24,sms,generico,3700,1
601357,3000776,2025-03-09,email,cashback,3200,0
601358,3000776,2025-12-30,push,generico,3900,0
601359,3000776,2025-05-22,push,generico,2500,0
601360,3000777,2025-12-05,email,cashback,2400,0
601361,3000777,2025-11-21,push,generico,1400,0
601362,3000777,2026-01-27,email,upgrade_credito,3500,0
601363,3000778,2025-05-29,email,descuento,600,0
601364,3000779,2025-03-02,push,cashback,2500,0
601365,3000779,2026-03-05,email,generico,2800,0
601366,3000780,2025-01-21,push,generico,3300,0
601367,3000781,2025-04-01,email,cashback,2700,1
601368,3000781,2025-03-18,sms,generico,3600,0
601369,3000781,2025-05-07,push,upgrade_credito,2600,0
601370,3000782,2025-06-08,email,cashback,2200,0
601371,3000783,2025-02-15,push,generico,1900,0
601372,3000786,2026-01-16,push,cashback,1500,0
601373,3000787,2026-02-13,push,descuento,1400,0
601374,3000787,2025-01-11,push,cashback,1100,0
601375,3000789,2025-02-10,sms,cashback,700,0
601376,3000789,2025-11-27,email,generico,1500,0
601377,3000789,2025-05-22,email,descuento,1400,0
601378,3000790,2025-07-10,push,descuento,3700,0
601379,3000790,2025-06-29,sms,upgrade_credito,2400,0
601380,3000791,2025-06-25,sms,upgrade_credito,3600,0
601381,3000791,2026-03-13,push,cashback,700,0
601382,3000791,2026-02-06,email,cashback,800,0
601383,3000792,2025-11-17,sms,cashback,2600,1
601384,3000792,2025-10-15,push,cashback,2000,0
601385,3000792,2025-10-25,sms,generico,3800,0
601386,3000793,2025-11-20,push,upgrade_credito,1400,0
601387,3000794,2025-08-16,sms,generico,2100,0
601388,3000794,2025-10-28,sms,upgrade_credito,3500,0
601389,3000794,2025-08-27,push,descuento,3000,0
601390,3000796,2026-01-16,push,descuento,3000,0
601391,3000796,2025-09-02,push,upgrade_credito,2600,0
601392,3000798,2025-04-17,email,generico,3600,0
601393,3000798,2025-02-12,sms,descuento,2100,0
601394,3000799,2026-02-13,push,cashback,700,0
601395,3000799,2025-06-10,push,upgrade_credito,3000,0
601396,3000800,2025-08-16,push,descuento,1000,0
601397,3000801,2025-02-11,push,cashback,3400,1
601398,3000801,2025-08-22,push,generico,2500,0
601399,3000801,2025-09-26,sms,generico,1200,0
601400,3000801,2025-12-25,email,generico,2600,0
601401,3000802,2025-03-23,email,generico,1500,0
601402,3000802,2026-02-24,email,descuento,1100,0
601403,3000802,2025-10-06,push,upgrade_credito,800,0
601404,3000802,2025-07-15,push,upgrade_credito,2200,0
601405,3000802,2025-07-25,email,generico,1000,0
601406,3000803,2025-07-08,push,generico,3400,0
601407,3000803,2025-09-04,sms,descuento,3000,0
601408,3000803,2025-06-08,sms,generico,2000,0
601409,3000805,2025-07-14,push,descuento,600,0
601410,3000806,2025-10-30,sms,cashback,2700,0
601411,3000807,2025-07-10,push,descuento,3100,0
601412,3000807,2025-11-11,sms,upgrade_credito,3500,0
601413,3000808,2025-10-26,push,generico,1100,0
601414,3000808,2025-06-15,push,generico,1000,0
601415,3000808,2025-12-14,push,generico,2100,0
601416,3000808,2025-03-06,email,cashback,2300,0
601417,3000809,2025-07-19,sms,generico,600,0
601418,3000810,2025-04-05,email,descuento,3900,0
601419,3000811,2025-02-27,push,generico,700,0
601420,3000811,2025-08-21,push,descuento,3100,0
601421,3000812,2025-10-06,push,cashback,3200,0
601422,3000813,2026-01-07,email,generico,700,0
601423,3000813,2025-05-08,push,cashback,2900,0
601424,3000814,2026-01-07,push,descuento,3400,1
601425,3000814,2026-02-28,sms,cashback,1600,0
601426,3000814,2025-02-06,email,cashback,1200,0
601427,3000815,2025-09-15,push,generico,3400,0
601428,3000815,2025-07-25,push,generico,2200,0
601429,3000815,2025-10-10,email,descuento,3500,0
601430,3000816,2026-01-12,email,generico,3600,0
601431,3000816,2025-04-16,email,upgrade_credito,1000,0
601432,3000816,2025-11-10,email,cashback,800,1
601433,3000816,2025-07-06,email,cashback,1800,0
601434,3000817,2025-05-02,push,descuento,3500,0
601435,3000818,2025-07-20,push,cashback,3400,0
601436,3000818,2025-10-17,push,cashback,2400,0
601437,3000819,2025-06-05,sms,cashback,500,0
601438,3000819,2025-12-29,push,cashback,2300,1
601439,3000819,2025-05-22,push,upgrade_credito,1400,0
601440,3000820,2025-04-26,email,descuento,1900,0
601441,3000821,2025-12-16,sms,descuento,1700,0
601442,3000821,2025-04-06,sms,descuento,3700,0
601443,3000822,2025-11-30,push,descuento,3100,0
601444,3000823,2025-05-10,email,descuento,2900,0
601445,3000823,2025-02-15,push,generico,1400,0
601446,3000824,2026-02-05,sms,descuento,1200,0
601447,3000824,2025-01-30,email,upgrade_credito,1200,0
601448,3000825,2025-12-10,push,cashback,2300,0
601449,3000825,2025-12-04,email,descuento,2500,0
601450,3000826,2025-05-30,sms,upgrade_credito,800,0
601451,3000826,2025-06-22,email,descuento,2800,0
601452,3000827,2025-07-29,sms,generico,2400,0
601453,3000827,2025-03-17,push,descuento,1300,0
601454,3000827,2025-02-25,push,upgrade_credito,700,0
601455,3000827,2026-01-07,push,generico,1500,0
601456,3000828,2025-04-09,email,cashback,1600,0
601457,3000828,2025-09-11,email,upgrade_credito,2600,0
601458,3000829,2025-05-16,email,upgrade_credito,3900,0
601459,3000829,2025-07-22,push,upgrade_credito,2500,0
601460,3000830,2025-05-03,email,generico,1800,0
601461,3000830,2025-09-20,push,generico,2800,0
601462,3000832,2025-03-02,sms,cashback,1000,0
601463,3000833,2025-11-25,push,cashback,3100,0
601464,3000833,2025-12-06,sms,cashback,1800,0
601465,3000834,2025-02-10,sms,generico,1000,0
601466,3000835,2025-08-04,push,cashback,1300,0
601467,3000836,2025-05-25,push,descuento,4000,1
601468,3000836,2025-08-06,push,cashback,1800,0
601469,3000836,2025-04-22,push,cashback,3400,1
601470,3000836,2025-06-24,email,cashback,1200,1
601471,3000838,2025-05-26,email,descuento,3100,0
601472,3000838,2025-06-14,push,upgrade_credito,2700,0
601473,3000839,2025-03-22,push,cashback,900,0
601474,3000839,2025-07-03,email,descuento,1800,0
601475,3000842,2026-03-14,email,descuento,2900,0
601476,3000842,2025-04-22,push,cashback,1800,0
601477,3000844,2025-07-08,sms,cashback,1100,0
601478,3000845,2025-11-27,push,generico,3400,0
601479,3000846,2025-02-26,push,descuento,1700,0
601480,3000846,2025-11-12,sms,descuento,600,0
601481,3000846,2026-02-06,email,descuento,1000,0
601482,3000846,2025-12-29,email,generico,800,0
601483,3000847,2025-06-04,email,cashback,2000,0
601484,3000847,2026-03-10,push,cashback,800,0
601485,3000848,2025-12-03,push,descuento,2100,0
601486,3000848,2025-07-13,email,cashback,800,1
601487,3000849,2025-03-11,push,upgrade_credito,2100,0
601488,3000849,2025-12-23,push,descuento,700,0
601489,3000850,2025-05-16,email,descuento,700,0
601490,3000850,2026-02-01,email,upgrade_credito,700,0
601491,3000851,2025-10-02,sms,upgrade_credito,600,0
601492,3000851,2025-06-15,push,upgrade_credito,4000,0
601493,3000851,2025-09-19,email,generico,2500,0
601494,3000852,2025-02-26,email,cashback,3300,0
601495,3000852,2025-12-24,email,descuento,1800,0
601496,3000853,2025-10-09,email,cashback,2600,0
601497,3000853,2025-07-16,push,cashback,2300,0
601498,3000853,2026-03-04,push,cashback,4000,0
601499,3000854,2025-04-06,push,descuento,1000,0
601500,3000855,2025-01-21,push,generico,3900,0
601501,3000855,2026-02-03,email,descuento,900,0
601502,3000856,2025-10-02,push,generico,2200,0
601503,3000857,2025-06-26,push,descuento,2600,0
601504,3000857,2025-11-14,email,descuento,2700,0
601505,3000858,2025-01-03,email,generico,1900,0
601506,3000859,2025-05-30,sms,cashback,1400,0
601507,3000861,2025-04-02,push,generico,3700,0
601508,3000862,2026-02-02,sms,descuento,1200,0
601509,3000863,2025-11-03,sms,upgrade_credito,3900,0
601510,3000865,2025-03-01,email,generico,2100,0
601511,3000867,2025-02-02,push,descuento,3100,1
601512,3000867,2025-06-06,push,cashback,3300,0
601513,3000868,2025-10-19,push,upgrade_credito,3800,0
601514,3000868,2025-05-17,push,generico,1800,0
601515,3000868,2025-11-10,push,descuento,2000,0
601516,3000870,2025-07-10,push,generico,1600,0
601517,3000871,2025-10-15,email,descuento,700,0
601518,3000872,2026-02-15,push,cashback,1700,0
601519,3000872,2025-09-07,push,cashback,2200,0
601520,3000873,2025-10-25,push,descuento,1800,0
601521,3000875,2025-06-03,sms,cashback,2300,0
601522,3000875,2026-03-14,email,cashback,1700,0
601523,3000875,2025-05-19,push,descuento,1700,0
601524,3000876,2025-03-13,email,descuento,2800,0
601525,3000877,2025-02-20,sms,cashback,2600,0
601526,3000877,2025-01-18,email,descuento,2800,0
601527,3000877,2025-10-28,push,generico,2500,0
601528,3000877,2026-03-03,push,generico,3100,1
601529,3000878,2025-04-10,push,upgrade_credito,2500,0
601530,3000878,2025-12-25,email,descuento,2900,0
601531,3000879,2025-02-06,email,generico,1700,0
601532,3000879,2026-03-14,sms,descuento,1500,0
601533,3000880,2025-02-01,push,descuento,2500,0
601534,3000881,2025-10-30,email,descuento,2200,0
601535,3000881,2025-09-17,push,cashback,900,0
601536,3000881,2025-08-17,push,descuento,3500,0
601537,3000884,2025-10-07,push,generico,1500,0
601538,3000884,2025-06-24,push,cashback,3000,1
601539,3000886,2025-12-25,email,descuento,900,0
601540,3000886,2026-01-27,email,cashback,2500,0
601541,3000887,2025-11-19,push,cashback,3400,1
601542,3000887,2025-07-01,email,descuento,2500,0
601543,3000888,2025-10-19,push,upgrade_credito,3900,0
601544,3000888,2025-01-11,push,descuento,3700,1
601545,3000889,2025-01-14,push,generico,2000,0
601546,3000891,2025-02-07,push,generico,3500,0
601547,3000892,2025-02-13,email,cashback,1300,0
601548,3000892,2025-07-15,push,upgrade_credito,2700,0
601549,3000892,2025-11-21,push,generico,900,0
601550,3000892,2025-04-10,email,cashback,1000,0
601551,3000893,2026-01-12,email,cashback,800,0
601552,3000894,2025-09-19,push,cashback,1500,0
601553,3000895,2025-03-11,sms,cashback,3200,1
601554,3000895,2025-06-11,push,descuento,3700,0
601555,3000895,2025-06-05,sms,generico,3500,0
601556,3000895,2025-05-15,push,generico,1400,0
601557,3000896,2025-07-23,push,descuento,2200,0
601558,3000897,2025-06-10,push,upgrade_credito,900,1
601559,3000898,2025-05-11,push,cashback,3400,0
601560,3000899,2025-01-15,push,upgrade_credito,3200,0
601561,3000900,2025-09-18,push,cashback,2400,0
601562,3000900,2026-01-15,push,generico,2600,0
601563,3000900,2025-02-03,email,descuento,2100,0
601564,3000902,2025-06-01,email,generico,1100,0
601565,3000902,2025-06-16,push,upgrade_credito,1700,0
601566,3000903,2026-02-05,email,generico,3700,0
601567,3000903,2025-06-17,push,generico,1000,0
601568,3000904,2025-02-14,push,upgrade_credito,2200,0
601569,3000904,2025-07-29,email,generico,1700,0
601570,3000905,2025-06-19,email,descuento,2400,0
601571,3000905,2025-09-27,push,generico,3500,0
601572,3000906,2025-04-03,sms,upgrade_credito,4000,0
601573,3000908,2025-12-19,push,descuento,1100,1
601574,3000908,2025-04-13,sms,cashback,1200,0
601575,3000908,2025-06-26,sms,cashback,3100,0
601576,3000908,2025-12-06,email,cashback,1700,0
601577,3000910,2025-07-26,push,descuento,3600,0
601578,3000910,2025-04-26,push,descuento,800,1
601579,3000911,2025-05-29,sms,descuento,1400,0
601580,3000912,2025-04-02,email,generico,800,0
601581,3000912,2025-04-09,push,generico,1700,0
601582,3000912,2025-11-28,push,generico,2900,1
601583,3000913,2025-06-23,push,upgrade_credito,2200,0
601584,3000914,2025-10-27,email,upgrade_credito,3600,0
601585,3000914,2025-08-03,email,descuento,3400,0
601586,3000914,2025-10-31,sms,descuento,2900,0
601587,3000915,2025-07-14,sms,descuento,900,0
601588,3000915,2025-06-23,sms,descuento,2600,0
601589,3000916,2025-06-01,email,descuento,1300,0
601590,3000916,2026-03-11,email,generico,1900,0
601591,3000916,2025-08-03,push,generico,2100,0
601592,3000918,2025-06-15,sms,descuento,2400,0
601593,3000920,2025-11-04,push,generico,3200,0
601594,3000920,2025-10-30,push,generico,600,0
601595,3000921,2025-03-12,sms,generico,500,0
601596,3000921,2025-07-11,push,generico,800,0
601597,3000921,2025-10-22,push,descuento,2700,0
601598,3000925,2025-07-25,push,cashback,1500,0
601599,3000926,2025-01-28,sms,generico,2000,0
601600,3000927,2026-02-12,push,upgrade_credito,1800,0
601601,3000927,2025-05-26,email,descuento,1500,0
601602,3000928,2025-08-22,email,upgrade_credito,800,0
601603,3000928,2025-06-14,sms,upgrade_credito,3300,0
601604,3000928,2025-04-01,sms,descuento,3000,0
601605,3000928,2025-05-17,email,descuento,2700,0
601606,3000928,2026-02-06,push,upgrade_credito,3600,0
601607,3000928,2025-02-28,push,cashback,1400,0
601608,3000929,2026-02-17,push,cashback,2900,0
601609,3000930,2025-01-21,push,cashback,3600,0
601610,3000930,2025-09-14,push,cashback,1100,0
601611,3000933,2025-08-08,push,generico,3000,0
601612,3000935,2025-05-17,email,cashback,2900,0
601613,3000935,2025-02-24,push,descuento,1800,0
601614,3000936,2025-04-08,email,generico,3600,0
601615,3000937,2025-08-05,sms,cashback,2200,0
601616,3000937,2026-03-12,push,cashback,2100,0
601617,3000937,2025-03-24,push,generico,1000,0
601618,3000938,2025-06-30,push,cashback,2600,1
601619,3000938,2025-04-16,push,cashback,3200,0
601620,3000939,2025-04-10,sms,descuento,2000,0
601621,3000940,2025-06-07,email,generico,2600,0
601622,3000941,2025-11-19,email,descuento,1100,0
601623,3000941,2025-10-04,email,descuento,1000,0
601624,3000941,2026-01-08,email,descuento,500,0
601625,3000941,2025-01-03,email,cashback,1300,0
601626,3000942,2026-01-24,email,generico,2200,0
601627,3000943,2025-05-22,push,descuento,1000,1
601628,3000943,2025-10-21,push,descuento,1100,0
601629,3000943,2025-12-22,push,upgrade_credito,3700,0
601630,3000944,2025-06-25,email,upgrade_credito,2200,0
601631,3000945,2025-06-09,email,cashback,1000,0
601632,3000947,2026-01-24,push,generico,3500,0
601633,3000948,2025-09-09,push,generico,2700,0
601634,3000949,2025-03-12,email,cashback,3300,0
601635,3000949,2026-02-23,push,generico,1200,0
601636,3000950,2025-02-24,email,descuento,1100,0
601637,3000951,2026-01-21,push,cashback,700,0
601638,3000951,2025-08-11,push,cashback,2500,0
601639,3000951,2025-05-21,push,generico,2200,0
601640,3000953,2025-02-18,push,descuento,2800,0
601641,3000954,2025-06-21,email,generico,2100,0
601642,3000954,2026-01-22,sms,descuento,3700,0
601643,3000954,2025-10-23,push,upgrade_credito,3400,0
601644,3000955,2025-03-23,push,cashback,2900,1
601645,3000955,2025-10-13,push,generico,1200,0
601646,3000955,2025-03-27,push,descuento,1000,0
601647,3000955,2025-09-08,email,generico,700,0
601648,3000958,2026-03-08,email,cashback,2400,0
601649,3000958,2025-01-30,email,generico,700,0
601650,3000958,2025-03-29,email,cashback,3800,0
601651,3000959,2025-01-22,push,generico,2800,0
601652,3000959,2025-05-12,push,generico,900,0
601653,3000960,2025-06-22,push,descuento,2000,0
601654,3000960,2025-02-16,sms,cashback,500,0
601655,3000961,2025-01-18,email,generico,1100,0
601656,3000961,2025-01-19,push,descuento,3600,0
601657,3000963,2025-12-04,push,generico,2700,0
601658,3000965,2025-03-29,sms,cashback,1000,1
601659,3000965,2025-01-14,email,upgrade_credito,1900,0
601660,3000965,2025-03-27,push,descuento,3400,0
601661,3000965,2025-03-18,push,upgrade_credito,1000,0
601662,3000965,2025-04-02,sms,upgrade_credito,2900,0
601663,3000966,2025-04-08,sms,descuento,700,0
601664,3000966,2025-03-30,sms,descuento,3200,0
601665,3000966,2025-01-03,push,cashback,2500,0
601666,3000966,2025-07-13,push,cashback,3000,0
601667,3000967,2026-02-19,push,generico,3700,0
601668,3000967,2025-10-07,sms,generico,1500,0
601669,3000967,2025-10-21,push,upgrade_credito,1200,0
601670,3000968,2025-10-24,push,cashback,1800,0
601671,3000969,2025-03-02,sms,upgrade_credito,2100,0
601672,3000969,2025-11-11,email,generico,3600,0
601673,3000971,2026-02-10,push,descuento,3600,0
601674,3000971,2025-05-27,email,generico,2200,0
601675,3000971,2025-06-10,push,descuento,3100,0
601676,3000971,2025-08-24,push,descuento,2600,0
601677,3000971,2025-01-23,push,cashback,1800,0
601678,3000972,2026-01-11,sms,descuento,1500,0
601679,3000972,2025-07-04,push,generico,3600,0
601680,3000973,2025-06-13,push,cashback,2700,1
601681,3000975,2025-03-02,push,descuento,2500,0
601682,3000975,2025-11-16,push,cashback,2100,1
601683,3000976,2026-02-26,push,cashback,3300,1
601684,3000976,2025-06-01,email,generico,900,0
601685,3000976,2025-03-31,push,descuento,1200,0
601686,3000977,2025-04-07,email,cashback,2300,1
601687,3000978,2025-11-24,email,generico,1300,0
601688,3000978,2025-06-13,push,cashback,2500,0
601689,3000979,2025-02-21,push,descuento,1400,1
601690,3000979,2025-05-26,push,descuento,700,0
601691,3000979,2025-05-11,push,upgrade_credito,3800,1
601692,3000980,2025-05-03,push,upgrade_credito,1000,0
601693,3000981,2026-01-18,push,generico,1900,0
601694,3000981,2025-08-31,email,generico,2700,0
601695,3000981,2025-01-02,sms,generico,3300,0
601696,3000982,2025-03-11,push,descuento,2400,0
601697,3000984,2025-03-27,email,descuento,700,0
601698,3000984,2025-09-08,email,descuento,1000,0
601699,3000987,2025-07-29,sms,upgrade_credito,3700,0
601700,3000988,2025-11-05,email,descuento,2600,0
601701,3000988,2026-01-05,push,descuento,2700,0
601702,3000989,2025-10-09,push,descuento,2300,0
601703,3000989,2025-12-17,email,generico,600,0
601704,3000990,2025-12-17,email,descuento,3600,0
601705,3000990,2026-01-06,email,descuento,700,0
601706,3000991,2025-07-02,email,upgrade_credito,3000,0
601707,3000991,2025-11-12,push,descuento,3500,0
601708,3000992,2025-04-28,email,generico,700,0
601709,3000993,2025-06-02,sms,descuento,2700,0
601710,3000993,2025-10-29,push,cashback,2100,0
601711,3000995,2025-08-20,push,generico,3700,0
601712,3000996,2025-05-29,push,cashback,700,0
601713,3000997,2025-12-05,push,descuento,2100,0
601714,3000997,2025-03-13,push,cashback,3700,1
601715,3000998,2025-08-21,sms,generico,1200,0
601716,3000998,2025-11-13,sms,cashback,1600,0
601717,3000998,2025-02-03,push,descuento,1900,0
601718,3000999,2026-02-21,push,generico,1500,0
601719,3000999,2025-09-25,email,descuento,3300,0
601720,3000999,2025-08-29,email,cashback,1900,0
601721,3000999,2025-06-03,email,cashback,1400,1
601722,3000999,2026-02-17,sms,descuento,3700,0
601723,3001000,2025-04-28,sms,descuento,2800,0
601724,3001000,2025-06-14,email,descuento,3200,0
601725,3001001,2025-01-23,email,cashback,600,0
601726,3001001,2025-04-23,sms,cashback,3600,0
601727,3001002,2025-12-23,push,descuento,2400,0
601728,3001002,2025-12-07,push,generico,1600,0
601729,3001004,2025-03-30,push,generico,1400,0
601730,3001006,2025-05-26,push,descuento,1400,1
601731,3001007,2025-02-09,push,upgrade_credito,3200,0
601732,3001007,2025-01-27,push,cashback,900,1
601733,3001008,2025-04-22,push,cashback,800,0
601734,3001008,2025-01-23,push,generico,2400,0
601735,3001008,2025-08-31,push,cashback,2700,0
601736,3001009,2025-05-31,email,cashback,2700,0
601737,3001009,2025-10-19,push,descuento,1400,0
601738,3001011,2025-11-20,push,upgrade_credito,900,0
601739,3001012,2026-01-14,email,upgrade_credito,2900,0
601740,3001013,2025-01-13,push,generico,2000,0
601741,3001013,2026-01-04,sms,descuento,3600,0
601742,3001013,2025-06-28,email,descuento,3400,0
601743,3001013,2025-12-01,sms,cashback,3500,1
601744,3001013,2025-09-19,email,generico,3300,0
601745,3001014,2025-06-06,push,cashback,2600,0
601746,3001015,2025-08-15,email,upgrade_credito,2300,1
601747,3001015,2025-04-16,email,upgrade_credito,2400,0
601748,3001015,2025-01-22,push,cashback,2100,0
601749,3001016,2025-03-04,push,descuento,1100,0
601750,3001018,2025-10-03,push,cashback,1500,0
601751,3001019,2025-10-31,push,generico,1500,0
601752,3001019,2025-07-25,sms,cashback,2800,0
601753,3001019,2025-02-01,email,upgrade_credito,2900,0
601754,3001020,2025-01-24,email,generico,1800,0
601755,3001021,2026-01-18,push,generico,1900,0
601756,3001021,2025-10-22,push,descuento,1900,0
601757,3001021,2026-02-02,push,cashback,1700,0
601758,3001022,2026-03-08,push,upgrade_credito,1700,0
601759,3001022,2025-01-29,email,upgrade_credito,3900,0
601760,3001023,2025-10-08,sms,cashback,2600,1
601761,3001023,2026-03-09,push,cashback,3100,0
601762,3001023,2025-11-19,push,descuento,3800,0
601763,3001024,2025-08-15,push,generico,800,0
601764,3001024,2026-01-25,email,generico,1300,0
601765,3001025,2025-07-03,email,upgrade_credito,2500,0
601766,3001025,2025-12-16,push,descuento,3300,0
601767,3001026,2026-03-05,push,upgrade_credito,1300,0
601768,3001027,2026-01-25,push,generico,1300,0
601769,3001027,2026-02-05,push,descuento,2700,0
601770,3001028,2025-09-22,email,descuento,500,0
601771,3001028,2025-09-11,push,generico,3100,0
601772,3001028,2025-05-30,email,cashback,1300,1
601773,3001028,2025-04-16,push,descuento,1100,0
601774,3001028,2025-01-05,push,descuento,3700,0
601775,3001029,2025-12-11,push,generico,3600,0
601776,3001030,2025-11-24,sms,cashback,2900,0
601777,3001031,2026-03-09,email,generico,1900,0
601778,3001031,2025-05-08,sms,upgrade_credito,500,0
601779,3001032,2025-11-12,push,generico,900,0
601780,3001033,2025-05-28,push,descuento,500,0
601781,3001034,2025-11-23,push,descuento,900,0
601782,3001034,2025-01-25,push,descuento,1700,0
601783,3001034,2026-01-03,push,upgrade_credito,3800,0
601784,3001034,2025-05-22,push,descuento,3200,0
601785,3001035,2025-02-24,sms,cashback,2300,1
601786,3001035,2025-05-22,push,generico,3100,0
601787,3001036,2025-11-02,email,cashback,1100,1
601788,3001036,2025-10-28,sms,upgrade_credito,3000,0
601789,3001037,2026-01-30,sms,cashback,2400,0
601790,3001038,2025-08-01,push,generico,2400,0
601791,3001039,2025-10-23,sms,upgrade_credito,3400,0
601792,3001039,2025-12-16,push,upgrade_credito,1000,0
601793,3001039,2025-02-01,email,upgrade_credito,2900,0
601794,3001040,2025-02-15,push,cashback,1900,0
601795,3001040,2025-06-28,push,cashback,900,0
601796,3001041,2025-06-29,push,upgrade_credito,2500,0
601797,3001041,2025-07-15,push,generico,1000,0
601798,3001042,2026-02-11,push,descuento,3800,0
601799,3001042,2026-01-01,push,upgrade_credito,3100,1
601800,3001043,2025-04-17,email,cashback,1400,0
601801,3001044,2025-06-11,sms,cashback,3500,0
601802,3001045,2025-02-11,email,upgrade_credito,3300,0
601803,3001045,2025-10-06,push,upgrade_credito,2000,0
601804,3001045,2025-10-16,sms,descuento,1100,0
601805,3001045,2025-02-24,push,cashback,3300,0
601806,3001046,2026-02-14,push,upgrade_credito,1500,0
601807,3001048,2025-08-23,push,generico,900,0
601808,3001048,2025-12-01,push,upgrade_credito,2400,0
601809,3001048,2025-11-20,push,descuento,1400,0
601810,3001049,2025-11-28,push,upgrade_credito,700,0
601811,3001049,2026-03-11,push,cashback,3100,0
601812,3001050,2025-07-19,email,cashback,3500,0
601813,3001051,2025-06-24,email,descuento,500,0
601814,3001052,2025-06-01,push,generico,2600,0
601815,3001052,2025-10-09,push,generico,1100,0
601816,3001052,2025-05-29,push,descuento,1300,0
601817,3001053,2025-06-08,push,upgrade_credito,3800,0
601818,3001053,2026-02-25,push,upgrade_credito,3600,0
601819,3001054,2025-01-18,push,descuento,1100,0
601820,3001055,2026-02-15,sms,descuento,3600,0
601821,3001055,2026-03-11,push,upgrade_credito,1300,0
601822,3001056,2025-04-28,push,descuento,3700,0
601823,3001056,2025-05-04,push,descuento,1800,0
601824,3001056,2025-05-10,push,descuento,1800,0
601825,3001057,2026-01-07,email,generico,2300,0
601826,3001057,2025-03-20,push,descuento,1900,0
601827,3001057,2025-03-04,push,descuento,800,0
601828,3001058,2025-11-19,email,cashback,3400,0
601829,3001058,2025-06-21,sms,cashback,3800,0
601830,3001059,2025-02-21,email,cashback,2600,0
601831,3001061,2025-07-19,push,generico,4000,0
601832,3001061,2026-01-26,push,descuento,3400,0
601833,3001061,2025-04-01,push,cashback,3600,0
601834,3001063,2025-08-11,email,cashback,2500,0
601835,3001064,2025-01-11,push,cashback,2000,0
601836,3001065,2025-06-04,email,generico,2300,1
601837,3001065,2025-05-18,push,descuento,2600,1
601838,3001065,2026-01-17,push,upgrade_credito,500,0
601839,3001066,2025-05-01,push,descuento,2500,0
601840,3001066,2025-11-05,push,generico,700,0
601841,3001066,2025-01-11,push,upgrade_credito,3100,0
601842,3001066,2025-10-05,push,descuento,3700,0
601843,3001067,2025-12-03,push,generico,1100,0
601844,3001067,2025-07-12,sms,cashback,800,0
601845,3001068,2025-05-27,email,descuento,3100,0
601846,3001068,2025-06-28,push,cashback,1800,0
601847,3001069,2025-05-01,sms,generico,1600,0
601848,3001069,2025-10-26,push,descuento,3700,0
601849,3001070,2026-03-13,push,cashback,1200,0
601850,3001071,2025-05-26,push,cashback,3500,1
601851,3001071,2025-02-06,push,cashback,2700,0
601852,3001071,2025-06-10,email,cashback,1500,0
601853,3001072,2025-04-23,sms,descuento,1600,0
601854,3001073,2025-06-22,email,generico,600,0
601855,3001073,2025-10-22,push,descuento,1100,0
601856,3001073,2025-06-12,sms,generico,3700,0
601857,3001074,2025-10-28,push,upgrade_credito,3800,1
601858,3001074,2025-05-29,email,cashback,2900,0
601859,3001074,2025-11-13,push,descuento,3400,0
601860,3001075,2026-02-01,push,generico,2600,0
601861,3001075,2025-08-08,email,descuento,2400,0
601862,3001076,2025-10-30,email,descuento,2600,0
601863,3001080,2025-05-03,push,descuento,1100,0
601864,3001080,2025-07-02,push,upgrade_credito,3300,0
601865,3001080,2025-03-26,push,cashback,3000,0
601866,3001082,2025-01-01,push,cashback,1700,0
601867,3001082,2025-09-12,email,descuento,2200,1
601868,3001083,2025-07-16,sms,cashback,2900,0
601869,3001084,2025-09-11,push,descuento,1400,0
601870,3001084,2025-12-22,push,descuento,3700,0
601871,3001084,2025-09-25,email,cashback,1200,0
601872,3001086,2025-11-30,email,cashback,3300,0
601873,3001086,2025-04-20,email,descuento,1300,0
601874,3001087,2026-02-20,push,descuento,800,0
601875,3001087,2025-10-26,push,generico,500,0
601876,3001087,2025-08-09,email,descuento,2700,0
601877,3001088,2025-12-19,sms,generico,2700,0
601878,3001089,2025-07-10,push,cashback,3200,1
601879,3001091,2025-09-01,email,cashback,1000,0
601880,3001091,2025-10-21,sms,generico,1900,0
601881,3001092,2025-10-28,push,generico,3000,0
601882,3001093,2025-10-13,sms,cashback,3200,0
601883,3001093,2025-09-13,push,cashback,3800,0
601884,3001094,2026-02-22,push,cashback,3400,0
601885,3001094,2025-01-03,push,upgrade_credito,700,0
601886,3001095,2026-02-23,push,descuento,2400,0
601887,3001096,2025-10-12,email,generico,3300,0
601888,3001097,2025-07-14,email,generico,1000,0
601889,3001098,2025-05-11,email,generico,2200,0
601890,3001098,2026-03-12,push,cashback,1300,0
601891,3001099,2025-04-15,email,generico,2000,0
601892,3001100,2025-03-02,sms,descuento,1100,0
601893,3001100,2025-03-05,sms,cashback,1200,0
601894,3001100,2025-08-28,push,generico,800,0
601895,3001101,2025-10-19,email,cashback,2100,1
601896,3001101,2025-12-03,push,descuento,2800,1
601897,3001103,2025-02-02,push,cashback,3000,0
601898,3001103,2025-09-02,sms,generico,2400,0
601899,3001104,2025-07-16,push,generico,3600,0
601900,3001105,2026-03-13,push,descuento,3800,0
601901,3001107,2025-08-30,push,descuento,2800,1
601902,3001107,2025-09-10,sms,cashback,1100,0
601903,3001108,2025-02-02,sms,descuento,2700,0
601904,3001108,2025-01-29,email,generico,1900,0
601905,3001109,2025-11-28,push,upgrade_credito,900,0
601906,3001109,2026-01-19,push,cashback,3800,0
601907,3001110,2025-01-13,push,descuento,700,0
601908,3001110,2025-06-30,push,generico,3400,1
601909,3001111,2025-07-14,push,generico,3500,0
601910,3001111,2025-11-12,email,generico,1300,0
601911,3001112,2025-07-21,push,cashback,1200,0
601912,3001113,2025-08-09,push,descuento,600,0
601913,3001114,2025-07-16,push,generico,3900,0
601914,3001114,2025-06-07,push,generico,1700,0
601915,3001116,2025-08-08,email,cashback,2100,0
601916,3001116,2025-12-15,email,descuento,2500,0
601917,3001116,2025-07-19,email,cashback,3500,0
601918,3001116,2026-02-19,email,generico,800,0
601919,3001117,2025-01-26,push,upgrade_credito,3000,0
601920,3001118,2025-02-01,sms,cashback,3200,0
601921,3001118,2025-01-14,sms,cashback,3900,0
601922,3001119,2025-08-23,email,descuento,3600,0
601923,3001120,2026-02-15,push,cashback,3100,0
601924,3001121,2025-06-27,email,upgrade_credito,3900,0
601925,3001125,2025-02-13,push,cashback,1900,0
601926,3001125,2025-12-23,push,upgrade_credito,2700,0
601927,3001125,2025-05-26,sms,upgrade_credito,3100,0
601928,3001125,2026-02-02,email,descuento,3700,0
601929,3001125,2025-08-26,email,descuento,2000,0
601930,3001126,2025-10-02,email,descuento,1000,0
601931,3001126,2025-08-08,email,cashback,2900,0
601932,3001127,2025-09-01,sms,generico,1200,0
601933,3001128,2025-07-29,email,generico,1600,0
601934,3001128,2025-07-03,email,generico,1000,0
601935,3001129,2025-06-16,push,cashback,3000,0
601936,3001129,2025-08-14,push,cashback,3800,0
601937,3001129,2025-09-30,push,upgrade_credito,3400,0
601938,3001130,2026-03-07,push,cashback,3500,1
601939,3001130,2025-03-03,email,descuento,3500,0
601940,3001130,2025-08-09,push,cashback,2500,1
601941,3001131,2026-03-03,push,descuento,2400,0
601942,3001131,2025-01-28,email,cashback,1000,0
601943,3001132,2025-10-29,push,cashback,3400,1
601944,3001132,2025-03-13,email,descuento,1400,0
601945,3001133,2025-12-12,email,generico,700,0
601946,3001133,2026-02-12,push,descuento,3200,0
601947,3001133,2025-05-04,email,descuento,2500,0
601948,3001134,2025-01-01,sms,upgrade_credito,700,0
601949,3001135,2025-03-03,sms,upgrade_credito,2600,0
601950,3001135,2025-02-06,email,generico,3200,0
601951,3001136,2025-06-30,push,cashback,1600,0
601952,3001137,2025-07-08,push,cashback,1000,0
601953,3001137,2025-10-08,sms,upgrade_credito,500,0
601954,3001138,2025-12-16,push,cashback,2700,0
601955,3001139,2025-04-14,sms,upgrade_credito,2000,0
601956,3001139,2025-04-23,email,descuento,2800,0
601957,3001139,2025-07-08,email,generico,2400,0
601958,3001140,2025-08-15,push,generico,2000,0
601959,3001140,2025-12-06,email,generico,3700,0
601960,3001141,2026-01-31,push,descuento,2500,0
601961,3001141,2025-04-08,push,generico,2000,0
601962,3001143,2025-11-11,push,descuento,3100,0
601963,3001144,2025-11-13,email,generico,3200,0
601964,3001144,2025-08-08,push,descuento,3500,0
601965,3001145,2025-08-21,push,generico,1900,0
601966,3001145,2025-03-15,push,cashback,2000,0
601967,3001146,2025-03-29,sms,descuento,4000,0
601968,3001146,2025-02-24,email,cashback,3300,0
601969,3001147,2025-10-08,email,descuento,3100,0
601970,3001147,2026-03-10,push,cashback,3800,0
601971,3001149,2025-10-27,email,cashback,1300,0
601972,3001149,2025-04-12,email,descuento,3000,0
601973,3001150,2025-02-25,sms,cashback,2200,0
601974,3001150,2026-01-24,sms,cashback,2200,0
601975,3001152,2025-12-14,email,generico,2900,0
601976,3001152,2026-03-05,email,generico,1300,0
601977,3001153,2025-01-04,sms,generico,1900,0
601978,3001154,2025-08-30,push,cashback,3000,1
601979,3001155,2025-09-01,push,descuento,1600,0
601980,3001156,2025-05-13,sms,generico,700,0
601981,3001157,2025-02-23,push,descuento,2100,0
601982,3001157,2025-12-25,sms,cashback,2200,0
601983,3001157,2026-03-04,push,cashback,3200,0
601984,3001158,2025-12-10,sms,descuento,2800,0
601985,3001158,2025-11-17,push,descuento,1800,0
601986,3001158,2025-09-29,email,cashback,3500,0
601987,3001159,2025-09-13,email,upgrade_credito,3000,0
601988,3001159,2025-01-14,push,descuento,1500,0
601989,3001159,2025-06-26,email,generico,1800,1
601990,3001160,2025-09-16,push,cashback,1700,0
601991,3001160,2026-01-01,sms,cashback,3000,0
601992,3001161,2025-08-28,sms,descuento,3100,0
601993,3001162,2025-12-31,email,generico,600,0
601994,3001163,2025-09-08,push,cashback,1800,0
601995,3001163,2025-12-10,push,cashback,2400,0
601996,3001163,2025-04-08,sms,generico,3500,0
601997,3001163,2025-05-24,push,cashback,1100,1
601998,3001164,2025-05-11,sms,generico,2300,0
601999,3001165,2025-12-26,push,descuento,700,0
602000,3001165,2025-12-26,email,cashback,2800,0
602001,3001166,2025-10-22,sms,descuento,3600,0
602002,3001166,2025-12-08,push,descuento,2000,0
602003,3001167,2025-01-26,push,upgrade_credito,1300,0
602004,3001167,2026-03-14,push,descuento,3500,0
602005,3001168,2025-07-12,push,descuento,2100,0
602006,3001168,2026-03-07,push,generico,3200,0
602007,3001168,2026-03-13,sms,cashback,900,0
602008,3001168,2025-04-22,push,descuento,2000,0
602009,3001169,2025-12-26,sms,generico,1100,0
602010,3001170,2025-03-03,email,descuento,1600,0
602011,3001170,2025-04-09,email,upgrade_credito,700,0
602012,3001171,2025-04-09,email,descuento,1400,0
602013,3001171,2025-06-11,email,generico,800,0
602014,3001173,2025-03-31,email,cashback,1800,0
602015,3001174,2025-03-09,push,descuento,1000,0
602016,3001175,2026-01-07,push,cashback,2700,1
602017,3001175,2025-07-30,email,upgrade_credito,3900,0
602018,3001175,2025-12-28,email,descuento,800,0
602019,3001176,2025-03-16,push,cashback,3600,0
602020,3001176,2025-08-18,sms,cashback,3000,1
602021,3001177,2025-09-20,email,generico,2200,0
602022,3001177,2025-05-27,push,upgrade_credito,1600,0
602023,3001180,2026-02-08,push,descuento,1300,0
602024,3001180,2026-01-26,push,cashback,900,1
602025,3001180,2025-10-07,push,generico,1800,0
602026,3001180,2025-08-06,email,generico,3800,0
602027,3001181,2026-01-18,push,generico,3000,0
602028,3001181,2026-01-04,push,descuento,2900,0
602029,3001182,2025-10-01,email,generico,2700,0
602030,3001182,2026-01-20,email,descuento,1000,0
602031,3001183,2025-06-12,push,cashback,2700,0
602032,3001184,2025-04-24,sms,generico,500,0
602033,3001184,2025-05-30,push,descuento,2700,0
602034,3001184,2025-06-15,push,cashback,3800,0
602035,3001185,2025-01-21,email,descuento,2300,0
602036,3001185,2025-10-02,push,cashback,4000,0
602037,3001186,2026-03-12,sms,upgrade_credito,4000,1
602038,3001186,2025-01-19,email,descuento,1000,0
602039,3001186,2025-12-04,email,cashback,1900,0
602040,3001186,2025-07-01,push,descuento,2100,0
602041,3001189,2025-05-31,email,generico,1800,0
602042,3001189,2025-12-19,email,descuento,2900,0
602043,3001190,2025-02-16,push,descuento,3900,0
602044,3001190,2025-12-20,email,generico,4000,0
602045,3001191,2025-04-18,push,cashback,2200,0
602046,3001191,2025-09-26,sms,generico,1100,0
602047,3001191,2025-03-04,sms,upgrade_credito,4000,0
602048,3001193,2025-07-12,push,cashback,2900,0
602049,3001194,2025-03-08,email,upgrade_credito,3300,0
602050,3001194,2025-05-03,email,cashback,1200,0
602051,3001195,2025-04-24,email,cashback,900,0
602052,3001196,2025-07-21,push,cashback,3300,0
602053,3001196,2026-01-25,email,descuento,3800,0
602054,3001197,2025-09-09,push,generico,1700,0
602055,3001197,2025-04-27,push,upgrade_credito,2900,0
602056,3001198,2025-10-12,email,generico,2900,0
602057,3001199,2026-01-19,email,cashback,2900,0
602058,3001200,2025-01-28,email,cashback,3700,0
602059,3001201,2025-11-23,push,descuento,1300,0
602060,3001201,2025-11-11,sms,descuento,3700,0
602061,3001201,2025-10-10,push,descuento,1900,0
602062,3001202,2025-03-01,email,descuento,2900,0
602063,3001202,2026-01-13,push,upgrade_credito,1200,0
602064,3001203,2025-03-05,push,upgrade_credito,2900,0
602065,3001204,2025-05-06,email,descuento,2900,0
602066,3001204,2026-02-03,push,descuento,2000,0
602067,3001205,2025-06-03,email,generico,2600,0
602068,3001205,2025-02-22,email,generico,1000,0
602069,3001206,2025-06-21,push,upgrade_credito,1200,0
602070,3001206,2025-08-13,push,descuento,1200,0
602071,3001207,2026-01-05,sms,upgrade_credito,2900,0
602072,3001207,2025-11-13,sms,generico,3800,0
602073,3001207,2025-04-19,email,descuento,1400,0
602074,3001208,2025-11-18,push,upgrade_credito,2300,0
602075,3001208,2025-02-06,push,generico,600,0
602076,3001208,2025-08-11,push,descuento,600,0
602077,3001208,2025-07-15,push,generico,1200,0
602078,3001210,2025-12-15,email,descuento,2500,1
602079,3001211,2025-09-04,push,descuento,2600,0
602080,3001211,2025-10-01,push,cashback,2400,0
602081,3001211,2025-04-15,push,descuento,1400,0
602082,3001212,2025-06-25,push,generico,2200,0
602083,3001212,2025-10-24,push,descuento,2400,0
602084,3001213,2025-08-30,push,upgrade_credito,2500,0
602085,3001215,2025-01-11,email,generico,1900,0
602086,3001215,2025-03-05,email,cashback,800,0
602087,3001217,2025-03-13,sms,cashback,2100,1
602088,3001217,2025-07-06,email,cashback,2800,0
602089,3001219,2025-10-07,push,generico,2600,0
602090,3001220,2025-03-18,push,descuento,1900,0
602091,3001220,2025-01-21,email,generico,1500,0
602092,3001222,2025-10-28,push,upgrade_credito,1000,0
602093,3001222,2025-05-22,email,generico,700,0
602094,3001223,2025-08-06,push,generico,2300,0
602095,3001224,2025-05-30,push,generico,1500,0
602096,3001225,2025-02-08,push,upgrade_credito,1400,0
602097,3001225,2025-08-14,email,generico,3300,0
602098,3001225,2025-08-22,email,descuento,1900,0
602099,3001226,2025-11-26,push,upgrade_credito,2000,0
602100,3001226,2025-01-01,push,cashback,2500,0
602101,3001227,2025-02-14,push,cashback,1100,0
602102,3001228,2025-03-05,push,cashback,3700,0
602103,3001228,2025-09-12,push,descuento,2700,0
602104,3001229,2025-06-29,push,descuento,3400,0
602105,3001229,2025-10-04,push,upgrade_credito,3600,0
602106,3001230,2025-04-24,push,descuento,3200,1
602107,3001230,2025-05-16,email,cashback,2900,0
602108,3001230,2025-08-02,push,descuento,800,0
602109,3001231,2025-02-19,push,upgrade_credito,2200,0
602110,3001231,2025-12-03,sms,cashback,900,0
602111,3001232,2025-10-03,push,cashback,3700,0
602112,3001232,2026-01-14,push,cashback,1700,0
602113,3001232,2026-03-03,email,cashback,1600,0
602114,3001233,2026-02-04,sms,cashback,3900,0
602115,3001233,2025-06-27,email,cashback,2800,1
602116,3001233,2025-06-11,sms,cashback,2100,0
602117,3001234,2026-03-12,push,upgrade_credito,1200,0
602118,3001234,2025-11-14,push,upgrade_credito,1700,0
602119,3001235,2025-07-16,sms,descuento,4000,0
602120,3001236,2025-11-13,sms,descuento,3100,0
602121,3001237,2025-10-25,email,generico,3300,0
602122,3001238,2025-10-21,email,cashback,2000,0
602123,3001238,2025-12-18,push,generico,1100,0
602124,3001239,2025-05-26,push,upgrade_credito,1500,0
602125,3001239,2026-01-21,push,generico,2800,0
602126,3001239,2025-06-07,push,cashback,2500,0
602127,3001242,2026-01-24,push,descuento,1900,0
602128,3001242,2025-02-17,email,cashback,1500,0
602129,3001243,2025-09-02,sms,descuento,2100,0
602130,3001244,2026-01-29,email,cashback,3500,0
602131,3001244,2026-01-10,push,descuento,900,0
602132,3001245,2025-02-12,push,generico,2000,0
602133,3001245,2026-01-19,push,cashback,1000,0
602134,3001245,2025-11-05,email,upgrade_credito,2200,0
602135,3001246,2025-03-25,email,generico,1100,0
602136,3001247,2025-12-29,email,generico,1800,0
602137,3001248,2026-01-08,sms,descuento,1500,0
602138,3001248,2025-07-22,push,descuento,2400,0
602139,3001248,2025-04-14,email,generico,700,0
602140,3001249,2025-12-15,push,cashback,2300,0
602141,3001249,2025-08-18,push,cashback,2700,0
602142,3001249,2025-08-13,push,upgrade_credito,800,0
602143,3001251,2025-02-14,email,cashback,3200,0
602144,3001252,2025-02-19,push,generico,2200,0
602145,3001253,2025-03-15,email,generico,2500,0
602146,3001254,2025-08-17,push,cashback,2700,0
602147,3001255,2025-10-24,email,cashback,600,0
602148,3001255,2025-06-06,email,upgrade_credito,3900,0
602149,3001259,2025-02-07,push,generico,1700,0
602150,3001260,2025-09-07,sms,cashback,2600,1
602151,3001260,2025-07-13,push,descuento,3100,0
602152,3001262,2025-01-15,email,generico,2700,0
602153,3001262,2025-03-09,email,cashback,1000,0
602154,3001262,2025-04-23,push,cashback,2100,0
602155,3001262,2025-08-12,sms,descuento,3400,0
602156,3001263,2025-12-11,push,cashback,1500,0
602157,3001263,2025-11-10,sms,cashback,2500,0
602158,3001266,2025-09-19,sms,upgrade_credito,1300,0
602159,3001267,2025-10-20,email,descuento,500,0
602160,3001267,2025-06-28,sms,descuento,2700,0
602161,3001267,2025-02-25,push,generico,1500,0
602162,3001268,2025-03-29,email,descuento,3100,0
602163,3001269,2025-12-31,push,cashback,3900,1
602164,3001269,2025-12-27,push,cashback,2100,0
602165,3001269,2025-07-05,sms,upgrade_credito,1700,0
602166,3001272,2025-07-09,email,upgrade_credito,1300,0
602167,3001273,2025-09-18,email,upgrade_credito,1600,0
602168,3001273,2025-02-12,email,generico,3100,0
602169,3001274,2025-05-22,push,cashback,3900,1
602170,3001274,2025-10-23,push,descuento,2600,0
602171,3001274,2025-10-08,email,descuento,3200,0
602172,3001275,2025-08-14,push,descuento,600,0
602173,3001275,2025-01-01,push,generico,2600,0
602174,3001276,2025-12-15,email,generico,4000,0
602175,3001277,2025-01-22,push,cashback,2700,0
602176,3001277,2025-11-24,sms,cashback,900,0
602177,3001279,2025-08-28,push,cashback,1200,0
602178,3001279,2026-02-13,push,descuento,3300,0
602179,3001279,2026-01-09,sms,descuento,1200,0
602180,3001280,2025-04-02,push,generico,1600,0
602181,3001281,2025-04-23,email,descuento,2600,0
602182,3001281,2025-03-22,push,cashback,3500,0
602183,3001281,2025-08-06,email,cashback,1600,0
602184,3001283,2025-08-09,email,generico,2900,0
602185,3001283,2026-03-03,email,descuento,1500,0
602186,3001283,2025-03-25,push,cashback,1700,1
602187,3001283,2025-09-03,push,descuento,2300,0
602188,3001284,2025-08-08,email,generico,2500,0
602189,3001285,2025-01-25,email,generico,800,0
602190,3001285,2025-03-11,sms,descuento,2800,1
602191,3001286,2026-01-06,push,cashback,900,0
602192,3001287,2025-11-06,email,descuento,2900,0
602193,3001287,2025-02-23,push,generico,3600,1
602194,3001288,2026-02-08,push,descuento,3500,1
602195,3001289,2025-06-21,email,generico,3400,0
602196,3001291,2025-11-14,email,generico,1700,0
602197,3001293,2025-12-03,sms,upgrade_credito,3100,0
602198,3001294,2025-02-06,push,generico,3900,0
602199,3001294,2025-02-26,email,descuento,3000,0
602200,3001294,2025-10-29,email,cashback,1700,0
602201,3001295,2025-03-14,email,generico,2800,0
602202,3001295,2026-02-21,push,cashback,2200,1
602203,3001296,2025-04-03,push,cashback,2200,1
602204,3001296,2025-10-07,sms,generico,2900,0
602205,3001296,2025-04-24,push,descuento,3100,0
602206,3001296,2025-07-30,push,cashback,900,0
602207,3001297,2025-08-18,sms,upgrade_credito,3900,0
602208,3001297,2025-11-12,email,descuento,600,0
602209,3001298,2025-04-01,sms,descuento,2700,0
602210,3001299,2025-02-17,sms,generico,3600,0
602211,3001300,2025-06-14,push,cashback,700,0
602212,3001301,2025-08-04,push,upgrade_credito,2400,0
602213,3001302,2025-03-02,email,cashback,1500,0
602214,3001303,2025-04-09,push,cashback,2200,0
602215,3001303,2026-03-11,push,generico,2700,0
602216,3001303,2025-02-05,email,descuento,1400,0
602217,3001304,2025-02-07,sms,descuento,1000,0
602218,3001305,2025-04-08,email,descuento,1900,0
602219,3001305,2025-03-27,email,cashback,3900,0
602220,3001305,2025-04-07,email,generico,500,0
602221,3001305,2025-11-06,push,descuento,3400,0
602222,3001306,2025-04-08,email,cashback,2400,0
602223,3001307,2025-03-30,push,descuento,2500,0
602224,3001307,2025-01-01,email,descuento,3600,0
602225,3001307,2025-03-23,email,descuento,2500,1
602226,3001308,2025-08-16,email,generico,2500,0
602227,3001308,2025-01-23,sms,upgrade_credito,1900,0
602228,3001308,2025-12-04,push,generico,2000,0
602229,3001309,2026-03-15,email,upgrade_credito,3800,0
602230,3001310,2025-10-16,push,generico,1500,0
602231,3001310,2025-10-19,sms,generico,1400,0
602232,3001310,2025-03-20,email,descuento,1700,0
602233,3001312,2025-04-14,push,upgrade_credito,3400,0
602234,3001312,2025-03-13,email,descuento,1200,0
602235,3001314,2026-03-01,push,generico,3600,0
602236,3001314,2025-12-20,email,cashback,3400,0
602237,3001314,2025-06-14,sms,descuento,2600,0
602238,3001314,2025-12-22,push,descuento,2100,0
602239,3001315,2025-08-01,email,descuento,3100,0
602240,3001316,2025-09-29,email,generico,1000,0
602241,3001316,2025-02-03,push,cashback,3800,1
602242,3001318,2025-10-24,sms,cashback,700,0
602243,3001319,2025-05-11,sms,generico,1000,0
602244,3001321,2026-03-06,push,cashback,1600,0
602245,3001322,2025-11-20,push,descuento,2900,1
602246,3001322,2025-03-03,email,upgrade_credito,600,0
602247,3001324,2025-11-18,sms,descuento,600,0
602248,3001324,2025-04-15,push,descuento,3600,0
602249,3001324,2025-10-29,email,descuento,3700,0
602250,3001326,2026-02-24,sms,upgrade_credito,2400,0
602251,3001326,2026-03-10,email,descuento,2200,0
602252,3001326,2025-06-13,sms,cashback,1300,0
602253,3001328,2025-02-20,email,cashback,1500,0
602254,3001329,2025-10-20,push,upgrade_credito,3900,1
602255,3001329,2025-09-02,push,generico,1900,0
602256,3001331,2025-06-25,push,generico,1200,0
602257,3001331,2026-03-07,push,descuento,600,0
602258,3001332,2025-12-22,sms,descuento,3000,0
602259,3001333,2026-01-07,push,generico,2800,0
602260,3001333,2025-01-15,email,descuento,3700,1
602261,3001333,2025-03-21,push,generico,1500,1
602262,3001333,2025-09-11,sms,generico,800,0
602263,3001334,2025-08-13,push,generico,1900,0
602264,3001335,2025-02-25,sms,upgrade_credito,2200,0
602265,3001335,2025-03-20,push,cashback,500,1
602266,3001336,2025-06-03,sms,generico,3800,0
602267,3001336,2025-05-22,sms,cashback,4000,0
602268,3001336,2025-01-22,push,descuento,2900,0
602269,3001336,2025-10-02,push,cashback,2800,0
602270,3001338,2025-09-22,email,generico,2400,0
602271,3001338,2025-08-09,email,descuento,600,0
602272,3001340,2026-02-24,email,cashback,1300,1
602273,3001340,2026-02-27,push,generico,800,0
602274,3001341,2025-12-18,email,descuento,3200,0
602275,3001341,2026-01-18,push,cashback,2400,0
602276,3001342,2025-06-21,email,cashback,3900,0
602277,3001342,2025-02-28,push,generico,3800,1
602278,3001343,2025-10-05,push,descuento,1700,0
602279,3001343,2026-03-10,email,descuento,2400,0
602280,3001344,2025-12-02,push,generico,3600,0
602281,3001344,2025-03-20,push,descuento,3900,0
602282,3001345,2025-10-12,email,descuento,3400,0
602283,3001345,2025-04-26,push,generico,2900,0
602284,3001345,2025-06-18,sms,descuento,3700,0
602285,3001346,2026-01-09,push,generico,3700,0
602286,3001347,2026-02-20,sms,generico,1200,0
602287,3001347,2026-03-01,push,generico,2600,0
602288,3001348,2025-09-26,email,generico,2900,0
602289,3001348,2025-02-17,push,upgrade_credito,2500,0
602290,3001348,2025-11-21,sms,cashback,1700,0
602291,3001348,2025-05-08,push,cashback,3700,0
602292,3001350,2025-06-09,push,descuento,2700,1
602293,3001350,2025-03-09,sms,generico,2500,0
602294,3001351,2025-03-05,email,cashback,600,0
602295,3001351,2025-11-15,push,descuento,3300,0
602296,3001352,2025-05-31,email,generico,2200,0
602297,3001352,2025-09-29,email,cashback,2600,0
602298,3001353,2025-06-04,push,generico,2500,0
602299,3001353,2025-04-24,push,cashback,2200,0
602300,3001353,2025-05-13,sms,cashback,3600,1
602301,3001353,2026-01-01,sms,cashback,1200,0
602302,3001354,2025-01-13,email,cashback,3500,0
602303,3001354,2025-03-31,email,generico,3700,0
602304,3001355,2025-11-07,push,upgrade_credito,2200,0
602305,3001356,2025-01-13,sms,cashback,2700,0
602306,3001357,2025-02-23,push,descuento,2000,0
602307,3001360,2025-04-10,email,generico,3600,0
602308,3001360,2025-12-02,email,generico,3200,0
602309,3001360,2025-11-13,sms,generico,4000,0
602310,3001361,2025-10-07,sms,cashback,3700,0
602311,3001361,2025-12-26,email,cashback,2900,0
602312,3001362,2026-02-27,email,generico,3100,0
602313,3001365,2025-05-25,sms,generico,3000,0
602314,3001365,2025-09-21,sms,descuento,2000,0
602315,3001365,2025-06-08,sms,cashback,3800,0
602316,3001365,2025-06-21,email,descuento,3800,0
602317,3001366,2025-09-06,email,generico,800,0
602318,3001366,2025-10-05,push,descuento,1800,0
602319,3001366,2026-01-17,push,descuento,3100,0
602320,3001368,2025-08-22,sms,generico,1400,0
602321,3001369,2026-01-07,push,cashback,2400,0
602322,3001369,2025-09-07,sms,descuento,1300,0
602323,3001370,2025-03-26,email,descuento,3300,0
602324,3001370,2026-01-25,push,generico,3300,0
602325,3001371,2025-12-14,push,descuento,3500,1
602326,3001371,2025-06-12,email,upgrade_credito,1500,0
602327,3001372,2025-04-10,sms,cashback,1100,0
602328,3001372,2025-06-20,sms,upgrade_credito,3500,0
602329,3001372,2025-12-10,email,cashback,3800,1
602330,3001372,2025-05-31,push,cashback,2800,0
602331,3001372,2025-05-06,push,cashback,3400,0
602332,3001372,2025-02-22,push,cashback,1900,1
602333,3001373,2025-11-08,sms,generico,1100,0
602334,3001374,2025-11-04,email,descuento,500,0
602335,3001375,2025-06-15,push,generico,2900,0
602336,3001376,2025-10-18,sms,descuento,2900,0
602337,3001376,2025-01-02,push,upgrade_credito,3600,0
602338,3001376,2025-09-21,email,generico,1000,0
602339,3001376,2025-01-28,email,cashback,3100,0
602340,3001376,2026-02-09,sms,cashback,3600,0
602341,3001377,2025-05-13,sms,generico,600,0
602342,3001378,2025-02-10,push,generico,4000,0
602343,3001378,2025-02-04,sms,generico,3600,0
602344,3001379,2026-02-12,email,upgrade_credito,900,0
602345,3001379,2025-12-05,sms,upgrade_credito,3900,0
602346,3001380,2025-05-14,push,cashback,1600,0
602347,3001380,2025-03-25,sms,cashback,3900,1
602348,3001380,2025-04-30,push,cashback,3900,1
602349,3001381,2025-03-03,sms,generico,3500,0
602350,3001381,2025-07-09,sms,descuento,3000,0
602351,3001381,2025-05-20,email,generico,2400,0
602352,3001382,2025-07-18,sms,cashback,2700,0
602353,3001382,2025-04-23,push,descuento,2400,0
602354,3001383,2025-12-02,email,cashback,800,1
602355,3001384,2025-08-20,push,cashback,500,0
602356,3001385,2025-08-28,push,generico,2200,0
602357,3001385,2026-02-05,email,descuento,2200,0
602358,3001386,2025-09-11,sms,generico,3300,0
602359,3001386,2025-07-18,email,generico,3000,0
602360,3001387,2025-12-11,email,generico,700,0
602361,3001387,2025-01-27,push,generico,600,0
602362,3001388,2025-09-04,email,generico,3100,0
602363,3001388,2025-07-29,push,cashback,1500,0
602364,3001389,2025-04-14,push,cashback,800,0
602365,3001389,2025-06-03,email,descuento,1600,0
602366,3001389,2025-08-15,sms,cashback,1400,0
602367,3001389,2025-08-03,push,upgrade_credito,800,0
602368,3001391,2025-04-17,email,cashback,3400,1
602369,3001391,2025-08-18,push,generico,3100,1
602370,3001392,2025-05-01,push,descuento,1900,0
602371,3001393,2025-06-10,email,upgrade_credito,3800,0
602372,3001393,2025-08-04,push,cashback,3400,0
602373,3001394,2026-03-13,push,descuento,1600,0
602374,3001394,2026-01-22,email,descuento,1300,0
602375,3001394,2025-01-04,push,cashback,3800,0
602376,3001395,2025-09-18,sms,descuento,1400,0
602377,3001395,2025-04-29,email,generico,1900,0
602378,3001395,2025-02-26,push,descuento,2900,0
602379,3001396,2025-11-07,push,descuento,1400,1
602380,3001396,2025-09-25,push,cashback,1000,0
602381,3001397,2025-10-16,push,upgrade_credito,1000,0
602382,3001398,2025-01-15,push,generico,600,0
602383,3001398,2025-05-23,sms,descuento,3000,0
602384,3001399,2026-02-14,email,descuento,900,0
602385,3001399,2025-06-05,email,cashback,600,0
602386,3001399,2025-01-02,email,cashback,900,0
602387,3001399,2025-02-21,push,descuento,3600,0
602388,3001400,2025-12-09,push,cashback,2600,0
602389,3001400,2025-01-26,push,upgrade_credito,700,0
602390,3001401,2025-02-07,push,upgrade_credito,600,0
602391,3001403,2025-10-30,push,generico,3100,0
602392,3001403,2025-08-24,email,descuento,3700,0
602393,3001403,2026-03-01,push,upgrade_credito,1000,0
602394,3001407,2025-09-20,push,cashback,1000,0
602395,3001407,2025-07-15,email,generico,900,0
602396,3001408,2025-02-11,push,descuento,1200,0
602397,3001408,2025-08-19,push,generico,600,0
602398,3001409,2025-04-15,email,upgrade_credito,1100,0
602399,3001409,2025-08-04,email,descuento,1000,0
602400,3001411,2025-06-08,push,upgrade_credito,500,0
602401,3001413,2025-07-18,email,descuento,700,0
602402,3001414,2025-07-26,email,descuento,1100,0
602403,3001414,2025-11-09,push,cashback,3300,0
602404,3001415,2025-12-31,sms,cashback,3100,1
602405,3001415,2025-06-18,sms,descuento,2100,0
602406,3001416,2025-02-06,sms,cashback,3300,0
602407,3001416,2026-03-08,push,cashback,2700,0
602408,3001417,2025-10-02,email,cashback,2400,0
602409,3001417,2025-04-25,email,cashback,1400,0
602410,3001418,2025-06-07,push,cashback,1800,0
602411,3001419,2025-01-25,email,cashback,3400,0
602412,3001420,2025-08-04,email,upgrade_credito,1800,0
602413,3001422,2025-12-05,push,generico,1500,0
602414,3001422,2025-04-14,email,cashback,2300,1
602415,3001423,2025-09-21,email,descuento,1200,0
602416,3001423,2025-08-17,sms,generico,1100,1
602417,3001424,2025-04-04,sms,generico,1400,0
602418,3001424,2025-10-19,sms,cashback,2300,0
602419,3001426,2025-09-29,sms,descuento,700,0
602420,3001426,2025-11-08,push,generico,3000,0
602421,3001426,2025-11-13,push,descuento,1400,0
602422,3001427,2025-07-16,push,cashback,1400,0
602423,3001431,2025-06-22,push,generico,3200,0
602424,3001431,2025-12-28,email,cashback,900,0
602425,3001431,2025-12-30,sms,descuento,900,0
602426,3001431,2025-12-13,push,cashback,2800,0
602427,3001431,2025-08-24,email,cashback,2300,0
602428,3001431,2025-12-20,push,descuento,1000,0
602429,3001432,2025-02-07,push,descuento,1200,0
602430,3001432,2025-12-13,email,generico,1500,0
602431,3001432,2025-04-12,email,cashback,3500,0
602432,3001433,2025-04-15,push,descuento,1600,0
602433,3001433,2026-02-11,push,generico,2900,0
602434,3001435,2025-06-30,push,descuento,1400,0
602435,3001437,2026-03-11,push,upgrade_credito,2700,0
602436,3001437,2026-01-26,email,descuento,2500,0
602437,3001438,2025-07-18,push,generico,900,0
602438,3001438,2025-08-13,push,cashback,1600,0
602439,3001439,2025-11-16,push,generico,2100,1
602440,3001439,2025-08-03,email,generico,600,1
602441,3001441,2025-08-09,push,generico,3200,0
602442,3001443,2025-09-04,email,generico,1400,0
602443,3001443,2025-09-15,push,descuento,3100,0
602444,3001444,2025-07-12,sms,generico,2900,0
602445,3001444,2025-12-29,email,generico,3900,0
602446,3001444,2026-01-22,sms,generico,1300,0
602447,3001444,2025-01-12,email,generico,1900,0
602448,3001444,2025-09-14,sms,cashback,2900,0
602449,3001445,2025-10-18,email,descuento,3800,0
602450,3001445,2025-07-22,sms,generico,2600,0
602451,3001445,2025-12-11,push,generico,1300,0
602452,3001446,2025-06-21,sms,generico,1400,0
602453,3001446,2025-10-29,push,generico,800,0
602454,3001447,2025-09-12,sms,descuento,1400,1
602455,3001448,2025-12-23,push,cashback,600,0
602456,3001448,2025-06-24,push,cashback,500,0
602457,3001450,2025-10-12,sms,generico,2000,0
602458,3001451,2026-03-06,email,generico,1000,0
602459,3001451,2025-02-16,email,descuento,2800,0
602460,3001451,2025-08-17,email,cashback,2700,0
602461,3001452,2025-01-15,push,cashback,2700,0
602462,3001455,2025-11-06,email,generico,2700,0
602463,3001455,2025-02-06,sms,cashback,1200,0
602464,3001456,2026-02-06,sms,generico,3000,0
602465,3001457,2025-07-07,push,descuento,3900,1
602466,3001458,2025-06-16,push,upgrade_credito,1200,0
602467,3001459,2025-05-08,email,descuento,3000,0
602468,3001459,2025-07-14,sms,descuento,1600,0
602469,3001460,2025-11-13,push,cashback,600,0
602470,3001461,2025-01-08,email,descuento,2900,0
602471,3001461,2025-10-12,push,descuento,1100,0
602472,3001462,2025-03-25,push,generico,2700,0
602473,3001462,2025-09-03,sms,descuento,800,0
602474,3001462,2026-02-04,push,descuento,3700,0
602475,3001463,2026-02-07,email,cashback,2100,0
602476,3001465,2025-07-08,push,cashback,3500,1
602477,3001467,2025-07-06,push,descuento,3100,1
602478,3001467,2025-03-31,push,generico,2600,0
602479,3001467,2025-04-04,push,descuento,2400,0
602480,3001467,2025-12-21,sms,generico,2700,0
602481,3001468,2025-07-10,push,cashback,3500,1
602482,3001469,2025-04-15,email,descuento,2600,0
602483,3001469,2025-03-11,email,descuento,2400,1
602484,3001469,2026-01-02,email,descuento,1700,1
602485,3001469,2025-01-25,push,cashback,1700,1
602486,3001470,2025-09-29,push,descuento,3600,0
602487,3001470,2025-10-09,email,upgrade_credito,600,0
602488,3001470,2025-08-29,sms,cashback,3300,0
602489,3001471,2025-11-21,push,cashback,2200,0
602490,3001471,2025-12-21,email,cashback,1000,0
602491,3001472,2026-03-15,push,cashback,2500,0
602492,3001473,2025-05-15,email,upgrade_credito,3600,1
602493,3001474,2025-07-21,sms,generico,3000,0
602494,3001474,2026-01-30,email,generico,2600,0
602495,3001474,2025-06-27,push,descuento,1700,1
602496,3001474,2025-04-09,sms,descuento,3400,0
602497,3001475,2026-02-16,push,generico,3000,0
602498,3001475,2025-01-27,push,upgrade_credito,2000,0
602499,3001475,2025-09-06,email,descuento,600,0
602500,3001475,2026-02-04,email,generico,3000,0
602501,3001475,2026-01-06,email,descuento,3200,0
602502,3001475,2025-01-26,email,cashback,3800,0
602503,3001476,2025-03-12,email,cashback,1300,0
602504,3001477,2025-12-06,email,cashback,1100,0
602505,3001477,2025-11-05,email,descuento,2300,0
602506,3001477,2025-10-05,push,generico,2200,0
602507,3001478,2025-06-09,push,cashback,1600,0
602508,3001478,2025-07-08,push,generico,900,0
602509,3001479,2025-09-18,email,cashback,1800,0
602510,3001480,2025-06-24,push,descuento,2400,0
602511,3001480,2026-01-05,email,cashback,1200,0
602512,3001480,2025-10-27,push,upgrade_credito,3600,0
602513,3001481,2025-01-18,email,descuento,3500,0
602514,3001481,2025-07-18,push,upgrade_credito,2200,0
602515,3001482,2025-12-11,email,descuento,2400,0
602516,3001482,2025-02-05,email,descuento,1800,0
602517,3001482,2025-03-28,sms,descuento,1900,0
602518,3001483,2025-01-30,push,cashback,2500,0
602519,3001483,2025-10-31,email,upgrade_credito,600,1
602520,3001483,2025-05-14,push,upgrade_credito,1000,0
602521,3001484,2026-02-02,push,cashback,1200,0
602522,3001484,2025-04-13,push,cashback,3300,0
602523,3001485,2025-09-09,email,cashback,2100,0
602524,3001485,2025-09-20,push,descuento,3300,0
602525,3001486,2025-04-06,push,generico,3200,0
602526,3001487,2025-06-03,push,generico,2100,0
602527,3001487,2025-12-03,push,cashback,1200,1
602528,3001488,2025-05-15,email,cashback,2600,0
602529,3001488,2025-01-12,push,cashback,1300,0
602530,3001489,2025-05-19,push,generico,3900,0
602531,3001491,2025-09-02,sms,cashback,3700,1
602532,3001492,2026-02-09,sms,cashback,1100,0
602533,3001492,2025-03-17,push,upgrade_credito,500,0
602534,3001493,2025-02-17,sms,generico,1600,0
602535,3001493,2025-08-04,push,upgrade_credito,1200,0
602536,3001493,2025-10-12,push,cashback,3000,0
602537,3001494,2025-09-11,sms,cashback,3100,0
602538,3001494,2025-11-17,push,descuento,3500,0
602539,3001495,2026-03-09,push,cashback,2300,0
602540,3001495,2025-06-02,sms,descuento,1300,0
602541,3001495,2026-01-05,push,descuento,3300,0
602542,3001496,2025-11-08,push,upgrade_credito,2900,0
602543,3001496,2025-03-10,push,descuento,2500,0
602544,3001496,2026-01-11,sms,upgrade_credito,2100,0
602545,3001497,2025-11-28,email,descuento,1800,1
602546,3001499,2026-03-05,email,upgrade_credito,2100,1
602547,3001502,2025-12-05,push,generico,3900,0
602548,3001502,2025-10-13,push,descuento,2700,0
602549,3001502,2025-01-03,email,cashback,2500,0
602550,3001503,2026-01-09,sms,cashback,1500,0
602551,3001504,2025-05-08,email,generico,2000,0
602552,3001505,2025-05-10,push,cashback,1500,0
602553,3001506,2025-01-29,email,cashback,3900,1
602554,3001507,2025-02-25,email,descuento,1900,0
602555,3001508,2025-08-11,push,generico,3000,0
602556,3001510,2025-02-03,push,descuento,700,0
602557,3001510,2025-08-16,push,descuento,1700,0
602558,3001511,2026-01-26,push,descuento,1900,0
602559,3001512,2025-08-21,push,upgrade_credito,700,0
602560,3001512,2025-03-22,push,cashback,500,0
602561,3001513,2025-09-03,push,generico,1200,0
602562,3001513,2025-04-04,email,cashback,2700,0
602563,3001513,2025-10-31,sms,generico,1500,1
602564,3001513,2025-04-10,push,upgrade_credito,2700,0
602565,3001514,2025-04-08,email,cashback,2800,0
602566,3001514,2025-08-08,email,descuento,3500,0
602567,3001515,2025-08-27,email,descuento,1100,0
602568,3001515,2025-11-22,push,upgrade_credito,3700,0
602569,3001516,2025-07-23,push,cashback,2600,1
602570,3001516,2025-04-02,push,cashback,3000,0
602571,3001516,2026-02-25,email,cashback,3700,1
602572,3001518,2025-01-09,sms,cashback,3700,0
602573,3001518,2025-01-19,sms,cashback,1900,0
602574,3001519,2025-08-01,push,upgrade_credito,1900,0
602575,3001519,2025-03-25,push,descuento,2400,0
602576,3001520,2025-11-11,email,generico,2700,0
602577,3001521,2025-07-17,push,descuento,3000,0
602578,3001521,2025-09-15,push,generico,3000,0
602579,3001521,2026-02-24,sms,upgrade_credito,2900,0
602580,3001522,2025-07-13,push,generico,1800,0
602581,3001522,2026-01-05,email,cashback,3900,0
602582,3001523,2025-02-27,push,descuento,3600,0
602583,3001523,2026-01-09,sms,upgrade_credito,3700,0
602584,3001523,2025-06-12,push,generico,3700,0
602585,3001524,2026-01-06,push,cashback,2700,0
602586,3001524,2026-01-31,sms,upgrade_credito,3700,0
602587,3001525,2026-01-01,email,cashback,2300,0
602588,3001526,2025-06-11,push,generico,1000,0
602589,3001527,2026-01-04,push,generico,3500,0
602590,3001527,2025-07-07,push,generico,800,0
602591,3001528,2025-10-21,sms,generico,700,1
602592,3001529,2025-09-13,email,upgrade_credito,3000,0
602593,3001529,2025-07-27,push,generico,1000,0
602594,3001529,2025-10-29,push,upgrade_credito,600,1
602595,3001529,2025-12-22,push,cashback,3400,0
602596,3001530,2025-04-04,sms,descuento,3600,0
602597,3001530,2025-06-07,sms,generico,2100,0
602598,3001530,2025-03-25,push,generico,2100,0
602599,3001530,2025-08-25,push,descuento,3500,0
602600,3001531,2025-07-28,email,generico,700,0
602601,3001532,2026-03-05,sms,generico,3700,0
602602,3001532,2026-02-24,email,generico,800,0
602603,3001532,2025-12-11,email,descuento,1300,0
602604,3001533,2025-02-17,email,cashback,2500,1
602605,3001533,2025-06-05,push,generico,1900,0
602606,3001533,2025-12-12,push,cashback,3900,0
602607,3001534,2025-02-05,push,generico,4000,0
602608,3001534,2026-01-21,email,generico,2200,1
602609,3001534,2025-11-09,email,generico,3300,1
602610,3001534,2025-07-03,push,cashback,3800,1
602611,3001536,2025-08-25,push,upgrade_credito,3500,0
602612,3001536,2025-06-14,email,cashback,2400,0
602613,3001537,2025-11-14,push,cashback,1500,1
602614,3001538,2025-05-15,email,descuento,1800,0
602615,3001538,2025-11-01,push,upgrade_credito,1600,0
602616,3001539,2025-07-09,sms,descuento,1800,0
602617,3001539,2025-09-04,email,cashback,1200,0
602618,3001539,2025-12-03,push,upgrade_credito,2800,0
602619,3001540,2025-11-17,email,cashback,2400,1
602620,3001540,2025-07-21,push,descuento,600,1
602621,3001540,2026-02-23,sms,generico,1200,0
602622,3001542,2025-12-12,email,descuento,600,0
602623,3001543,2025-10-23,sms,cashback,1100,0
602624,3001543,2025-05-12,email,descuento,2600,0
602625,3001544,2025-10-22,push,cashback,3700,0
602626,3001544,2026-02-19,push,generico,3500,0
602627,3001545,2025-04-07,push,descuento,3900,0
602628,3001546,2025-12-04,push,generico,1100,0
602629,3001547,2025-08-22,push,generico,2500,0
602630,3001547,2025-07-28,email,generico,3400,0
602631,3001547,2025-01-31,push,generico,900,0
602632,3001547,2025-01-13,sms,descuento,2300,0
602633,3001549,2025-12-24,sms,descuento,2800,0
602634,3001549,2026-01-15,email,upgrade_credito,1600,0
602635,3001550,2025-09-15,email,cashback,500,1
602636,3001550,2025-11-17,push,generico,3200,0
602637,3001550,2026-03-07,email,upgrade_credito,2700,0
602638,3001551,2025-08-11,email,descuento,900,0
602639,3001551,2025-09-27,sms,cashback,1300,0
602640,3001552,2025-12-11,email,generico,1100,0
602641,3001552,2025-04-06,push,cashback,2100,0
602642,3001553,2025-04-22,push,generico,2400,0
602643,3001554,2025-12-20,push,upgrade_credito,3000,0
602644,3001555,2025-06-19,sms,generico,3500,0
602645,3001555,2025-09-16,email,upgrade_credito,3600,0
602646,3001556,2025-05-16,push,generico,1600,0
602647,3001556,2025-06-01,sms,descuento,2100,0
602648,3001556,2025-03-30,push,cashback,700,0
602649,3001557,2025-03-14,push,generico,1600,1
602650,3001557,2025-12-03,email,cashback,2600,1
602651,3001557,2025-05-20,sms,cashback,2100,0
602652,3001557,2025-09-01,push,upgrade_credito,2000,0
602653,3001558,2025-10-17,push,generico,1300,0
602654,3001558,2025-06-20,push,descuento,3500,0
602655,3001558,2025-11-11,sms,descuento,3600,0
602656,3001558,2025-08-07,sms,cashback,2800,1
602657,3001559,2025-08-10,push,generico,3400,0
602658,3001559,2025-10-09,sms,generico,3300,0
602659,3001560,2025-07-30,email,generico,700,0
602660,3001561,2025-09-21,email,generico,3100,0
602661,3001563,2026-01-31,push,cashback,1200,0
602662,3001564,2025-09-12,push,upgrade_credito,3600,0
602663,3001564,2025-05-17,sms,upgrade_credito,3300,0
602664,3001566,2026-01-31,push,upgrade_credito,3300,0
602665,3001566,2025-08-05,sms,generico,1000,0
602666,3001567,2025-04-13,push,cashback,3900,0
602667,3001568,2025-05-03,push,cashback,600,0
602668,3001568,2026-03-04,push,generico,3600,1
602669,3001569,2025-05-28,push,generico,1700,0
602670,3001572,2025-11-24,push,descuento,2700,0
602671,3001573,2025-01-23,email,descuento,2900,0
602672,3001573,2025-02-10,push,cashback,1600,0
602673,3001574,2025-05-03,push,cashback,2100,0
602674,3001575,2025-04-03,push,upgrade_credito,2600,0
602675,3001576,2025-01-12,push,cashback,3100,1
602676,3001576,2025-04-02,push,generico,1400,0
602677,3001576,2025-09-25,push,cashback,3600,1
602678,3001577,2025-09-11,push,cashback,3100,0
602679,3001577,2025-05-19,sms,upgrade_credito,3300,1
602680,3001577,2025-02-01,email,cashback,900,1
602681,3001578,2025-04-03,email,upgrade_credito,3000,0
602682,3001578,2025-01-24,email,cashback,1400,0
602683,3001578,2025-11-01,push,descuento,2200,0
602684,3001578,2025-03-16,sms,generico,3600,0
602685,3001579,2025-10-25,email,cashback,2400,0
602686,3001579,2025-01-23,push,descuento,1800,0
602687,3001581,2025-01-01,sms,cashback,3500,0
602688,3001581,2025-04-19,sms,upgrade_credito,900,0
602689,3001582,2025-05-12,push,upgrade_credito,2100,0
602690,3001584,2026-02-14,sms,cashback,3500,0
602691,3001586,2025-10-25,push,generico,3500,0
602692,3001588,2025-05-23,email,upgrade_credito,2300,0
602693,3001588,2025-10-13,email,descuento,2900,0
602694,3001590,2026-03-10,push,descuento,1600,0
602695,3001591,2025-05-30,email,descuento,2700,0
602696,3001591,2025-01-30,email,descuento,700,0
602697,3001592,2025-09-16,push,descuento,2900,0
602698,3001592,2025-01-24,sms,generico,3100,0
602699,3001593,2025-12-30,push,cashback,2300,0
602700,3001595,2025-08-03,sms,generico,600,0
602701,3001595,2025-03-23,email,cashback,2300,0
602702,3001596,2025-05-30,push,upgrade_credito,1200,0
602703,3001597,2025-05-30,push,generico,2300,0
602704,3001597,2025-04-23,push,descuento,500,0
602705,3001597,2025-01-27,email,descuento,3000,0
602706,3001598,2025-12-08,email,cashback,3500,0
602707,3001598,2025-09-04,push,cashback,1000,0
602708,3001601,2025-03-16,push,cashback,1600,0
602709,3001601,2025-01-09,email,cashback,2200,0
602710,3001602,2025-08-02,sms,descuento,3600,0
602711,3001602,2025-05-09,push,generico,2100,0
602712,3001602,2025-05-26,email,cashback,800,0
602713,3001603,2025-02-06,push,descuento,1700,0
602714,3001604,2025-09-30,push,cashback,3600,0
602715,3001604,2025-10-25,push,cashback,3900,0
602716,3001605,2025-04-14,sms,descuento,1000,1
602717,3001605,2026-01-22,email,descuento,3500,0
602718,3001605,2025-09-22,push,upgrade_credito,2500,0
602719,3001606,2025-08-13,sms,descuento,2800,0
602720,3001606,2026-01-15,email,cashback,700,0
602721,3001606,2025-06-03,push,generico,2200,0
602722,3001607,2025-12-23,sms,upgrade_credito,2400,0
602723,3001607,2026-03-01,push,generico,3700,0
602724,3001608,2025-04-19,push,descuento,2100,0
602725,3001610,2025-11-18,email,descuento,2900,0
602726,3001610,2025-06-20,sms,generico,1100,0
602727,3001611,2026-03-15,email,descuento,3600,0
602728,3001611,2025-07-30,email,cashback,2200,0
602729,3001611,2026-01-24,email,descuento,1000,0
602730,3001612,2025-11-24,email,descuento,1800,0
602731,3001614,2025-10-11,sms,descuento,1400,0
602732,3001614,2025-09-16,push,cashback,2400,0
602733,3001616,2025-09-11,push,cashback,1800,0
602734,3001617,2026-02-23,push,cashback,1800,0
602735,3001618,2025-02-09,email,descuento,600,0
602736,3001619,2025-07-31,email,descuento,1700,0
602737,3001619,2025-02-14,email,descuento,1600,0
602738,3001619,2025-04-28,push,descuento,2300,0
602739,3001620,2025-11-23,push,descuento,600,1
602740,3001621,2025-05-04,sms,descuento,1700,0
602741,3001621,2025-12-09,push,upgrade_credito,2000,0
602742,3001622,2025-11-22,push,upgrade_credito,2700,0
602743,3001622,2026-02-05,sms,descuento,2700,0
602744,3001623,2025-05-27,email,cashback,3100,0
602745,3001623,2025-06-01,sms,generico,4000,0
602746,3001623,2025-09-18,email,cashback,2100,0
602747,3001623,2025-09-10,email,upgrade_credito,3700,0
602748,3001624,2026-02-02,push,cashback,2900,0
602749,3001624,2025-07-25,email,descuento,1600,0
602750,3001624,2025-07-12,push,descuento,2000,0
602751,3001625,2025-09-05,push,generico,2000,0
602752,3001625,2025-06-13,push,generico,3100,0
602753,3001625,2025-11-26,push,cashback,3300,0
602754,3001626,2025-03-13,push,cashback,3000,0
602755,3001626,2025-06-04,push,cashback,1200,1
602756,3001628,2025-05-26,push,cashback,2200,0
602757,3001629,2025-12-01,email,generico,1400,0
602758,3001630,2025-03-05,sms,generico,2500,0
602759,3001630,2025-06-19,push,cashback,3300,0
602760,3001630,2025-08-05,push,cashback,3700,1
602761,3001631,2025-05-24,email,cashback,600,0
602762,3001631,2025-07-13,sms,generico,3100,0
602763,3001631,2025-09-09,push,cashback,1400,0
602764,3001631,2025-02-14,push,upgrade_credito,800,0
602765,3001632,2025-09-06,push,descuento,2000,0
602766,3001632,2025-02-12,push,upgrade_credito,2000,0
602767,3001635,2025-02-26,email,cashback,1400,0
602768,3001636,2025-11-27,push,cashback,3900,0
602769,3001636,2026-01-11,sms,generico,1400,0
602770,3001637,2026-02-05,push,cashback,3700,0
602771,3001638,2025-08-18,push,cashback,1900,0
602772,3001639,2025-03-17,sms,descuento,3100,0
602773,3001639,2025-05-10,push,cashback,2700,1
602774,3001639,2025-05-21,push,upgrade_credito,2800,0
602775,3001640,2025-06-28,email,cashback,2600,0
602776,3001640,2025-06-02,sms,descuento,1600,0
602777,3001640,2025-03-23,push,cashback,3500,0
602778,3001641,2025-05-07,email,cashback,3000,0
602779,3001641,2025-04-27,push,descuento,3900,0
602780,3001642,2025-11-17,email,cashback,2300,0
602781,3001642,2025-05-16,email,generico,3300,0
602782,3001643,2025-03-15,sms,cashback,3200,0
602783,3001644,2025-09-02,email,descuento,3300,1
602784,3001644,2025-01-28,email,generico,2500,0
602785,3001645,2025-10-07,email,generico,1100,0
602786,3001645,2025-05-07,email,cashback,3300,0
602787,3001646,2025-03-31,push,generico,1400,0
602788,3001646,2025-01-08,email,generico,2500,0
602789,3001649,2026-03-13,push,generico,1200,0
602790,3001650,2025-07-02,push,upgrade_credito,1300,0
602791,3001650,2025-12-29,push,generico,1600,0
602792,3001651,2025-06-09,push,cashback,2800,0
602793,3001651,2025-04-02,push,generico,3900,0
602794,3001652,2025-05-16,push,generico,1500,1
602795,3001654,2025-08-24,email,upgrade_credito,800,0
602796,3001654,2026-02-10,email,upgrade_credito,3100,0
602797,3001655,2025-11-30,push,descuento,2300,0
602798,3001655,2025-08-10,email,descuento,3600,0
602799,3001656,2025-09-27,push,generico,1700,0
602800,3001656,2025-03-18,push,upgrade_credito,1800,0
602801,3001656,2025-03-06,push,upgrade_credito,3700,0
602802,3001657,2025-07-17,push,upgrade_credito,600,0
602803,3001658,2026-01-29,push,cashback,1500,0
602804,3001658,2025-07-23,push,upgrade_credito,3500,0
602805,3001658,2025-12-09,sms,descuento,2000,0
602806,3001658,2026-03-01,sms,cashback,1000,0
602807,3001662,2025-02-13,push,upgrade_credito,1200,1
602808,3001662,2025-08-18,sms,cashback,2300,0
602809,3001662,2025-10-25,sms,generico,3500,0
602810,3001663,2025-05-16,push,generico,1000,0
602811,3001664,2025-01-29,push,cashback,800,0
602812,3001665,2025-06-12,push,cashback,800,0
602813,3001665,2025-08-09,email,generico,1500,0
602814,3001665,2025-06-05,push,cashback,2600,0
602815,3001665,2025-06-13,sms,cashback,2300,0
602816,3001666,2025-10-08,email,generico,1400,0
602817,3001666,2025-04-15,push,upgrade_credito,2300,0
602818,3001667,2025-12-24,email,cashback,1800,0
602819,3001668,2025-12-24,push,upgrade_credito,3100,0
602820,3001668,2025-05-24,push,cashback,500,0
602821,3001670,2025-05-02,push,descuento,900,0
602822,3001670,2025-01-10,email,descuento,1900,0
602823,3001670,2025-05-18,email,upgrade_credito,3900,0
602824,3001670,2025-11-22,email,upgrade_credito,2200,0
602825,3001671,2025-11-10,email,cashback,3000,0
602826,3001671,2025-11-04,push,descuento,1500,0
602827,3001671,2025-09-08,email,generico,2900,1
602828,3001672,2025-05-10,push,descuento,2200,1
602829,3001672,2025-10-08,push,generico,3000,1
602830,3001674,2025-06-07,push,cashback,3500,0
602831,3001675,2025-04-21,push,descuento,3400,0
602832,3001675,2025-10-23,push,descuento,2000,0
602833,3001675,2025-08-27,email,generico,2100,0
602834,3001675,2025-02-14,email,generico,2900,0
602835,3001676,2025-02-08,sms,upgrade_credito,3500,0
602836,3001676,2025-10-07,email,cashback,1700,0
602837,3001677,2025-04-26,push,descuento,2600,0
602838,3001677,2026-03-09,sms,generico,2200,0
602839,3001680,2025-08-05,push,upgrade_credito,2700,0
602840,3001683,2025-10-28,sms,cashback,900,0
602841,3001683,2025-12-08,email,generico,3800,0
602842,3001683,2025-05-25,push,cashback,3600,1
602843,3001683,2025-01-20,push,descuento,2600,0
602844,3001685,2025-07-18,push,cashback,700,0
602845,3001685,2025-07-28,push,generico,3100,0
602846,3001687,2026-01-31,email,descuento,1300,1
602847,3001687,2025-05-16,push,descuento,3200,0
602848,3001687,2025-11-10,email,descuento,3600,0
602849,3001688,2025-07-17,push,cashback,3400,0
602850,3001689,2026-02-17,push,cashback,2300,0
602851,3001689,2025-01-10,push,generico,900,0
602852,3001689,2025-01-23,push,cashback,1800,1
602853,3001690,2025-05-16,push,cashback,3300,0
602854,3001691,2025-09-07,sms,cashback,1900,1
602855,3001691,2026-03-15,push,descuento,1900,0
602856,3001692,2025-05-30,email,descuento,1300,0
602857,3001692,2025-02-13,email,cashback,3300,0
602858,3001692,2025-01-27,push,generico,2300,0
602859,3001694,2025-01-18,push,generico,1600,0
602860,3001694,2025-05-11,push,generico,3800,0
602861,3001694,2025-12-09,sms,generico,2500,0
602862,3001697,2025-11-22,email,generico,3600,0
602863,3001697,2025-07-27,sms,cashback,3300,0
602864,3001697,2025-04-08,push,cashback,700,0
602865,3001698,2025-02-12,push,generico,1700,0
602866,3001698,2026-02-07,email,generico,1000,0
602867,3001698,2025-07-14,sms,descuento,4000,0
602868,3001699,2025-11-05,sms,descuento,2500,0
602869,3001699,2025-01-28,push,cashback,2100,0
602870,3001700,2025-05-18,email,descuento,1900,0
602871,3001700,2025-11-12,push,generico,3300,0
602872,3001700,2025-07-15,push,cashback,1700,0
602873,3001701,2025-02-27,sms,cashback,3300,0
602874,3001702,2025-10-10,sms,descuento,3400,0
602875,3001702,2026-02-17,push,generico,2400,1
602876,3001703,2026-01-26,sms,cashback,800,0
602877,3001706,2025-08-12,sms,upgrade_credito,700,0
602878,3001707,2025-06-15,email,descuento,1900,0
602879,3001708,2025-01-18,push,cashback,700,0
602880,3001708,2025-07-25,push,descuento,1100,0
602881,3001708,2025-04-25,push,descuento,2500,0
602882,3001709,2025-11-10,push,generico,900,1
602883,3001710,2026-02-15,sms,generico,1400,0
602884,3001710,2025-01-18,sms,generico,3600,0
602885,3001710,2025-09-26,push,cashback,3800,0
602886,3001711,2026-01-15,email,cashback,2900,0
602887,3001711,2025-11-20,sms,generico,1600,0
602888,3001712,2025-03-22,email,descuento,1100,0
602889,3001713,2026-02-13,push,generico,1100,0
602890,3001714,2025-04-05,push,generico,2900,0
602891,3001714,2025-07-31,sms,upgrade_credito,2300,0
602892,3001714,2026-01-06,email,upgrade_credito,2300,0
602893,3001714,2026-02-15,push,upgrade_credito,1500,0
602894,3001715,2025-11-29,push,cashback,4000,0
602895,3001715,2025-12-25,push,cashback,3300,0
602896,3001716,2025-07-07,sms,descuento,3600,0
602897,3001716,2025-09-04,email,generico,1600,0
602898,3001716,2026-02-06,push,descuento,3600,0
602899,3001716,2025-02-24,push,descuento,3700,0
602900,3001717,2026-01-21,email,generico,1100,0
602901,3001717,2025-08-17,email,descuento,800,0
602902,3001719,2025-11-11,push,descuento,2100,0
602903,3001721,2026-01-01,push,generico,1100,0
602904,3001721,2026-01-13,push,descuento,2100,0
602905,3001721,2025-05-22,push,descuento,700,0
602906,3001722,2026-03-01,push,generico,700,0
602907,3001723,2025-07-05,email,generico,2700,0
602908,3001723,2025-07-13,push,generico,3100,0
602909,3001723,2025-10-08,sms,descuento,600,0
602910,3001724,2025-02-07,push,cashback,1000,0
602911,3001725,2025-04-23,email,upgrade_credito,1200,0
602912,3001728,2025-06-12,push,cashback,3800,0
602913,3001729,2025-08-15,sms,generico,1500,0
602914,3001731,2025-12-04,sms,generico,1700,0
602915,3001731,2025-08-10,push,generico,3700,0
602916,3001731,2025-04-13,push,cashback,600,0
602917,3001732,2025-09-14,sms,cashback,3900,0
602918,3001733,2026-01-13,push,generico,3200,0
602919,3001734,2025-06-30,push,cashback,2700,0
602920,3001734,2025-08-15,sms,generico,2500,0
602921,3001734,2025-05-26,email,upgrade_credito,2500,0
602922,3001736,2025-10-02,sms,generico,1400,0
602923,3001736,2025-07-07,push,upgrade_credito,3000,0
602924,3001738,2026-02-11,email,generico,1200,0
602925,3001739,2025-05-30,push,descuento,2200,0
602926,3001739,2025-10-12,sms,descuento,3700,1
602927,3001740,2025-01-10,email,cashback,600,0
602928,3001740,2025-08-26,email,generico,3500,0
602929,3001740,2025-09-04,push,generico,2100,0
602930,3001740,2025-12-02,push,descuento,3000,0
602931,3001742,2026-03-07,push,generico,1300,0
602932,3001742,2025-11-11,sms,generico,3500,1
602933,3001742,2025-08-16,email,generico,3600,0
602934,3001743,2025-02-13,push,descuento,3800,0
602935,3001743,2025-11-04,email,upgrade_credito,1100,0
602936,3001744,2025-01-07,sms,descuento,3700,0
602937,3001744,2025-08-21,email,cashback,3700,0
602938,3001745,2025-03-18,email,generico,2700,0
602939,3001745,2026-01-05,sms,cashback,2100,0
602940,3001745,2025-09-30,email,generico,3500,0
602941,3001745,2025-02-23,email,descuento,3900,0
602942,3001745,2025-04-26,email,generico,2900,0
602943,3001747,2025-01-23,push,generico,600,0
602944,3001747,2025-05-18,sms,descuento,1700,0
602945,3001748,2025-03-14,push,cashback,3000,1
602946,3001748,2025-08-07,push,cashback,2200,1
602947,3001749,2025-10-13,email,generico,3800,0
602948,3001750,2026-02-21,email,descuento,1700,0
602949,3001750,2025-02-08,email,descuento,1800,0
602950,3001750,2025-12-25,email,descuento,3400,1
602951,3001751,2026-03-05,email,generico,2100,0
602952,3001751,2025-10-18,push,upgrade_credito,1700,0
602953,3001752,2025-05-27,push,cashback,2900,1
602954,3001752,2025-10-28,push,generico,2500,0
602955,3001752,2025-03-08,email,cashback,2800,1
602956,3001752,2026-02-03,push,generico,1100,0
602957,3001753,2025-03-08,sms,cashback,1500,0
602958,3001753,2025-05-29,sms,generico,4000,0
602959,3001753,2025-09-11,email,cashback,3400,0
602960,3001754,2025-07-11,sms,descuento,3400,0
602961,3001754,2026-03-01,email,generico,1000,0
602962,3001756,2025-12-19,sms,generico,600,0
602963,3001756,2025-01-30,push,descuento,1300,0
602964,3001757,2025-09-01,sms,upgrade_credito,3900,0
602965,3001757,2025-01-20,push,descuento,4000,0
602966,3001758,2025-01-01,push,generico,1500,0
602967,3001758,2025-08-31,push,upgrade_credito,1800,0
602968,3001759,2025-10-20,sms,upgrade_credito,800,0
602969,3001759,2025-07-28,sms,generico,2500,0
602970,3001760,2025-02-01,sms,cashback,1700,0
602971,3001760,2025-07-07,sms,cashback,2200,0
602972,3001760,2026-01-29,push,generico,3000,0
602973,3001761,2026-01-27,sms,cashback,700,0
602974,3001763,2025-05-18,push,generico,1200,1
602975,3001763,2026-02-18,push,generico,3100,0
602976,3001764,2025-01-01,push,cashback,900,0
602977,3001767,2026-02-21,sms,upgrade_credito,3300,0
602978,3001768,2025-02-16,push,generico,1700,0
602979,3001769,2025-05-22,push,upgrade_credito,1700,0
602980,3001770,2025-07-04,email,generico,2700,0
602981,3001770,2025-07-30,push,cashback,1900,0
602982,3001770,2025-11-27,email,descuento,2400,1
602983,3001771,2025-11-01,email,generico,2700,0
602984,3001772,2025-01-24,email,cashback,700,0
602985,3001773,2026-02-11,push,upgrade_credito,1200,0
602986,3001774,2025-09-04,email,cashback,2000,0
602987,3001775,2025-04-08,push,generico,3400,0
602988,3001776,2025-12-24,push,generico,3800,1
602989,3001776,2025-03-09,email,generico,500,0
602990,3001776,2025-06-26,push,descuento,2800,0
602991,3001777,2025-02-12,sms,upgrade_credito,1800,0
602992,3001777,2026-02-05,email,upgrade_credito,3600,0
602993,3001777,2025-06-24,push,descuento,2200,0
602994,3001777,2025-01-09,sms,generico,2100,1
602995,3001777,2025-03-09,sms,descuento,1400,0
602996,3001779,2025-04-01,push,generico,2900,0
602997,3001780,2025-05-13,email,descuento,3800,0
602998,3001780,2025-09-13,push,descuento,1900,0
602999,3001782,2025-07-30,push,descuento,1800,0
603000,3001783,2025-05-26,push,generico,2600,0
603001,3001785,2025-02-05,push,generico,3100,0
603002,3001785,2025-12-21,push,upgrade_credito,2000,0
603003,3001786,2025-03-25,push,upgrade_credito,2400,0
603004,3001786,2025-05-23,email,descuento,3900,1
603005,3001786,2025-07-17,push,upgrade_credito,2000,1
603006,3001787,2025-08-18,email,upgrade_credito,900,0
603007,3001787,2025-10-25,sms,cashback,900,0
603008,3001787,2025-12-21,sms,descuento,3000,0
603009,3001789,2025-08-02,email,upgrade_credito,3900,0
603010,3001790,2025-12-19,push,upgrade_credito,3400,0
603011,3001790,2025-04-13,email,cashback,3100,0
603012,3001791,2025-10-13,sms,upgrade_credito,2900,1
603013,3001793,2025-06-19,sms,generico,3300,0
603014,3001793,2025-10-09,push,generico,3300,0
603015,3001794,2025-07-08,sms,cashback,3800,1
603016,3001795,2026-01-04,email,descuento,800,0
603017,3001795,2026-01-04,email,cashback,1700,0
603018,3001797,2025-11-20,push,upgrade_credito,2600,0
603019,3001797,2026-02-10,push,generico,3400,0
603020,3001797,2025-06-13,email,descuento,1200,0
603021,3001800,2025-01-06,push,generico,3900,1
603022,3001800,2026-03-13,sms,generico,3600,0
603023,3001800,2025-03-19,push,cashback,2500,0
603024,3001802,2025-11-27,sms,descuento,800,0
603025,3001802,2025-07-05,email,descuento,2300,0
603026,3001803,2026-02-23,sms,descuento,1500,0
603027,3001803,2025-12-12,sms,cashback,3000,0
603028,3001803,2026-01-01,sms,generico,800,0
603029,3001803,2025-02-25,push,descuento,700,0
603030,3001804,2025-09-14,push,upgrade_credito,1300,0
603031,3001806,2025-05-13,email,generico,3200,0
603032,3001807,2025-04-25,push,cashback,3600,0
603033,3001807,2025-02-18,sms,generico,2900,0
603034,3001808,2025-07-03,email,cashback,4000,0
603035,3001809,2025-07-26,sms,generico,3900,0
603036,3001809,2025-06-21,email,cashback,2500,0
603037,3001809,2025-07-01,email,cashback,1800,0
603038,3001811,2025-12-25,sms,descuento,3400,0
603039,3001812,2025-02-18,push,upgrade_credito,3500,0
603040,3001813,2025-02-10,email,generico,3000,0
603041,3001813,2025-06-28,sms,generico,1000,0
603042,3001815,2025-11-29,push,descuento,500,0
603043,3001815,2026-01-09,push,cashback,1800,1
603044,3001816,2025-05-24,sms,descuento,3000,0
603045,3001816,2025-08-28,email,descuento,3500,0
603046,3001816,2026-01-06,push,cashback,3900,0
603047,3001817,2025-12-18,push,upgrade_credito,4000,0
603048,3001819,2026-01-05,sms,descuento,1300,0
603049,3001819,2025-08-11,sms,generico,3300,0
603050,3001820,2025-09-02,sms,generico,900,0
603051,3001820,2025-03-16,email,cashback,3700,0
603052,3001821,2025-12-26,email,generico,2700,0
603053,3001821,2025-07-10,sms,cashback,2400,0
603054,3001822,2025-08-15,email,generico,3200,0
603055,3001823,2026-02-18,push,generico,1800,0
603056,3001825,2025-11-01,push,generico,4000,0
603057,3001825,2025-05-03,push,upgrade_credito,600,0
603058,3001826,2026-01-27,push,descuento,2500,0
603059,3001826,2025-11-09,push,descuento,3000,0
603060,3001827,2025-06-05,email,upgrade_credito,3300,0
603061,3001828,2026-03-09,sms,generico,4000,0
603062,3001828,2025-07-21,sms,cashback,2700,0
603063,3001828,2025-09-13,push,cashback,3400,0
603064,3001829,2026-01-08,sms,cashback,3800,1
603065,3001830,2025-08-11,push,upgrade_credito,1700,0
603066,3001830,2025-07-23,push,cashback,1200,0
603067,3001831,2026-01-22,push,upgrade_credito,3200,0
603068,3001831,2025-02-02,email,descuento,1600,1
603069,3001831,2025-04-06,push,descuento,1100,0
603070,3001832,2026-02-01,push,upgrade_credito,1800,0
603071,3001832,2025-01-23,email,upgrade_credito,2400,0
603072,3001833,2025-08-07,email,descuento,700,0
603073,3001833,2025-10-08,push,descuento,2700,0
603074,3001833,2025-06-20,push,generico,3200,0
603075,3001833,2025-05-07,email,descuento,4000,0
603076,3001834,2025-11-03,sms,generico,700,0
603077,3001834,2025-05-18,push,generico,1100,0
603078,3001834,2025-12-17,push,generico,3500,1
603079,3001836,2025-07-26,email,descuento,3800,1
603080,3001837,2025-10-27,sms,cashback,2300,0
603081,3001838,2025-03-29,email,cashback,3800,1
603082,3001838,2025-11-01,push,upgrade_credito,2100,0
603083,3001839,2025-04-04,push,upgrade_credito,2900,0
603084,3001840,2025-10-18,push,upgrade_credito,2400,0
603085,3001840,2025-06-08,push,descuento,3400,0
603086,3001840,2025-10-30,push,upgrade_credito,2000,0
603087,3001841,2025-04-07,email,cashback,600,0
603088,3001841,2025-03-01,push,upgrade_credito,3200,0
603089,3001842,2025-08-21,push,upgrade_credito,1500,0
603090,3001842,2026-01-30,email,descuento,1100,0
603091,3001843,2025-08-26,email,cashback,3900,0
603092,3001843,2026-01-16,push,descuento,2400,0
603093,3001844,2025-04-04,push,cashback,2300,0
603094,3001845,2025-10-09,push,descuento,2100,0
603095,3001845,2025-04-14,push,cashback,3500,1
603096,3001846,2026-03-11,email,generico,2700,0
603097,3001847,2025-09-10,push,generico,3800,0
603098,3001847,2026-03-05,email,descuento,2900,0
603099,3001849,2025-04-29,push,cashback,3300,0
603100,3001849,2026-03-13,email,descuento,2100,0
603101,3001849,2025-04-26,sms,generico,3900,1
603102,3001850,2025-11-03,push,descuento,800,0
603103,3001850,2026-02-17,push,upgrade_credito,600,0
603104,3001851,2025-01-17,push,descuento,3400,0
603105,3001851,2025-07-04,push,descuento,2600,0
603106,3001851,2025-07-17,email,descuento,1100,0
603107,3001851,2025-01-05,sms,descuento,2600,0
603108,3001852,2025-08-24,sms,upgrade_credito,1900,0
603109,3001852,2025-09-07,sms,generico,2600,0
603110,3001852,2025-08-10,push,cashback,2200,0
603111,3001853,2025-07-14,email,generico,1200,0
603112,3001854,2025-12-24,push,descuento,1400,0
603113,3001854,2025-12-22,email,generico,1700,0
603114,3001854,2025-05-01,email,cashback,3600,0
603115,3001855,2026-02-27,push,upgrade_credito,3300,0
603116,3001855,2025-11-24,sms,descuento,2500,1
603117,3001855,2025-01-27,email,generico,3700,0
603118,3001856,2025-12-13,sms,cashback,3300,0
603119,3001856,2025-11-24,push,descuento,3800,0
603120,3001856,2026-03-03,push,generico,2100,0
603121,3001856,2025-11-21,sms,cashback,2400,0
603122,3001856,2025-05-09,email,generico,3600,0
603123,3001857,2025-04-28,sms,descuento,800,0
603124,3001858,2025-08-25,email,cashback,2600,0
603125,3001858,2025-07-24,email,cashback,3500,1
603126,3001859,2025-07-03,push,cashback,3300,0
603127,3001859,2025-02-27,push,descuento,2900,0
603128,3001861,2025-10-09,email,cashback,3600,1
603129,3001861,2025-03-14,email,generico,1300,1
603130,3001861,2025-01-20,push,descuento,2900,0
603131,3001864,2025-12-29,push,descuento,4000,0
603132,3001865,2025-08-01,push,cashback,3200,0
603133,3001865,2025-12-30,push,descuento,2200,0
603134,3001866,2026-02-07,push,cashback,2100,1
603135,3001866,2025-09-21,email,generico,1200,0
603136,3001868,2025-08-10,sms,cashback,3400,0
603137,3001868,2026-01-18,email,cashback,2700,0
603138,3001869,2025-01-29,email,generico,2200,0
603139,3001869,2025-02-15,sms,generico,1800,0
603140,3001870,2025-03-28,sms,cashback,2000,0
603141,3001871,2026-03-02,push,cashback,1100,0
603142,3001872,2025-01-31,email,upgrade_credito,2600,0
603143,3001872,2025-10-16,push,descuento,1200,0
603144,3001872,2026-01-28,sms,generico,3300,0
603145,3001873,2025-06-26,email,cashback,2500,0
603146,3001873,2025-08-01,push,descuento,700,0
603147,3001874,2025-11-18,email,cashback,700,0
603148,3001874,2025-12-11,sms,generico,2600,0
603149,3001874,2025-06-07,push,upgrade_credito,1900,0
603150,3001875,2025-12-20,push,upgrade_credito,800,1
603151,3001876,2026-03-09,push,descuento,2400,0
603152,3001876,2025-11-21,email,cashback,1300,1
603153,3001877,2025-08-16,push,generico,2300,0
603154,3001877,2025-03-22,sms,upgrade_credito,1800,0
603155,3001878,2025-12-23,push,descuento,3300,0
603156,3001878,2025-11-17,email,upgrade_credito,2500,0
603157,3001878,2025-12-22,push,generico,2200,0
603158,3001879,2025-11-22,sms,generico,3100,0
603159,3001879,2025-04-19,push,generico,3600,0
603160,3001880,2025-01-07,push,descuento,3000,0
603161,3001880,2026-02-17,push,cashback,2600,0
603162,3001881,2025-01-27,push,cashback,4000,0
603163,3001882,2025-11-14,push,descuento,3000,0
603164,3001884,2025-03-12,push,generico,1200,0
603165,3001884,2025-10-18,email,descuento,2000,0
603166,3001885,2025-07-13,email,descuento,2200,1
603167,3001886,2025-06-23,push,upgrade_credito,2000,1
603168,3001886,2026-02-14,email,descuento,2500,0
603169,3001887,2025-11-09,push,cashback,1500,0
603170,3001887,2026-01-24,push,cashback,1300,1
603171,3001888,2025-09-04,push,descuento,1700,0
603172,3001888,2025-08-04,email,descuento,3500,0
603173,3001889,2025-09-05,push,generico,2500,0
603174,3001890,2026-01-04,sms,descuento,2200,0
603175,3001890,2025-05-25,push,upgrade_credito,1700,0
603176,3001890,2025-01-22,email,cashback,3400,0
603177,3001891,2025-05-07,email,cashback,2300,0
603178,3001891,2025-09-06,push,generico,4000,0
603179,3001893,2026-03-02,push,generico,1400,0
603180,3001893,2026-03-01,sms,generico,600,0
603181,3001896,2025-10-28,sms,generico,3200,0
603182,3001896,2025-03-23,sms,cashback,2800,0
603183,3001899,2025-11-05,push,generico,700,0
603184,3001899,2025-06-17,push,cashback,2300,1
603185,3001901,2025-04-16,email,generico,2800,0
603186,3001902,2025-09-28,sms,descuento,1600,0
603187,3001903,2025-08-18,email,cashback,900,1
603188,3001903,2025-03-09,push,upgrade_credito,600,0
603189,3001903,2025-11-17,push,cashback,3000,0
603190,3001903,2025-12-02,push,generico,1800,0
603191,3001904,2025-10-25,push,descuento,2100,0
603192,3001906,2025-07-29,email,descuento,1000,0
603193,3001906,2026-03-09,push,upgrade_credito,3000,1
603194,3001907,2025-05-17,email,descuento,1600,1
603195,3001907,2025-06-11,sms,upgrade_credito,3400,0
603196,3001907,2025-10-08,push,descuento,1300,0
603197,3001907,2025-01-25,email,cashback,1300,0
603198,3001909,2025-04-27,email,descuento,2900,0
603199,3001909,2025-06-21,push,cashback,3400,0
603200,3001910,2025-03-03,email,cashback,3300,0
603201,3001911,2025-07-13,push,descuento,1900,0
603202,3001911,2025-10-15,push,generico,3300,0
603203,3001912,2025-04-07,push,generico,700,0
603204,3001912,2025-11-27,push,descuento,2200,0
603205,3001913,2025-01-09,push,upgrade_credito,3000,0
603206,3001913,2025-03-18,push,generico,3800,0
603207,3001914,2025-12-08,email,generico,2000,0
603208,3001914,2026-03-14,email,generico,3900,0
603209,3001915,2025-09-26,email,generico,2300,0
603210,3001916,2025-04-04,push,generico,2700,0
603211,3001916,2025-10-25,sms,descuento,1200,0
603212,3001916,2025-04-26,email,descuento,3500,0
603213,3001918,2025-10-03,email,cashback,3100,1
603214,3001918,2025-08-15,push,upgrade_credito,1200,0
603215,3001918,2025-03-29,sms,descuento,4000,0
603216,3001918,2025-03-10,email,generico,2700,0
603217,3001918,2026-03-01,push,descuento,2400,0
603218,3001919,2025-07-29,email,generico,1500,0
603219,3001919,2025-06-30,push,generico,1800,0
603220,3001919,2025-11-04,push,upgrade_credito,1200,0
603221,3001920,2025-03-23,email,descuento,2200,0
603222,3001921,2025-11-12,sms,cashback,2400,0
603223,3001922,2025-03-31,sms,generico,3500,0
603224,3001923,2025-10-17,push,descuento,3400,0
603225,3001923,2025-12-05,email,descuento,1700,0
603226,3001924,2025-09-17,email,descuento,800,0
603227,3001926,2025-01-29,push,upgrade_credito,3200,0
603228,3001926,2025-06-08,push,upgrade_credito,1600,0
603229,3001927,2025-03-25,sms,descuento,1200,0
603230,3001927,2025-10-04,push,descuento,1200,0
603231,3001928,2025-09-25,email,upgrade_credito,1400,0
603232,3001928,2025-07-10,push,descuento,2500,0
603233,3001929,2025-07-07,email,generico,1200,0
603234,3001929,2026-03-05,push,descuento,3600,0
603235,3001930,2025-07-04,push,upgrade_credito,3300,0
603236,3001932,2025-02-04,email,cashback,1400,0
603237,3001932,2026-02-10,push,cashback,1600,0
603238,3001933,2025-06-12,push,generico,1200,0
603239,3001933,2025-08-19,push,generico,2500,0
603240,3001937,2025-12-23,push,descuento,2800,0
603241,3001937,2025-05-19,email,cashback,3500,0
603242,3001938,2026-01-21,push,cashback,1000,0
603243,3001938,2025-12-05,push,cashback,2600,0
603244,3001938,2025-04-29,email,descuento,3700,0
603245,3001939,2025-08-28,push,generico,2900,0
603246,3001939,2025-10-19,push,generico,2700,1
603247,3001939,2025-03-16,push,descuento,2200,0
603248,3001940,2026-01-26,push,generico,1900,0
603249,3001940,2025-09-15,push,generico,1700,0
603250,3001943,2025-12-04,push,descuento,3400,0
603251,3001943,2025-04-29,sms,cashback,1500,0
603252,3001943,2026-01-21,push,cashback,2200,0
603253,3001943,2026-02-13,sms,descuento,2700,0
603254,3001944,2026-01-26,sms,generico,2100,0
603255,3001944,2025-06-29,push,cashback,1200,0
603256,3001945,2025-09-06,email,generico,2600,0
603257,3001946,2025-01-12,push,generico,1800,0
603258,3001947,2025-05-28,push,descuento,2500,0
603259,3001947,2025-08-22,push,cashback,1800,0
603260,3001949,2025-12-12,push,upgrade_credito,3200,1
603261,3001949,2025-04-10,email,descuento,2700,0
603262,3001951,2025-02-09,push,cashback,600,1
603263,3001952,2025-09-07,email,descuento,3800,0
603264,3001954,2026-03-11,push,generico,900,0
603265,3001955,2025-12-01,push,generico,1800,0
603266,3001955,2025-01-18,email,descuento,3600,0
603267,3001956,2025-07-11,email,descuento,3100,0
603268,3001956,2025-05-18,push,cashback,3000,0
603269,3001957,2025-07-04,push,descuento,3700,0
603270,3001958,2025-08-22,sms,generico,1300,0
603271,3001958,2025-04-16,push,upgrade_credito,1900,0
603272,3001959,2025-04-19,push,generico,4000,0
603273,3001959,2025-01-26,email,cashback,1600,0
603274,3001960,2025-06-01,email,descuento,2700,0
603275,3001960,2025-02-09,push,generico,1100,0
603276,3001961,2025-05-29,push,descuento,2300,0
603277,3001962,2025-07-22,email,generico,1300,0
603278,3001962,2025-12-17,push,generico,1700,0
603279,3001962,2025-01-10,push,cashback,2500,1
603280,3001962,2025-07-01,push,descuento,600,0
603281,3001963,2025-11-23,push,upgrade_credito,1000,0
603282,3001963,2026-03-02,push,cashback,2100,0
603283,3001963,2025-02-02,push,generico,3800,0
603284,3001965,2025-01-21,push,cashback,1100,0
603285,3001966,2026-01-16,sms,cashback,1800,0
603286,3001966,2025-05-27,push,descuento,1500,1
603287,3001967,2025-06-18,push,upgrade_credito,1100,0
603288,3001967,2025-01-10,push,cashback,3200,0
603289,3001968,2025-11-28,email,upgrade_credito,500,0
603290,3001968,2025-01-15,push,descuento,1900,0
603291,3001969,2025-09-28,push,generico,1400,0
603292,3001970,2025-05-24,push,descuento,1500,0
603293,3001971,2025-12-17,push,cashback,1800,0
603294,3001972,2025-04-15,push,descuento,3100,1
603295,3001972,2025-06-28,email,generico,1000,0
603296,3001972,2025-05-29,push,upgrade_credito,1000,0
603297,3001973,2025-10-24,sms,cashback,1300,0
603298,3001974,2025-09-08,sms,cashback,1200,0
603299,3001974,2025-10-03,sms,descuento,1300,0
603300,3001974,2025-04-03,push,cashback,1400,1
603301,3001975,2025-09-18,email,cashback,1900,0
603302,3001976,2025-12-14,sms,upgrade_credito,2000,0
603303,3001979,2025-12-14,sms,descuento,3900,0
603304,3001979,2025-02-01,push,cashback,3300,0
603305,3001981,2025-08-30,email,upgrade_credito,1600,0
603306,3001982,2025-04-18,push,cashback,3600,0
603307,3001983,2025-11-22,email,generico,2300,0
603308,3001983,2026-03-03,push,descuento,2000,0
603309,3001984,2025-11-01,email,descuento,2800,0
603310,3001984,2025-09-09,sms,generico,1000,0
603311,3001984,2025-07-18,sms,cashback,2400,0
603312,3001984,2025-03-06,sms,upgrade_credito,700,0
603313,3001984,2026-01-15,push,generico,1300,0
603314,3001985,2026-02-22,sms,generico,2800,0
603315,3001985,2025-02-05,email,cashback,1600,0
603316,3001985,2025-10-13,push,descuento,2300,1
603317,3001986,2025-04-07,push,cashback,800,0
603318,3001986,2025-10-30,push,cashback,3200,0
603319,3001988,2025-05-23,push,descuento,4000,0
603320,3001988,2026-01-21,push,descuento,2700,0
603321,3001989,2025-04-01,push,descuento,600,0
603322,3001990,2025-10-22,email,generico,3000,0
603323,3001991,2025-06-29,push,cashback,3100,0
603324,3001991,2025-12-10,sms,generico,3600,0
603325,3001991,2025-09-19,push,descuento,1000,0
603326,3001992,2025-11-04,push,generico,1700,0
603327,3001992,2026-02-07,push,descuento,3200,0
603328,3001992,2026-02-20,push,descuento,2800,1
603329,3001992,2025-04-23,sms,descuento,3000,0
603330,3001993,2025-02-23,email,generico,600,0
603331,3001994,2025-11-30,email,generico,1500,0
603332,3001996,2025-11-07,email,descuento,1300,0
603333,3001997,2025-01-08,sms,cashback,1300,0
603334,3001998,2025-01-29,sms,generico,1600,0
603335,3001998,2025-04-08,push,descuento,3100,0
603336,3002000,2025-02-22,sms,upgrade_credito,3000,0
603337,3002000,2025-09-24,push,generico,1200,0
603338,3002000,2025-05-15,sms,descuento,2800,0
603339,3002000,2025-08-01,email,descuento,3600,1
603340,3002000,2025-10-21,push,descuento,3500,0
603341,3002000,2025-07-07,email,descuento,2400,1
603342,3002001,2025-04-28,sms,generico,2300,1
603343,3002001,2025-05-01,push,generico,1000,0
603344,3002001,2025-03-18,email,upgrade_credito,2200,0
603345,3002002,2025-01-16,sms,descuento,800,0
603346,3002002,2025-01-10,push,descuento,1900,0
603347,3002002,2025-07-23,email,cashback,800,0
603348,3002002,2025-02-19,sms,descuento,2900,0
603349,3002004,2025-04-06,push,descuento,3200,0
603350,3002005,2025-03-07,push,descuento,2500,0
603351,3002006,2025-10-06,push,generico,3500,0
603352,3002008,2025-01-15,push,cashback,3200,0
603353,3002008,2025-09-30,push,descuento,2900,0
603354,3002009,2025-08-23,email,upgrade_credito,2300,0
603355,3002009,2025-06-07,push,upgrade_credito,2300,0
603356,3002010,2025-01-02,email,generico,4000,0
603357,3002011,2025-06-23,push,descuento,1100,0
603358,3002011,2025-11-28,push,descuento,1400,0
603359,3002012,2025-07-03,push,cashback,3300,0
603360,3002012,2026-02-15,email,cashback,1500,0
603361,3002013,2025-07-20,push,descuento,3600,0
603362,3002013,2025-12-17,sms,descuento,2500,0
603363,3002015,2025-03-13,email,cashback,1600,1
603364,3002017,2025-10-28,sms,generico,3900,0
603365,3002018,2025-12-18,push,descuento,1000,0
603366,3002018,2025-08-11,push,descuento,1800,0
603367,3002019,2025-07-21,push,cashback,4000,1
603368,3002019,2026-01-23,email,cashback,3500,0
603369,3002019,2025-08-17,sms,cashback,3400,0
603370,3002020,2025-08-07,push,cashback,1600,0
603371,3002020,2025-09-04,push,descuento,1900,0
603372,3002022,2026-01-27,push,descuento,2500,0
603373,3002022,2025-08-21,email,generico,1700,0
603374,3002022,2026-01-10,push,generico,1100,0
603375,3002022,2025-09-15,push,descuento,1800,0
603376,3002023,2025-08-26,push,descuento,3700,1
603377,3002024,2025-03-20,push,descuento,1300,0
603378,3002024,2025-09-07,push,upgrade_credito,2000,0
603379,3002025,2025-11-09,push,generico,1900,0
603380,3002027,2026-01-12,email,descuento,2700,0
603381,3002028,2026-02-02,sms,upgrade_credito,900,0
603382,3002028,2025-02-05,sms,descuento,1100,0
603383,3002029,2025-02-22,sms,descuento,1600,0
603384,3002029,2025-05-12,sms,upgrade_credito,1500,0
603385,3002030,2026-02-14,email,cashback,1700,0
603386,3002030,2025-06-15,email,cashback,2500,0
603387,3002031,2025-10-11,push,cashback,1200,0
603388,3002032,2025-12-11,email,cashback,2100,0
603389,3002032,2025-06-01,push,descuento,800,0
603390,3002033,2026-01-16,push,upgrade_credito,2600,0
603391,3002033,2025-09-18,email,generico,1900,0
603392,3002034,2025-05-09,email,generico,2700,0
603393,3002034,2025-10-16,email,cashback,1100,0
603394,3002034,2026-02-26,push,descuento,3300,0
603395,3002036,2025-09-15,sms,generico,2600,0
603396,3002036,2025-08-16,email,generico,1800,0
603397,3002037,2026-01-06,push,upgrade_credito,1400,1
603398,3002038,2025-02-12,push,descuento,3600,0
603399,3002039,2025-02-02,push,descuento,900,0
603400,3002039,2025-10-29,push,generico,3700,0
603401,3002040,2025-03-10,email,descuento,1200,0
603402,3002040,2025-03-10,push,descuento,2400,0
603403,3002041,2025-04-12,sms,upgrade_credito,1900,0
603404,3002041,2025-06-18,push,descuento,2300,0
603405,3002041,2025-06-23,email,generico,3800,0
603406,3002042,2026-02-01,email,cashback,2000,0
603407,3002042,2025-05-28,email,upgrade_credito,1700,0
603408,3002043,2026-03-10,push,generico,2400,0
603409,3002043,2025-04-24,sms,descuento,1000,0
603410,3002044,2026-03-15,sms,upgrade_credito,2400,0
603411,3002044,2025-01-09,push,generico,800,0
603412,3002045,2025-10-28,push,cashback,3900,0
603413,3002047,2025-11-03,push,descuento,3300,0
603414,3002047,2025-02-21,email,descuento,2300,0
603415,3002047,2025-11-06,push,upgrade_credito,2800,0
603416,3002048,2025-08-21,sms,generico,1300,0
603417,3002048,2025-05-14,push,descuento,3400,0
603418,3002048,2025-04-27,email,cashback,3600,0
603419,3002048,2025-01-01,push,descuento,900,0
603420,3002049,2025-06-16,email,cashback,1900,0
603421,3002049,2026-02-06,sms,cashback,1000,0
603422,3002052,2025-08-03,push,upgrade_credito,2700,0
603423,3002052,2025-04-28,push,cashback,800,0
603424,3002052,2025-06-08,push,descuento,800,0
603425,3002053,2025-11-29,push,generico,3600,0
603426,3002053,2026-01-27,email,descuento,2400,0
603427,3002054,2025-01-03,email,generico,2900,0
603428,3002054,2025-02-28,email,cashback,1600,0
603429,3002055,2025-04-30,push,cashback,2600,0
603430,3002058,2025-09-09,push,cashback,3300,0
603431,3002058,2025-05-27,sms,cashback,2200,0
603432,3002059,2025-04-22,push,descuento,3600,0
603433,3002059,2025-07-20,push,generico,2500,0
603434,3002060,2025-02-11,push,cashback,500,0
603435,3002060,2025-02-24,email,descuento,2800,0
603436,3002062,2025-04-10,push,descuento,2400,0
603437,3002062,2025-10-07,push,cashback,3100,1
603438,3002063,2025-10-23,push,generico,1900,0
603439,3002064,2026-03-13,push,cashback,2100,0
603440,3002064,2025-10-05,email,upgrade_credito,2700,0
603441,3002065,2025-01-17,push,upgrade_credito,3400,0
603442,3002065,2025-06-29,email,descuento,700,0
603443,3002067,2025-10-11,sms,upgrade_credito,800,1
603444,3002067,2025-06-04,sms,cashback,3200,0
603445,3002069,2025-12-20,email,descuento,1200,0
603446,3002069,2025-11-04,push,generico,2000,0
603447,3002069,2026-02-18,email,upgrade_credito,3800,0
603448,3002069,2025-08-24,email,generico,1600,0
603449,3002071,2025-08-24,push,generico,3800,0
603450,3002071,2026-01-23,push,descuento,500,0
603451,3002072,2025-08-24,push,cashback,2300,0
603452,3002072,2025-07-17,sms,cashback,3600,0
603453,3002073,2025-05-05,email,generico,2200,0
603454,3002074,2025-10-24,push,upgrade_credito,1600,0
603455,3002074,2025-07-03,push,upgrade_credito,1600,0
603456,3002075,2026-01-08,push,descuento,800,1
603457,3002076,2025-10-24,push,cashback,2700,0
603458,3002077,2025-12-18,push,descuento,3900,1
603459,3002077,2025-08-10,email,upgrade_credito,2400,0
603460,3002080,2025-08-20,push,cashback,1200,0
603461,3002080,2025-03-01,email,descuento,3800,0
603462,3002081,2025-02-06,email,upgrade_credito,3400,0
603463,3002081,2025-10-27,sms,descuento,1400,1
603464,3002081,2025-07-15,email,generico,1600,0
603465,3002082,2025-08-26,push,descuento,3700,1
603466,3002083,2025-12-04,email,generico,3500,0
603467,3002083,2025-12-22,push,generico,1200,0
603468,3002085,2025-09-19,push,cashback,1700,0
603469,3002085,2025-04-17,email,generico,2100,0
603470,3002086,2025-04-22,email,descuento,3300,0
603471,3002086,2026-02-21,push,cashback,2800,0
603472,3002086,2025-04-03,push,descuento,500,1
603473,3002087,2025-06-16,email,generico,1500,1
603474,3002088,2025-11-09,email,cashback,1400,0
603475,3002089,2025-08-23,push,upgrade_credito,3200,1
603476,3002091,2025-02-17,push,generico,3200,0
603477,3002091,2025-05-02,push,descuento,700,0
603478,3002092,2025-02-03,push,generico,1100,0
603479,3002093,2026-01-12,push,generico,2600,0
603480,3002094,2025-08-03,push,cashback,2800,0
603481,3002095,2025-03-27,email,upgrade_credito,2900,0
603482,3002096,2025-04-04,push,upgrade_credito,1000,0
603483,3002096,2025-05-06,push,generico,2600,0
603484,3002097,2026-02-02,sms,descuento,1000,0
603485,3002099,2025-10-19,sms,upgrade_credito,900,0
603486,3002100,2025-03-01,push,generico,2700,0
603487,3002100,2025-03-10,push,cashback,2800,0
603488,3002101,2026-03-05,email,cashback,1500,0
603489,3002101,2026-03-06,sms,generico,3500,0
603490,3002102,2025-06-03,email,descuento,1300,0
603491,3002103,2025-04-03,sms,descuento,1100,0
603492,3002103,2025-01-08,sms,cashback,2700,0
603493,3002103,2025-01-05,push,cashback,1100,0
603494,3002104,2025-07-10,push,descuento,2900,0
603495,3002104,2025-10-06,push,generico,4000,0
603496,3002106,2025-08-13,sms,cashback,2000,0
603497,3002107,2026-02-26,push,descuento,2600,0
603498,3002107,2025-12-16,push,upgrade_credito,1500,0
603499,3002107,2025-07-05,email,generico,1200,1
603500,3002108,2025-03-13,sms,cashback,1600,0
603501,3002108,2025-04-01,push,generico,2000,0
603502,3002110,2025-11-02,push,cashback,2800,0
603503,3002112,2025-11-03,sms,cashback,2600,0
603504,3002112,2026-02-24,push,descuento,3400,0
603505,3002114,2025-12-27,sms,cashback,3400,0
603506,3002117,2025-06-04,sms,cashback,3500,1
603507,3002118,2025-02-09,push,generico,2100,0
603508,3002118,2025-10-19,push,cashback,1800,0
603509,3002118,2026-01-10,sms,cashback,1800,0
603510,3002119,2025-03-17,push,cashback,1100,0
603511,3002119,2025-08-13,push,generico,1700,0
603512,3002121,2025-01-13,push,cashback,1600,1
603513,3002122,2025-12-11,email,generico,3300,1
603514,3002122,2025-07-21,push,descuento,2500,0
603515,3002122,2026-01-02,push,descuento,3700,1
603516,3002123,2025-11-20,email,cashback,600,0
603517,3002123,2025-08-13,push,upgrade_credito,1500,0
603518,3002123,2025-04-21,sms,cashback,2800,0
603519,3002123,2025-12-07,email,generico,1500,0
603520,3002124,2025-01-15,push,descuento,1800,0
603521,3002124,2025-03-21,sms,cashback,1100,0
603522,3002124,2025-04-13,sms,upgrade_credito,1500,0
603523,3002124,2025-09-30,push,cashback,2700,0
603524,3002125,2025-03-12,sms,upgrade_credito,1100,0
603525,3002125,2025-11-18,email,cashback,1900,1
603526,3002125,2025-07-05,sms,cashback,3900,1
603527,3002125,2026-02-19,push,generico,3200,0
603528,3002125,2025-05-25,push,cashback,1400,0
603529,3002126,2025-05-08,email,descuento,2600,0
603530,3002126,2025-04-19,push,generico,3800,0
603531,3002127,2025-02-01,sms,generico,1100,0
603532,3002128,2025-08-31,email,generico,1000,0
603533,3002129,2025-10-15,email,upgrade_credito,3200,0
603534,3002129,2025-03-19,push,upgrade_credito,2300,0
603535,3002130,2026-01-20,push,generico,2800,0
603536,3002131,2025-12-16,push,upgrade_credito,3200,0
603537,3002131,2025-03-15,push,cashback,1200,0
603538,3002131,2025-07-26,sms,upgrade_credito,900,0
603539,3002131,2025-07-02,email,generico,3800,0
603540,3002132,2025-09-07,push,cashback,3500,0
603541,3002132,2026-03-04,push,cashback,2800,1
603542,3002132,2025-11-28,push,descuento,1700,0
603543,3002132,2025-12-16,email,cashback,1100,0
603544,3002132,2025-03-04,sms,generico,3400,0
603545,3002133,2025-12-12,push,cashback,2600,0
603546,3002133,2025-02-07,email,upgrade_credito,1700,0
603547,3002133,2025-04-20,push,upgrade_credito,1500,0
603548,3002133,2025-06-05,email,cashback,1200,0
603549,3002134,2025-12-28,push,descuento,1200,0
603550,3002134,2025-02-14,email,upgrade_credito,3900,0
603551,3002134,2026-02-14,push,cashback,3600,0
603552,3002135,2026-01-16,sms,generico,1800,0
603553,3002135,2026-02-01,email,descuento,3900,0
603554,3002135,2025-02-16,push,descuento,1300,0
603555,3002137,2025-09-10,email,generico,2600,0
603556,3002138,2025-02-15,email,descuento,1800,0
603557,3002138,2025-02-01,email,cashback,900,1
603558,3002139,2026-03-03,push,upgrade_credito,800,0
603559,3002139,2025-09-01,push,descuento,1000,0
603560,3002140,2025-04-27,push,cashback,2400,0
603561,3002140,2026-01-17,push,descuento,1100,0
603562,3002141,2025-06-12,push,descuento,3800,0
603563,3002141,2025-06-16,sms,generico,2300,0
603564,3002144,2025-02-22,push,cashback,3100,0
603565,3002144,2025-12-13,push,generico,3500,0
603566,3002144,2025-07-08,push,cashback,4000,0
603567,3002145,2025-08-24,email,generico,2000,0
603568,3002145,2025-06-12,email,generico,1700,0
603569,3002146,2025-06-04,push,descuento,2400,1
603570,3002148,2025-12-16,push,descuento,2000,0
603571,3002148,2025-04-24,email,cashback,1100,0
603572,3002149,2025-07-06,sms,generico,1800,0
603573,3002149,2025-10-06,email,descuento,2400,0
603574,3002149,2025-11-22,push,upgrade_credito,2100,0
603575,3002149,2025-04-29,push,descuento,2400,0
603576,3002149,2025-04-09,sms,generico,3800,1
603577,3002150,2025-11-26,push,generico,500,0
603578,3002150,2025-10-22,push,cashback,3300,0
603579,3002151,2025-04-11,push,upgrade_credito,1500,0
603580,3002151,2025-05-19,push,cashback,2200,0
603581,3002152,2026-01-29,email,upgrade_credito,2400,0
603582,3002153,2025-11-01,sms,generico,3200,0
603583,3002154,2025-12-02,email,generico,2400,0
603584,3002154,2025-03-12,push,generico,2500,0
603585,3002154,2025-03-25,sms,cashback,1800,1
603586,3002154,2026-01-03,push,generico,1400,0
603587,3002155,2025-03-09,sms,cashback,700,0
603588,3002155,2025-03-04,push,descuento,2200,0
603589,3002156,2026-02-09,email,upgrade_credito,2300,0
603590,3002156,2025-08-06,email,upgrade_credito,500,1
603591,3002158,2026-02-10,sms,generico,1600,1
603592,3002158,2025-12-18,push,cashback,2600,0
603593,3002158,2025-04-05,email,upgrade_credito,3600,0
603594,3002160,2025-07-17,push,descuento,2300,0
603595,3002160,2025-07-27,push,generico,2900,0
603596,3002160,2025-11-22,push,cashback,1000,0
603597,3002161,2025-10-19,push,cashback,2800,0
603598,3002161,2026-03-15,push,generico,3400,0
603599,3002161,2026-02-05,push,cashback,900,0
603600,3002162,2025-11-10,push,generico,1200,0
603601,3002162,2025-02-09,push,generico,1600,0
603602,3002164,2025-02-26,sms,cashback,1400,0
603603,3002164,2025-02-10,push,descuento,3100,1
603604,3002164,2025-12-20,push,cashback,2900,0
603605,3002164,2025-06-17,push,cashback,1100,1
603606,3002164,2025-06-09,push,cashback,1800,1
603607,3002167,2025-01-26,push,descuento,2100,0
603608,3002167,2025-07-31,push,generico,3500,1
603609,3002167,2025-10-17,email,generico,1800,0
603610,3002168,2025-02-25,push,cashback,3300,1
603611,3002168,2025-02-24,email,generico,3700,0
603612,3002170,2025-04-22,email,generico,3500,0
603613,3002170,2026-03-14,push,descuento,1700,0
603614,3002171,2025-09-29,sms,descuento,2800,0
603615,3002172,2025-03-12,email,cashback,2200,0
603616,3002172,2026-01-05,email,generico,2900,0
603617,3002173,2025-11-07,push,generico,3100,1
603618,3002173,2025-08-06,email,generico,3800,0
603619,3002174,2025-06-16,email,descuento,1300,0
603620,3002174,2025-02-24,email,cashback,2200,0
603621,3002174,2025-07-16,sms,descuento,2600,0
603622,3002174,2025-03-31,push,generico,2500,0
603623,3002174,2025-04-13,email,descuento,1700,0
603624,3002175,2025-06-01,sms,descuento,800,0
603625,3002175,2026-02-02,email,cashback,2900,0
603626,3002175,2025-09-10,push,cashback,2400,0
603627,3002176,2025-06-13,push,cashback,3600,1
603628,3002176,2025-11-22,email,generico,2500,0
603629,3002177,2025-02-24,sms,upgrade_credito,3300,0
603630,3002179,2025-10-17,push,cashback,3800,0
603631,3002180,2025-02-03,email,cashback,3900,0
603632,3002180,2025-08-19,push,cashback,3200,0
603633,3002180,2025-07-11,push,generico,1900,0
603634,3002180,2025-12-20,sms,cashback,2300,1
603635,3002181,2025-04-25,email,descuento,3300,0
603636,3002181,2025-08-03,push,descuento,1200,0
603637,3002182,2026-01-18,push,cashback,700,0
603638,3002182,2025-07-30,push,generico,2200,0
603639,3002182,2026-01-18,email,cashback,900,0
603640,3002182,2026-01-13,push,generico,1100,0
603641,3002183,2026-01-18,push,descuento,1300,0
603642,3002183,2025-01-14,push,descuento,1400,0
603643,3002183,2025-10-30,push,descuento,1800,0
603644,3002183,2026-02-05,push,generico,2900,0
603645,3002183,2025-07-13,email,descuento,1000,0
603646,3002184,2026-01-25,push,descuento,3900,0
603647,3002184,2026-02-03,push,cashback,700,0
603648,3002185,2026-02-13,email,generico,1800,0
603649,3002185,2025-06-21,email,descuento,1300,0
603650,3002185,2026-02-06,push,descuento,1900,0
603651,3002186,2025-03-03,email,descuento,1700,0
603652,3002186,2025-12-31,email,descuento,3200,0
603653,3002187,2025-04-14,email,cashback,3100,0
603654,3002187,2025-06-22,sms,generico,2400,0
603655,3002188,2025-03-06,sms,generico,3000,0
603656,3002188,2025-07-29,email,descuento,2000,0
603657,3002189,2025-09-16,push,generico,4000,0
603658,3002189,2025-10-17,sms,descuento,2400,0
603659,3002189,2025-06-10,email,generico,2100,0
603660,3002189,2026-01-21,email,generico,3400,1
603661,3002190,2025-09-25,email,generico,3700,0
603662,3002190,2025-03-24,sms,generico,2500,0
603663,3002190,2025-05-04,push,cashback,3500,1
603664,3002193,2025-10-23,push,descuento,3500,0
603665,3002193,2025-10-08,email,upgrade_credito,800,0
603666,3002193,2026-02-06,email,upgrade_credito,1600,0
603667,3002193,2025-04-30,push,cashback,2700,0
603668,3002194,2025-11-06,push,upgrade_credito,3700,0
603669,3002194,2025-10-16,email,upgrade_credito,1800,0
603670,3002195,2025-10-30,push,cashback,1800,0
603671,3002195,2025-10-01,email,cashback,3900,1
603672,3002196,2025-02-20,sms,generico,700,1
603673,3002196,2026-01-08,push,generico,1200,0
603674,3002196,2025-11-26,push,descuento,2600,0
603675,3002196,2026-03-10,email,cashback,1300,0
603676,3002197,2025-06-22,push,generico,1400,0
603677,3002197,2025-04-15,push,cashback,700,0
603678,3002198,2025-12-13,push,cashback,3100,0
603679,3002199,2025-09-17,sms,upgrade_credito,3600,0
603680,3002199,2025-03-25,push,cashback,1300,0
603681,3002199,2025-05-04,push,generico,1400,0
603682,3002200,2025-09-03,email,cashback,3100,0
603683,3002200,2025-02-19,push,descuento,1500,0
603684,3002200,2025-07-14,push,generico,2600,0
603685,3002200,2025-12-05,push,descuento,1800,0
603686,3002201,2025-01-21,push,descuento,1800,0
603687,3002201,2025-01-21,email,descuento,2200,0
603688,3002202,2025-06-14,email,cashback,3300,0
603689,3002202,2025-03-13,email,cashback,1500,1
603690,3002205,2025-07-30,email,cashback,3500,0
603691,3002206,2025-01-08,email,generico,1600,0
603692,3002206,2025-08-14,push,generico,3200,0
603693,3002206,2025-09-13,push,cashback,2300,0
603694,3002206,2025-06-10,push,generico,1500,0
603695,3002208,2025-12-09,sms,cashback,2600,0
603696,3002208,2026-01-24,push,generico,2800,0
603697,3002208,2025-07-01,push,descuento,4000,1
603698,3002208,2025-11-19,sms,generico,1400,0
603699,3002209,2025-06-28,push,cashback,1900,0
603700,3002209,2026-02-13,push,upgrade_credito,1700,0
603701,3002210,2026-01-06,push,cashback,900,0
603702,3002210,2025-05-19,sms,descuento,1800,0
603703,3002210,2025-05-19,push,cashback,2600,0
603704,3002211,2025-05-30,email,descuento,3800,0
603705,3002211,2025-05-14,push,descuento,2800,1
603706,3002212,2025-05-12,push,cashback,1000,1
603707,3002212,2025-10-30,push,cashback,3800,0
603708,3002212,2025-02-22,push,descuento,3100,0
603709,3002214,2025-09-27,push,generico,3500,0
603710,3002216,2026-02-16,push,descuento,2700,0
603711,3002216,2025-09-19,push,cashback,2500,0
603712,3002216,2025-12-10,email,cashback,1700,0
603713,3002217,2026-02-20,push,generico,2500,0
603714,3002217,2025-02-08,push,cashback,3200,0
603715,3002218,2025-03-25,push,descuento,3900,1
603716,3002218,2025-07-02,sms,cashback,1700,0
603717,3002219,2026-01-31,push,cashback,3200,1
603718,3002220,2025-01-01,push,cashback,1000,1
603719,3002220,2025-10-26,push,generico,1400,0
603720,3002221,2025-10-01,push,descuento,3200,0
603721,3002221,2026-02-24,push,generico,2100,0
603722,3002221,2025-12-04,sms,cashback,3500,0
603723,3002221,2025-01-09,push,descuento,2500,0
603724,3002223,2025-12-07,sms,upgrade_credito,1300,0
603725,3002224,2025-01-08,push,cashback,1300,0
603726,3002225,2025-04-27,email,descuento,3900,0
603727,3002226,2025-12-31,email,generico,2300,0
603728,3002227,2025-03-10,email,cashback,900,0
603729,3002228,2026-02-25,sms,cashback,2800,1
603730,3002228,2025-06-08,push,descuento,2300,0
603731,3002229,2025-03-14,push,generico,1600,0
603732,3002229,2025-08-29,push,generico,3000,0
603733,3002230,2026-02-09,sms,cashback,2500,0
603734,3002230,2025-06-26,push,cashback,1300,0
603735,3002232,2025-02-20,push,generico,1300,0
603736,3002232,2025-08-05,email,descuento,800,0
603737,3002233,2026-02-12,push,cashback,1400,0
603738,3002235,2025-12-14,push,cashback,2600,0
603739,3002235,2026-01-17,sms,generico,3700,0
603740,3002235,2025-10-23,email,descuento,700,0
603741,3002236,2025-09-03,push,cashback,600,1
603742,3002236,2025-04-07,sms,generico,2800,1
603743,3002236,2026-03-07,email,generico,2300,0
603744,3002237,2025-01-15,email,upgrade_credito,1000,0
603745,3002238,2025-01-20,push,generico,900,0
603746,3002238,2025-11-22,sms,descuento,1200,0
603747,3002238,2025-02-01,push,upgrade_credito,600,0
603748,3002239,2025-09-20,email,generico,900,0
603749,3002239,2025-02-09,sms,generico,2100,0
603750,3002240,2025-06-18,push,cashback,2400,0
603751,3002242,2025-02-05,sms,generico,3400,0
603752,3002244,2025-01-25,push,upgrade_credito,3500,0
603753,3002244,2026-02-01,email,descuento,1200,0
603754,3002245,2025-11-10,push,cashback,2700,0
603755,3002245,2025-08-20,email,descuento,1200,0
603756,3002245,2025-12-04,sms,cashback,3800,0
603757,3002245,2025-08-22,push,cashback,3000,0
603758,3002246,2026-02-28,push,cashback,2800,0
603759,3002247,2025-03-17,push,upgrade_credito,3800,0
603760,3002247,2025-09-04,push,descuento,2200,0
603761,3002248,2025-02-02,push,cashback,900,1
603762,3002249,2025-11-10,push,cashback,1400,0
603763,3002249,2025-12-31,push,generico,600,0
603764,3002249,2025-09-06,push,descuento,3500,0
603765,3002249,2025-12-25,sms,descuento,3100,0
603766,3002251,2026-01-28,push,upgrade_credito,2500,1
603767,3002251,2025-07-05,push,generico,800,1
603768,3002252,2025-12-09,email,cashback,1300,0
603769,3002252,2026-02-28,email,cashback,1900,0
603770,3002254,2025-09-20,push,generico,3000,0
603771,3002254,2026-02-21,email,cashback,3500,0
603772,3002254,2025-02-19,push,descuento,3700,0
603773,3002254,2025-08-08,sms,cashback,2900,0
603774,3002254,2025-08-13,email,cashback,2900,0
603775,3002255,2025-01-07,push,cashback,3800,0
603776,3002255,2025-12-24,email,cashback,2200,1
603777,3002255,2026-01-02,push,cashback,800,0
603778,3002255,2025-02-26,sms,cashback,3500,0
603779,3002256,2025-07-26,push,cashback,3200,0
603780,3002256,2025-05-20,sms,cashback,1100,0
603781,3002257,2025-11-23,email,descuento,600,0
603782,3002259,2025-01-12,push,cashback,3700,0
603783,3002259,2025-09-22,email,cashback,3300,0
603784,3002261,2025-04-13,email,cashback,3900,0
603785,3002261,2025-02-10,push,cashback,2600,0
603786,3002264,2025-04-07,push,upgrade_credito,1600,0
603787,3002264,2025-01-13,sms,upgrade_credito,2900,0
603788,3002264,2025-07-10,push,cashback,2600,0
603789,3002265,2026-02-12,sms,cashback,1900,0
603790,3002265,2025-05-18,sms,cashback,3700,1
603791,3002265,2025-01-08,push,descuento,3200,0
603792,3002265,2025-12-24,email,cashback,1400,0
603793,3002265,2025-03-19,sms,generico,2700,0
603794,3002267,2025-01-16,push,cashback,2700,0
603795,3002267,2025-11-10,sms,generico,3000,0
603796,3002268,2025-08-29,push,generico,1600,0
603797,3002271,2025-03-20,email,descuento,800,0
603798,3002271,2025-09-04,push,cashback,3800,0
603799,3002272,2026-01-26,push,generico,1900,0
603800,3002273,2025-03-17,push,upgrade_credito,2500,0
603801,3002274,2025-06-08,sms,generico,3300,0
603802,3002274,2025-11-01,push,cashback,4000,1
603803,3002274,2025-10-14,sms,descuento,1700,0
603804,3002276,2025-07-10,push,generico,3100,0
603805,3002277,2025-05-29,push,descuento,3400,1
603806,3002279,2025-12-03,email,descuento,3900,0
603807,3002280,2025-08-23,push,generico,2800,0
603808,3002281,2025-06-25,sms,generico,3500,0
603809,3002283,2025-08-07,push,cashback,2600,0
603810,3002283,2025-08-18,push,upgrade_credito,2900,0
603811,3002284,2026-03-01,push,cashback,3100,0
603812,3002284,2025-09-15,email,descuento,2400,0
603813,3002285,2025-01-03,email,upgrade_credito,3000,0
603814,3002285,2026-03-02,email,cashback,2500,0
603815,3002285,2025-08-27,push,generico,2700,0
603816,3002285,2025-10-13,push,descuento,1000,0
603817,3002285,2026-03-04,push,cashback,2600,0
603818,3002286,2025-09-18,sms,cashback,1000,0
603819,3002287,2025-06-12,push,descuento,3400,0
603820,3002287,2025-09-01,email,descuento,1400,0
603821,3002287,2025-08-01,push,cashback,3100,0
603822,3002288,2026-03-08,email,generico,3700,0
603823,3002288,2025-09-10,sms,generico,3500,0
603824,3002288,2026-01-07,sms,descuento,3300,0
603825,3002289,2025-07-21,push,generico,3300,0
603826,3002290,2025-12-29,email,descuento,2800,0
603827,3002290,2025-03-27,sms,generico,1800,0
603828,3002291,2025-01-13,sms,descuento,3000,0
603829,3002291,2025-06-19,email,cashback,1100,0
603830,3002291,2025-06-16,push,cashback,2900,0
603831,3002293,2026-03-14,email,generico,700,0
603832,3002294,2025-01-15,push,generico,2800,0
603833,3002295,2025-08-15,email,cashback,600,0
603834,3002295,2025-02-28,push,upgrade_credito,2300,0
603835,3002295,2025-06-30,push,generico,1300,1
603836,3002295,2025-02-14,push,upgrade_credito,3300,0
603837,3002295,2025-06-04,push,cashback,2100,0
603838,3002296,2025-07-02,sms,descuento,700,0
603839,3002296,2025-04-26,sms,generico,3800,0
603840,3002296,2025-05-06,push,generico,2500,0
603841,3002297,2025-07-24,push,cashback,1500,0
603842,3002298,2025-01-12,email,generico,1400,0
603843,3002298,2025-04-09,email,cashback,1500,0
603844,3002298,2026-01-21,sms,cashback,1800,0
603845,3002298,2025-12-17,push,generico,1600,0
603846,3002299,2025-08-03,email,upgrade_credito,800,0
603847,3002299,2025-08-23,push,descuento,900,0
603848,3002302,2025-07-21,email,cashback,2600,0
603849,3002302,2025-07-31,email,upgrade_credito,2600,0
603850,3002302,2026-01-12,email,generico,1900,0
603851,3002303,2026-03-09,push,cashback,2600,0
603852,3002303,2025-08-28,email,descuento,2700,0
603853,3002304,2025-06-25,push,descuento,3000,0
603854,3002304,2025-09-01,push,cashback,1900,0
603855,3002305,2025-01-04,sms,generico,1200,0
603856,3002305,2025-11-11,push,descuento,1400,0
603857,3002305,2025-10-24,email,generico,2000,0
603858,3002306,2025-06-10,email,upgrade_credito,2100,0
603859,3002306,2025-08-09,push,descuento,1500,0
603860,3002306,2025-04-24,push,generico,4000,1
603861,3002307,2025-10-09,push,descuento,700,0
603862,3002307,2025-04-02,push,generico,600,0
603863,3002307,2025-05-18,email,descuento,1000,0
603864,3002309,2025-09-16,push,generico,2100,0
603865,3002309,2025-09-06,push,descuento,2800,0
603866,3002311,2025-02-03,sms,descuento,3800,1
603867,3002312,2025-03-08,push,upgrade_credito,1700,0
603868,3002312,2025-02-25,push,generico,1200,0
603869,3002312,2025-12-31,push,descuento,3000,0
603870,3002313,2025-11-17,push,generico,2800,0
603871,3002313,2025-11-01,email,cashback,3200,0
603872,3002314,2026-03-14,push,descuento,1400,0
603873,3002314,2025-01-05,push,upgrade_credito,1900,0
603874,3002314,2026-02-07,email,cashback,3100,0
603875,3002314,2025-12-20,push,descuento,2600,0
603876,3002315,2025-04-04,push,upgrade_credito,1600,0
603877,3002315,2025-08-09,push,generico,2200,0
603878,3002316,2025-03-25,email,descuento,700,0
603879,3002317,2025-03-17,push,generico,1600,1
603880,3002318,2025-01-02,push,cashback,3200,0
603881,3002319,2025-07-25,sms,generico,3400,0
603882,3002319,2025-01-14,push,cashback,2900,0
603883,3002320,2026-01-31,push,descuento,2600,0
603884,3002321,2025-11-17,sms,upgrade_credito,2800,0
603885,3002322,2025-03-17,push,upgrade_credito,2500,0
603886,3002322,2026-01-02,push,generico,1400,0
603887,3002322,2025-12-17,push,descuento,2800,0
603888,3002322,2025-08-05,sms,cashback,1500,0
603889,3002323,2026-03-15,email,descuento,2100,0
603890,3002324,2025-11-05,push,upgrade_credito,3500,0
603891,3002324,2025-05-15,email,descuento,1300,0
603892,3002328,2026-02-08,email,generico,900,0
603893,3002329,2025-11-08,push,descuento,2400,0
603894,3002329,2026-03-10,push,cashback,3700,0
603895,3002329,2025-07-21,sms,upgrade_credito,3100,1
603896,3002331,2025-03-20,sms,generico,2000,0
603897,3002332,2026-03-02,push,cashback,1700,0
603898,3002332,2025-09-04,email,descuento,600,0
603899,3002333,2025-04-27,push,upgrade_credito,1000,0
603900,3002334,2025-07-18,sms,descuento,900,0
603901,3002334,2025-05-28,sms,descuento,3700,0
603902,3002334,2026-01-26,push,generico,3900,0
603903,3002335,2026-02-17,push,cashback,1300,0
603904,3002338,2025-10-25,push,cashback,3600,0
603905,3002339,2026-02-07,push,cashback,3200,0
603906,3002339,2025-08-14,sms,generico,2400,0
603907,3002340,2025-08-28,sms,generico,800,0
603908,3002341,2025-09-15,push,upgrade_credito,1500,0
603909,3002341,2025-06-18,push,generico,600,0
603910,3002341,2025-05-19,email,descuento,3200,0
603911,3002341,2025-07-21,sms,cashback,600,0
603912,3002342,2025-03-03,email,cashback,3100,0
603913,3002342,2025-08-19,push,cashback,3300,0
603914,3002342,2025-08-26,sms,descuento,900,0
603915,3002343,2025-05-10,push,upgrade_credito,3400,1
603916,3002343,2026-01-13,push,generico,3100,0
603917,3002344,2025-06-13,push,descuento,3100,0
603918,3002344,2025-06-19,push,cashback,1100,0
603919,3002346,2025-02-06,push,cashback,4000,0
603920,3002347,2025-03-12,email,cashback,1800,0
603921,3002347,2025-08-10,push,upgrade_credito,1600,0
603922,3002348,2026-02-01,sms,descuento,1000,0
603923,3002348,2025-01-12,email,generico,1100,0
603924,3002350,2025-08-10,push,descuento,3400,1
603925,3002350,2025-01-11,sms,descuento,2500,0
603926,3002350,2025-03-20,push,cashback,2500,0
603927,3002350,2025-05-23,push,cashback,1300,0
603928,3002351,2026-01-04,push,upgrade_credito,2300,1
603929,3002351,2026-02-27,email,generico,800,0
603930,3002352,2025-09-07,sms,upgrade_credito,900,0
603931,3002352,2026-01-14,push,descuento,3200,0
603932,3002353,2025-09-26,email,descuento,2300,0
603933,3002353,2025-10-19,push,descuento,2200,0
603934,3002354,2026-01-26,email,descuento,1400,0
603935,3002354,2025-07-31,push,descuento,3600,0
603936,3002354,2025-12-15,email,descuento,600,0
603937,3002355,2025-07-18,email,descuento,3500,0
603938,3002356,2025-02-27,email,cashback,3600,0
603939,3002357,2026-02-22,sms,descuento,1800,0
603940,3002358,2025-11-20,push,descuento,1600,0
603941,3002358,2026-02-12,email,generico,1900,0
603942,3002359,2025-11-18,push,cashback,3500,0
603943,3002360,2025-01-30,sms,upgrade_credito,3500,1
603944,3002360,2025-12-11,push,generico,2200,1
603945,3002360,2025-06-26,push,upgrade_credito,1600,0
603946,3002362,2025-10-16,email,generico,3700,0
603947,3002363,2025-03-21,email,generico,2300,0
603948,3002363,2025-06-28,email,generico,3000,0
603949,3002364,2025-11-23,sms,cashback,1100,0
603950,3002365,2025-01-01,push,descuento,2300,0
603951,3002365,2025-01-01,sms,descuento,2200,0
603952,3002366,2025-02-16,push,descuento,1800,0
603953,3002366,2025-04-10,push,cashback,1200,1
603954,3002366,2025-12-03,email,cashback,1500,1
603955,3002367,2025-08-20,sms,descuento,3100,0
603956,3002367,2025-11-04,push,descuento,1900,0
603957,3002368,2025-11-25,push,upgrade_credito,1800,0
603958,3002370,2025-07-12,sms,generico,3800,1
603959,3002370,2026-03-06,email,descuento,2100,0
603960,3002370,2026-02-05,push,cashback,3100,1
603961,3002370,2025-05-24,email,generico,500,0
603962,3002371,2025-06-26,email,cashback,1600,0
603963,3002371,2025-05-14,push,generico,2200,0
603964,3002371,2025-10-01,push,cashback,900,0
603965,3002373,2025-07-08,push,cashback,1500,0
603966,3002374,2025-07-04,push,upgrade_credito,700,0
603967,3002375,2026-02-26,push,upgrade_credito,3600,0
603968,3002375,2025-12-26,email,descuento,1700,0
603969,3002375,2025-05-28,push,upgrade_credito,1500,0
603970,3002377,2025-08-15,email,generico,2700,0
603971,3002377,2025-08-22,push,cashback,800,0
603972,3002377,2025-01-03,push,descuento,3100,0
603973,3002377,2026-01-05,push,cashback,900,0
603974,3002379,2025-06-29,email,upgrade_credito,2900,0
603975,3002379,2025-06-04,email,upgrade_credito,3100,0
603976,3002380,2025-11-17,email,generico,2800,0
603977,3002382,2025-11-22,push,generico,2500,0
603978,3002382,2025-08-09,email,generico,1000,0
603979,3002383,2025-04-13,email,cashback,3100,0
603980,3002384,2026-02-14,email,generico,3400,0
603981,3002384,2025-07-15,push,cashback,900,0
603982,3002385,2025-07-15,sms,cashback,4000,0
603983,3002385,2025-06-28,email,cashback,2000,1
603984,3002385,2026-01-04,push,cashback,800,0
603985,3002385,2025-06-24,email,generico,3400,0
603986,3002386,2025-02-28,push,descuento,2300,1
603987,3002386,2025-09-20,push,generico,1200,0
603988,3002386,2025-06-12,email,generico,900,1
603989,3002387,2025-11-13,push,cashback,3900,0
603990,3002387,2025-05-08,sms,descuento,3100,0
603991,3002388,2025-04-17,email,upgrade_credito,900,0
603992,3002389,2025-04-01,email,generico,3800,0
603993,3002389,2025-06-13,push,descuento,3100,0
603994,3002389,2026-01-22,push,descuento,3600,1
603995,3002389,2025-06-27,push,descuento,2900,0
603996,3002391,2025-08-19,email,descuento,2500,0
603997,3002392,2025-06-26,email,upgrade_credito,3600,0
603998,3002392,2026-01-16,push,generico,2200,0
603999,3002393,2025-09-14,email,cashback,2600,0
604000,3002394,2025-01-22,push,generico,900,0
604001,3002396,2025-12-02,sms,upgrade_credito,500,0
604002,3002397,2025-04-18,email,generico,1900,0
604003,3002397,2026-01-16,email,descuento,900,0
604004,3002398,2025-04-07,sms,descuento,3300,0
604005,3002398,2025-04-07,email,cashback,3500,0
604006,3002401,2026-03-03,push,cashback,1700,1
604007,3002401,2025-06-22,sms,cashback,1400,0
604008,3002402,2025-03-29,push,cashback,1300,0
604009,3002403,2025-07-20,email,cashback,1000,0
604010,3002403,2025-01-24,sms,descuento,2900,0
604011,3002403,2025-12-24,sms,upgrade_credito,1200,0
604012,3002403,2025-01-21,sms,generico,1300,0
604013,3002404,2025-12-21,sms,generico,3500,0
604014,3002404,2025-02-10,email,generico,3800,0
604015,3002405,2025-10-18,email,generico,2600,0
604016,3002406,2025-01-05,email,upgrade_credito,1400,0
604017,3002408,2025-02-20,push,cashback,2700,0
604018,3002409,2025-01-07,push,cashback,1900,0
604019,3002409,2025-03-31,sms,generico,2000,0
604020,3002410,2025-03-25,email,upgrade_credito,1200,0
604021,3002410,2026-02-10,push,upgrade_credito,900,0
604022,3002411,2025-03-11,push,generico,3500,0
604023,3002411,2025-05-16,email,generico,3700,0
604024,3002411,2025-05-26,push,generico,3400,0
604025,3002412,2025-07-01,push,descuento,700,0
604026,3002412,2025-01-08,push,upgrade_credito,500,0
604027,3002413,2025-12-28,push,upgrade_credito,2800,0
604028,3002413,2025-06-12,sms,cashback,2800,0
604029,3002413,2025-03-05,push,cashback,2400,1
604030,3002414,2025-03-13,sms,descuento,1300,0
604031,3002415,2026-02-14,push,descuento,800,0
604032,3002415,2025-11-10,email,generico,3700,0
604033,3002416,2026-01-09,push,descuento,3500,0
604034,3002417,2025-05-21,sms,cashback,600,0
604035,3002418,2025-08-26,push,generico,1300,0
604036,3002418,2025-03-17,push,descuento,600,0
604037,3002419,2025-05-13,push,generico,3700,0
604038,3002419,2026-02-07,sms,generico,1100,0
604039,3002419,2025-09-23,email,upgrade_credito,1700,0
604040,3002420,2025-06-17,push,descuento,3200,0
604041,3002420,2025-05-30,email,generico,1600,0
604042,3002421,2025-03-22,sms,generico,1700,0
604043,3002421,2026-03-10,sms,generico,2800,0
604044,3002421,2026-01-01,sms,generico,2300,0
604045,3002421,2025-03-28,email,cashback,1800,0
604046,3002422,2025-02-07,push,descuento,1500,0
604047,3002422,2025-08-23,email,cashback,2300,0
604048,3002422,2025-02-02,push,cashback,1200,0
604049,3002422,2025-08-09,email,descuento,2100,0
604050,3002422,2025-05-17,email,descuento,800,0
604051,3002423,2025-09-18,sms,descuento,2400,0
604052,3002423,2025-04-08,push,descuento,1100,0
604053,3002424,2025-05-25,email,cashback,2300,0
604054,3002424,2025-05-18,push,upgrade_credito,800,0
604055,3002424,2025-12-05,push,descuento,1700,0
604056,3002425,2026-01-14,push,generico,1100,0
604057,3002425,2025-09-16,email,descuento,3300,0
604058,3002425,2026-01-04,sms,generico,2800,0
604059,3002425,2025-11-27,push,cashback,1600,0
604060,3002426,2025-10-25,push,generico,1700,0
604061,3002426,2025-06-14,sms,cashback,3400,0
604062,3002426,2025-07-27,sms,generico,3800,0
604063,3002427,2025-11-16,sms,descuento,3700,0
604064,3002427,2025-08-06,push,cashback,3000,0
604065,3002427,2025-09-11,push,cashback,2400,1
604066,3002428,2026-01-27,push,cashback,1200,0
604067,3002429,2025-04-10,sms,generico,3400,0
604068,3002430,2025-02-19,push,cashback,1200,0
604069,3002431,2026-01-27,push,generico,1200,0
604070,3002431,2026-01-05,sms,generico,2500,0
604071,3002433,2026-01-11,email,generico,1900,0
604072,3002433,2025-08-09,email,descuento,2900,0
604073,3002434,2025-03-03,push,cashback,500,0
604074,3002434,2025-07-29,push,generico,700,0
604075,3002434,2025-03-17,push,descuento,1300,0
604076,3002435,2025-09-10,email,descuento,1500,0
604077,3002435,2025-09-10,email,generico,1400,0
604078,3002437,2025-11-25,email,descuento,2700,0
604079,3002438,2025-12-22,sms,descuento,1400,0
604080,3002438,2025-09-20,push,upgrade_credito,3100,0
604081,3002440,2025-10-12,email,cashback,1000,0
604082,3002441,2026-02-14,email,generico,3700,0
604083,3002441,2025-04-28,push,cashback,1400,0
604084,3002442,2025-02-23,email,cashback,3700,0
604085,3002442,2025-09-24,push,generico,1000,0
604086,3002442,2025-02-07,sms,descuento,700,0
604087,3002443,2025-08-26,push,generico,3400,0
604088,3002443,2025-09-15,email,cashback,2100,1
604089,3002443,2026-01-19,push,descuento,3900,0
604090,3002445,2025-09-08,email,cashback,1300,0
604091,3002445,2025-12-07,push,descuento,3400,0
604092,3002446,2025-11-02,push,descuento,3900,0
604093,3002446,2025-05-18,email,generico,3700,0
604094,3002446,2026-02-16,sms,descuento,3300,0
604095,3002446,2025-10-25,sms,generico,3200,0
604096,3002446,2025-08-28,push,cashback,1100,0
604097,3002447,2025-01-02,push,descuento,800,0
604098,3002447,2025-01-02,sms,generico,1500,0
604099,3002447,2025-07-05,email,descuento,1800,0
604100,3002448,2025-04-04,email,cashback,3700,0
604101,3002448,2025-08-31,push,descuento,2700,0
604102,3002450,2025-04-09,push,cashback,3300,0
604103,3002450,2026-03-12,sms,descuento,1000,0
604104,3002450,2025-12-05,push,descuento,2900,0
604105,3002451,2025-06-15,push,cashback,2500,0
604106,3002454,2026-01-19,push,descuento,800,0
604107,3002455,2025-04-07,sms,descuento,900,0
604108,3002455,2025-12-22,email,descuento,2300,0
604109,3002455,2025-04-20,email,generico,700,0
604110,3002457,2025-09-11,push,descuento,3600,0
604111,3002458,2025-07-12,push,descuento,1000,0
604112,3002458,2025-06-18,push,cashback,1000,0
604113,3002459,2025-05-13,push,upgrade_credito,2800,0
604114,3002459,2026-01-12,email,generico,1800,1
604115,3002459,2025-11-06,push,descuento,900,0
604116,3002459,2025-05-23,email,descuento,600,0
604117,3002460,2025-05-22,push,cashback,800,0
604118,3002462,2025-09-24,push,upgrade_credito,1200,0
604119,3002462,2025-07-05,push,cashback,3800,0
604120,3002462,2026-02-23,push,descuento,700,0
604121,3002464,2025-11-28,push,upgrade_credito,1900,0
604122,3002464,2025-08-28,push,descuento,2000,0
604123,3002464,2026-01-25,email,cashback,1400,0
604124,3002464,2025-04-08,push,generico,1800,0
604125,3002465,2025-10-04,sms,descuento,1400,0
604126,3002465,2025-12-12,sms,generico,2900,0
604127,3002465,2025-08-24,email,descuento,1100,0
604128,3002466,2025-01-02,push,descuento,3000,0
604129,3002466,2025-10-11,email,cashback,1300,0
604130,3002466,2025-01-31,push,descuento,700,0
604131,3002467,2025-05-07,push,upgrade_credito,1000,0
604132,3002468,2025-11-19,push,descuento,3000,0
604133,3002469,2025-06-18,sms,descuento,1600,0
604134,3002469,2025-07-02,push,descuento,3300,0
604135,3002470,2025-04-08,push,cashback,3700,0
604136,3002471,2026-02-18,push,descuento,900,0
604137,3002473,2026-01-20,push,descuento,2600,0
604138,3002473,2025-09-06,push,generico,2000,1
604139,3002473,2025-03-24,push,generico,800,0
604140,3002474,2026-02-07,push,descuento,2300,0
604141,3002474,2026-02-27,push,generico,1900,0
604142,3002475,2025-08-23,email,generico,3000,0
604143,3002475,2025-11-17,sms,generico,700,0
604144,3002475,2026-01-10,sms,descuento,2000,0
604145,3002475,2025-11-27,email,descuento,2700,0
604146,3002476,2025-10-13,email,generico,2100,0
604147,3002477,2025-08-04,push,descuento,1300,0
604148,3002477,2025-08-06,push,upgrade_credito,3500,0
604149,3002478,2025-08-06,push,generico,900,0
604150,3002478,2025-02-16,email,upgrade_credito,2400,0
604151,3002479,2025-10-06,sms,cashback,1300,0
604152,3002479,2025-01-23,email,upgrade_credito,2000,0
604153,3002480,2025-01-20,push,upgrade_credito,1300,0
604154,3002480,2026-02-05,push,cashback,1000,0
604155,3002480,2025-10-03,push,cashback,1900,1
604156,3002480,2025-01-19,email,generico,3900,0
604157,3002481,2025-11-22,push,cashback,2900,0
604158,3002481,2025-11-28,push,cashback,2600,0
604159,3002482,2025-05-22,sms,generico,3700,0
604160,3002482,2025-04-04,sms,descuento,3000,0
604161,3002483,2025-01-18,push,generico,3200,0
604162,3002483,2025-10-17,push,cashback,3000,0
604163,3002483,2025-05-17,push,descuento,3800,0
604164,3002483,2025-08-15,push,upgrade_credito,1200,0
604165,3002484,2026-01-13,sms,cashback,900,0
604166,3002484,2026-01-19,push,cashback,1000,1
604167,3002484,2025-05-20,push,descuento,3800,0
604168,3002485,2026-01-09,push,cashback,600,0
604169,3002485,2025-11-08,push,descuento,1200,0
604170,3002485,2025-08-09,email,generico,3100,0
604171,3002485,2025-02-09,push,generico,1200,0
604172,3002486,2025-07-04,email,descuento,3200,0
604173,3002486,2025-11-05,sms,upgrade_credito,3400,0
604174,3002486,2025-07-12,push,generico,1900,0
604175,3002487,2025-06-04,push,upgrade_credito,3200,0
604176,3002487,2025-07-29,email,cashback,3300,1
604177,3002487,2025-03-05,push,cashback,2900,0
604178,3002488,2025-11-08,push,upgrade_credito,1400,0
604179,3002488,2026-03-04,push,cashback,3900,0
604180,3002488,2026-03-02,push,descuento,900,0
604181,3002490,2025-04-03,push,cashback,2700,0
604182,3002491,2025-11-06,email,generico,2600,0
604183,3002492,2025-01-26,push,generico,2400,0
604184,3002492,2025-10-25,push,cashback,3900,0
604185,3002492,2025-01-19,email,upgrade_credito,2000,0
604186,3002493,2025-09-16,email,cashback,2600,1
604187,3002493,2025-04-24,push,cashback,3600,0
604188,3002493,2025-12-09,email,cashback,1900,0
604189,3002494,2025-03-28,push,descuento,1300,0
604190,3002496,2025-11-21,push,descuento,3100,1
604191,3002496,2025-11-03,sms,descuento,3100,0
604192,3002496,2026-03-09,sms,generico,900,0
604193,3002497,2025-05-03,push,generico,1600,0
604194,3002497,2025-01-30,push,upgrade_credito,2200,0
604195,3002498,2025-08-04,email,descuento,1000,0
604196,3002499,2025-08-05,email,upgrade_credito,2300,0
604197,3002499,2025-02-12,sms,descuento,3900,0
604198,3002500,2025-04-11,email,upgrade_credito,700,0
604199,3002500,2026-02-04,push,cashback,3800,0
604200,3002500,2026-02-15,push,generico,2500,0
604201,3002501,2026-02-16,sms,generico,3900,0
604202,3002501,2026-02-18,sms,cashback,2400,0
604203,3002501,2026-03-10,email,generico,1400,0
604204,3002504,2025-04-13,push,descuento,1400,0
604205,3002505,2025-05-04,push,descuento,3700,0
604206,3002505,2025-11-23,email,cashback,3700,0
604207,3002506,2026-01-05,push,descuento,3500,1
604208,3002506,2025-05-04,push,descuento,1500,0
604209,3002508,2025-01-11,sms,cashback,1700,0
604210,3002509,2025-11-29,sms,upgrade_credito,1600,0
604211,3002509,2025-05-25,push,cashback,3700,0
604212,3002510,2025-04-04,email,upgrade_credito,2700,0
604213,3002510,2025-02-26,email,upgrade_credito,2900,0
604214,3002511,2025-02-22,email,generico,1700,0
604215,3002511,2026-01-01,email,generico,1000,0
604216,3002512,2025-02-25,email,generico,3500,0
604217,3002512,2025-03-29,email,cashback,900,1
604218,3002513,2025-02-08,push,generico,3500,0
604219,3002513,2025-11-05,email,generico,2300,0
604220,3002514,2025-12-10,push,descuento,4000,0
604221,3002514,2025-01-24,push,generico,3400,1
604222,3002515,2025-12-19,email,generico,3400,0
604223,3002515,2025-12-17,push,cashback,1900,0
604224,3002517,2025-08-05,sms,descuento,2200,0
604225,3002517,2025-03-05,push,upgrade_credito,3400,0
604226,3002518,2025-12-21,push,generico,3800,1
604227,3002519,2025-03-29,push,descuento,2400,0
604228,3002519,2025-12-07,push,cashback,3900,0
604229,3002520,2025-09-29,push,cashback,1700,1
604230,3002523,2025-07-30,push,descuento,2700,0
604231,3002523,2025-07-26,push,cashback,3800,0
604232,3002523,2025-11-10,sms,generico,800,0
604233,3002524,2025-03-18,push,generico,2900,0
604234,3002524,2025-11-12,push,upgrade_credito,3900,0
604235,3002524,2025-05-23,email,cashback,1500,0
604236,3002524,2025-08-08,email,generico,3500,0
604237,3002524,2025-07-09,email,cashback,3100,1
604238,3002525,2025-09-28,push,upgrade_credito,700,0
604239,3002525,2025-09-21,push,generico,2200,1
604240,3002525,2025-10-04,sms,descuento,700,0
604241,3002527,2025-09-17,push,generico,2800,0
604242,3002527,2025-03-11,sms,cashback,1900,0
604243,3002530,2025-08-21,sms,descuento,500,0
604244,3002530,2026-02-22,email,upgrade_credito,600,0
604245,3002531,2025-04-12,sms,descuento,2400,0
604246,3002531,2026-03-15,email,generico,800,0
604247,3002531,2025-03-11,email,generico,3400,0
604248,3002531,2025-02-18,email,generico,900,0
604249,3002531,2025-09-03,push,cashback,2700,0
604250,3002532,2026-02-28,email,upgrade_credito,3900,0
604251,3002532,2025-01-15,push,descuento,1800,0
604252,3002532,2025-04-08,push,generico,2000,0
604253,3002534,2025-09-30,push,generico,3800,0
604254,3002534,2025-01-26,push,upgrade_credito,600,0
604255,3002534,2025-04-01,sms,descuento,1300,0
604256,3002535,2025-10-25,push,generico,2600,0
604257,3002537,2026-02-27,push,cashback,1900,0
604258,3002537,2025-10-12,push,descuento,2900,0
604259,3002537,2025-06-11,push,generico,1200,0
604260,3002537,2025-12-12,push,cashback,2300,0
604261,3002539,2025-04-22,push,upgrade_credito,1300,0
604262,3002540,2026-02-07,push,cashback,2500,0
604263,3002540,2025-04-12,email,cashback,3400,1
604264,3002541,2025-01-20,sms,cashback,2800,0
604265,3002541,2025-10-10,sms,cashback,900,0
604266,3002541,2025-10-31,email,cashback,1100,0
604267,3002541,2025-10-03,push,upgrade_credito,1600,0
604268,3002543,2025-12-01,email,cashback,600,0
604269,3002543,2025-06-12,email,generico,1300,0
604270,3002544,2025-06-21,push,descuento,1400,0
604271,3002544,2025-04-12,push,cashback,2700,0
604272,3002545,2025-04-03,push,descuento,2700,0
604273,3002546,2025-01-04,push,generico,2300,0
604274,3002546,2025-04-13,push,descuento,2900,0
604275,3002546,2025-06-08,push,cashback,1900,0
604276,3002546,2025-05-31,push,descuento,1600,0
604277,3002546,2025-09-19,email,cashback,1300,0
604278,3002547,2025-01-18,push,cashback,3300,0
604279,3002547,2025-12-18,email,upgrade_credito,3100,0
604280,3002548,2026-03-01,email,generico,3400,0
604281,3002548,2025-07-21,email,descuento,3900,0
604282,3002549,2025-09-28,push,generico,1100,0
604283,3002550,2025-08-09,sms,generico,600,0
604284,3002550,2025-12-12,email,upgrade_credito,1000,0
604285,3002551,2026-01-21,email,cashback,2300,0
604286,3002551,2025-02-13,email,descuento,1300,0
604287,3002552,2025-09-12,push,upgrade_credito,3600,1
604288,3002553,2025-05-15,push,descuento,2600,0
604289,3002554,2025-06-19,push,descuento,1400,0
604290,3002554,2025-06-21,sms,generico,2800,0
604291,3002554,2025-03-02,push,descuento,2600,0
604292,3002554,2025-10-01,email,upgrade_credito,1600,0
604293,3002555,2025-11-10,email,cashback,1200,0
604294,3002555,2025-09-19,email,generico,3600,0
604295,3002556,2025-10-31,sms,cashback,1100,1
604296,3002556,2025-12-05,push,cashback,1100,0
604297,3002556,2025-01-03,email,generico,1300,0
604298,3002556,2025-03-01,email,upgrade_credito,1200,0
604299,3002557,2025-10-02,email,cashback,3100,1
604300,3002557,2025-05-14,push,generico,3700,0
604301,3002560,2025-01-06,email,descuento,1800,0
604302,3002561,2025-08-16,email,cashback,1600,0
604303,3002561,2025-08-23,sms,upgrade_credito,1400,0
604304,3002562,2025-09-03,email,upgrade_credito,1900,0
604305,3002562,2025-05-16,push,cashback,2400,0
604306,3002564,2025-11-12,email,upgrade_credito,2700,0
604307,3002564,2025-02-07,push,cashback,3200,0
604308,3002564,2025-03-02,email,cashback,1600,0
604309,3002565,2025-07-31,sms,descuento,3700,0
604310,3002565,2025-08-29,email,descuento,3000,1
604311,3002566,2025-12-27,push,cashback,2200,0
604312,3002566,2025-06-20,push,cashback,3000,0
604313,3002566,2025-06-19,push,cashback,2000,1
604314,3002567,2025-08-29,email,descuento,3300,0
604315,3002567,2025-04-28,push,cashback,700,0
604316,3002569,2025-12-20,push,upgrade_credito,1100,0
604317,3002570,2025-10-12,sms,cashback,3700,0
604318,3002571,2025-06-09,email,generico,2900,0
604319,3002571,2025-10-07,push,cashback,1700,0
604320,3002571,2025-07-22,email,upgrade_credito,1200,0
604321,3002572,2025-02-03,push,upgrade_credito,900,0
604322,3002573,2025-03-22,push,upgrade_credito,1000,0
604323,3002573,2025-11-10,sms,generico,2600,0
604324,3002576,2025-05-18,sms,upgrade_credito,1600,0
604325,3002576,2025-10-09,email,generico,3200,1
604326,3002578,2025-03-21,email,generico,2400,0
604327,3002578,2025-01-17,sms,upgrade_credito,1400,0
604328,3002578,2026-01-02,push,generico,2100,0
604329,3002579,2025-09-01,push,generico,3400,0
604330,3002579,2025-10-05,push,upgrade_credito,2400,0
604331,3002581,2025-03-08,push,generico,3900,0
604332,3002581,2025-07-10,email,upgrade_credito,2500,0
604333,3002582,2026-01-15,push,upgrade_credito,3500,0
604334,3002582,2025-03-29,push,generico,2000,0
604335,3002582,2025-06-23,push,descuento,700,0
604336,3002584,2025-03-11,push,generico,2000,0
604337,3002584,2025-02-08,email,cashback,700,0
604338,3002585,2025-01-02,push,upgrade_credito,3200,1
604339,3002586,2025-08-18,email,cashback,2000,0
604340,3002586,2025-03-06,push,descuento,500,0
604341,3002586,2025-12-19,email,upgrade_credito,1200,0
604342,3002587,2025-08-01,push,descuento,2000,0
604343,3002587,2025-07-08,email,descuento,1100,0
604344,3002588,2025-02-20,email,descuento,3800,0
604345,3002588,2025-08-29,push,descuento,1900,0
604346,3002590,2025-12-31,email,cashback,900,0
604347,3002591,2025-10-07,push,generico,1300,0
604348,3002592,2025-06-03,push,generico,2500,0
604349,3002593,2025-11-02,push,descuento,1500,0
604350,3002593,2025-04-08,push,descuento,1900,0
604351,3002593,2025-01-24,email,generico,2400,0
604352,3002593,2026-01-25,sms,descuento,1100,0
604353,3002593,2025-06-01,push,upgrade_credito,1700,0
604354,3002593,2025-03-12,sms,generico,2500,0
604355,3002595,2025-10-02,email,cashback,2900,0
604356,3002595,2025-07-30,sms,descuento,1100,0
604357,3002595,2025-10-07,email,cashback,3500,0
604358,3002595,2025-07-23,push,upgrade_credito,2500,0
604359,3002597,2026-02-27,push,descuento,3400,0
604360,3002597,2025-10-09,push,generico,900,0
604361,3002597,2025-03-22,email,generico,2200,0
604362,3002599,2025-10-30,push,cashback,1200,0
604363,3002600,2025-09-05,push,upgrade_credito,3000,0
604364,3002600,2026-01-28,email,cashback,2900,0
604365,3002600,2025-02-14,push,generico,2700,0
604366,3002601,2025-07-08,push,descuento,3900,0
604367,3002601,2025-03-03,sms,generico,700,0
604368,3002602,2025-01-26,push,upgrade_credito,2100,0
604369,3002602,2025-03-01,push,upgrade_credito,1600,0
604370,3002603,2025-03-22,email,upgrade_credito,3100,0
604371,3002604,2026-01-31,sms,upgrade_credito,3000,1
604372,3002607,2026-01-21,email,descuento,3900,0
604373,3002607,2025-10-05,push,descuento,1100,0
604374,3002608,2025-06-24,push,cashback,2500,0
604375,3002608,2025-11-23,email,descuento,700,0
604376,3002608,2025-05-18,push,descuento,1700,0
604377,3002609,2025-11-11,push,descuento,3200,1
604378,3002609,2025-12-26,sms,cashback,2900,0
604379,3002610,2025-03-03,push,descuento,2200,1
604380,3002610,2025-07-07,push,upgrade_credito,2300,1
604381,3002611,2025-03-18,sms,generico,2800,0
604382,3002611,2026-02-23,push,upgrade_credito,600,0
604383,3002612,2025-08-07,email,descuento,3100,0
604384,3002612,2026-01-03,push,descuento,1700,0
604385,3002612,2025-10-11,push,upgrade_credito,500,0
604386,3002612,2026-01-15,sms,cashback,3200,0
604387,3002614,2025-11-12,sms,cashback,1300,0
604388,3002614,2025-09-09,push,cashback,3500,1
604389,3002615,2025-09-20,sms,cashback,3900,0
604390,3002615,2025-02-05,email,generico,3800,1
604391,3002616,2025-10-07,push,descuento,3900,0
604392,3002616,2025-05-07,push,cashback,2500,0
604393,3002616,2025-05-25,sms,cashback,700,0
604394,3002619,2025-07-07,sms,generico,1200,0
604395,3002619,2025-05-13,sms,descuento,900,0
604396,3002621,2025-03-27,email,generico,3100,0
604397,3002624,2026-01-17,sms,descuento,3100,0
604398,3002624,2025-06-28,sms,descuento,900,0
604399,3002624,2025-05-22,push,descuento,2100,0
604400,3002626,2026-01-17,push,descuento,3700,0
604401,3002626,2025-03-07,sms,cashback,3800,1
604402,3002628,2025-03-07,push,upgrade_credito,2600,0
604403,3002628,2025-10-16,email,cashback,3400,0
604404,3002628,2025-08-15,push,generico,2400,0
604405,3002630,2025-07-27,push,generico,1000,0
604406,3002630,2026-02-18,sms,cashback,1900,0
604407,3002632,2025-04-02,push,cashback,1700,0
604408,3002632,2025-05-04,sms,upgrade_credito,3000,0
604409,3002632,2025-04-01,email,generico,3200,0
604410,3002633,2025-02-22,push,descuento,3900,0
604411,3002633,2025-03-20,email,generico,600,0
604412,3002634,2025-07-30,email,upgrade_credito,2800,0
604413,3002634,2025-09-16,email,upgrade_credito,1200,0
604414,3002634,2025-03-09,push,descuento,4000,0
604415,3002634,2026-02-20,email,generico,3100,0
604416,3002635,2025-10-16,email,generico,1500,0
604417,3002636,2025-10-13,push,generico,1800,1
604418,3002637,2025-10-08,push,descuento,2100,0
604419,3002637,2026-03-10,email,descuento,3800,0
604420,3002637,2026-02-21,push,descuento,600,0
604421,3002637,2026-02-09,sms,descuento,3800,1
604422,3002638,2025-09-12,push,generico,3400,0
604423,3002639,2025-06-17,email,descuento,2900,0
604424,3002639,2025-09-11,sms,generico,2800,0
604425,3002640,2025-03-17,email,upgrade_credito,1100,0
604426,3002640,2026-01-26,push,descuento,900,0
604427,3002642,2025-01-06,push,descuento,1500,0
604428,3002642,2026-01-12,email,generico,900,1
604429,3002643,2025-03-29,sms,upgrade_credito,2000,0
604430,3002645,2025-10-28,push,upgrade_credito,2000,0
604431,3002645,2026-01-23,email,cashback,2300,0
604432,3002646,2026-02-19,push,descuento,2600,0
604433,3002646,2025-11-06,sms,generico,3700,0
604434,3002646,2025-03-27,push,cashback,1200,0
604435,3002647,2025-10-11,sms,generico,2100,0
604436,3002647,2025-11-10,email,descuento,1800,0
604437,3002648,2026-02-14,sms,descuento,2200,0
604438,3002648,2026-02-22,email,cashback,1800,0
604439,3002648,2025-11-19,push,cashback,3000,1
604440,3002649,2025-10-13,email,cashback,3600,0
604441,3002649,2025-05-24,push,generico,1200,0
604442,3002650,2025-12-12,email,descuento,1100,0
604443,3002650,2026-02-28,push,descuento,2500,0
604444,3002651,2025-11-02,email,descuento,2100,0
604445,3002651,2026-01-10,email,generico,3000,0
604446,3002651,2025-05-05,sms,cashback,4000,1
604447,3002652,2025-08-30,push,upgrade_credito,800,0
604448,3002652,2025-10-04,email,generico,900,0
604449,3002652,2025-07-17,sms,generico,2900,0
604450,3002653,2025-07-24,email,generico,1100,0
604451,3002653,2025-09-05,sms,generico,2100,0
604452,3002654,2025-10-23,push,cashback,3500,0
604453,3002655,2025-08-30,push,cashback,900,0
604454,3002655,2025-11-22,push,descuento,1500,0
604455,3002655,2025-04-10,email,generico,2100,0
604456,3002656,2025-03-23,email,upgrade_credito,3800,0
604457,3002656,2025-08-16,push,cashback,2000,0
604458,3002656,2026-01-01,sms,upgrade_credito,3300,0
604459,3002658,2025-10-15,push,upgrade_credito,3100,0
604460,3002658,2025-10-31,email,cashback,3900,0
604461,3002658,2025-12-04,push,upgrade_credito,1900,0
604462,3002658,2025-08-14,push,descuento,3000,0
604463,3002658,2025-10-12,email,descuento,1900,0
604464,3002659,2025-08-20,email,generico,2900,0
604465,3002659,2025-04-13,sms,upgrade_credito,1500,0
604466,3002659,2026-03-10,sms,upgrade_credito,700,0
604467,3002660,2025-12-25,push,upgrade_credito,3100,0
604468,3002660,2026-01-28,push,descuento,1600,1
604469,3002661,2025-03-13,push,cashback,3700,0
604470,3002662,2025-09-01,email,descuento,2900,0
604471,3002662,2025-01-03,push,descuento,700,0
604472,3002665,2026-03-09,sms,upgrade_credito,3900,0
604473,3002665,2025-10-29,sms,descuento,2900,0
604474,3002665,2025-08-16,push,descuento,1400,0
604475,3002665,2026-01-24,push,descuento,1700,0
604476,3002667,2025-08-27,push,descuento,3700,0
604477,3002667,2026-03-01,email,generico,1200,0
604478,3002667,2025-01-16,push,cashback,800,0
604479,3002669,2025-10-20,email,cashback,2300,0
604480,3002670,2025-07-11,push,descuento,1500,0
604481,3002670,2025-03-05,push,cashback,900,0
604482,3002670,2025-04-29,sms,cashback,3900,0
604483,3002671,2025-10-11,sms,generico,3800,0
604484,3002671,2026-03-03,sms,descuento,2600,0
604485,3002674,2026-01-04,email,cashback,2600,0
604486,3002675,2026-02-09,email,descuento,2700,1
604487,3002678,2025-03-03,email,cashback,500,0
604488,3002678,2025-10-04,push,cashback,3900,0
604489,3002679,2025-12-04,push,cashback,2200,0
604490,3002679,2025-01-02,sms,cashback,1500,0
604491,3002680,2025-05-13,push,descuento,2700,0
604492,3002681,2025-10-05,push,cashback,2300,0
604493,3002681,2025-12-24,sms,descuento,2800,0
604494,3002681,2025-05-28,push,generico,2000,0
604495,3002681,2025-03-09,push,generico,2400,0
604496,3002683,2025-08-02,push,descuento,900,0
604497,3002685,2025-11-25,sms,generico,2600,0
604498,3002685,2025-05-03,push,descuento,1400,0
604499,3002686,2025-08-12,push,generico,2500,1
604500,3002687,2025-04-05,sms,descuento,1300,1
604501,3002687,2026-01-27,push,cashback,1400,0
604502,3002687,2025-06-29,push,cashback,3500,0
604503,3002689,2026-01-20,push,cashback,3500,0
604504,3002689,2025-06-18,push,upgrade_credito,3600,1
604505,3002690,2025-09-19,push,cashback,3100,0
604506,3002691,2025-12-15,push,descuento,1000,0
604507,3002691,2025-11-28,push,cashback,3500,0
604508,3002692,2025-10-19,push,generico,700,0
604509,3002693,2025-07-05,push,cashback,2000,0
604510,3002694,2025-03-19,push,cashback,3300,0
604511,3002694,2025-10-02,sms,cashback,2700,0
604512,3002695,2025-07-25,push,upgrade_credito,500,0
604513,3002695,2025-05-01,push,cashback,2500,0
604514,3002695,2025-07-13,push,cashback,1200,1
604515,3002696,2025-06-06,email,generico,2100,0
604516,3002697,2025-07-12,email,upgrade_credito,1000,0
604517,3002697,2025-01-12,push,descuento,600,0
604518,3002697,2025-09-03,sms,upgrade_credito,900,0
604519,3002699,2025-10-08,sms,cashback,800,0
604520,3002701,2026-03-03,push,descuento,1200,0
604521,3002702,2025-09-05,email,descuento,1100,0
604522,3002702,2025-07-15,push,upgrade_credito,2000,0
604523,3002702,2025-04-07,push,generico,1700,0
604524,3002703,2025-09-28,push,generico,3700,0
604525,3002703,2025-05-09,sms,cashback,3900,0
604526,3002704,2025-07-04,email,cashback,1700,0
604527,3002704,2025-03-04,push,descuento,2400,0
604528,3002706,2025-06-13,push,cashback,3300,1
604529,3002708,2025-01-03,sms,descuento,3800,0
604530,3002709,2025-03-04,sms,generico,2900,0
604531,3002709,2025-11-04,email,generico,2100,0
604532,3002710,2025-09-17,push,upgrade_credito,1400,0
604533,3002710,2025-07-08,push,upgrade_credito,2500,0
604534,3002710,2026-03-08,push,generico,3200,0
604535,3002710,2025-11-09,push,cashback,3900,0
604536,3002711,2025-10-20,push,generico,3900,0
604537,3002712,2025-12-29,sms,descuento,800,0
604538,3002712,2025-06-29,sms,cashback,3000,0
604539,3002712,2025-08-01,email,generico,4000,0
604540,3002713,2025-04-25,sms,cashback,2900,0
604541,3002713,2026-01-20,email,generico,2700,0
604542,3002713,2025-11-26,push,upgrade_credito,1500,0
604543,3002714,2025-03-12,email,generico,3600,0
604544,3002714,2025-10-25,email,upgrade_credito,500,1
604545,3002715,2026-02-22,sms,generico,1200,0
604546,3002716,2025-01-11,sms,descuento,2600,0
604547,3002716,2025-04-05,email,generico,3400,0
604548,3002717,2025-04-25,push,generico,1500,0
604549,3002717,2025-02-27,email,descuento,3700,0
604550,3002719,2026-03-01,email,cashback,1600,0
604551,3002719,2025-01-08,push,descuento,2000,0
604552,3002719,2025-07-23,push,upgrade_credito,2100,0
604553,3002720,2026-02-12,email,generico,3500,0
604554,3002720,2025-08-07,push,descuento,500,0
604555,3002720,2026-02-17,email,upgrade_credito,3700,0
604556,3002721,2025-04-27,push,cashback,900,0
604557,3002721,2025-09-12,push,generico,3200,0
604558,3002721,2025-01-13,push,cashback,3600,0
604559,3002722,2025-04-11,push,descuento,3500,0
604560,3002722,2025-05-10,push,descuento,1800,0
604561,3002723,2025-12-28,push,descuento,900,0
604562,3002723,2025-03-16,sms,cashback,1000,0
604563,3002723,2025-05-23,sms,descuento,2100,0
604564,3002725,2025-10-26,sms,upgrade_credito,3500,1
604565,3002725,2025-03-26,push,descuento,2100,0
604566,3002726,2025-04-02,sms,descuento,2500,0
604567,3002726,2025-11-13,sms,descuento,600,0
604568,3002726,2025-04-29,email,descuento,1200,0
604569,3002726,2025-01-21,push,generico,2900,0
604570,3002726,2025-07-03,email,cashback,1100,0
604571,3002727,2025-04-26,sms,descuento,2800,0
604572,3002727,2025-11-12,push,descuento,3700,0
604573,3002728,2025-11-22,email,generico,1500,0
604574,3002728,2025-08-12,sms,descuento,1800,0
604575,3002729,2026-01-21,push,cashback,1500,0
604576,3002729,2025-12-29,email,upgrade_credito,2000,0
604577,3002730,2025-01-15,sms,descuento,1500,0
604578,3002731,2025-02-25,sms,generico,2500,0
604579,3002731,2025-03-09,sms,generico,2500,0
604580,3002731,2025-06-28,push,cashback,3400,0
604581,3002733,2025-02-12,email,descuento,3400,0
604582,3002733,2026-03-05,push,descuento,1000,1
604583,3002733,2026-01-28,push,descuento,3000,0
604584,3002735,2025-11-01,push,cashback,3900,0
604585,3002735,2026-03-10,push,cashback,1700,0
604586,3002735,2025-05-26,push,upgrade_credito,1300,0
604587,3002735,2025-01-27,email,generico,1500,0
604588,3002739,2025-04-15,push,cashback,1100,0
604589,3002741,2025-06-07,sms,cashback,2400,0
604590,3002741,2025-06-05,email,descuento,3600,0
604591,3002742,2025-03-02,email,cashback,3600,0
604592,3002744,2026-01-07,sms,cashback,2400,1
604593,3002745,2025-11-17,sms,cashback,1500,1
604594,3002745,2025-08-27,push,cashback,2600,0
604595,3002745,2025-06-28,push,descuento,1800,0
604596,3002747,2026-03-09,push,cashback,1900,0
604597,3002748,2025-03-07,push,generico,3100,0
604598,3002748,2025-10-26,push,descuento,2200,0
604599,3002749,2025-12-20,email,cashback,3700,0
604600,3002749,2025-09-01,sms,cashback,2200,0
604601,3002750,2025-10-08,email,cashback,800,0
604602,3002751,2025-07-11,email,upgrade_credito,2400,0
604603,3002753,2026-02-04,email,cashback,2500,0
604604,3002753,2026-01-13,push,generico,1800,0
604605,3002753,2025-10-16,push,cashback,2800,0
604606,3002753,2025-08-24,push,upgrade_credito,900,0
604607,3002753,2025-03-16,push,generico,2100,0
604608,3002753,2025-10-05,push,descuento,3800,0
604609,3002754,2025-02-20,push,descuento,2100,0
604610,3002754,2025-09-06,email,upgrade_credito,900,0
604611,3002755,2026-03-09,push,cashback,1800,0
604612,3002755,2025-11-18,sms,cashback,2300,0
604613,3002756,2025-07-16,push,upgrade_credito,1900,0
604614,3002756,2025-06-17,push,cashback,1000,1
604615,3002756,2025-01-30,push,upgrade_credito,2700,0
604616,3002756,2026-03-03,push,cashback,800,0
604617,3002757,2025-12-08,push,descuento,1300,0
604618,3002757,2026-02-07,push,upgrade_credito,2000,0
604619,3002758,2025-08-31,push,descuento,3100,1
604620,3002758,2026-01-16,push,upgrade_credito,1600,0
604621,3002759,2025-09-21,email,generico,3200,0
604622,3002759,2025-05-16,sms,descuento,3300,0
604623,3002759,2025-09-05,email,upgrade_credito,3600,0
604624,3002760,2025-12-19,email,cashback,1000,0
604625,3002760,2026-02-17,email,generico,2400,0
604626,3002760,2025-05-08,sms,upgrade_credito,3100,0
604627,3002760,2025-02-13,push,descuento,1400,0
604628,3002761,2026-01-03,push,descuento,600,1
604629,3002762,2025-04-04,email,generico,900,0
604630,3002764,2025-12-19,email,generico,1000,0
604631,3002764,2025-11-13,push,descuento,800,0
604632,3002765,2025-08-02,push,descuento,2600,0
604633,3002765,2025-05-02,email,descuento,3100,0
604634,3002766,2026-01-04,sms,upgrade_credito,3800,0
604635,3002766,2026-02-28,push,generico,3200,0
604636,3002768,2025-09-29,push,cashback,2100,0
604637,3002768,2025-08-10,email,generico,1500,0
604638,3002768,2025-11-02,push,generico,900,0
604639,3002768,2025-02-24,push,cashback,2900,0
604640,3002769,2025-05-23,push,cashback,3100,0
604641,3002769,2025-01-19,email,generico,1700,0
604642,3002769,2025-07-31,push,cashback,1400,0
604643,3002769,2025-07-19,email,cashback,1300,0
604644,3002769,2025-12-26,push,generico,3200,0
604645,3002770,2025-05-28,push,descuento,1900,0
604646,3002771,2025-11-28,email,cashback,3500,1
604647,3002772,2025-12-06,push,generico,1500,0
604648,3002772,2025-11-26,email,descuento,2700,0
604649,3002773,2026-02-14,push,descuento,900,0
604650,3002774,2025-12-11,push,cashback,1300,0
604651,3002775,2025-07-07,push,cashback,1300,0
604652,3002776,2025-10-08,sms,cashback,2600,0
604653,3002776,2025-09-15,email,cashback,2700,0
604654,3002777,2025-06-11,sms,cashback,1000,0
604655,3002777,2025-10-28,push,cashback,3400,0
604656,3002778,2026-01-19,push,upgrade_credito,2400,0
604657,3002778,2025-01-11,email,generico,1400,0
604658,3002779,2025-11-25,email,cashback,3100,0
604659,3002779,2026-01-16,push,cashback,3500,0
604660,3002780,2025-01-06,sms,upgrade_credito,2700,0
604661,3002780,2026-03-02,push,descuento,3500,1
604662,3002781,2025-03-23,push,upgrade_credito,1400,0
604663,3002781,2025-04-20,sms,descuento,2700,0
604664,3002785,2025-01-03,push,descuento,3800,0
604665,3002785,2025-10-18,email,cashback,2900,0
604666,3002785,2025-05-21,push,generico,600,0
604667,3002785,2026-01-03,push,descuento,1200,0
604668,3002785,2025-01-28,push,upgrade_credito,1000,0
604669,3002785,2025-05-16,email,descuento,2800,0
604670,3002786,2025-02-06,push,cashback,3000,1
604671,3002786,2026-03-01,push,generico,2100,0
604672,3002788,2025-08-22,push,descuento,1900,0
604673,3002789,2025-04-05,push,generico,4000,0
604674,3002789,2026-01-04,sms,cashback,1300,0
604675,3002790,2025-10-23,push,upgrade_credito,3400,0
604676,3002790,2025-09-18,push,generico,2900,0
604677,3002791,2025-04-03,email,cashback,2300,0
604678,3002791,2025-11-29,push,cashback,3100,0
604679,3002792,2026-02-01,push,upgrade_credito,2700,0
604680,3002792,2025-07-31,push,cashback,1800,0
604681,3002793,2025-03-08,email,generico,3400,0
604682,3002794,2025-08-14,push,descuento,1300,0
604683,3002794,2025-01-09,sms,cashback,900,0
604684,3002794,2025-03-08,email,descuento,1200,0
604685,3002795,2025-08-19,email,generico,3100,0
604686,3002795,2025-02-12,push,generico,3000,0
604687,3002795,2025-12-19,sms,descuento,2100,0
604688,3002796,2025-06-04,push,descuento,2700,1
604689,3002796,2025-12-29,sms,upgrade_credito,500,0
604690,3002797,2026-02-12,push,descuento,1100,0
604691,3002797,2025-01-30,email,generico,1300,0
604692,3002797,2026-01-18,email,cashback,3400,0
604693,3002797,2026-02-13,push,cashback,3100,0
604694,3002798,2025-07-13,push,generico,1800,0
604695,3002798,2025-10-04,email,generico,3700,0
604696,3002798,2025-10-17,email,generico,3000,0
604697,3002799,2025-10-22,sms,cashback,900,0
604698,3002799,2025-01-28,push,descuento,2500,0
604699,3002800,2025-11-05,push,cashback,600,0
604700,3002800,2025-07-05,push,cashback,2300,0
604701,3002800,2025-09-28,email,upgrade_credito,2800,0
604702,3002800,2025-03-12,push,generico,3000,0
604703,3002801,2025-06-15,email,descuento,3900,0
604704,3002801,2025-09-04,push,upgrade_credito,3700,0
604705,3002801,2025-02-22,push,descuento,1800,1
604706,3002802,2025-02-18,push,descuento,800,0
604707,3002802,2025-07-01,email,generico,1900,0
604708,3002803,2025-07-12,sms,generico,2900,0
604709,3002803,2025-04-26,email,generico,3300,0
604710,3002804,2025-04-06,email,cashback,2700,1
604711,3002804,2025-02-03,push,upgrade_credito,3700,0
604712,3002805,2025-10-13,push,generico,2700,0
604713,3002805,2025-02-19,push,descuento,1200,0
604714,3002806,2026-03-03,email,generico,2100,0
604715,3002806,2025-06-23,email,upgrade_credito,800,0
604716,3002806,2025-01-30,email,descuento,900,0
604717,3002806,2025-07-20,email,cashback,600,0
604718,3002807,2025-04-24,sms,descuento,2500,0
604719,3002807,2025-01-11,sms,upgrade_credito,1100,0
604720,3002807,2025-09-06,push,cashback,700,0
604721,3002807,2026-01-05,email,upgrade_credito,3100,0
604722,3002807,2025-05-16,sms,cashback,500,0
604723,3002808,2025-08-22,email,cashback,2300,0
604724,3002808,2025-06-30,email,generico,3300,0
604725,3002808,2025-12-09,push,cashback,2100,0
604726,3002810,2025-12-03,email,cashback,900,0
604727,3002811,2025-01-05,push,cashback,3000,0
604728,3002811,2025-08-25,push,cashback,3300,0
604729,3002812,2025-10-11,push,descuento,1600,0
604730,3002812,2026-02-11,sms,descuento,900,0
604731,3002813,2026-02-03,push,generico,2300,0
604732,3002814,2025-10-06,push,cashback,1700,1
604733,3002814,2025-04-30,push,generico,1200,0
604734,3002814,2026-02-23,push,descuento,3400,0
604735,3002814,2025-01-27,email,descuento,1000,0
604736,3002815,2026-03-05,push,descuento,3500,1
604737,3002816,2026-02-10,push,generico,3200,0
604738,3002816,2025-02-14,push,upgrade_credito,1100,0
604739,3002816,2025-03-10,email,cashback,800,0
604740,3002817,2026-03-06,sms,cashback,1800,0
604741,3002817,2025-06-18,email,cashback,3600,0
604742,3002817,2026-02-14,sms,cashback,1700,0
604743,3002818,2025-12-02,sms,descuento,3900,0
604744,3002818,2026-02-16,push,descuento,2500,0
604745,3002819,2025-09-10,email,descuento,2000,0
604746,3002819,2025-06-14,email,cashback,1500,0
604747,3002819,2025-02-13,email,cashback,1400,0
604748,3002819,2025-04-07,push,upgrade_credito,2500,0
604749,3002820,2025-12-23,email,cashback,1100,0
604750,3002821,2025-02-20,email,generico,800,0
604751,3002821,2026-01-30,email,cashback,2400,0
604752,3002823,2025-06-23,push,generico,2700,0
604753,3002824,2025-10-30,push,cashback,600,0
604754,3002824,2026-01-05,email,descuento,2600,0
604755,3002824,2026-02-05,sms,descuento,1300,0
604756,3002824,2025-03-24,sms,cashback,1500,0
604757,3002824,2025-10-29,push,descuento,1900,0
604758,3002828,2025-01-17,push,generico,700,0
604759,3002828,2025-09-28,email,cashback,500,0
604760,3002829,2025-10-25,email,descuento,3700,0
604761,3002829,2025-01-22,push,cashback,3300,0
604762,3002829,2025-03-04,push,descuento,600,0
604763,3002830,2025-11-23,email,cashback,3700,1
604764,3002831,2025-05-27,push,descuento,3600,0
604765,3002831,2025-02-01,sms,generico,1900,0
604766,3002831,2025-12-14,email,cashback,600,0
604767,3002832,2025-12-31,email,descuento,2200,0
604768,3002832,2025-09-17,push,descuento,1900,0
604769,3002833,2025-07-29,push,descuento,3400,0
604770,3002833,2025-08-12,sms,descuento,2700,0
604771,3002833,2025-07-01,push,cashback,3100,0
604772,3002834,2026-02-01,email,cashback,4000,1
604773,3002835,2026-02-14,email,descuento,2000,0
604774,3002835,2026-01-14,email,upgrade_credito,3600,0
604775,3002836,2025-03-18,email,upgrade_credito,2500,0
604776,3002836,2026-02-22,sms,descuento,1500,0
604777,3002837,2025-10-23,push,descuento,2700,0
604778,3002837,2025-07-03,email,descuento,3900,0
604779,3002837,2025-08-19,push,cashback,1400,0
604780,3002837,2025-09-05,push,generico,3500,0
604781,3002838,2025-11-17,push,generico,2800,0
604782,3002839,2025-02-19,sms,descuento,1000,0
604783,3002842,2025-12-27,push,upgrade_credito,800,0
604784,3002842,2026-01-09,email,cashback,800,0
604785,3002842,2025-12-24,sms,cashback,900,0
604786,3002843,2025-07-05,email,descuento,800,0
604787,3002843,2025-03-02,email,generico,1500,0
604788,3002843,2025-06-09,push,upgrade_credito,3200,0
604789,3002843,2025-12-03,sms,generico,3800,0
604790,3002844,2026-01-25,sms,cashback,1100,0
604791,3002844,2025-05-20,push,cashback,600,0
604792,3002845,2025-06-27,sms,generico,3500,0
604793,3002846,2025-02-24,push,generico,2300,0
604794,3002849,2025-01-02,push,descuento,1400,1
604795,3002850,2025-10-26,push,descuento,2100,0
604796,3002850,2025-04-09,push,cashback,2400,0
604797,3002851,2026-03-01,email,upgrade_credito,700,0
604798,3002851,2025-04-05,sms,descuento,3500,0
604799,3002852,2025-04-03,push,cashback,3700,1
604800,3002854,2025-05-11,sms,descuento,3500,0
604801,3002855,2025-03-14,email,generico,3700,0
604802,3002856,2025-12-23,sms,cashback,1800,0
604803,3002856,2025-09-20,push,descuento,3900,0
604804,3002857,2026-03-11,push,descuento,2600,0
604805,3002857,2025-02-07,email,upgrade_credito,2500,0
604806,3002858,2025-10-19,email,descuento,1400,0
604807,3002858,2026-01-12,sms,cashback,600,0
604808,3002859,2025-06-18,push,cashback,3100,0
604809,3002859,2025-11-26,email,generico,4000,0
604810,3002860,2026-02-19,push,cashback,900,0
604811,3002860,2025-06-19,email,upgrade_credito,1900,0
604812,3002861,2025-06-03,push,generico,800,0
604813,3002862,2025-10-15,push,descuento,2800,0
604814,3002863,2025-09-19,email,descuento,3900,0
604815,3002863,2025-09-01,push,cashback,2100,0
604816,3002863,2025-03-29,email,upgrade_credito,1100,0
604817,3002864,2026-02-04,email,generico,1700,0
604818,3002864,2025-07-07,push,descuento,3900,0
604819,3002865,2025-02-15,push,cashback,3300,1
604820,3002867,2025-03-16,push,cashback,1300,0
604821,3002867,2025-02-04,push,descuento,1900,1
604822,3002867,2025-02-21,push,descuento,2800,0
604823,3002869,2026-02-10,email,descuento,1300,0
604824,3002870,2025-08-25,push,generico,1600,0
604825,3002870,2025-03-23,push,generico,2200,0
604826,3002871,2025-04-10,push,upgrade_credito,900,0
604827,3002871,2025-05-19,push,descuento,3300,1
604828,3002871,2025-04-04,push,generico,1200,0
604829,3002872,2026-02-21,push,upgrade_credito,2300,0
604830,3002874,2025-12-11,push,cashback,2600,0
604831,3002874,2025-11-17,email,descuento,4000,0
604832,3002876,2025-01-19,push,cashback,2800,0
604833,3002876,2025-12-25,push,descuento,1600,0
604834,3002876,2025-07-11,email,descuento,2100,0
604835,3002877,2025-12-21,sms,upgrade_credito,2200,0
604836,3002877,2025-07-03,push,upgrade_credito,2900,0
604837,3002878,2025-07-26,sms,generico,2200,0
604838,3002878,2025-01-18,sms,descuento,1700,0
604839,3002880,2025-07-31,push,upgrade_credito,2800,0
604840,3002880,2026-01-02,email,generico,1300,0
604841,3002880,2025-04-27,email,generico,3300,0
604842,3002881,2025-05-04,email,cashback,4000,0
604843,3002881,2026-01-30,push,descuento,3500,0
604844,3002881,2025-10-27,email,cashback,1400,0
604845,3002883,2025-03-06,email,descuento,2700,1
604846,3002884,2026-03-15,sms,upgrade_credito,900,0
604847,3002884,2025-10-15,push,generico,1100,0
604848,3002885,2025-09-04,sms,descuento,1700,1
604849,3002885,2025-06-11,email,generico,1600,0
604850,3002887,2025-12-03,email,generico,1200,0
604851,3002887,2025-12-11,email,cashback,3700,0
604852,3002888,2025-11-11,email,cashback,1200,0
604853,3002888,2026-01-26,push,upgrade_credito,2100,0
604854,3002889,2025-07-13,email,generico,1600,0
604855,3002890,2026-02-11,push,generico,3500,0
604856,3002890,2026-02-15,email,cashback,3300,1
604857,3002891,2025-07-12,sms,generico,2200,0
604858,3002891,2025-12-17,push,cashback,700,0
604859,3002894,2026-01-05,sms,descuento,1600,0
604860,3002894,2025-03-08,push,descuento,1500,0
604861,3002894,2025-04-26,push,descuento,500,0
604862,3002896,2025-08-18,email,descuento,1400,0
604863,3002896,2026-03-08,push,cashback,3300,0
604864,3002896,2025-02-07,push,upgrade_credito,3900,0
604865,3002897,2025-05-29,email,cashback,3900,0
604866,3002898,2025-08-23,email,descuento,3800,0
604867,3002898,2025-08-30,push,upgrade_credito,2400,0
604868,3002899,2025-04-25,email,cashback,3100,0
604869,3002899,2025-05-18,push,cashback,3300,0
604870,3002900,2025-04-05,sms,generico,3100,0
604871,3002902,2025-04-10,push,generico,2800,0
604872,3002902,2025-02-23,email,descuento,1000,0
604873,3002902,2025-05-23,email,upgrade_credito,3400,0
604874,3002903,2025-02-20,email,upgrade_credito,2500,0
604875,3002903,2025-07-10,email,upgrade_credito,3600,0
604876,3002904,2025-05-10,push,generico,3200,0
604877,3002905,2025-01-14,push,descuento,2700,1
604878,3002906,2025-12-19,sms,upgrade_credito,3900,0
604879,3002906,2026-01-07,email,descuento,600,0
604880,3002907,2025-07-01,email,descuento,1700,0
604881,3002907,2025-07-27,email,generico,2500,0
604882,3002908,2026-01-30,email,descuento,3400,0
604883,3002908,2025-03-03,push,descuento,3500,0
604884,3002908,2026-03-15,sms,generico,3900,0
604885,3002908,2025-11-13,sms,descuento,600,0
604886,3002909,2025-07-28,email,upgrade_credito,800,0
604887,3002909,2026-02-05,push,generico,1800,0
604888,3002910,2025-12-12,push,upgrade_credito,1700,0
604889,3002911,2025-02-15,sms,descuento,800,0
604890,3002911,2025-07-15,email,descuento,3600,0
604891,3002913,2025-01-19,email,upgrade_credito,1200,0
604892,3002913,2025-01-24,push,cashback,500,0
604893,3002914,2025-07-16,push,generico,3900,0
604894,3002914,2025-07-20,push,descuento,3900,0
604895,3002916,2025-11-28,email,generico,3900,0
604896,3002916,2025-10-16,sms,descuento,2500,0
604897,3002917,2025-11-07,push,generico,1500,0
604898,3002917,2025-11-19,sms,generico,1300,0
604899,3002918,2025-03-18,push,descuento,2900,0
604900,3002919,2025-05-19,sms,generico,500,0
604901,3002919,2025-02-16,email,descuento,1900,0
604902,3002920,2025-03-21,sms,generico,1100,0
604903,3002920,2025-10-09,email,cashback,1700,0
604904,3002920,2026-03-07,push,generico,500,0
604905,3002921,2025-01-01,push,cashback,3200,0
604906,3002921,2025-05-23,push,descuento,3600,1
604907,3002921,2026-02-08,push,generico,2400,0
604908,3002921,2025-02-18,email,generico,3000,0
604909,3002923,2025-05-06,email,descuento,4000,0
604910,3002924,2026-01-02,sms,descuento,2400,0
604911,3002924,2025-04-11,push,cashback,3000,0
604912,3002924,2026-02-09,email,cashback,700,0
604913,3002926,2025-09-06,push,descuento,3200,0
604914,3002928,2025-06-17,push,descuento,1000,0
604915,3002928,2025-11-29,email,upgrade_credito,1100,0
604916,3002929,2025-06-07,email,upgrade_credito,3700,0
604917,3002930,2026-03-06,email,descuento,1300,0
604918,3002930,2026-01-25,push,descuento,700,0
604919,3002930,2026-03-05,push,descuento,3800,0
604920,3002931,2025-08-01,sms,generico,3100,0
604921,3002931,2025-06-21,email,upgrade_credito,3100,0
604922,3002932,2025-03-01,email,descuento,1000,0
604923,3002933,2025-08-03,push,cashback,1500,0
604924,3002933,2025-04-24,email,upgrade_credito,1800,0
604925,3002934,2025-03-24,push,descuento,1500,0
604926,3002934,2025-03-31,email,generico,3400,0
604927,3002934,2026-01-31,email,upgrade_credito,3200,0
604928,3002934,2025-02-05,sms,generico,1400,0
604929,3002935,2025-04-04,email,descuento,1000,0
604930,3002936,2025-04-12,email,generico,1700,0
604931,3002937,2025-01-01,sms,generico,3400,0
604932,3002937,2025-06-03,push,generico,800,0
604933,3002939,2025-05-13,sms,descuento,3600,0
604934,3002940,2025-10-18,email,generico,1700,1
604935,3002941,2026-01-25,push,generico,1300,0
604936,3002942,2025-06-28,push,upgrade_credito,1200,0
604937,3002943,2025-11-07,email,descuento,1800,0
604938,3002944,2025-02-10,push,descuento,1100,0
604939,3002944,2026-01-08,push,descuento,800,0
604940,3002945,2025-05-16,email,cashback,1700,1
604941,3002945,2025-08-01,email,descuento,2700,0
604942,3002946,2025-04-20,push,cashback,2600,1
604943,3002946,2025-06-28,push,upgrade_credito,1300,0
604944,3002947,2025-04-11,push,descuento,1800,1
604945,3002947,2025-11-03,email,generico,800,0
604946,3002947,2025-01-08,sms,generico,2300,0
604947,3002948,2025-04-04,push,cashback,3000,1
604948,3002948,2025-05-18,push,descuento,2600,0
604949,3002949,2025-07-31,push,descuento,2100,0
604950,3002949,2025-08-30,push,descuento,2000,0
604951,3002949,2025-01-03,push,generico,3000,0
604952,3002949,2026-01-21,push,generico,3600,0
604953,3002950,2026-01-15,push,generico,500,0
604954,3002951,2026-03-11,push,upgrade_credito,3800,0
604955,3002951,2025-08-08,sms,cashback,900,0
604956,3002951,2026-01-10,push,cashback,2100,0
604957,3002952,2025-05-07,push,generico,3700,0
604958,3002952,2026-01-28,sms,descuento,3300,0
604959,3002953,2025-04-16,email,generico,2100,0
604960,3002953,2025-09-18,push,cashback,3500,0
604961,3002953,2025-07-16,push,generico,2300,0
604962,3002953,2025-09-01,sms,upgrade_credito,2500,0
604963,3002955,2025-07-10,email,generico,2200,0
604964,3002955,2025-04-18,push,generico,3500,1
604965,3002956,2025-08-25,push,cashback,2600,1
604966,3002957,2025-07-17,sms,generico,1100,0
604967,3002957,2025-11-25,sms,upgrade_credito,2600,0
604968,3002958,2025-08-16,sms,cashback,900,0
604969,3002958,2026-02-25,push,generico,1400,0
604970,3002959,2025-02-11,push,cashback,2800,1
604971,3002961,2025-04-12,push,descuento,1400,1
604972,3002961,2025-09-26,push,generico,2700,0
604973,3002961,2025-03-03,push,generico,3600,0
604974,3002961,2025-05-20,email,cashback,700,0
604975,3002962,2025-05-29,push,descuento,1500,0
604976,3002963,2026-02-03,email,upgrade_credito,600,0
604977,3002963,2025-08-10,email,generico,1600,0
604978,3002963,2025-12-23,push,upgrade_credito,3900,0
604979,3002963,2025-06-18,email,cashback,1300,0
604980,3002964,2025-03-13,push,cashback,500,0
604981,3002965,2025-02-10,sms,cashback,3600,0
604982,3002965,2025-11-15,sms,descuento,2500,0
604983,3002966,2026-02-01,push,descuento,3900,0
604984,3002968,2025-01-03,email,upgrade_credito,2000,0
604985,3002968,2025-10-21,push,cashback,600,0
604986,3002971,2025-09-29,push,cashback,700,0
604987,3002971,2025-05-13,push,descuento,1600,0
604988,3002973,2026-01-25,push,descuento,3800,0
604989,3002973,2025-07-08,sms,generico,3700,1
604990,3002974,2025-12-12,push,upgrade_credito,3300,0
604991,3002974,2025-06-09,email,descuento,600,0
604992,3002974,2025-07-15,push,cashback,1400,0
604993,3002976,2025-12-30,push,cashback,2100,0
604994,3002976,2025-05-23,push,descuento,1000,0
604995,3002977,2025-11-17,push,upgrade_credito,2900,0
604996,3002977,2025-04-08,email,upgrade_credito,1400,0
604997,3002978,2025-02-03,email,upgrade_credito,3300,0
604998,3002979,2025-05-31,push,generico,4000,0
604999,3002979,2026-02-09,push,descuento,3000,0
605000,3002980,2025-08-11,push,generico,800,0
605001,3002983,2025-11-14,push,descuento,1900,0
605002,3002987,2025-10-01,push,cashback,3300,1
605003,3002987,2025-06-18,push,generico,3800,1
605004,3002987,2025-06-03,push,cashback,2600,1
605005,3002988,2026-01-20,push,generico,2500,0
605006,3002988,2025-06-04,push,cashback,3100,1
605007,3002990,2025-07-14,push,generico,3300,0
605008,3002990,2026-03-13,sms,generico,700,0
605009,3002990,2025-11-30,email,cashback,4000,1
605010,3002990,2025-04-27,sms,upgrade_credito,2900,0
605011,3002992,2025-10-11,push,cashback,3300,0
605012,3002992,2025-06-20,push,cashback,3000,0
605013,3002992,2025-12-27,push,cashback,2500,0
605014,3002994,2025-09-21,email,cashback,800,0
605015,3002996,2026-03-06,push,descuento,1800,0
605016,3002997,2025-12-30,sms,cashback,2700,0
605017,3002997,2025-07-06,sms,cashback,2200,0
605018,3002999,2025-08-27,email,cashback,1800,0
605019,3002999,2025-06-22,push,upgrade_credito,700,0
605020,3003000,2025-07-11,push,generico,800,0
605021,3003000,2026-03-04,push,cashback,2600,0
605022,3003000,2025-12-16,email,upgrade_credito,700,0
605023,3003001,2025-03-05,sms,descuento,3100,1
605024,3003001,2025-04-30,email,cashback,3900,0
605025,3003002,2025-07-05,sms,cashback,1500,0
605026,3003002,2025-12-02,push,generico,2300,0
605027,3003002,2026-01-14,email,cashback,3100,1
605028,3003003,2025-02-08,email,cashback,3900,0
605029,3003003,2025-11-11,sms,descuento,2200,0
605030,3003004,2025-01-25,push,cashback,1600,0
605031,3003005,2025-09-25,sms,descuento,2600,0
605032,3003005,2025-12-25,sms,generico,3100,0
605033,3003006,2025-06-14,sms,descuento,1900,0
605034,3003006,2025-11-02,push,generico,3100,0
605035,3003011,2026-01-20,email,descuento,2200,0
605036,3003011,2025-01-09,sms,descuento,3300,0
605037,3003011,2026-03-13,push,cashback,2200,0
605038,3003011,2025-09-11,push,descuento,3400,0
605039,3003011,2026-02-08,email,generico,2900,0
605040,3003012,2025-02-23,email,descuento,1400,0
605041,3003012,2025-12-13,push,descuento,1200,0
605042,3003013,2025-05-17,sms,descuento,1700,0
605043,3003013,2025-01-23,push,cashback,800,0
605044,3003013,2025-01-08,sms,cashback,1700,1
605045,3003016,2025-04-29,sms,cashback,1700,0
605046,3003016,2025-01-10,push,upgrade_credito,3000,0
605047,3003017,2025-12-07,email,descuento,3600,1
605048,3003017,2025-07-20,push,generico,1200,0
605049,3003017,2025-02-01,push,upgrade_credito,1400,0
605050,3003018,2025-09-20,push,cashback,1400,0
605051,3003018,2025-08-04,push,descuento,2200,0
605052,3003018,2025-06-19,push,descuento,2200,0
605053,3003019,2025-04-27,push,descuento,2900,0
605054,3003019,2025-12-12,push,cashback,2100,1
605055,3003020,2025-04-22,push,generico,3100,0
605056,3003022,2026-02-17,push,cashback,700,0
605057,3003022,2025-11-10,push,descuento,3700,0
605058,3003022,2025-08-09,sms,cashback,1700,0
605059,3003023,2025-05-31,sms,cashback,2400,0
605060,3003023,2025-12-17,push,cashback,1700,0
605061,3003024,2025-05-16,sms,descuento,1700,0
605062,3003024,2026-01-01,email,descuento,3600,1
605063,3003024,2025-07-13,email,descuento,700,0
605064,3003026,2025-02-10,email,generico,3200,0
605065,3003026,2026-02-20,push,generico,1600,0
605066,3003027,2025-10-26,email,cashback,3900,1
605067,3003027,2025-01-10,push,cashback,1700,0
605068,3003027,2025-04-25,sms,generico,2200,0
605069,3003028,2025-04-26,sms,cashback,3400,0
605070,3003028,2025-08-29,push,upgrade_credito,4000,0
605071,3003029,2025-09-07,sms,generico,2800,0
605072,3003030,2025-12-18,push,cashback,3500,0
605073,3003031,2025-03-24,push,cashback,2300,0
605074,3003031,2025-02-15,sms,upgrade_credito,3200,0
605075,3003033,2025-05-12,sms,upgrade_credito,2500,0
605076,3003033,2025-12-27,push,descuento,500,0
605077,3003034,2025-03-04,push,generico,2700,0
605078,3003034,2025-12-29,email,upgrade_credito,1000,0
605079,3003034,2025-07-14,push,generico,3800,0
605080,3003036,2025-01-15,sms,upgrade_credito,2100,0
605081,3003038,2026-02-18,push,generico,1800,0
605082,3003038,2026-02-07,push,cashback,1900,0
605083,3003039,2025-07-01,email,descuento,2900,0
605084,3003039,2026-01-04,email,descuento,3300,0
605085,3003041,2025-07-04,push,upgrade_credito,3300,0
605086,3003041,2025-09-28,push,descuento,2900,0
605087,3003041,2026-02-08,email,descuento,2000,0
605088,3003041,2025-10-13,sms,generico,2800,0
605089,3003042,2025-06-18,push,generico,2800,0
605090,3003042,2026-02-13,email,cashback,2500,0
605091,3003043,2025-11-28,email,generico,3200,0
605092,3003043,2025-12-09,sms,generico,3400,0
605093,3003044,2025-05-12,sms,descuento,4000,1
605094,3003045,2025-10-15,push,generico,2800,0
605095,3003045,2025-08-04,push,upgrade_credito,2300,0
605096,3003047,2025-01-23,sms,cashback,1800,0
605097,3003047,2025-10-27,push,cashback,3600,1
605098,3003049,2025-03-13,push,cashback,700,0
605099,3003050,2025-06-23,push,generico,2900,0
605100,3003051,2026-01-06,push,generico,2000,0
605101,3003051,2025-08-23,email,descuento,600,0
605102,3003051,2026-03-02,sms,cashback,900,0
605103,3003051,2025-11-30,push,cashback,2700,0
605104,3003052,2025-04-18,push,descuento,2700,0
605105,3003052,2025-05-16,push,upgrade_credito,800,0
605106,3003054,2025-09-19,push,cashback,700,0
605107,3003054,2025-04-28,email,cashback,3400,0
605108,3003055,2025-09-03,email,upgrade_credito,1500,0
605109,3003057,2025-11-16,push,cashback,3100,0
605110,3003059,2025-05-17,email,upgrade_credito,1900,0
605111,3003059,2025-06-07,push,cashback,700,0
605112,3003060,2026-02-13,push,upgrade_credito,1500,0
605113,3003060,2025-07-17,sms,upgrade_credito,1400,0
605114,3003060,2026-02-21,push,cashback,2100,0
605115,3003060,2025-03-08,push,generico,3300,1
605116,3003061,2025-08-19,push,cashback,1600,0
605117,3003062,2025-11-28,email,generico,1500,0
605118,3003062,2025-08-01,push,upgrade_credito,2900,0
605119,3003063,2026-01-23,push,generico,3600,1
605120,3003064,2025-11-09,push,descuento,3200,0
605121,3003065,2025-04-30,push,generico,2100,0
605122,3003067,2025-05-07,push,upgrade_credito,2400,0
605123,3003067,2025-10-23,push,cashback,1100,0
605124,3003067,2026-03-14,push,generico,900,0
605125,3003068,2025-08-16,push,cashback,2700,0
605126,3003068,2026-01-31,push,upgrade_credito,600,0
605127,3003071,2026-01-14,push,generico,2500,0
605128,3003071,2025-02-25,email,generico,1100,0
605129,3003072,2025-12-07,push,descuento,2500,0
605130,3003072,2025-08-01,push,cashback,3500,1
605131,3003072,2026-01-17,email,generico,2400,0
605132,3003073,2025-03-23,push,generico,800,0
605133,3003074,2026-02-14,sms,descuento,3100,1
605134,3003075,2025-06-16,push,generico,1400,0
605135,3003076,2025-06-18,sms,cashback,1800,0
605136,3003076,2025-07-29,email,cashback,3400,0
605137,3003077,2025-01-06,email,cashback,2600,0
605138,3003077,2025-03-15,push,descuento,1400,0
605139,3003078,2025-05-29,email,cashback,1400,0
605140,3003078,2025-05-14,push,upgrade_credito,1800,1
605141,3003078,2026-02-23,email,cashback,2900,0
605142,3003080,2025-01-24,push,cashback,1900,0
605143,3003080,2025-06-13,push,cashback,3700,0
605144,3003080,2025-10-28,push,cashback,1700,0
605145,3003081,2025-02-24,push,cashback,3800,0
605146,3003082,2026-02-17,email,descuento,3500,0
605147,3003082,2025-10-14,push,descuento,1100,0
605148,3003083,2025-09-14,sms,generico,600,0
605149,3003083,2025-08-02,email,cashback,2500,0
605150,3003083,2025-04-30,email,cashback,2800,0
605151,3003084,2025-05-02,push,cashback,3000,1
605152,3003084,2025-05-16,push,upgrade_credito,1000,0
605153,3003085,2025-01-23,push,generico,1600,1
605154,3003087,2025-10-10,sms,cashback,3400,0
605155,3003087,2025-05-29,push,cashback,3200,0
605156,3003088,2025-01-14,sms,descuento,3500,0
605157,3003088,2026-03-01,push,upgrade_credito,700,0
605158,3003088,2025-07-11,push,generico,3700,0
605159,3003090,2025-08-06,push,descuento,2600,0
605160,3003090,2026-03-01,push,cashback,1800,0
605161,3003091,2025-04-10,push,descuento,1900,0
605162,3003091,2025-09-27,push,descuento,3200,1
605163,3003092,2025-09-24,push,cashback,2900,0
605164,3003092,2025-09-15,email,descuento,1000,0
605165,3003093,2025-01-22,email,generico,1800,0
605166,3003093,2026-03-15,email,cashback,2400,0
605167,3003094,2025-12-12,push,descuento,3300,0
605168,3003095,2025-10-22,email,generico,500,0
605169,3003095,2025-09-26,email,generico,1700,0
605170,3003095,2025-04-22,push,cashback,2500,0
605171,3003095,2025-11-04,push,generico,2300,0
605172,3003095,2025-10-18,sms,descuento,3100,1
605173,3003096,2026-02-12,email,generico,1300,0
605174,3003096,2025-06-19,push,cashback,1800,0
605175,3003096,2025-01-22,push,descuento,1000,0
605176,3003097,2026-01-31,push,descuento,3300,0
605177,3003097,2026-02-17,email,upgrade_credito,4000,0
605178,3003097,2026-02-25,sms,descuento,3100,0
605179,3003097,2025-04-02,email,descuento,3600,0
605180,3003098,2025-06-06,email,generico,3800,0
605181,3003098,2025-09-15,sms,generico,1700,0
605182,3003099,2026-02-07,push,upgrade_credito,2300,0
605183,3003099,2025-03-05,push,upgrade_credito,2200,0
605184,3003101,2025-11-02,email,upgrade_credito,3100,1
605185,3003101,2025-03-15,push,cashback,2600,0
605186,3003102,2025-12-10,push,descuento,1600,0
605187,3003103,2025-09-29,email,generico,3200,0
605188,3003103,2025-03-03,push,cashback,3100,0
605189,3003103,2025-01-13,push,cashback,1300,0
605190,3003104,2025-11-10,push,generico,3000,1
605191,3003106,2025-11-29,push,cashback,2100,0
605192,3003106,2025-05-20,email,cashback,500,0
605193,3003106,2025-02-21,sms,descuento,1100,0
605194,3003107,2026-01-03,sms,upgrade_credito,3400,1
605195,3003107,2025-05-09,push,upgrade_credito,1300,0
605196,3003107,2026-03-10,push,cashback,1800,0
605197,3003108,2025-01-09,push,generico,3100,0
605198,3003108,2025-12-08,sms,upgrade_credito,3900,0
605199,3003109,2026-01-30,email,descuento,3400,0
605200,3003111,2025-08-15,push,cashback,1700,1
605201,3003113,2025-10-11,email,cashback,1200,0
605202,3003113,2025-10-28,sms,upgrade_credito,3400,0
605203,3003114,2026-01-17,push,cashback,900,0
605204,3003114,2025-07-23,push,upgrade_credito,2300,0
605205,3003115,2025-02-12,push,cashback,3600,0
605206,3003116,2025-01-23,email,descuento,3800,0
605207,3003116,2026-03-15,push,upgrade_credito,3400,0
605208,3003116,2025-09-21,push,descuento,3200,0
605209,3003117,2025-02-23,sms,generico,3700,0
605210,3003118,2025-03-10,sms,cashback,2900,0
605211,3003118,2025-04-22,sms,upgrade_credito,3700,0
605212,3003118,2025-12-11,email,generico,3500,0
605213,3003119,2025-03-30,email,cashback,1800,1
605214,3003119,2025-07-23,sms,generico,2300,1
605215,3003119,2025-03-02,push,generico,2700,0
605216,3003119,2025-11-15,email,generico,2900,0
605217,3003119,2026-03-14,email,cashback,2000,0
605218,3003120,2025-08-13,email,descuento,3900,1
605219,3003120,2025-08-22,email,cashback,1100,0
605220,3003121,2025-11-20,push,cashback,2200,1
605221,3003121,2025-12-13,sms,descuento,2600,1
605222,3003121,2025-03-29,push,cashback,1700,0
605223,3003121,2026-02-16,push,generico,3300,1
605224,3003122,2025-06-13,push,descuento,1500,0
605225,3003122,2025-03-11,email,cashback,3500,0
605226,3003122,2026-02-28,sms,descuento,500,0
605227,3003124,2025-03-03,push,descuento,2400,1
605228,3003124,2025-05-08,email,cashback,1800,0
605229,3003125,2026-01-19,sms,generico,3500,0
605230,3003125,2025-09-22,push,generico,2200,0
605231,3003125,2026-01-28,push,descuento,2700,0
605232,3003126,2026-01-10,push,upgrade_credito,2400,0
605233,3003126,2025-08-17,push,descuento,1500,1
605234,3003127,2025-09-02,email,upgrade_credito,1500,0
605235,3003127,2025-08-01,sms,cashback,2100,0
605236,3003127,2025-09-28,push,cashback,3900,0
605237,3003128,2025-02-16,push,generico,1500,0
605238,3003128,2025-01-26,push,cashback,1800,1
605239,3003128,2026-02-19,email,cashback,1100,0
605240,3003128,2025-04-26,push,upgrade_credito,1000,0
605241,3003129,2025-09-26,push,cashback,3400,0
605242,3003129,2025-02-11,push,upgrade_credito,2700,0
605243,3003131,2025-02-26,push,descuento,600,0
605244,3003132,2025-04-12,push,descuento,2700,0
605245,3003132,2026-01-26,push,generico,1600,0
605246,3003132,2025-07-03,push,generico,2500,0
605247,3003134,2026-01-11,push,generico,1800,0
605248,3003134,2025-10-15,email,generico,2400,0
605249,3003135,2025-03-18,push,descuento,3400,0
605250,3003137,2025-08-04,email,descuento,3300,0
605251,3003137,2025-10-28,sms,cashback,2800,0
605252,3003138,2025-12-01,email,generico,1300,0
605253,3003139,2025-08-19,email,descuento,1000,0
605254,3003140,2025-12-01,push,cashback,700,0
605255,3003140,2025-04-22,sms,upgrade_credito,1500,0
605256,3003143,2025-06-12,push,upgrade_credito,2200,0
605257,3003143,2025-11-04,sms,cashback,1400,0
605258,3003144,2025-08-20,email,upgrade_credito,3300,0
605259,3003146,2025-07-21,push,descuento,1600,1
605260,3003146,2025-12-28,email,cashback,2000,0
605261,3003148,2025-12-30,email,descuento,2000,0
605262,3003149,2026-01-23,sms,descuento,3000,1
605263,3003150,2026-02-20,push,descuento,3800,0
605264,3003150,2025-06-30,email,upgrade_credito,1700,0
605265,3003153,2025-11-05,push,cashback,2600,0
605266,3003153,2026-01-20,sms,descuento,1000,0
605267,3003153,2025-04-18,push,upgrade_credito,2200,0
605268,3003154,2025-08-09,sms,descuento,2900,0
605269,3003154,2025-11-04,sms,generico,3900,0
605270,3003156,2025-07-10,push,generico,3000,0
605271,3003156,2025-03-01,sms,generico,2200,0
605272,3003159,2025-06-23,email,descuento,3100,0
605273,3003159,2025-01-19,sms,generico,3100,0
605274,3003160,2025-10-20,push,generico,2200,0
605275,3003160,2025-02-16,push,upgrade_credito,600,0
605276,3003162,2025-02-06,email,cashback,500,0
605277,3003162,2025-09-02,sms,upgrade_credito,2800,0
605278,3003162,2025-11-05,push,descuento,1300,0
605279,3003162,2025-10-22,push,cashback,2500,1
605280,3003163,2025-06-17,push,descuento,2300,0
605281,3003163,2025-04-09,push,generico,800,1
605282,3003164,2025-03-16,sms,cashback,1200,1
605283,3003164,2025-07-01,sms,cashback,3400,0
605284,3003165,2025-01-25,email,descuento,900,0
605285,3003165,2025-05-27,push,generico,3800,0
605286,3003166,2025-06-18,push,cashback,2000,0
605287,3003166,2026-02-21,push,descuento,2700,0
605288,3003167,2025-08-16,email,cashback,800,0
605289,3003170,2025-10-28,email,cashback,3900,1
605290,3003171,2026-01-28,sms,descuento,600,0
605291,3003173,2025-10-17,push,upgrade_credito,2800,0
605292,3003173,2025-03-21,email,descuento,3100,1
605293,3003173,2025-04-25,email,cashback,2000,1
605294,3003173,2025-09-07,push,cashback,3900,0
605295,3003174,2025-04-10,sms,generico,1700,0
605296,3003175,2025-08-09,email,cashback,2800,0
605297,3003175,2025-12-25,push,cashback,2800,0
605298,3003176,2025-05-18,push,cashback,3500,0
605299,3003176,2025-04-25,sms,cashback,2900,0
605300,3003177,2025-02-17,push,upgrade_credito,1600,0
605301,3003178,2025-01-25,push,generico,2500,0
605302,3003178,2025-02-15,email,descuento,2200,0
605303,3003178,2025-01-08,sms,cashback,1300,0
605304,3003182,2025-01-13,push,upgrade_credito,2200,0
605305,3003182,2025-08-12,sms,descuento,3700,0
605306,3003183,2026-02-15,push,upgrade_credito,1300,0
605307,3003183,2025-03-26,push,cashback,1000,0
605308,3003183,2025-01-19,push,upgrade_credito,2700,1
605309,3003184,2025-01-11,sms,descuento,1700,0
605310,3003185,2025-08-20,email,descuento,3900,0
605311,3003185,2025-04-25,sms,generico,1100,0
605312,3003187,2025-12-05,sms,descuento,3200,0
605313,3003188,2025-05-14,push,generico,3800,0
605314,3003189,2025-12-24,email,generico,2100,0
605315,3003190,2025-04-30,email,descuento,1000,0
605316,3003190,2025-05-10,push,cashback,3700,0
605317,3003192,2025-09-24,email,cashback,3300,0
605318,3003193,2025-01-03,sms,upgrade_credito,2800,0
605319,3003193,2025-06-26,push,cashback,3800,0
605320,3003193,2025-02-21,email,descuento,500,0
605321,3003194,2025-04-18,sms,generico,1400,0
605322,3003196,2025-01-28,email,descuento,1400,0
605323,3003196,2025-09-16,sms,generico,2000,0
605324,3003196,2026-01-01,push,upgrade_credito,1900,0
605325,3003196,2025-11-27,sms,upgrade_credito,3900,0
605326,3003197,2025-11-26,email,generico,3300,0
605327,3003197,2025-05-30,sms,descuento,2900,0
605328,3003197,2025-11-24,email,generico,2000,0
605329,3003198,2025-04-20,email,descuento,1900,0
605330,3003198,2025-05-24,push,descuento,3700,0
605331,3003198,2025-05-18,email,upgrade_credito,1000,0
605332,3003200,2025-03-29,push,cashback,2900,0
605333,3003201,2025-01-22,email,cashback,3300,0
605334,3003201,2025-10-18,push,upgrade_credito,1100,0
605335,3003202,2025-01-14,email,upgrade_credito,3900,0
605336,3003202,2025-03-08,push,descuento,1000,0
605337,3003203,2025-01-02,email,cashback,1700,0
605338,3003203,2025-12-15,sms,generico,800,0
605339,3003203,2025-12-23,push,cashback,1000,0
605340,3003204,2025-12-29,email,generico,900,0
605341,3003204,2026-02-07,email,upgrade_credito,4000,0
605342,3003205,2025-01-30,sms,descuento,3900,0
605343,3003206,2025-02-05,push,cashback,2500,0
605344,3003207,2025-03-29,push,cashback,1700,0
605345,3003207,2025-08-20,push,cashback,3000,0
605346,3003208,2025-05-19,sms,upgrade_credito,3600,0
605347,3003208,2025-03-09,email,upgrade_credito,2000,0
605348,3003209,2025-01-19,push,cashback,1000,0
605349,3003209,2025-04-07,email,generico,800,0
605350,3003211,2025-11-04,sms,descuento,4000,0
605351,3003211,2025-02-24,push,generico,3600,0
605352,3003212,2025-08-08,push,generico,2900,0
605353,3003212,2025-12-05,push,cashback,2900,1
605354,3003212,2026-02-12,sms,descuento,1000,0
605355,3003213,2025-09-01,push,upgrade_credito,1700,0
605356,3003214,2025-11-14,push,generico,1800,0
605357,3003214,2026-02-08,push,upgrade_credito,2300,0
605358,3003214,2025-01-16,push,descuento,3300,0
605359,3003215,2025-06-26,push,cashback,3900,0
605360,3003215,2025-07-07,email,generico,1200,0
605361,3003216,2026-01-03,push,descuento,4000,0
605362,3003217,2025-07-05,push,descuento,3600,0
605363,3003217,2025-10-24,push,descuento,900,0
605364,3003217,2025-08-24,email,cashback,3300,1
605365,3003218,2025-07-21,push,descuento,1600,0
605366,3003219,2025-11-15,push,cashback,3000,0
605367,3003219,2025-04-21,push,descuento,3900,0
605368,3003220,2025-06-20,push,descuento,1800,0
605369,3003221,2025-09-17,push,generico,1900,0
605370,3003222,2025-04-10,email,generico,2500,0
605371,3003225,2025-07-24,push,generico,700,0
605372,3003226,2026-01-29,email,generico,1200,0
605373,3003226,2025-11-20,push,cashback,2000,0
605374,3003229,2026-02-25,email,cashback,3600,0
605375,3003229,2025-02-17,push,upgrade_credito,1000,0
605376,3003230,2026-01-26,push,descuento,1100,0
605377,3003232,2025-03-13,email,upgrade_credito,1100,0
605378,3003232,2025-11-29,push,cashback,3800,0
605379,3003232,2025-03-11,email,generico,3900,0
605380,3003233,2025-01-22,push,upgrade_credito,2500,1
605381,3003233,2026-02-04,push,upgrade_credito,2500,1
605382,3003233,2025-03-30,push,generico,3200,0
605383,3003233,2025-01-03,email,descuento,600,0
605384,3003234,2025-03-01,email,descuento,1500,1
605385,3003234,2026-03-06,push,descuento,3900,0
605386,3003235,2026-02-11,email,descuento,2100,0
605387,3003235,2025-06-07,email,descuento,1500,0
605388,3003236,2026-01-28,push,generico,2200,1
605389,3003236,2026-01-12,push,upgrade_credito,2300,0
605390,3003236,2025-07-27,push,descuento,1400,0
605391,3003237,2025-09-28,email,generico,800,0
605392,3003237,2025-08-23,email,descuento,1600,0
605393,3003237,2025-12-07,email,generico,2900,0
605394,3003238,2025-03-27,sms,descuento,3900,0
605395,3003239,2025-10-25,sms,descuento,500,1
605396,3003239,2025-01-29,push,descuento,2200,0
605397,3003239,2026-01-11,push,cashback,3100,0
605398,3003239,2026-01-26,push,descuento,2400,0
605399,3003240,2025-07-02,sms,upgrade_credito,3600,0
605400,3003240,2025-06-02,push,descuento,2800,1
605401,3003241,2025-07-06,push,upgrade_credito,700,0
605402,3003241,2025-08-01,sms,generico,1000,0
605403,3003243,2025-07-11,push,descuento,1000,0
605404,3003243,2026-02-19,sms,generico,2100,0
605405,3003243,2026-02-27,email,cashback,1900,0
605406,3003245,2026-01-19,push,generico,3500,0
605407,3003245,2025-06-07,push,cashback,3500,0
605408,3003246,2025-06-26,push,generico,1000,0
605409,3003246,2025-02-21,sms,generico,1100,0
605410,3003247,2025-01-19,push,generico,2400,0
605411,3003248,2025-05-23,email,generico,3900,0
605412,3003248,2025-04-03,push,descuento,2800,0
605413,3003248,2025-12-09,sms,descuento,1100,0
605414,3003251,2025-01-16,email,descuento,1400,0
605415,3003251,2025-03-28,email,generico,700,1
605416,3003251,2025-06-07,push,descuento,3900,1
605417,3003252,2025-06-07,push,upgrade_credito,1000,0
605418,3003252,2026-02-14,email,generico,3600,0
605419,3003252,2026-02-27,push,generico,2000,0
605420,3003254,2025-09-15,sms,cashback,2000,0
605421,3003254,2025-03-15,email,generico,1100,0
605422,3003254,2025-01-24,push,cashback,2600,0
605423,3003255,2025-01-24,sms,generico,3900,0
605424,3003256,2025-01-31,email,descuento,2000,1
605425,3003256,2026-01-11,push,descuento,1100,0
605426,3003256,2025-12-01,email,descuento,1700,1
605427,3003256,2026-01-13,sms,descuento,3300,1
605428,3003257,2026-01-07,email,cashback,3300,0
605429,3003257,2026-02-08,push,descuento,3900,0
605430,3003257,2025-05-05,push,cashback,1100,0
605431,3003258,2025-12-24,push,upgrade_credito,1700,0
605432,3003258,2025-08-02,sms,descuento,1700,0
605433,3003259,2025-01-27,push,generico,2600,0
605434,3003259,2025-02-01,email,upgrade_credito,3400,0
605435,3003259,2025-02-12,sms,generico,2200,0
605436,3003260,2025-12-27,sms,upgrade_credito,1000,0
605437,3003260,2025-09-13,push,cashback,600,0
605438,3003260,2025-05-03,email,generico,2800,1
605439,3003261,2025-12-29,push,upgrade_credito,2000,0
605440,3003262,2025-11-30,email,cashback,3600,0
605441,3003263,2026-02-24,push,descuento,2300,1
605442,3003263,2025-08-04,push,upgrade_credito,1400,0
605443,3003264,2026-02-08,push,upgrade_credito,1600,0
605444,3003265,2025-06-10,push,descuento,1100,0
605445,3003265,2025-07-07,push,cashback,1300,0
605446,3003265,2025-09-15,push,generico,2500,0
605447,3003266,2025-09-13,email,cashback,2400,0
605448,3003267,2025-08-09,email,descuento,2900,0
605449,3003267,2025-01-06,push,cashback,4000,0
605450,3003268,2025-03-18,push,generico,1900,0
605451,3003268,2025-04-30,push,generico,3100,0
605452,3003269,2025-10-31,push,cashback,2600,1
605453,3003269,2025-03-15,email,descuento,500,1
605454,3003270,2025-07-21,email,descuento,3800,0
605455,3003271,2025-10-16,push,generico,1300,0
605456,3003271,2025-01-12,email,descuento,3400,0
605457,3003271,2025-02-17,push,cashback,2100,0
605458,3003271,2025-12-24,push,cashback,1300,0
605459,3003272,2026-02-08,email,cashback,1600,0
605460,3003273,2025-07-13,email,descuento,1700,0
605461,3003273,2026-01-16,push,descuento,2900,0
605462,3003274,2025-10-17,sms,generico,3200,0
605463,3003274,2026-01-23,email,generico,3200,0
605464,3003275,2025-03-08,email,generico,3500,0
605465,3003276,2025-10-08,push,generico,2900,0
605466,3003276,2025-11-23,sms,generico,500,0
605467,3003276,2025-05-31,push,generico,1100,0
605468,3003278,2025-08-11,sms,cashback,2500,1
605469,3003278,2025-12-04,sms,upgrade_credito,2600,0
605470,3003279,2025-12-24,email,descuento,2300,0
605471,3003280,2026-01-25,push,descuento,2300,0
605472,3003280,2025-06-14,push,cashback,2200,0
605473,3003281,2025-12-15,push,descuento,1900,1
605474,3003281,2025-01-02,sms,generico,3600,0
605475,3003281,2025-11-03,sms,cashback,700,0
605476,3003282,2025-02-16,push,descuento,1700,0
605477,3003283,2025-12-27,email,descuento,3600,0
605478,3003283,2025-04-17,push,cashback,1100,0
605479,3003283,2025-01-12,push,upgrade_credito,1400,0
605480,3003283,2025-12-02,push,generico,600,0
605481,3003286,2026-02-15,push,descuento,900,0
605482,3003287,2025-12-25,push,cashback,800,0
605483,3003288,2025-01-29,email,upgrade_credito,3300,0
605484,3003289,2025-06-01,sms,upgrade_credito,3400,0
605485,3003291,2025-04-12,email,upgrade_credito,3200,0
605486,3003293,2025-04-07,push,cashback,2900,0
605487,3003293,2025-02-22,email,generico,3900,0
605488,3003293,2025-05-13,email,cashback,1200,0
605489,3003294,2025-10-12,push,descuento,3700,0
605490,3003294,2026-03-02,push,upgrade_credito,1200,0
605491,3003294,2025-01-31,email,cashback,3400,0
605492,3003295,2026-01-13,email,upgrade_credito,1100,0
605493,3003295,2025-12-27,email,upgrade_credito,3300,0
605494,3003296,2025-11-20,push,generico,3300,0
605495,3003297,2026-01-22,email,generico,1200,0
605496,3003297,2025-12-11,sms,cashback,2900,0
605497,3003297,2025-11-25,email,cashback,2500,0
605498,3003298,2025-06-26,push,generico,600,0
605499,3003298,2025-10-12,push,cashback,2500,1
605500,3003299,2025-08-08,push,descuento,700,0
605501,3003299,2025-10-06,push,descuento,1500,0
605502,3003299,2025-11-18,push,descuento,3000,1
605503,3003301,2025-11-18,email,descuento,2300,0
605504,3003301,2025-05-20,push,descuento,2200,0
605505,3003302,2025-08-20,push,cashback,600,0
605506,3003302,2025-12-21,push,generico,1600,0
605507,3003302,2025-09-27,push,descuento,3800,0
605508,3003302,2025-08-28,push,descuento,3800,0
605509,3003304,2025-08-30,email,descuento,500,0
605510,3003304,2025-09-28,push,cashback,2200,0
605511,3003304,2026-01-08,sms,generico,1800,0
605512,3003304,2025-08-10,push,upgrade_credito,2800,0
605513,3003306,2026-02-05,email,descuento,2700,0
605514,3003306,2025-10-16,push,descuento,2600,0
605515,3003307,2025-01-10,sms,descuento,1500,0
605516,3003308,2025-11-21,push,descuento,2400,0
605517,3003308,2025-09-06,push,cashback,2600,0
605518,3003309,2025-04-11,email,cashback,2900,0
605519,3003309,2025-01-12,push,cashback,3100,0
605520,3003310,2025-10-19,email,cashback,2800,0
605521,3003310,2025-06-06,sms,cashback,2500,0
605522,3003310,2025-05-26,push,cashback,3500,1
605523,3003311,2025-05-29,sms,descuento,2100,0
605524,3003312,2025-05-31,email,cashback,2600,0
605525,3003312,2025-01-25,email,upgrade_credito,2300,0
605526,3003313,2025-06-10,push,descuento,500,0
605527,3003314,2025-02-24,sms,upgrade_credito,2200,0
605528,3003316,2025-01-21,sms,cashback,2900,1
605529,3003316,2025-02-12,email,descuento,2900,0
605530,3003317,2025-09-13,sms,generico,1800,0
605531,3003317,2025-06-16,push,descuento,2000,0
605532,3003317,2025-01-23,push,cashback,600,0
605533,3003319,2025-08-24,push,generico,3800,0
605534,3003319,2026-02-03,push,upgrade_credito,2100,0
605535,3003320,2025-04-03,email,descuento,3000,0
605536,3003321,2025-11-28,email,upgrade_credito,1000,0
605537,3003321,2025-11-08,email,cashback,2800,0
605538,3003321,2025-08-28,push,descuento,2000,0
605539,3003322,2025-11-08,email,cashback,2900,0
605540,3003323,2025-08-28,push,generico,2800,0
605541,3003323,2025-08-27,push,descuento,1300,1
605542,3003323,2025-04-25,push,cashback,1900,0
605543,3003324,2025-11-29,push,cashback,500,0
605544,3003324,2025-03-19,email,upgrade_credito,2000,0
605545,3003327,2025-11-10,sms,cashback,1100,0
605546,3003327,2026-03-07,push,generico,3100,0
605547,3003328,2025-06-03,push,generico,1600,0
605548,3003330,2025-05-05,push,cashback,1000,0
605549,3003330,2025-12-23,email,generico,2200,0
605550,3003331,2025-08-24,email,cashback,3500,1
605551,3003332,2025-10-28,push,descuento,1400,0
605552,3003334,2025-02-19,email,generico,3900,0
605553,3003334,2025-05-03,push,cashback,600,0
605554,3003334,2025-06-12,push,descuento,3100,0
605555,3003334,2025-03-06,sms,cashback,3300,0
605556,3003334,2025-08-19,push,cashback,1100,0
605557,3003334,2026-02-18,push,generico,2500,0
605558,3003335,2025-08-02,email,cashback,1900,0
605559,3003336,2025-12-05,push,generico,700,0
605560,3003336,2025-06-06,push,upgrade_credito,1800,0
605561,3003337,2025-06-11,push,cashback,500,0
605562,3003337,2026-02-03,email,descuento,2100,0
605563,3003338,2025-06-07,push,descuento,3400,1
605564,3003338,2025-06-12,push,cashback,2600,0
605565,3003338,2025-03-31,push,generico,900,0
605566,3003338,2025-10-31,push,cashback,3800,0
605567,3003339,2025-07-21,email,generico,3400,0
605568,3003339,2025-11-03,email,descuento,1600,0
605569,3003340,2025-01-30,push,cashback,2700,0
605570,3003341,2025-04-12,push,upgrade_credito,600,0
605571,3003341,2025-12-28,push,cashback,1000,0
605572,3003341,2025-01-30,push,cashback,800,0
605573,3003342,2025-05-24,push,generico,1500,0
605574,3003342,2025-04-23,push,generico,2800,0
605575,3003345,2025-10-22,push,descuento,1500,0
605576,3003345,2025-11-03,email,generico,1600,0
605577,3003346,2026-02-07,push,generico,1800,0
605578,3003346,2025-07-31,email,descuento,1000,0
605579,3003347,2025-09-23,push,cashback,1000,0
605580,3003348,2025-02-05,push,cashback,3400,0
605581,3003349,2025-05-10,push,cashback,2100,0
605582,3003349,2025-04-28,email,generico,3400,0
605583,3003351,2026-03-05,email,descuento,3700,0
605584,3003352,2025-09-10,push,generico,3100,0
605585,3003353,2025-11-10,push,generico,3800,0
605586,3003353,2026-02-05,push,descuento,1800,0
605587,3003353,2025-01-03,push,generico,2900,0
605588,3003355,2025-12-19,email,upgrade_credito,2200,0
605589,3003355,2025-09-02,push,cashback,2900,1
605590,3003357,2026-03-12,email,upgrade_credito,3200,0
605591,3003357,2025-03-02,email,descuento,1100,0
605592,3003358,2025-07-28,email,descuento,2500,0
605593,3003360,2025-10-15,push,upgrade_credito,3300,0
605594,3003362,2026-03-08,push,upgrade_credito,3000,0
605595,3003363,2025-01-16,push,upgrade_credito,1300,0
605596,3003363,2025-09-10,sms,generico,2400,0
605597,3003364,2025-10-06,email,cashback,900,1
605598,3003364,2025-11-12,push,cashback,1300,1
605599,3003364,2025-04-12,push,generico,2600,0
605600,3003365,2026-01-03,push,descuento,1500,0
605601,3003366,2025-08-12,push,descuento,2600,0
605602,3003367,2025-02-28,sms,cashback,900,1
605603,3003367,2025-05-28,push,upgrade_credito,700,0
605604,3003368,2026-02-23,push,descuento,1100,0
605605,3003368,2025-05-18,push,cashback,1000,0
605606,3003369,2026-01-09,push,descuento,800,1
605607,3003369,2025-11-16,sms,cashback,2100,0
605608,3003370,2025-09-12,email,cashback,3300,0
605609,3003370,2026-01-09,email,generico,2500,1
605610,3003370,2025-11-27,push,generico,3300,0
605611,3003371,2026-01-30,email,generico,600,0
605612,3003371,2025-06-13,email,upgrade_credito,1700,0
605613,3003372,2026-02-18,sms,upgrade_credito,3100,1
605614,3003372,2025-04-19,push,generico,1200,0
605615,3003373,2026-01-08,push,descuento,1200,0
605616,3003373,2025-05-01,sms,upgrade_credito,1700,0
605617,3003373,2025-03-18,sms,generico,3600,0
605618,3003373,2025-04-05,push,generico,2000,0
605619,3003373,2025-10-27,push,generico,3900,1
605620,3003375,2025-06-23,push,generico,3800,0
605621,3003375,2025-04-19,email,descuento,3800,1
605622,3003375,2026-02-09,sms,generico,2100,0
605623,3003376,2025-04-11,email,cashback,2200,0
605624,3003376,2025-12-09,email,cashback,700,0
605625,3003376,2025-01-27,email,generico,900,0
605626,3003377,2026-03-01,push,descuento,2700,0
605627,3003379,2025-02-10,push,cashback,2500,0
605628,3003379,2025-09-02,sms,cashback,2900,0
605629,3003379,2025-09-19,sms,upgrade_credito,900,0
605630,3003379,2025-04-27,email,descuento,2200,0
605631,3003380,2026-01-03,push,cashback,1200,0
605632,3003380,2025-04-11,push,generico,3700,0
605633,3003381,2026-01-20,email,descuento,3200,0
605634,3003381,2025-06-02,email,cashback,2900,0
605635,3003381,2025-11-06,push,upgrade_credito,1300,0
605636,3003382,2025-09-24,email,upgrade_credito,2600,0
605637,3003382,2025-09-13,email,descuento,1500,0
605638,3003382,2025-01-23,push,descuento,1100,0
605639,3003383,2025-12-04,sms,upgrade_credito,900,0
605640,3003383,2025-09-04,push,descuento,700,0
605641,3003384,2025-08-20,push,cashback,600,0
605642,3003384,2025-03-06,push,upgrade_credito,1400,0
605643,3003385,2025-08-25,push,descuento,2200,0
605644,3003385,2025-02-05,email,generico,3300,0
605645,3003385,2025-07-06,push,cashback,2200,0
605646,3003385,2026-01-18,email,cashback,2200,0
605647,3003386,2025-09-29,push,generico,1000,0
605648,3003386,2026-01-09,push,cashback,600,0
605649,3003387,2026-01-08,sms,cashback,1800,0
605650,3003388,2025-12-16,email,cashback,2600,1
605651,3003388,2026-03-02,push,cashback,1100,0
605652,3003388,2025-12-03,email,descuento,2000,0
605653,3003388,2025-05-13,sms,generico,3200,0
605654,3003389,2025-01-26,sms,cashback,1800,0
605655,3003390,2025-11-01,sms,descuento,500,0
605656,3003393,2025-09-08,push,upgrade_credito,3400,0
605657,3003393,2025-06-15,sms,generico,1000,0
605658,3003393,2026-01-13,push,generico,1600,0
605659,3003395,2025-03-03,push,descuento,900,0
605660,3003395,2025-08-03,email,generico,1300,0
605661,3003396,2025-05-15,sms,upgrade_credito,1600,0
605662,3003396,2025-12-05,push,upgrade_credito,2200,0
605663,3003397,2025-06-21,push,generico,2500,0
605664,3003397,2026-02-10,email,descuento,1200,0
605665,3003397,2025-02-01,push,descuento,1900,0
605666,3003398,2025-11-11,email,generico,2900,0
605667,3003398,2025-04-27,email,descuento,1000,0
605668,3003399,2025-02-25,email,cashback,900,0
605669,3003399,2026-03-13,push,cashback,2100,0
605670,3003399,2025-06-01,email,cashback,1400,0
605671,3003399,2026-03-14,email,cashback,1700,0
605672,3003400,2025-05-28,push,descuento,600,0
605673,3003400,2025-10-29,push,generico,2500,0
605674,3003401,2025-05-16,push,cashback,3400,0
605675,3003401,2025-10-18,push,upgrade_credito,3000,0
605676,3003404,2025-10-24,sms,descuento,2800,0
605677,3003404,2025-10-11,push,upgrade_credito,2700,0
605678,3003404,2025-08-23,push,generico,1000,0
605679,3003405,2026-02-23,push,generico,1900,0
605680,3003406,2025-02-10,email,cashback,1200,0
605681,3003406,2025-10-15,sms,cashback,2900,0
605682,3003406,2025-02-27,email,cashback,2600,0
605683,3003406,2025-07-15,email,cashback,2700,1
605684,3003407,2025-11-10,push,cashback,600,0
605685,3003408,2025-06-26,push,cashback,2900,1
605686,3003408,2026-02-18,push,cashback,1500,0
605687,3003410,2025-03-24,email,cashback,3800,1
605688,3003410,2025-10-06,email,generico,1400,0
605689,3003411,2025-10-01,push,cashback,1200,1
605690,3003411,2025-02-28,push,generico,2300,0
605691,3003411,2026-03-03,push,cashback,1000,0
605692,3003412,2025-07-11,email,descuento,2100,0
605693,3003413,2025-09-09,email,upgrade_credito,3600,0
605694,3003413,2026-02-27,email,generico,2700,0
605695,3003414,2025-01-17,email,generico,2000,0
605696,3003414,2025-07-12,email,cashback,600,0
605697,3003414,2025-02-25,sms,cashback,3400,0
605698,3003415,2025-11-29,push,cashback,2300,0
605699,3003415,2025-05-30,push,descuento,2400,0
605700,3003415,2025-06-30,push,cashback,2100,0
605701,3003416,2025-02-17,sms,cashback,2600,0
605702,3003416,2025-01-23,push,cashback,4000,0
605703,3003416,2026-02-07,push,descuento,1400,0
605704,3003417,2025-08-18,push,cashback,3800,0
605705,3003417,2026-01-07,email,descuento,2300,0
605706,3003419,2026-03-09,sms,descuento,800,0
605707,3003419,2025-03-28,push,cashback,1000,1
605708,3003421,2025-10-15,email,descuento,800,0
605709,3003422,2025-08-02,push,cashback,3100,0
605710,3003423,2025-08-26,push,cashback,3500,0
605711,3003423,2025-09-20,push,descuento,3800,0
605712,3003423,2025-02-25,push,generico,2900,0
605713,3003424,2025-03-05,email,descuento,1700,0
605714,3003424,2025-05-28,sms,descuento,2500,0
605715,3003425,2025-10-22,email,cashback,3400,1
605716,3003427,2025-09-10,email,descuento,1900,0
605717,3003428,2025-08-10,email,upgrade_credito,3500,0
605718,3003429,2025-08-11,push,generico,1700,0
605719,3003429,2025-11-18,email,descuento,1000,0
605720,3003429,2025-11-14,push,descuento,1600,0
605721,3003431,2025-05-26,push,generico,2300,0
605722,3003433,2025-04-18,push,descuento,1400,0
605723,3003434,2026-01-14,sms,descuento,3100,0
605724,3003434,2025-08-30,sms,descuento,1200,0
605725,3003434,2025-03-20,push,generico,2900,0
605726,3003435,2025-01-07,sms,descuento,1500,0
605727,3003435,2026-02-25,push,cashback,2200,0
605728,3003436,2025-10-28,sms,upgrade_credito,2200,0
605729,3003436,2026-02-01,push,descuento,2600,0
605730,3003437,2025-05-24,push,generico,3000,0
605731,3003438,2025-11-28,push,generico,2000,0
605732,3003440,2025-01-06,sms,generico,800,0
605733,3003440,2025-04-11,push,upgrade_credito,1100,0
605734,3003441,2026-01-21,push,descuento,800,0
605735,3003441,2025-02-20,push,generico,1700,0
605736,3003442,2025-12-15,push,upgrade_credito,2200,0
605737,3003443,2025-08-25,push,cashback,2200,1
605738,3003443,2025-10-26,push,cashback,3300,0
605739,3003443,2025-04-01,sms,cashback,2900,0
605740,3003444,2025-08-26,push,upgrade_credito,2700,0
605741,3003444,2026-01-30,email,cashback,800,0
605742,3003444,2025-06-06,email,generico,3700,0
605743,3003444,2025-12-30,push,cashback,2100,0
605744,3003445,2025-02-27,sms,generico,3100,0
605745,3003445,2025-12-31,push,cashback,2700,0
605746,3003445,2026-01-22,push,descuento,800,0
605747,3003447,2025-07-31,email,cashback,3100,0
605748,3003447,2025-10-25,sms,upgrade_credito,1800,0
605749,3003447,2026-01-16,push,generico,800,0
605750,3003448,2025-10-18,push,cashback,3100,0
605751,3003448,2025-01-10,push,cashback,1800,0
605752,3003448,2025-10-16,sms,descuento,2100,0
605753,3003449,2025-10-24,push,generico,500,0
605754,3003449,2026-01-21,push,upgrade_credito,900,0
605755,3003449,2025-02-13,push,descuento,3100,0
605756,3003450,2025-09-09,push,descuento,2900,0
605757,3003450,2025-04-09,sms,cashback,3200,1
605758,3003450,2025-07-16,email,generico,3100,0
605759,3003450,2025-11-18,push,descuento,2900,0
605760,3003451,2025-12-10,email,generico,800,0
605761,3003451,2025-03-06,email,cashback,1700,0
605762,3003451,2026-01-05,email,descuento,3800,0
605763,3003451,2026-03-02,sms,cashback,900,0
605764,3003451,2026-01-09,push,descuento,2900,0
605765,3003452,2026-03-03,push,generico,4000,0
605766,3003452,2025-09-28,email,upgrade_credito,3500,1
605767,3003452,2026-02-19,push,cashback,2900,0
605768,3003453,2025-05-08,email,cashback,1000,0
605769,3003453,2025-12-18,push,cashback,3500,0
605770,3003453,2025-01-03,sms,generico,900,0
605771,3003454,2025-08-09,email,generico,3000,1
605772,3003454,2025-03-14,email,descuento,900,1
605773,3003454,2025-10-13,sms,cashback,2800,0
605774,3003455,2025-09-22,push,generico,1000,0
605775,3003456,2025-01-01,email,descuento,3300,0
605776,3003456,2026-02-26,sms,generico,3600,0
605777,3003456,2025-06-18,email,generico,2500,0
605778,3003456,2025-02-14,sms,cashback,3500,0
605779,3003457,2026-01-02,email,upgrade_credito,1100,0
605780,3003458,2025-07-15,sms,generico,1100,0
605781,3003458,2025-10-23,email,cashback,3500,0
605782,3003458,2025-10-21,email,generico,2400,0
605783,3003459,2025-12-17,push,cashback,1400,0
605784,3003460,2025-08-20,email,cashback,2500,0
605785,3003461,2025-09-04,sms,generico,1000,0
605786,3003461,2025-06-11,email,generico,1100,0
605787,3003461,2025-07-05,push,generico,700,0
605788,3003462,2025-04-08,push,generico,1400,0
605789,3003462,2025-01-21,push,generico,900,1
605790,3003463,2025-06-29,email,cashback,3300,0
605791,3003463,2025-01-24,push,descuento,2300,0
605792,3003464,2025-12-16,sms,cashback,2700,0
605793,3003464,2025-09-12,sms,descuento,1400,1
605794,3003464,2025-03-13,push,cashback,1800,0
605795,3003465,2025-03-21,sms,cashback,600,1
605796,3003465,2025-03-26,email,cashback,2600,0
605797,3003465,2025-07-09,push,descuento,3000,0
605798,3003466,2026-01-01,push,descuento,3900,0
605799,3003466,2025-01-22,push,cashback,1700,0
605800,3003467,2026-02-19,push,upgrade_credito,2700,0
605801,3003468,2025-11-18,email,descuento,3600,0
605802,3003468,2025-11-24,email,cashback,2500,0
605803,3003468,2026-02-22,email,cashback,2900,0
605804,3003468,2025-12-02,email,generico,2700,0
605805,3003468,2025-09-21,email,generico,3800,0
605806,3003469,2026-01-18,push,cashback,1600,0
605807,3003470,2025-12-06,push,cashback,2400,0
605808,3003470,2025-09-04,push,upgrade_credito,1500,0
605809,3003471,2025-01-02,push,upgrade_credito,800,0
605810,3003471,2025-05-22,sms,cashback,700,0
605811,3003471,2025-10-18,push,generico,3400,0
605812,3003472,2025-02-04,push,descuento,2600,0
605813,3003472,2025-10-03,email,generico,3300,0
605814,3003473,2025-12-06,email,upgrade_credito,1500,0
605815,3003473,2025-11-22,push,descuento,2800,1
605816,3003474,2025-07-31,sms,descuento,3600,1
605817,3003475,2026-01-15,email,descuento,3000,0
605818,3003478,2025-07-28,sms,cashback,3800,0
605819,3003478,2025-09-26,email,descuento,3100,0
605820,3003479,2025-09-03,push,generico,4000,1
605821,3003479,2025-10-02,push,generico,1200,0
605822,3003479,2025-10-14,sms,descuento,3100,0
605823,3003480,2025-05-29,sms,cashback,900,0
605824,3003480,2025-03-11,push,generico,1900,0
605825,3003480,2025-07-15,push,generico,2000,0
605826,3003480,2025-09-07,push,descuento,2800,0
605827,3003480,2025-05-19,email,descuento,2400,0
605828,3003483,2026-01-10,push,descuento,2700,0
605829,3003483,2026-01-20,push,cashback,1900,0
605830,3003483,2025-03-19,sms,descuento,1300,0
605831,3003484,2026-03-07,sms,cashback,1400,0
605832,3003484,2025-05-01,email,upgrade_credito,1000,0
605833,3003485,2025-12-08,email,descuento,3300,0
605834,3003485,2025-12-14,email,cashback,2800,0
605835,3003486,2025-05-26,push,descuento,1700,0
605836,3003486,2025-02-01,sms,generico,2200,1
605837,3003486,2025-09-09,push,upgrade_credito,700,0
605838,3003487,2026-03-12,email,cashback,1400,0
605839,3003489,2025-10-16,sms,upgrade_credito,2100,0
605840,3003490,2025-11-16,push,descuento,3600,0
605841,3003491,2026-03-07,sms,generico,900,0
605842,3003491,2025-09-14,push,cashback,3200,1
605843,3003492,2025-08-25,push,descuento,700,0
605844,3003492,2025-05-09,sms,descuento,1200,0
605845,3003492,2025-04-20,push,generico,3000,0
605846,3003493,2025-06-26,push,descuento,3200,0
605847,3003493,2025-08-28,email,descuento,2000,0
605848,3003493,2025-03-22,push,cashback,800,0
605849,3003495,2025-01-20,push,cashback,3000,0
605850,3003496,2025-01-16,push,descuento,1400,0
605851,3003497,2025-11-14,push,upgrade_credito,1700,0
605852,3003497,2025-03-27,push,descuento,600,0
605853,3003498,2025-04-21,push,descuento,3000,0
605854,3003498,2026-02-20,push,generico,2900,1
605855,3003499,2025-11-27,push,upgrade_credito,3700,0
605856,3003499,2025-08-13,sms,upgrade_credito,3900,0
605857,3003499,2026-02-05,email,generico,3200,0
605858,3003500,2025-09-10,email,descuento,2000,0
605859,3003501,2025-10-31,push,descuento,1100,0
605860,3003501,2025-05-03,email,cashback,1000,0
605861,3003501,2025-06-13,push,descuento,3000,0
605862,3003502,2025-04-25,email,descuento,1400,0
605863,3003503,2025-09-22,push,descuento,2500,0
605864,3003503,2025-07-13,push,generico,500,0
605865,3003503,2025-08-20,email,cashback,600,0
605866,3003504,2025-04-06,push,cashback,3200,0
605867,3003504,2025-02-10,push,cashback,1300,0
605868,3003504,2025-12-27,push,upgrade_credito,3900,0
605869,3003504,2025-10-15,push,cashback,1600,0
605870,3003505,2025-09-30,sms,cashback,2600,0
605871,3003505,2025-11-17,email,generico,2100,0
605872,3003506,2025-03-29,sms,upgrade_credito,800,0
605873,3003506,2025-02-24,push,descuento,1700,0
605874,3003507,2025-03-23,sms,descuento,1800,0
605875,3003507,2025-05-01,email,descuento,1800,0
605876,3003507,2025-08-04,push,descuento,1800,0
605877,3003508,2025-05-11,push,generico,3900,0
605878,3003508,2025-07-10,push,cashback,1800,0
605879,3003509,2025-03-18,sms,descuento,3500,0
605880,3003509,2025-02-06,push,descuento,3900,0
605881,3003510,2025-10-04,push,cashback,3500,1
605882,3003510,2026-03-15,sms,descuento,1700,0
605883,3003512,2025-06-08,email,cashback,3900,0
605884,3003512,2025-01-06,push,descuento,1600,0
605885,3003512,2025-06-27,email,descuento,800,0
605886,3003513,2025-08-18,push,generico,3800,1
605887,3003513,2025-04-13,email,descuento,2200,1
605888,3003513,2025-10-09,email,cashback,3200,1
605889,3003514,2026-01-28,email,generico,500,0
605890,3003515,2025-10-11,sms,upgrade_credito,2700,0
605891,3003515,2025-07-14,email,descuento,1400,0
605892,3003516,2025-06-15,push,cashback,2000,0
605893,3003517,2025-09-13,email,cashback,1600,1
605894,3003518,2025-02-28,email,upgrade_credito,2300,0
605895,3003518,2025-10-20,email,cashback,2000,0
605896,3003518,2025-10-23,push,generico,2400,1
605897,3003518,2025-03-15,sms,upgrade_credito,3100,0
605898,3003519,2025-06-30,email,cashback,1900,0
605899,3003519,2025-10-31,push,descuento,3500,1
605900,3003519,2025-10-23,email,upgrade_credito,2300,0
605901,3003520,2026-02-12,push,cashback,1300,0
605902,3003520,2025-09-07,push,cashback,700,0
605903,3003521,2025-03-10,push,cashback,1600,0
605904,3003521,2025-03-30,email,cashback,1500,1
605905,3003521,2025-06-28,push,descuento,900,0
605906,3003522,2025-06-13,push,generico,3100,0
605907,3003523,2026-02-16,push,descuento,2000,0
605908,3003523,2025-03-20,email,descuento,3600,1
605909,3003523,2025-06-19,email,generico,3500,0
605910,3003523,2025-12-05,push,descuento,2700,0
605911,3003525,2025-01-05,email,generico,3200,0
605912,3003525,2025-09-11,push,descuento,1800,0
605913,3003526,2025-08-07,email,descuento,2500,0
605914,3003526,2025-11-20,email,upgrade_credito,1000,0
605915,3003526,2025-03-22,push,descuento,4000,0
605916,3003526,2025-05-23,push,descuento,1400,0
605917,3003527,2025-08-11,push,descuento,2600,0
605918,3003527,2025-11-07,push,cashback,3000,0
605919,3003527,2025-09-17,push,upgrade_credito,3200,0
605920,3003530,2025-06-05,sms,descuento,2100,0
605921,3003531,2025-03-01,email,descuento,3300,0
605922,3003531,2025-07-24,sms,cashback,3400,0
605923,3003531,2026-01-08,push,upgrade_credito,2800,0
605924,3003532,2025-03-31,push,generico,1500,0
605925,3003533,2025-04-01,push,cashback,2700,0
605926,3003534,2025-07-31,sms,descuento,1500,0
605927,3003534,2025-04-09,push,generico,3400,0
605928,3003536,2025-03-19,email,generico,2600,0
605929,3003536,2026-01-20,push,cashback,2900,1
605930,3003536,2025-08-24,push,descuento,2200,0
605931,3003537,2025-06-12,email,cashback,1000,0
605932,3003537,2026-02-16,push,descuento,1300,0
605933,3003537,2025-11-19,email,cashback,2400,0
605934,3003538,2025-02-25,email,descuento,900,0
605935,3003538,2025-08-15,push,generico,1500,0
605936,3003539,2025-08-01,push,upgrade_credito,2400,0
605937,3003540,2025-07-03,sms,descuento,2600,0
605938,3003541,2025-01-18,push,generico,2200,0
605939,3003542,2025-07-09,sms,descuento,1000,0
605940,3003542,2025-11-03,email,descuento,2800,0
605941,3003543,2025-03-13,push,cashback,900,1
605942,3003543,2025-01-27,email,descuento,1000,0
605943,3003543,2026-01-12,sms,generico,1600,0
605944,3003543,2025-02-12,push,descuento,3300,0
605945,3003544,2025-02-04,email,descuento,600,0
605946,3003545,2025-03-17,push,descuento,1000,0
605947,3003545,2026-01-21,push,generico,1500,1
605948,3003546,2025-04-20,email,upgrade_credito,2900,0
605949,3003546,2025-11-29,sms,generico,3000,0
605950,3003547,2025-06-15,email,generico,1500,0
605951,3003547,2025-02-07,push,generico,2300,0
605952,3003547,2026-01-09,sms,upgrade_credito,2200,0
605953,3003548,2025-05-01,push,generico,500,0
605954,3003548,2025-10-14,push,cashback,1600,0
605955,3003548,2025-03-25,sms,upgrade_credito,3800,0
605956,3003548,2026-03-13,push,cashback,2600,0
605957,3003549,2025-01-04,email,cashback,2900,0
605958,3003549,2025-04-25,push,descuento,2300,0
605959,3003550,2025-09-02,push,generico,1700,0
605960,3003550,2025-10-03,push,cashback,2700,0
605961,3003551,2025-10-27,email,descuento,900,0
605962,3003552,2025-04-07,push,cashback,2000,0
605963,3003553,2025-11-21,push,generico,1000,0
605964,3003553,2025-08-11,email,descuento,3100,0
605965,3003553,2026-03-06,push,generico,2200,0
605966,3003553,2025-10-28,push,generico,3900,0
605967,3003554,2025-09-06,push,upgrade_credito,3500,0
605968,3003554,2025-04-01,email,cashback,2300,0
605969,3003555,2025-08-22,push,descuento,2400,0
605970,3003555,2025-08-28,email,cashback,2200,0
605971,3003556,2025-05-06,sms,descuento,1200,0
605972,3003556,2026-01-12,push,cashback,1200,0
605973,3003556,2025-04-22,email,generico,1700,0
605974,3003557,2025-05-31,email,upgrade_credito,2000,0
605975,3003557,2025-01-17,push,descuento,1200,0
605976,3003558,2025-07-26,push,generico,2100,0
605977,3003558,2025-01-17,email,cashback,1400,1
605978,3003559,2025-12-29,email,upgrade_credito,1800,0
605979,3003560,2025-02-09,sms,cashback,2200,0
605980,3003560,2025-12-31,push,cashback,2000,0
605981,3003561,2025-12-17,push,cashback,1600,0
605982,3003562,2026-02-28,push,upgrade_credito,3100,0
605983,3003562,2025-07-13,email,cashback,3300,1
605984,3003563,2026-01-20,email,upgrade_credito,1600,0
605985,3003563,2025-06-16,sms,upgrade_credito,1200,0
605986,3003564,2025-10-19,push,upgrade_credito,3200,1
605987,3003564,2025-07-09,email,descuento,1500,0
605988,3003565,2025-05-19,email,descuento,3400,0
605989,3003566,2025-12-28,push,descuento,2600,0
605990,3003566,2026-03-09,sms,cashback,1800,0
605991,3003567,2025-11-25,push,generico,3300,0
605992,3003567,2025-02-24,email,generico,1200,0
605993,3003567,2025-11-28,sms,upgrade_credito,2000,0
605994,3003568,2025-05-24,push,generico,1000,0
605995,3003568,2025-10-09,sms,generico,1200,0
605996,3003569,2025-08-17,push,descuento,1300,0
605997,3003570,2025-11-27,push,cashback,2700,0
605998,3003570,2025-03-24,push,generico,3600,0
605999,3003571,2025-01-07,email,cashback,1400,0
606000,3003572,2025-04-13,push,generico,3500,1
606001,3003572,2026-01-02,push,descuento,2600,1
606002,3003573,2025-12-14,push,descuento,2500,0
606003,3003573,2025-08-07,push,upgrade_credito,3900,1
606004,3003575,2025-10-14,push,cashback,1100,0
606005,3003576,2025-09-26,push,upgrade_credito,3000,0
606006,3003576,2025-10-18,push,cashback,800,0
606007,3003576,2025-09-01,sms,upgrade_credito,2400,0
606008,3003578,2025-08-02,push,generico,2700,0
606009,3003578,2025-08-14,sms,descuento,600,0
606010,3003578,2025-11-06,email,cashback,3300,0
606011,3003579,2025-08-15,email,cashback,1300,0
606012,3003579,2025-10-22,push,descuento,1400,0
606013,3003580,2025-04-17,email,cashback,3900,1
606014,3003580,2025-08-07,email,upgrade_credito,2700,0
606015,3003580,2026-02-26,push,generico,3200,0
606016,3003580,2025-10-27,push,cashback,3100,0
606017,3003583,2026-01-09,email,cashback,3400,0
606018,3003583,2025-03-24,sms,cashback,900,0
606019,3003583,2025-03-14,push,descuento,2100,0
606020,3003583,2026-03-07,push,cashback,2200,0
606021,3003584,2025-06-18,sms,descuento,3300,0
606022,3003584,2025-03-19,email,cashback,3100,0
606023,3003584,2026-02-21,sms,cashback,1100,0
606024,3003585,2026-03-13,push,cashback,1100,0
606025,3003587,2025-04-29,email,descuento,2500,0
606026,3003587,2025-07-16,push,descuento,600,0
606027,3003588,2025-02-28,push,generico,1000,1
606028,3003590,2026-01-09,sms,generico,1700,0
606029,3003591,2026-02-18,push,descuento,3800,0
606030,3003592,2025-11-18,push,generico,1000,0
606031,3003593,2025-08-07,sms,descuento,2800,0
606032,3003593,2025-04-27,push,descuento,2300,1
606033,3003593,2025-03-09,email,cashback,3400,1
606034,3003593,2025-08-16,email,generico,1200,0
606035,3003594,2025-03-19,email,descuento,3900,0
606036,3003594,2026-03-12,sms,descuento,600,0
606037,3003595,2025-11-08,email,descuento,1700,0
606038,3003595,2025-02-14,email,descuento,3100,0
606039,3003595,2026-02-21,email,descuento,3700,0
606040,3003596,2025-01-28,email,generico,2900,0
606041,3003597,2025-04-01,push,descuento,2300,0
606042,3003599,2025-03-28,sms,cashback,2900,1
606043,3003599,2025-01-01,email,cashback,3500,1
606044,3003599,2026-03-14,push,generico,1900,0
606045,3003600,2025-07-19,email,descuento,2200,0
606046,3003601,2025-02-10,sms,cashback,3300,1
606047,3003602,2025-07-13,push,cashback,800,1
606048,3003602,2025-07-23,email,descuento,3300,0
606049,3003603,2025-12-31,email,cashback,3000,0
606050,3003603,2026-01-05,push,generico,3400,1
606051,3003604,2025-12-20,push,cashback,1600,0
606052,3003604,2025-05-09,sms,descuento,2700,0
606053,3003604,2026-01-15,email,descuento,2700,0
606054,3003605,2025-03-10,email,upgrade_credito,1700,0
606055,3003606,2026-01-27,sms,descuento,3500,0
606056,3003607,2026-01-30,push,generico,2300,0
606057,3003607,2025-01-08,push,cashback,1300,0
606058,3003607,2025-07-09,email,descuento,2900,0
606059,3003607,2025-03-18,email,cashback,3200,0
606060,3003608,2025-10-09,email,cashback,1400,0
606061,3003609,2025-11-13,push,upgrade_credito,1000,0
606062,3003609,2025-01-08,push,descuento,1500,0
606063,3003610,2025-03-17,sms,cashback,1400,0
606064,3003610,2025-02-02,push,generico,2700,0
606065,3003611,2025-09-22,sms,descuento,1400,0
606066,3003611,2025-05-19,push,generico,1700,0
606067,3003611,2025-07-22,push,cashback,1000,0
606068,3003612,2025-12-11,sms,descuento,3700,0
606069,3003614,2025-09-14,push,descuento,500,0
606070,3003615,2025-03-15,email,upgrade_credito,3100,0
606071,3003615,2025-09-19,email,descuento,2900,0
606072,3003619,2026-01-10,push,upgrade_credito,1000,0
606073,3003622,2025-04-17,email,generico,3900,0
606074,3003622,2025-12-24,email,upgrade_credito,1300,0
606075,3003623,2026-03-01,sms,cashback,3000,0
606076,3003623,2025-12-18,push,descuento,2600,0
606077,3003624,2025-01-24,push,cashback,500,1
606078,3003624,2025-04-27,sms,generico,700,0
606079,3003625,2025-09-01,push,generico,500,0
606080,3003626,2025-10-25,email,descuento,2500,0
606081,3003627,2025-07-11,push,upgrade_credito,2700,1
606082,3003627,2025-01-13,push,cashback,600,1
606083,3003631,2026-01-21,email,cashback,2600,1
606084,3003631,2026-02-02,push,generico,2200,0
606085,3003631,2026-03-06,sms,descuento,4000,0
606086,3003631,2025-07-22,push,cashback,3100,0
606087,3003631,2025-09-30,sms,cashback,3600,1
606088,3003632,2025-02-09,push,cashback,2200,0
606089,3003634,2025-09-22,email,descuento,1600,0
606090,3003634,2025-11-29,push,generico,3700,0
606091,3003635,2025-07-09,email,cashback,3600,0
606092,3003636,2025-04-28,push,descuento,3200,0
606093,3003636,2025-11-30,push,generico,1900,0
606094,3003636,2026-01-15,push,generico,2200,0
606095,3003637,2025-09-30,email,cashback,2600,0
606096,3003637,2025-01-24,push,generico,3500,0
606097,3003638,2025-03-24,push,descuento,2400,0
606098,3003638,2025-05-06,push,generico,2100,0
606099,3003638,2025-12-05,push,generico,2400,0
606100,3003639,2025-05-15,push,descuento,1200,0
606101,3003639,2025-02-26,push,generico,2000,0
606102,3003640,2026-02-01,sms,descuento,3200,0
606103,3003640,2025-04-24,email,generico,3100,1
606104,3003641,2025-03-02,push,cashback,700,0
606105,3003641,2025-05-31,email,cashback,1100,0
606106,3003641,2025-09-01,email,descuento,2400,0
606107,3003642,2025-09-14,sms,descuento,700,0
606108,3003643,2025-05-25,email,generico,3900,0
606109,3003643,2025-10-11,email,cashback,2400,0
606110,3003643,2025-11-30,push,cashback,1200,0
606111,3003644,2026-01-04,sms,cashback,2600,0
606112,3003644,2025-12-23,email,upgrade_credito,800,0
606113,3003644,2025-06-28,push,upgrade_credito,3200,1
606114,3003645,2026-03-03,push,descuento,2700,0
606115,3003645,2025-02-12,push,descuento,3500,0
606116,3003646,2025-11-29,push,upgrade_credito,1800,0
606117,3003647,2025-06-14,sms,descuento,2300,0
606118,3003647,2025-07-23,push,cashback,1200,0
606119,3003650,2025-04-21,push,upgrade_credito,2700,0
606120,3003650,2025-01-03,sms,generico,2300,0
606121,3003650,2025-09-13,email,descuento,3800,0
606122,3003650,2026-02-08,email,upgrade_credito,2900,0
606123,3003651,2025-10-31,sms,cashback,2500,0
606124,3003651,2026-01-03,sms,generico,3100,0
606125,3003652,2025-10-26,sms,descuento,500,0
606126,3003653,2025-05-18,email,cashback,3100,0
606127,3003653,2025-10-24,sms,descuento,900,0
606128,3003653,2025-07-02,sms,generico,2900,0
606129,3003654,2026-01-16,sms,generico,1000,0
606130,3003654,2026-01-18,email,descuento,1300,0
606131,3003655,2025-05-31,push,generico,1400,0
606132,3003655,2025-11-26,email,descuento,900,0
606133,3003655,2025-07-12,push,cashback,2700,0
606134,3003656,2025-04-08,push,descuento,700,0
606135,3003656,2025-08-04,push,cashback,2000,1
606136,3003657,2025-02-10,sms,cashback,1900,0
606137,3003657,2025-10-18,email,cashback,3900,0
606138,3003657,2025-12-19,email,generico,1300,0
606139,3003659,2025-07-03,email,upgrade_credito,1700,0
606140,3003660,2026-01-21,sms,generico,1800,0
606141,3003661,2025-04-08,push,generico,2900,0
606142,3003661,2026-02-23,push,cashback,3900,0
606143,3003663,2025-04-24,email,upgrade_credito,2500,0
606144,3003663,2026-02-24,email,upgrade_credito,2400,0
606145,3003663,2026-02-02,email,generico,2500,1
606146,3003663,2025-03-14,push,generico,3100,0
606147,3003664,2025-02-02,push,generico,1500,0
606148,3003666,2025-08-11,push,cashback,1600,1
606149,3003667,2025-08-03,push,descuento,3300,0
606150,3003667,2026-02-16,email,descuento,2200,0
606151,3003667,2025-12-07,push,descuento,900,0
606152,3003669,2025-07-25,email,descuento,2200,0
606153,3003670,2025-09-25,sms,cashback,1100,0
606154,3003671,2025-01-17,push,descuento,800,0
606155,3003671,2026-01-07,push,descuento,2700,0
606156,3003671,2025-01-18,push,upgrade_credito,3200,0
606157,3003672,2025-12-01,sms,descuento,3000,0
606158,3003672,2025-08-16,email,generico,2400,0
606159,3003673,2026-02-25,push,generico,1100,0
606160,3003674,2026-02-06,push,generico,800,0
606161,3003674,2025-10-05,email,descuento,1500,0
606162,3003676,2026-01-18,email,cashback,700,0
606163,3003677,2025-01-08,push,descuento,3900,0
606164,3003677,2025-03-13,email,cashback,3100,0
606165,3003680,2025-12-29,email,cashback,1900,0
606166,3003680,2025-02-19,push,generico,3500,0
606167,3003680,2025-08-30,email,cashback,500,0
606168,3003681,2025-12-02,push,descuento,900,0
606169,3003681,2025-02-21,email,descuento,1800,0
606170,3003681,2025-02-10,email,descuento,1200,0
606171,3003682,2025-11-23,email,upgrade_credito,1900,0
606172,3003682,2025-01-06,push,generico,2100,0
606173,3003683,2025-08-05,email,generico,900,0
606174,3003683,2026-03-08,sms,cashback,1100,0
606175,3003685,2025-12-23,sms,descuento,1300,0
606176,3003685,2025-06-20,email,descuento,3800,0
606177,3003685,2025-01-28,push,descuento,1500,0
606178,3003686,2025-11-15,push,descuento,1300,0
606179,3003687,2025-08-20,push,generico,3600,0
606180,3003687,2025-10-29,push,cashback,900,1
606181,3003687,2025-12-10,email,generico,3100,0
606182,3003687,2025-01-16,sms,cashback,1500,0
606183,3003689,2025-03-22,push,generico,3500,0
606184,3003690,2025-12-02,email,generico,2400,0
606185,3003690,2025-04-19,email,generico,2500,0
606186,3003691,2025-09-06,email,generico,1100,0
606187,3003692,2025-10-17,email,upgrade_credito,2000,0
606188,3003692,2025-02-15,sms,descuento,700,0
606189,3003693,2025-03-27,sms,cashback,1600,0
606190,3003693,2026-01-24,email,generico,1600,0
606191,3003694,2026-01-18,push,generico,3800,0
606192,3003695,2025-11-23,email,descuento,1700,0
606193,3003696,2025-06-29,email,generico,3200,0
606194,3003697,2025-04-06,email,descuento,1200,0
606195,3003697,2025-04-06,push,descuento,1900,0
606196,3003697,2025-10-12,email,descuento,4000,0
606197,3003697,2025-07-24,email,cashback,3800,0
606198,3003697,2025-09-11,push,generico,2000,0
606199,3003697,2025-03-27,push,generico,500,0
606200,3003698,2025-05-26,push,cashback,2900,0
606201,3003698,2025-05-22,push,upgrade_credito,2500,0
606202,3003698,2025-02-28,push,upgrade_credito,2500,0
606203,3003699,2025-04-23,email,upgrade_credito,2900,0
606204,3003699,2025-09-22,push,descuento,1800,0
606205,3003699,2026-02-02,push,descuento,2700,0
606206,3003701,2025-11-15,push,generico,2400,0
606207,3003702,2025-03-31,push,descuento,1900,0
606208,3003702,2025-07-19,email,generico,500,0
606209,3003703,2025-11-25,sms,descuento,500,0
606210,3003704,2026-01-29,email,cashback,2300,0
606211,3003705,2025-09-04,email,cashback,2800,0
606212,3003706,2025-08-24,push,upgrade_credito,3900,0
606213,3003706,2025-02-05,email,descuento,3000,0
606214,3003707,2026-03-14,sms,generico,2000,0
606215,3003707,2025-02-18,sms,descuento,3400,0
606216,3003707,2026-02-22,push,generico,1600,0
606217,3003708,2025-04-10,email,descuento,2900,0
606218,3003709,2025-02-16,email,generico,900,0
606219,3003709,2025-09-22,email,generico,3000,0
606220,3003709,2025-09-02,email,upgrade_credito,3000,0
606221,3003709,2025-09-10,email,cashback,1400,0
606222,3003710,2025-11-24,push,upgrade_credito,1000,0
606223,3003710,2025-08-15,push,descuento,3900,0
606224,3003711,2026-02-24,push,cashback,800,0
606225,3003711,2025-06-24,push,descuento,1400,0
606226,3003711,2025-02-14,email,upgrade_credito,800,0
606227,3003712,2025-06-20,sms,descuento,3900,0
606228,3003712,2025-06-11,push,generico,2100,0
606229,3003713,2025-04-21,push,descuento,3000,0
606230,3003713,2025-09-11,email,descuento,2800,0
606231,3003713,2025-07-28,email,generico,3100,0
606232,3003714,2025-06-04,push,cashback,800,1
606233,3003714,2025-02-16,push,descuento,3200,0
606234,3003716,2026-03-15,push,cashback,1800,0
606235,3003717,2025-04-06,email,cashback,2300,0
606236,3003717,2026-02-05,sms,generico,800,0
606237,3003717,2025-10-25,push,descuento,3900,0
606238,3003717,2025-11-09,sms,generico,3400,0
606239,3003719,2025-09-25,sms,cashback,2100,0
606240,3003719,2025-04-25,email,cashback,2100,0
606241,3003720,2026-01-26,sms,descuento,1900,0
606242,3003720,2025-04-02,sms,generico,1600,0
606243,3003721,2025-09-07,email,generico,1000,0
606244,3003721,2026-01-06,push,descuento,2100,0
606245,3003722,2025-08-12,push,cashback,2400,1
606246,3003722,2025-11-23,push,descuento,3400,1
606247,3003722,2025-10-07,push,descuento,800,0
606248,3003727,2025-09-29,push,cashback,3700,0
606249,3003729,2025-03-26,push,descuento,3500,0
606250,3003730,2025-04-21,email,generico,3000,0
606251,3003730,2026-01-30,email,descuento,2500,0
606252,3003731,2025-08-06,push,cashback,3300,0
606253,3003731,2025-04-05,email,descuento,1000,0
606254,3003732,2025-01-31,email,descuento,2300,0
606255,3003732,2025-01-29,push,cashback,2900,0
606256,3003733,2025-08-27,push,descuento,3900,0
606257,3003733,2025-10-03,sms,cashback,2500,0
606258,3003734,2025-01-21,push,generico,3300,0
606259,3003734,2025-07-20,email,descuento,3000,0
606260,3003734,2026-02-01,push,generico,2000,0
606261,3003734,2026-03-10,email,descuento,2900,0
606262,3003736,2025-05-31,sms,generico,1400,0
606263,3003736,2026-02-07,sms,descuento,1700,1
606264,3003737,2026-02-26,email,cashback,3600,0
606265,3003737,2026-03-03,push,descuento,1900,0
606266,3003738,2025-09-09,sms,generico,1100,0
606267,3003739,2025-08-30,sms,cashback,700,0
606268,3003739,2025-04-15,push,cashback,1200,0
606269,3003740,2026-01-25,sms,cashback,1100,0
606270,3003741,2025-09-12,sms,descuento,1800,0
606271,3003742,2025-11-25,push,generico,1300,0
606272,3003742,2026-01-24,push,generico,1200,0
606273,3003743,2025-09-06,email,descuento,900,0
606274,3003743,2026-01-04,email,generico,2400,0
606275,3003744,2025-11-18,sms,upgrade_credito,2800,0
606276,3003744,2025-10-26,push,upgrade_credito,4000,0
606277,3003744,2025-01-27,sms,descuento,1000,0
606278,3003744,2025-06-18,email,generico,1300,0
606279,3003744,2025-01-06,push,upgrade_credito,1300,1
606280,3003744,2025-01-15,sms,generico,3000,0
606281,3003745,2026-03-10,sms,generico,1300,0
606282,3003745,2025-03-06,push,upgrade_credito,3800,0
606283,3003746,2025-10-07,sms,cashback,3100,0
606284,3003746,2025-09-07,push,descuento,500,0
606285,3003747,2025-09-17,email,cashback,2800,1
606286,3003747,2025-05-18,push,descuento,3200,0
606287,3003747,2026-01-09,push,generico,3100,0
606288,3003748,2026-01-02,push,cashback,2200,1
606289,3003749,2025-05-30,push,cashback,3800,0
606290,3003749,2025-11-20,email,descuento,2100,0
606291,3003749,2025-03-04,push,cashback,3200,0
606292,3003749,2025-08-31,push,generico,3400,0
606293,3003750,2025-11-30,email,cashback,700,0
606294,3003750,2025-01-29,email,cashback,900,0
606295,3003751,2026-01-20,sms,cashback,3200,0
606296,3003751,2025-07-09,push,generico,3900,1
606297,3003751,2025-01-08,sms,generico,3300,0
606298,3003753,2025-06-21,push,cashback,2500,0
606299,3003755,2025-08-07,push,generico,1700,0
606300,3003755,2025-06-13,email,descuento,3200,0
606301,3003755,2026-01-10,push,descuento,2000,0
606302,3003756,2025-02-20,push,cashback,3900,1
606303,3003756,2025-02-19,email,descuento,2400,0
606304,3003757,2025-02-04,push,generico,1300,0
606305,3003757,2025-01-09,email,upgrade_credito,2800,0
606306,3003758,2025-03-08,push,cashback,600,0
606307,3003758,2025-07-01,push,upgrade_credito,3100,0
606308,3003758,2025-07-18,push,generico,2200,1
606309,3003759,2025-01-14,email,descuento,1600,0
606310,3003759,2025-03-09,sms,descuento,1600,0
606311,3003760,2025-05-18,push,generico,2200,1
606312,3003760,2025-10-02,push,descuento,3100,0
606313,3003761,2026-03-04,email,cashback,800,0
606314,3003761,2025-03-30,email,generico,700,0
606315,3003762,2025-08-02,sms,upgrade_credito,2100,0
606316,3003762,2025-03-17,email,cashback,2500,0
606317,3003762,2026-01-13,push,generico,2800,0
606318,3003762,2025-05-01,sms,generico,2700,0
606319,3003763,2025-10-29,email,cashback,1400,0
606320,3003763,2026-02-03,email,generico,600,0
606321,3003763,2025-05-11,email,generico,1500,0
606322,3003764,2025-10-11,sms,descuento,2000,0
606323,3003766,2025-03-20,sms,generico,3600,0
606324,3003766,2025-11-20,push,cashback,1300,0
606325,3003767,2025-12-14,sms,cashback,700,0
606326,3003767,2025-05-12,email,cashback,3500,0
606327,3003767,2025-03-04,push,generico,1400,0
606328,3003769,2025-09-21,sms,upgrade_credito,1500,0
606329,3003769,2025-08-04,push,descuento,3700,0
606330,3003769,2025-09-07,sms,upgrade_credito,2300,0
606331,3003769,2025-11-10,push,upgrade_credito,1400,0
606332,3003769,2025-02-14,email,descuento,1300,0
606333,3003770,2025-07-18,sms,generico,1100,0
606334,3003771,2025-08-09,push,upgrade_credito,1000,0
606335,3003772,2026-02-05,push,upgrade_credito,900,0
606336,3003772,2025-07-31,sms,upgrade_credito,1200,0
606337,3003773,2026-02-07,email,generico,1800,0
606338,3003773,2025-01-21,push,descuento,4000,0
606339,3003773,2025-04-11,push,cashback,1500,0
606340,3003774,2025-05-05,push,descuento,1000,0
606341,3003775,2025-04-09,email,cashback,800,0
606342,3003777,2026-02-13,push,descuento,3900,0
606343,3003777,2025-09-14,email,generico,2800,0
606344,3003777,2025-02-26,push,descuento,1000,1
606345,3003778,2026-01-14,email,descuento,1700,0
606346,3003779,2025-01-23,email,descuento,2500,0
606347,3003779,2025-12-14,email,cashback,2800,0
606348,3003779,2025-03-21,push,cashback,600,0
606349,3003779,2025-07-17,push,descuento,3100,0
606350,3003779,2025-04-21,push,cashback,900,0
606351,3003780,2025-01-24,sms,descuento,3000,0
606352,3003781,2025-01-01,sms,upgrade_credito,1700,0
606353,3003781,2025-07-26,push,generico,3600,0
606354,3003781,2025-11-13,email,upgrade_credito,2400,0
606355,3003782,2025-07-26,push,cashback,3200,1
606356,3003782,2025-06-02,push,upgrade_credito,900,0
606357,3003782,2025-02-18,push,descuento,2700,0
606358,3003784,2025-01-20,sms,generico,3100,0
606359,3003784,2025-10-24,push,upgrade_credito,4000,0
606360,3003784,2025-04-20,push,generico,3600,0
606361,3003784,2026-01-15,email,descuento,3900,0
606362,3003785,2025-09-09,push,upgrade_credito,1800,1
606363,3003785,2025-04-02,push,generico,1600,0
606364,3003785,2025-06-16,email,cashback,2400,0
606365,3003785,2025-02-25,email,generico,3600,0
606366,3003786,2025-01-23,sms,descuento,1200,0
606367,3003786,2025-07-08,email,cashback,2800,1
606368,3003789,2026-03-09,push,descuento,700,0
606369,3003789,2025-03-18,push,descuento,1500,0
606370,3003791,2025-02-04,push,generico,700,0
606371,3003791,2025-02-04,push,upgrade_credito,3400,0
606372,3003791,2025-12-27,email,cashback,800,0
606373,3003791,2025-07-14,email,descuento,2400,0
606374,3003793,2025-04-19,push,descuento,2100,0
606375,3003793,2025-01-24,email,upgrade_credito,1700,0
606376,3003794,2025-11-20,push,generico,3500,0
606377,3003794,2025-11-22,push,descuento,2800,0
606378,3003796,2025-08-12,push,descuento,2000,0
606379,3003796,2025-09-26,push,cashback,3900,0
606380,3003796,2025-01-01,push,upgrade_credito,3300,0
606381,3003797,2025-09-01,email,descuento,3200,0
606382,3003798,2025-05-14,sms,descuento,3100,0
606383,3003798,2025-09-15,email,generico,900,0
606384,3003799,2025-04-22,sms,upgrade_credito,2000,0
606385,3003799,2025-02-19,email,upgrade_credito,1100,0
606386,3003800,2025-01-08,email,cashback,1300,0
606387,3003800,2026-02-21,sms,cashback,1000,0
606388,3003800,2025-04-18,push,generico,3800,1
606389,3003801,2025-04-09,push,descuento,1200,0
606390,3003801,2025-05-27,push,descuento,600,0
606391,3003801,2025-02-09,email,cashback,1600,0
606392,3003802,2025-02-22,push,cashback,2100,0
606393,3003802,2025-04-20,push,generico,1400,0
606394,3003805,2025-08-12,push,cashback,3000,0
606395,3003805,2025-07-14,push,upgrade_credito,1800,0
606396,3003805,2025-05-03,email,upgrade_credito,700,0
606397,3003805,2025-01-14,push,descuento,3600,0
606398,3003806,2026-02-07,push,descuento,2400,0
606399,3003806,2025-06-25,push,cashback,2700,0
606400,3003806,2025-01-23,email,generico,1800,0
606401,3003807,2025-09-20,email,generico,2900,0
606402,3003807,2025-03-30,sms,cashback,2100,0
606403,3003807,2025-02-17,email,cashback,3100,1
606404,3003807,2025-10-12,push,cashback,3400,0
606405,3003807,2025-04-13,push,cashback,2700,0
606406,3003809,2025-08-02,sms,cashback,1200,0
606407,3003809,2025-08-16,sms,descuento,1300,0
606408,3003809,2025-10-08,push,cashback,1200,0
606409,3003809,2025-05-01,push,generico,2700,1
606410,3003810,2025-12-13,sms,cashback,3800,0
606411,3003811,2025-12-19,sms,upgrade_credito,3300,0
606412,3003811,2025-08-17,sms,descuento,3100,0
606413,3003812,2025-09-28,sms,cashback,4000,0
606414,3003812,2025-12-16,email,cashback,800,0
606415,3003812,2025-12-01,email,upgrade_credito,2300,0
606416,3003812,2025-10-05,push,descuento,1700,0
606417,3003812,2025-04-28,email,descuento,900,0
606418,3003814,2025-07-14,sms,cashback,2300,0
606419,3003814,2025-02-06,push,descuento,600,0
606420,3003815,2025-06-26,push,upgrade_credito,3500,0
606421,3003815,2025-03-26,email,cashback,3700,0
606422,3003815,2025-07-23,email,descuento,1700,0
606423,3003815,2025-12-16,push,upgrade_credito,3900,0
606424,3003816,2025-09-03,push,generico,3200,0
606425,3003816,2025-04-10,push,cashback,1700,0
606426,3003817,2025-09-28,sms,generico,1900,0
606427,3003817,2025-10-12,push,cashback,3600,1
606428,3003817,2025-10-13,push,descuento,3900,1
606429,3003819,2025-06-23,push,descuento,1600,1
606430,3003819,2025-06-25,push,generico,3100,0
606431,3003819,2025-05-11,push,generico,2700,0
606432,3003819,2025-07-30,push,cashback,1100,0
606433,3003820,2025-10-15,push,upgrade_credito,2700,0
606434,3003820,2025-07-08,email,upgrade_credito,3000,1
606435,3003820,2025-06-09,sms,descuento,3100,0
606436,3003820,2026-02-16,push,descuento,4000,1
606437,3003821,2026-01-23,email,cashback,4000,1
606438,3003821,2025-10-20,push,upgrade_credito,600,1
606439,3003821,2025-07-12,email,cashback,900,0
606440,3003822,2025-04-18,push,upgrade_credito,3100,0
606441,3003822,2025-10-27,sms,cashback,800,0
606442,3003822,2026-01-25,push,descuento,3400,0
606443,3003822,2025-02-03,push,descuento,900,0
606444,3003822,2025-10-12,email,generico,3900,0
606445,3003823,2025-11-02,push,upgrade_credito,3900,0
606446,3003823,2025-10-15,sms,cashback,2300,0
606447,3003824,2025-04-22,email,upgrade_credito,3300,0
606448,3003824,2025-02-10,push,upgrade_credito,2200,0
606449,3003826,2025-02-02,email,descuento,1100,0
606450,3003827,2025-06-07,push,descuento,2100,0
606451,3003827,2025-07-29,email,descuento,2200,0
606452,3003827,2025-09-02,email,generico,900,0
606453,3003828,2025-09-08,push,descuento,3300,0
606454,3003828,2025-06-06,push,generico,3700,0
606455,3003828,2025-01-01,sms,descuento,3000,0
606456,3003829,2025-07-20,push,cashback,2300,0
606457,3003829,2025-10-04,push,cashback,700,0
606458,3003829,2025-11-08,email,generico,2300,0
606459,3003830,2025-07-23,push,generico,1200,0
606460,3003830,2025-10-22,push,descuento,2500,0
606461,3003831,2025-04-24,push,generico,3600,0
606462,3003832,2025-12-28,sms,upgrade_credito,2900,0
606463,3003832,2025-09-23,sms,descuento,2700,0
606464,3003833,2025-01-18,email,upgrade_credito,3500,0
606465,3003834,2025-07-28,push,upgrade_credito,2700,0
606466,3003837,2025-07-06,push,upgrade_credito,3900,0
606467,3003838,2026-03-06,push,descuento,2100,0
606468,3003838,2025-09-12,sms,descuento,2100,0
606469,3003838,2025-05-07,push,descuento,1000,0
606470,3003840,2025-10-23,push,cashback,1300,0
606471,3003840,2025-11-23,email,generico,2500,0
606472,3003840,2025-10-05,email,upgrade_credito,3100,0
606473,3003840,2025-11-26,push,cashback,1400,0
606474,3003840,2026-02-23,email,generico,3300,0
606475,3003841,2025-06-15,email,cashback,3200,0
606476,3003842,2025-12-11,email,cashback,1300,0
606477,3003842,2026-03-14,push,upgrade_credito,800,0
606478,3003843,2025-08-09,sms,generico,3800,0
606479,3003844,2025-05-05,sms,upgrade_credito,3600,1
606480,3003844,2025-02-21,push,descuento,500,0
606481,3003846,2025-11-06,push,upgrade_credito,2300,0
606482,3003847,2025-05-31,sms,cashback,2000,0
606483,3003847,2025-05-22,sms,cashback,3500,0
606484,3003847,2026-01-02,email,descuento,3500,0
606485,3003848,2026-03-09,sms,cashback,3800,1
606486,3003848,2025-05-27,push,generico,3700,1
606487,3003848,2025-06-03,sms,cashback,1000,0
606488,3003849,2025-04-21,email,upgrade_credito,1900,0
606489,3003851,2025-08-10,push,descuento,2200,0
606490,3003851,2025-02-22,email,cashback,1200,0
606491,3003851,2026-02-27,email,cashback,1000,0
606492,3003852,2026-01-19,email,generico,3500,0
606493,3003853,2025-09-15,push,descuento,2700,0
606494,3003853,2026-02-26,email,upgrade_credito,1200,0
606495,3003854,2025-09-30,push,cashback,2300,0
606496,3003854,2025-05-21,push,upgrade_credito,1500,0
606497,3003854,2025-12-11,email,cashback,1500,0
606498,3003855,2025-07-01,push,descuento,1500,0
606499,3003857,2025-11-25,email,descuento,3900,0
606500,3003857,2025-07-21,email,cashback,2900,0
606501,3003857,2025-02-21,email,cashback,3600,0
606502,3003857,2026-03-12,email,descuento,1600,0
606503,3003860,2025-01-29,push,cashback,3400,0
606504,3003861,2025-05-01,email,descuento,700,0
606505,3003861,2025-02-09,push,descuento,3600,0
606506,3003861,2025-02-05,sms,descuento,1900,0
606507,3003861,2025-08-23,sms,cashback,1400,0
606508,3003862,2026-02-23,push,cashback,1000,0
606509,3003862,2025-12-18,email,descuento,1700,0
606510,3003862,2026-01-21,email,descuento,2700,0
606511,3003863,2025-05-26,push,upgrade_credito,1400,0
606512,3003863,2025-08-08,email,cashback,1700,0
606513,3003863,2025-09-07,sms,generico,2200,0
606514,3003863,2025-09-02,email,descuento,2200,0
606515,3003865,2026-02-10,push,generico,1800,0
606516,3003865,2025-02-26,email,descuento,2400,0
606517,3003867,2025-10-29,push,cashback,1900,0
606518,3003867,2025-08-13,push,cashback,1000,0
606519,3003868,2025-10-14,email,cashback,3100,1
606520,3003868,2025-04-10,push,descuento,2200,0
606521,3003869,2025-09-03,push,generico,2800,0
606522,3003869,2025-06-02,push,descuento,900,0
606523,3003870,2025-02-08,sms,upgrade_credito,3200,0
606524,3003870,2025-12-26,push,cashback,1900,0
606525,3003870,2025-03-21,push,generico,1000,0
606526,3003871,2025-10-26,sms,generico,1100,0
606527,3003871,2025-12-13,push,generico,3400,0
606528,3003871,2025-06-06,push,generico,2600,0
606529,3003872,2025-01-10,email,upgrade_credito,600,0
606530,3003872,2025-08-12,email,upgrade_credito,3000,0
606531,3003873,2025-11-11,email,upgrade_credito,2500,0
606532,3003873,2025-05-05,push,generico,3300,0
606533,3003875,2025-02-22,email,upgrade_credito,3800,0
606534,3003875,2025-04-30,push,cashback,2700,0
606535,3003876,2025-02-11,push,generico,1700,0
606536,3003876,2025-10-09,push,cashback,3400,0
606537,3003876,2025-08-26,email,descuento,1900,0
606538,3003878,2025-07-12,email,cashback,2400,0
606539,3003878,2025-05-11,email,descuento,2500,0
606540,3003878,2026-03-06,sms,cashback,1000,0
606541,3003879,2025-12-27,push,descuento,2000,0
606542,3003879,2025-05-14,push,descuento,1600,0
606543,3003880,2025-11-25,push,generico,2800,0
606544,3003881,2026-02-22,sms,generico,3500,0
606545,3003881,2025-05-07,email,descuento,3800,0
606546,3003884,2025-08-03,push,descuento,3900,1
606547,3003884,2025-09-05,sms,upgrade_credito,2100,0
606548,3003885,2025-06-28,sms,upgrade_credito,3700,0
606549,3003885,2026-01-11,sms,cashback,3400,1
606550,3003885,2025-01-15,push,upgrade_credito,3400,0
606551,3003886,2025-09-01,email,descuento,2000,0
606552,3003886,2025-02-12,sms,descuento,3000,0
606553,3003889,2025-02-06,push,descuento,2500,1
606554,3003889,2025-12-25,push,descuento,3100,0
606555,3003889,2025-08-06,push,cashback,900,0
606556,3003889,2025-09-02,email,cashback,800,0
606557,3003890,2025-04-07,push,descuento,2300,0
606558,3003890,2025-03-10,push,descuento,2000,0
606559,3003890,2025-04-30,sms,descuento,3100,0
606560,3003891,2025-10-08,sms,descuento,2900,1
606561,3003891,2025-06-04,push,upgrade_credito,3900,1
606562,3003891,2025-08-10,push,descuento,3300,0
606563,3003891,2026-01-21,push,cashback,1900,0
606564,3003891,2025-08-17,email,generico,1000,0
606565,3003892,2025-03-11,push,descuento,1000,1
606566,3003894,2025-01-10,push,generico,2900,0
606567,3003895,2025-06-02,email,cashback,1400,0
606568,3003896,2025-05-22,sms,upgrade_credito,3900,0
606569,3003896,2025-06-14,push,cashback,1900,0
606570,3003897,2026-01-16,email,descuento,3500,0
606571,3003897,2026-02-15,push,descuento,700,0
606572,3003898,2025-03-14,push,generico,2800,0
606573,3003898,2025-07-23,email,generico,1600,0
606574,3003899,2025-02-28,push,generico,1800,0
606575,3003899,2025-03-01,email,descuento,3000,0
606576,3003900,2025-09-23,push,upgrade_credito,3400,0
606577,3003900,2025-01-03,sms,generico,3300,0
606578,3003901,2025-04-17,push,descuento,3700,0
606579,3003901,2025-04-12,email,descuento,700,0
606580,3003901,2026-02-16,push,cashback,2200,0
606581,3003902,2025-02-12,push,generico,2900,0
606582,3003902,2025-02-21,sms,descuento,2100,0
606583,3003902,2025-11-08,push,cashback,1200,0
606584,3003903,2025-06-09,push,generico,3400,0
606585,3003903,2025-08-09,push,cashback,500,0
606586,3003904,2025-03-29,sms,cashback,800,0
606587,3003904,2026-02-21,email,upgrade_credito,3900,0
606588,3003904,2025-02-24,push,descuento,3200,1
606589,3003904,2025-11-05,push,descuento,1700,0
606590,3003904,2025-03-15,email,upgrade_credito,900,0
606591,3003905,2025-06-03,push,upgrade_credito,800,0
606592,3003905,2025-08-17,push,cashback,3700,1
606593,3003906,2025-04-21,email,cashback,3600,0
606594,3003906,2025-08-23,email,descuento,2000,0
606595,3003906,2025-06-14,push,descuento,3800,0
606596,3003907,2026-02-04,sms,cashback,1200,0
606597,3003907,2025-12-29,email,generico,1400,0
606598,3003908,2025-12-09,email,descuento,2400,0
606599,3003910,2025-11-10,push,upgrade_credito,900,0
606600,3003910,2026-03-04,email,descuento,3400,0
606601,3003910,2025-12-21,push,generico,1500,0
606602,3003911,2025-03-15,push,generico,1000,0
606603,3003914,2025-08-17,push,descuento,2300,0
606604,3003914,2025-10-22,sms,generico,1400,1
606605,3003915,2026-01-30,push,descuento,3900,0
606606,3003916,2025-11-14,push,cashback,3200,0
606607,3003916,2025-10-08,sms,cashback,2800,0
606608,3003917,2025-05-11,sms,generico,3400,0
606609,3003917,2025-08-09,push,upgrade_credito,2500,0
606610,3003917,2025-06-12,email,descuento,2100,0
606611,3003918,2026-03-05,push,cashback,900,0
606612,3003919,2025-06-15,push,upgrade_credito,1600,0
606613,3003919,2025-06-11,email,cashback,2200,0
606614,3003919,2025-08-06,push,descuento,700,0
606615,3003921,2025-06-23,sms,generico,3700,0
606616,3003921,2025-02-24,push,descuento,1600,0
606617,3003922,2025-12-24,email,upgrade_credito,2700,0
606618,3003922,2025-09-15,email,upgrade_credito,1700,0
606619,3003922,2025-12-11,email,generico,1400,0
606620,3003922,2026-03-09,sms,cashback,600,0
606621,3003923,2026-01-05,push,cashback,3300,0
606622,3003924,2025-08-17,push,generico,3000,0
606623,3003924,2025-03-21,sms,generico,500,0
606624,3003924,2025-04-21,sms,cashback,3700,0
606625,3003926,2025-01-07,sms,generico,3200,0
606626,3003926,2025-01-31,email,descuento,600,0
606627,3003928,2025-05-29,push,cashback,900,0
606628,3003928,2025-03-10,email,descuento,1500,0
606629,3003929,2025-11-03,push,descuento,3800,0
606630,3003930,2025-08-21,push,cashback,1200,0
606631,3003933,2025-07-07,push,descuento,2800,0
606632,3003933,2025-12-05,push,upgrade_credito,1500,0
606633,3003934,2026-01-05,sms,cashback,2500,0
606634,3003934,2025-01-29,push,cashback,2000,0
606635,3003935,2025-11-28,email,descuento,3500,0
606636,3003935,2025-05-24,email,cashback,2400,0
606637,3003935,2025-08-07,push,upgrade_credito,3300,0
606638,3003935,2025-02-24,push,upgrade_credito,2300,0
606639,3003936,2026-03-01,push,generico,2300,0
606640,3003936,2025-02-27,push,descuento,2400,0
606641,3003938,2025-03-27,push,generico,2100,0
606642,3003938,2026-01-10,push,generico,3100,0
606643,3003940,2025-05-07,push,generico,1900,0
606644,3003940,2025-11-09,push,cashback,1500,0
606645,3003941,2025-08-24,email,descuento,3700,0
606646,3003943,2025-01-13,push,descuento,1200,0
606647,3003944,2025-03-03,push,cashback,2500,0
606648,3003945,2025-02-19,email,descuento,1900,0
606649,3003946,2025-12-22,email,cashback,1800,0
606650,3003946,2025-07-17,push,generico,3200,0
606651,3003946,2025-02-02,email,descuento,1500,0
606652,3003946,2026-01-22,push,cashback,3100,0
606653,3003947,2025-01-02,email,generico,1300,0
606654,3003948,2026-01-11,email,cashback,3200,0
606655,3003949,2026-02-13,sms,descuento,2700,0
606656,3003950,2026-01-01,sms,descuento,1300,1
606657,3003950,2025-06-08,push,descuento,3600,0
606658,3003950,2026-01-16,sms,cashback,3400,0
606659,3003951,2025-07-16,email,generico,3900,0
606660,3003951,2025-04-23,email,descuento,1100,0
606661,3003951,2026-03-03,push,cashback,1100,1
606662,3003952,2025-07-22,push,cashback,2600,0
606663,3003952,2025-09-28,push,descuento,2000,0
606664,3003953,2025-01-01,email,upgrade_credito,3200,0
606665,3003953,2025-03-27,push,cashback,3400,0
606666,3003953,2026-01-27,push,cashback,1900,0
606667,3003954,2025-03-22,push,cashback,2100,0
606668,3003954,2025-04-10,push,cashback,3000,0
606669,3003955,2025-12-05,email,generico,3900,0
606670,3003955,2026-01-20,email,upgrade_credito,500,0
606671,3003955,2025-10-04,push,generico,500,0
606672,3003955,2025-10-03,sms,upgrade_credito,2800,0
606673,3003956,2026-03-01,email,upgrade_credito,2400,0
606674,3003956,2026-02-01,push,cashback,1400,0
606675,3003957,2025-03-03,email,generico,2900,0
606676,3003957,2025-09-12,push,cashback,800,0
606677,3003957,2025-06-16,push,cashback,3400,0
606678,3003958,2025-11-09,push,cashback,3800,0
606679,3003959,2026-02-10,sms,cashback,3000,0
606680,3003959,2025-12-18,push,descuento,2200,0
606681,3003961,2025-05-30,push,upgrade_credito,3600,0
606682,3003961,2026-01-29,email,generico,3200,1
606683,3003961,2025-07-01,push,upgrade_credito,1400,0
606684,3003961,2025-09-22,email,descuento,3800,0
606685,3003962,2025-06-07,email,cashback,1000,0
606686,3003963,2025-04-30,push,descuento,600,0
606687,3003963,2026-02-01,push,descuento,2100,0
606688,3003963,2025-07-29,push,generico,2700,0
606689,3003964,2025-03-24,email,generico,3200,0
606690,3003965,2026-01-26,push,descuento,2400,0
606691,3003965,2025-09-24,push,cashback,2300,0
606692,3003965,2025-12-20,email,generico,1800,0
606693,3003965,2025-01-10,email,descuento,1600,1
606694,3003967,2025-07-15,push,cashback,3100,0
606695,3003969,2025-06-06,email,upgrade_credito,1500,0
606696,3003969,2025-09-19,push,upgrade_credito,1200,1
606697,3003969,2025-08-17,sms,cashback,2100,0
606698,3003969,2025-05-26,email,generico,2600,0
606699,3003970,2025-04-08,email,cashback,1300,0
606700,3003970,2026-01-26,push,descuento,1000,0
606701,3003971,2026-02-13,sms,generico,1100,0
606702,3003971,2026-01-15,push,descuento,2400,0
606703,3003972,2025-07-13,email,generico,2100,0
606704,3003972,2025-01-22,email,descuento,3900,0
606705,3003972,2025-01-24,email,descuento,3300,0
606706,3003972,2025-06-05,push,upgrade_credito,1300,0
606707,3003974,2025-10-07,push,descuento,500,0
606708,3003974,2026-01-04,push,upgrade_credito,2400,0
606709,3003974,2025-03-30,push,upgrade_credito,3300,0
606710,3003974,2026-03-07,push,generico,3400,0
606711,3003975,2025-12-09,email,generico,2300,0
606712,3003976,2025-04-18,push,descuento,3400,0
606713,3003977,2026-01-30,push,descuento,2800,0
606714,3003978,2025-06-13,push,descuento,2800,0
606715,3003981,2026-02-16,push,generico,3800,0
606716,3003981,2026-02-16,sms,cashback,2100,0
606717,3003982,2025-07-10,email,cashback,3400,0
606718,3003983,2025-10-07,email,descuento,700,0
606719,3003984,2025-08-22,push,generico,2100,0
606720,3003984,2026-02-08,email,cashback,2300,0
606721,3003987,2026-01-24,email,descuento,800,0
606722,3003987,2026-02-14,email,cashback,2100,1
606723,3003987,2025-02-22,email,descuento,3200,0
606724,3003989,2025-10-18,push,cashback,1000,0
606725,3003990,2025-02-01,push,generico,2600,0
606726,3003990,2025-11-27,sms,cashback,2700,0
606727,3003991,2025-11-09,push,descuento,3200,0
606728,3003991,2025-10-03,email,cashback,1500,0
606729,3003991,2025-09-19,push,descuento,600,0
606730,3003992,2025-04-07,push,descuento,2600,0
606731,3003992,2025-01-02,push,generico,1100,0
606732,3003992,2025-08-17,push,cashback,3700,0
606733,3003993,2025-11-28,push,generico,3000,0
606734,3003993,2025-11-12,push,cashback,1200,1
606735,3003994,2025-07-25,sms,generico,3600,0
606736,3003994,2026-01-08,push,generico,2600,0
606737,3003994,2025-09-06,push,descuento,2500,0
606738,3003995,2025-03-19,push,generico,1200,1
606739,3003996,2025-09-05,push,generico,3400,0
606740,3003997,2025-06-24,push,generico,1300,0
606741,3003998,2025-10-23,push,descuento,1000,0
606742,3003999,2025-01-16,push,descuento,3700,0
606743,3003999,2025-11-28,email,upgrade_credito,1600,0
606744,3003999,2025-09-22,push,descuento,3700,0
606745,3004000,2025-07-11,email,descuento,2200,0
606746,3004000,2025-09-17,sms,upgrade_credito,1400,0
606747,3004000,2025-09-05,email,upgrade_credito,2800,0
606748,3004000,2025-03-19,push,generico,1900,0
606749,3004001,2025-01-07,email,generico,4000,0
606750,3004001,2025-06-07,push,generico,3100,0
606751,3004002,2025-11-26,sms,generico,3800,1
606752,3004003,2025-04-25,sms,cashback,2200,0
606753,3004005,2025-01-30,sms,descuento,2700,1
606754,3004005,2026-01-23,email,generico,1700,0
606755,3004008,2026-02-05,push,descuento,1400,1
606756,3004008,2026-01-25,email,cashback,1800,0
606757,3004009,2025-03-27,email,upgrade_credito,3500,0
606758,3004009,2025-07-10,email,cashback,1000,0
606759,3004009,2025-12-11,push,descuento,2000,0
606760,3004011,2025-01-26,push,descuento,900,0
606761,3004013,2025-09-13,sms,cashback,3400,1
606762,3004013,2025-02-08,email,descuento,800,0
606763,3004014,2025-03-10,push,generico,1400,0
606764,3004014,2026-01-23,push,cashback,3400,1
606765,3004014,2025-11-15,email,cashback,3800,1
606766,3004015,2025-03-24,sms,descuento,1100,0
606767,3004015,2025-08-09,push,descuento,1600,0
606768,3004015,2025-04-21,email,descuento,3100,0
606769,3004016,2025-01-14,push,descuento,3100,0
606770,3004016,2025-09-19,push,generico,2900,0
606771,3004016,2025-09-23,email,descuento,1200,0
606772,3004017,2025-08-24,sms,upgrade_credito,700,0
606773,3004017,2025-12-15,push,descuento,1800,0
606774,3004018,2026-01-28,email,upgrade_credito,1700,0
606775,3004018,2025-10-08,email,descuento,1900,0
606776,3004019,2025-03-28,push,generico,1700,0
606777,3004021,2026-03-03,push,generico,2000,0
606778,3004022,2025-07-22,email,descuento,1700,0
606779,3004023,2025-01-16,push,upgrade_credito,600,1
606780,3004024,2026-02-09,push,cashback,500,0
606781,3004024,2025-02-27,push,generico,800,1
606782,3004025,2026-02-08,email,upgrade_credito,3000,0
606783,3004025,2025-07-22,email,generico,2400,0
606784,3004026,2026-02-07,email,upgrade_credito,600,0
606785,3004026,2026-01-22,email,cashback,2800,0
606786,3004027,2025-08-01,email,descuento,2900,0
606787,3004027,2025-09-20,sms,generico,1300,0
606788,3004028,2026-01-29,push,descuento,800,1
606789,3004029,2025-06-05,email,descuento,1700,0
606790,3004029,2025-04-13,email,descuento,2500,1
606791,3004031,2025-09-25,push,upgrade_credito,1500,0
606792,3004031,2025-07-09,email,descuento,1500,0
606793,3004031,2025-07-02,push,generico,1100,0
606794,3004031,2025-10-15,push,cashback,800,0
606795,3004031,2025-07-23,email,generico,2000,0
606796,3004032,2025-06-06,email,generico,1400,0
606797,3004033,2025-04-12,push,upgrade_credito,1600,0
606798,3004036,2026-03-14,email,generico,1700,0
606799,3004037,2025-12-27,sms,generico,1500,0
606800,3004037,2025-06-23,email,generico,3300,0
606801,3004037,2025-09-12,email,generico,1700,0
606802,3004038,2025-02-27,email,generico,3000,1
606803,3004039,2025-11-22,push,generico,1200,0
606804,3004041,2025-02-25,sms,generico,3500,0
606805,3004041,2025-11-03,sms,descuento,3700,0
606806,3004041,2025-08-13,push,upgrade_credito,2600,0
606807,3004042,2026-03-11,sms,cashback,3800,0
606808,3004042,2025-07-20,push,generico,2600,0
606809,3004043,2026-02-21,push,cashback,2600,1
606810,3004043,2026-02-16,push,upgrade_credito,900,0
606811,3004044,2025-08-07,email,cashback,1900,0
606812,3004046,2025-08-01,push,generico,2500,1
606813,3004047,2025-11-19,push,generico,1900,0
606814,3004047,2026-01-01,email,generico,700,0
606815,3004047,2025-12-09,sms,generico,3000,0
606816,3004049,2025-04-22,push,descuento,2900,0
606817,3004050,2025-04-04,email,descuento,1200,0
606818,3004050,2025-11-02,sms,generico,3600,0
606819,3004052,2025-01-17,email,descuento,1800,0
606820,3004053,2025-12-02,push,descuento,3500,0
606821,3004053,2025-01-22,push,cashback,800,0
606822,3004054,2025-04-10,email,upgrade_credito,3700,0
606823,3004055,2025-01-07,push,upgrade_credito,3000,0
606824,3004055,2025-12-29,push,descuento,3400,1
606825,3004055,2026-01-14,email,descuento,2000,0
606826,3004056,2025-03-11,sms,descuento,1200,0
606827,3004056,2025-04-12,sms,upgrade_credito,700,0
606828,3004058,2025-12-21,push,descuento,1200,0
606829,3004059,2025-02-07,push,cashback,4000,0
606830,3004059,2025-06-12,push,generico,1100,0
606831,3004060,2025-10-16,email,descuento,3000,0
606832,3004060,2025-10-05,email,cashback,3600,0
606833,3004061,2025-06-21,push,descuento,500,0
606834,3004065,2025-08-22,email,cashback,3200,1
606835,3004066,2025-10-16,push,descuento,600,0
606836,3004067,2025-11-19,push,upgrade_credito,2100,0
606837,3004067,2026-02-05,sms,descuento,2900,0
606838,3004068,2025-04-20,email,generico,2300,0
606839,3004069,2025-12-28,push,upgrade_credito,2800,0
606840,3004070,2025-03-24,sms,generico,1300,0
606841,3004070,2025-07-12,email,descuento,2900,1
606842,3004071,2025-07-05,sms,generico,1000,0
606843,3004071,2025-03-24,sms,descuento,1900,0
606844,3004072,2026-02-11,email,cashback,2500,0
606845,3004073,2025-10-11,push,descuento,3600,0
606846,3004074,2025-08-17,sms,descuento,2100,0
606847,3004074,2025-01-02,email,upgrade_credito,800,0
606848,3004075,2025-08-07,push,descuento,3100,0
606849,3004076,2025-12-19,push,cashback,3400,0
606850,3004077,2025-11-02,push,cashback,2900,0
606851,3004078,2025-09-25,sms,upgrade_credito,1600,0
606852,3004079,2025-10-08,email,generico,3200,0
606853,3004079,2025-09-11,push,generico,2600,0
606854,3004079,2025-12-25,email,descuento,3800,0
606855,3004081,2026-01-23,push,cashback,3900,0
606856,3004081,2025-10-12,sms,generico,3400,0
606857,3004081,2025-12-19,push,generico,2600,0
606858,3004082,2025-11-14,sms,descuento,1000,0
606859,3004082,2025-06-15,push,descuento,3200,0
606860,3004083,2025-11-21,push,cashback,1400,0
606861,3004083,2026-03-11,email,cashback,3400,1
606862,3004084,2026-01-07,push,cashback,3900,0
606863,3004085,2025-04-21,email,cashback,900,0
606864,3004085,2025-11-11,push,cashback,1900,1
606865,3004086,2026-02-21,email,descuento,1500,0
606866,3004086,2025-09-15,push,generico,2700,0
606867,3004086,2026-01-14,sms,generico,1500,0
606868,3004087,2025-10-02,email,descuento,3700,0
606869,3004088,2025-07-05,push,generico,1400,0
606870,3004088,2025-06-01,email,descuento,3400,0
606871,3004089,2025-10-27,email,cashback,3900,0
606872,3004089,2025-02-09,push,cashback,2700,1
606873,3004089,2025-05-25,push,cashback,3100,1
606874,3004090,2026-03-14,email,cashback,3300,0
606875,3004090,2025-09-22,push,descuento,3800,0
606876,3004091,2025-06-15,push,cashback,500,0
606877,3004091,2026-03-02,email,generico,3100,0
606878,3004091,2025-11-29,email,descuento,1600,0
606879,3004091,2025-08-18,sms,cashback,500,0
606880,3004092,2025-07-07,sms,upgrade_credito,3700,0
606881,3004093,2025-03-28,email,generico,700,0
606882,3004093,2025-11-09,email,upgrade_credito,1400,0
606883,3004094,2026-01-29,push,generico,1800,0
606884,3004094,2025-10-28,sms,cashback,3500,0
606885,3004095,2025-10-09,push,generico,700,0
606886,3004095,2026-02-01,push,cashback,2400,0
606887,3004096,2026-01-03,sms,descuento,3300,0
606888,3004097,2025-08-18,email,cashback,1800,0
606889,3004098,2025-05-15,email,upgrade_credito,3100,0
606890,3004099,2025-04-17,email,descuento,1500,0
606891,3004101,2026-01-15,sms,generico,2400,0
606892,3004101,2025-06-29,email,cashback,1200,1
606893,3004101,2025-06-17,email,cashback,1600,0
606894,3004101,2025-07-25,push,cashback,1500,0
606895,3004102,2025-06-06,push,descuento,2000,0
606896,3004102,2025-05-19,push,cashback,1000,1
606897,3004102,2025-10-17,push,cashback,2700,0
606898,3004104,2025-10-16,sms,cashback,1200,0
606899,3004104,2025-12-13,email,generico,1000,1
606900,3004105,2025-11-05,sms,generico,3600,0
606901,3004105,2025-11-30,push,cashback,2200,1
606902,3004105,2026-02-16,email,cashback,2900,0
606903,3004106,2026-02-23,sms,cashback,3200,0
606904,3004106,2025-09-12,email,cashback,900,0
606905,3004106,2025-09-06,push,descuento,2200,1
606906,3004107,2025-02-10,push,cashback,1300,0
606907,3004107,2026-02-24,sms,cashback,3700,0
606908,3004107,2025-06-02,push,generico,2900,0
606909,3004108,2025-08-14,email,generico,900,0
606910,3004108,2025-12-06,sms,descuento,3200,0
606911,3004109,2025-05-08,push,descuento,900,0
606912,3004109,2025-07-18,email,generico,3600,0
606913,3004110,2025-09-04,push,upgrade_credito,2500,0
606914,3004110,2025-02-21,push,descuento,1000,0
606915,3004111,2026-01-20,push,descuento,1700,0
606916,3004111,2025-08-10,sms,upgrade_credito,3300,0
606917,3004111,2025-08-09,push,cashback,2000,0
606918,3004112,2025-03-05,sms,generico,2500,0
606919,3004112,2025-10-04,push,upgrade_credito,3300,0
606920,3004112,2025-10-03,sms,cashback,2500,0
606921,3004114,2026-02-17,push,generico,2400,0
606922,3004114,2025-02-11,email,generico,3600,0
606923,3004114,2025-05-06,email,descuento,1500,0
606924,3004116,2025-11-19,push,cashback,700,0
606925,3004118,2025-08-16,sms,cashback,3800,0
606926,3004118,2026-03-01,push,cashback,1900,0
606927,3004119,2025-01-25,push,generico,3300,0
606928,3004119,2025-07-05,email,upgrade_credito,2000,0
606929,3004120,2025-10-19,push,descuento,1800,0
606930,3004121,2026-01-26,email,generico,900,0
606931,3004121,2025-02-17,sms,descuento,2300,0
606932,3004123,2025-11-02,push,generico,2300,0
606933,3004123,2025-05-21,push,descuento,3100,0
606934,3004125,2025-03-16,sms,generico,1200,0
606935,3004125,2025-02-12,push,descuento,1400,0
606936,3004126,2025-03-26,email,descuento,500,0
606937,3004126,2025-04-01,push,cashback,1100,0
606938,3004128,2025-02-03,sms,generico,1000,0
606939,3004129,2025-10-13,email,descuento,3800,0
606940,3004129,2025-08-31,push,descuento,3300,0
606941,3004129,2025-10-15,sms,descuento,1800,0
606942,3004131,2025-02-12,sms,cashback,3900,0
606943,3004132,2025-03-07,sms,cashback,1000,0
606944,3004132,2026-02-20,push,upgrade_credito,3700,1
606945,3004133,2025-07-07,push,generico,1500,0
606946,3004133,2025-05-14,push,cashback,3500,0
606947,3004134,2025-12-12,email,upgrade_credito,3100,0
606948,3004134,2026-01-21,push,generico,1000,0
606949,3004134,2025-11-25,push,generico,600,0
606950,3004135,2025-02-25,email,generico,2700,0
606951,3004135,2025-11-25,email,upgrade_credito,2700,0
606952,3004137,2025-04-16,email,descuento,2800,0
606953,3004137,2025-12-28,push,generico,1500,0
606954,3004138,2026-02-12,push,upgrade_credito,1600,0
606955,3004138,2025-04-18,push,descuento,3900,1
606956,3004138,2026-03-12,email,cashback,1100,0
606957,3004139,2025-07-30,sms,generico,3900,0
606958,3004139,2025-10-28,push,descuento,1300,0
606959,3004141,2025-12-05,push,generico,1500,0
606960,3004142,2026-03-12,email,generico,3600,0
606961,3004142,2025-08-12,email,upgrade_credito,3300,0
606962,3004143,2025-02-18,push,cashback,1300,1
606963,3004143,2025-02-13,push,cashback,2100,0
606964,3004144,2025-02-24,email,descuento,2400,0
606965,3004144,2025-04-28,email,cashback,3600,1
606966,3004145,2025-09-30,sms,upgrade_credito,1500,0
606967,3004146,2025-12-06,push,upgrade_credito,2200,0
606968,3004146,2025-03-07,email,cashback,1500,1
606969,3004149,2025-06-01,push,generico,900,0
606970,3004149,2025-04-20,push,upgrade_credito,1200,0
606971,3004149,2025-08-08,push,descuento,4000,0
606972,3004149,2025-10-10,email,descuento,2300,0
606973,3004150,2025-06-13,email,descuento,1500,0
606974,3004150,2026-01-09,email,cashback,3700,0
606975,3004151,2025-10-01,push,descuento,3700,0
606976,3004151,2025-08-21,sms,generico,3300,0
606977,3004152,2025-03-10,email,cashback,1300,0
606978,3004152,2025-02-01,email,cashback,2800,0
606979,3004153,2025-06-18,push,upgrade_credito,1800,0
606980,3004153,2025-10-07,sms,upgrade_credito,800,0
606981,3004155,2026-01-28,push,cashback,2300,0
606982,3004156,2025-05-31,email,generico,3700,0
606983,3004157,2026-02-26,push,descuento,1100,0
606984,3004157,2026-03-13,push,descuento,2700,0
606985,3004158,2025-12-26,email,generico,700,0
606986,3004159,2025-01-22,push,cashback,1900,0
606987,3004162,2025-03-13,email,cashback,2000,0
606988,3004162,2025-11-11,email,upgrade_credito,2300,0
606989,3004163,2025-01-03,email,cashback,2500,0
606990,3004163,2025-05-06,email,descuento,3600,0
606991,3004163,2025-12-09,sms,upgrade_credito,3900,0
606992,3004164,2025-01-01,push,descuento,1300,0
606993,3004164,2025-02-09,push,generico,1200,0
606994,3004164,2025-08-24,email,generico,1700,0
606995,3004164,2025-12-19,push,descuento,2200,0
606996,3004166,2026-01-07,push,descuento,2100,0
606997,3004166,2025-03-29,push,upgrade_credito,3800,0
606998,3004166,2025-06-24,push,generico,2100,0
606999,3004167,2025-02-28,email,upgrade_credito,1200,0
607000,3004167,2025-01-30,push,upgrade_credito,3200,0
607001,3004168,2025-09-27,sms,upgrade_credito,3400,0
607002,3004169,2025-10-21,push,upgrade_credito,600,0
607003,3004169,2025-09-01,push,cashback,2300,0
607004,3004170,2025-03-09,push,generico,2800,0
607005,3004170,2025-01-12,push,descuento,3700,0
607006,3004170,2025-11-05,push,descuento,900,0
607007,3004170,2025-06-07,sms,cashback,800,1
607008,3004171,2025-02-16,sms,descuento,3000,1
607009,3004171,2025-08-29,sms,generico,3800,1
607010,3004173,2025-07-24,push,generico,2800,0
607011,3004174,2025-06-18,email,upgrade_credito,2400,0
607012,3004175,2026-01-24,sms,generico,500,0
607013,3004175,2025-07-13,sms,cashback,3500,0
607014,3004176,2025-01-18,push,generico,600,0
607015,3004176,2025-03-19,sms,upgrade_credito,3700,0
607016,3004176,2025-10-28,push,cashback,1400,0
607017,3004176,2025-12-12,push,upgrade_credito,1200,0
607018,3004176,2025-05-05,sms,cashback,3600,0
607019,3004177,2026-02-24,email,cashback,3300,0
607020,3004178,2025-03-18,sms,descuento,3700,0
607021,3004178,2025-09-03,push,descuento,2600,0
607022,3004179,2025-01-28,push,cashback,700,0
607023,3004180,2025-01-08,push,descuento,2000,0
607024,3004180,2025-08-01,sms,cashback,1600,0
607025,3004182,2025-12-29,sms,generico,1900,0
607026,3004183,2025-03-27,push,cashback,1400,0
607027,3004183,2025-02-22,push,descuento,3200,0
607028,3004184,2025-11-08,sms,generico,3300,0
607029,3004184,2025-09-27,push,upgrade_credito,3800,0
607030,3004185,2025-09-04,sms,upgrade_credito,1800,0
607031,3004185,2025-12-29,email,descuento,1500,0
607032,3004186,2025-09-15,sms,generico,600,0
607033,3004187,2025-03-08,sms,cashback,1100,0
607034,3004189,2025-09-20,push,upgrade_credito,3000,0
607035,3004189,2025-01-08,sms,cashback,2500,0
607036,3004190,2025-10-05,push,descuento,2300,0
607037,3004191,2026-02-16,email,upgrade_credito,3100,0
607038,3004192,2026-02-05,email,descuento,3100,0
607039,3004192,2025-09-10,push,descuento,3000,0
607040,3004192,2025-04-07,sms,cashback,800,0
607041,3004193,2025-05-17,push,generico,2000,0
607042,3004193,2025-07-30,email,cashback,2800,0
607043,3004193,2025-12-04,push,descuento,2000,0
607044,3004196,2025-08-25,sms,cashback,3200,0
607045,3004196,2025-02-13,push,descuento,900,0
607046,3004196,2025-05-01,push,upgrade_credito,1900,0
607047,3004196,2026-01-23,push,upgrade_credito,1200,0
607048,3004197,2026-01-11,sms,cashback,1400,0
607049,3004197,2025-04-09,push,upgrade_credito,1200,0
607050,3004198,2025-03-10,push,generico,2000,0
607051,3004198,2025-01-27,sms,cashback,900,0
607052,3004201,2025-10-04,email,descuento,1500,0
607053,3004201,2026-02-02,push,descuento,800,0
607054,3004203,2025-12-24,sms,upgrade_credito,2900,0
607055,3004203,2026-02-06,sms,cashback,1500,0
607056,3004204,2025-12-29,push,descuento,2500,0
607057,3004204,2026-03-07,push,cashback,3200,0
607058,3004204,2025-04-18,email,descuento,900,0
607059,3004204,2025-08-28,push,descuento,1800,0
607060,3004204,2025-12-28,push,cashback,900,0
607061,3004206,2025-08-30,push,descuento,1100,0
607062,3004206,2026-01-26,push,descuento,2800,0
607063,3004207,2025-10-01,email,descuento,1600,0
607064,3004207,2025-08-20,email,descuento,1500,0
607065,3004208,2025-02-21,sms,generico,2200,0
607066,3004208,2026-03-11,push,cashback,1000,0
607067,3004209,2025-01-13,email,cashback,3500,0
607068,3004210,2025-12-12,push,cashback,1900,0
607069,3004210,2025-07-13,push,descuento,1000,0
607070,3004210,2025-04-07,push,generico,2600,0
607071,3004213,2025-12-21,push,cashback,3600,0
607072,3004213,2025-02-24,sms,descuento,1400,0
607073,3004214,2026-01-16,email,generico,1900,0
607074,3004214,2025-10-16,push,upgrade_credito,3400,0
607075,3004214,2025-08-01,email,generico,600,0
607076,3004214,2026-02-21,email,descuento,2100,0
607077,3004216,2025-07-01,sms,descuento,1500,0
607078,3004218,2025-08-05,email,cashback,3800,0
607079,3004218,2025-09-21,sms,cashback,1600,0
607080,3004218,2025-02-20,push,descuento,600,1
607081,3004219,2026-01-28,email,cashback,4000,0
607082,3004219,2025-04-25,push,cashback,1600,0
607083,3004220,2026-02-24,sms,generico,2200,0
607084,3004220,2025-03-16,push,descuento,2400,0
607085,3004220,2025-10-04,push,cashback,3100,0
607086,3004220,2026-02-16,push,descuento,2900,0
607087,3004221,2025-03-24,push,cashback,1900,0
607088,3004222,2025-05-23,push,descuento,3500,0
607089,3004223,2025-01-16,push,generico,500,0
607090,3004224,2026-01-27,push,descuento,2000,1
607091,3004225,2025-04-24,push,generico,1700,0
607092,3004225,2025-08-13,push,cashback,2400,0
607093,3004226,2025-06-20,push,generico,3500,1
607094,3004226,2025-09-03,sms,descuento,2800,1
607095,3004226,2025-08-31,push,descuento,3500,0
607096,3004228,2025-05-05,email,upgrade_credito,1400,0
607097,3004228,2025-05-20,push,generico,800,0
607098,3004231,2025-01-24,push,generico,3300,0
607099,3004231,2025-05-12,push,upgrade_credito,1900,0
607100,3004233,2025-03-03,email,generico,2800,0
607101,3004233,2025-07-30,email,descuento,3300,0
607102,3004234,2025-11-01,push,upgrade_credito,2900,0
607103,3004235,2026-02-16,email,descuento,4000,1
607104,3004235,2025-08-23,push,generico,1400,0
607105,3004235,2025-05-06,push,generico,2100,0
607106,3004236,2025-10-12,push,cashback,900,0
607107,3004236,2025-11-08,sms,descuento,1000,0
607108,3004236,2025-11-02,sms,descuento,3900,0
607109,3004236,2025-07-15,push,descuento,2000,0
607110,3004238,2025-09-01,email,descuento,3700,0
607111,3004238,2026-03-03,email,cashback,1200,0
607112,3004239,2025-02-06,sms,cashback,3700,0
607113,3004240,2025-04-12,push,cashback,1900,0
607114,3004240,2025-05-15,push,descuento,1200,0
607115,3004240,2025-07-12,sms,descuento,2800,0
607116,3004240,2025-06-15,push,cashback,1800,0
607117,3004241,2025-08-05,push,generico,2600,0
607118,3004242,2025-01-08,push,cashback,1800,1
607119,3004243,2025-11-23,push,descuento,900,0
607120,3004244,2025-12-20,push,cashback,2000,0
607121,3004244,2025-06-04,push,cashback,3200,1
607122,3004244,2025-06-17,email,descuento,3500,0
607123,3004244,2025-09-14,email,cashback,1600,0
607124,3004244,2025-01-14,sms,cashback,3500,0
607125,3004245,2025-02-15,push,generico,600,0
607126,3004246,2025-08-11,push,generico,1200,0
607127,3004247,2025-12-18,push,descuento,3400,0
607128,3004247,2025-04-22,push,upgrade_credito,2700,0
607129,3004247,2025-06-11,email,descuento,3600,0
607130,3004248,2025-07-26,email,upgrade_credito,1900,0
607131,3004248,2025-04-17,sms,descuento,2700,0
607132,3004249,2025-11-01,push,descuento,3500,0
607133,3004249,2026-02-27,email,upgrade_credito,2200,0
607134,3004250,2025-02-09,sms,cashback,3400,0
607135,3004250,2026-02-09,push,cashback,3500,1
607136,3004251,2025-06-14,push,generico,3600,0
607137,3004252,2025-06-01,push,cashback,3900,1
607138,3004252,2026-01-05,email,descuento,1400,0
607139,3004252,2025-04-20,email,generico,1900,0
607140,3004254,2025-08-27,push,cashback,2800,0
607141,3004254,2025-03-27,push,descuento,3500,0
607142,3004254,2025-05-14,sms,descuento,3900,1
607143,3004255,2025-06-13,push,descuento,3400,0
607144,3004256,2025-11-22,email,generico,3000,0
607145,3004256,2025-01-15,push,upgrade_credito,800,0
607146,3004257,2025-02-13,push,generico,3500,0
607147,3004257,2025-02-27,push,cashback,700,0
607148,3004257,2025-04-09,email,cashback,1300,0
607149,3004259,2025-12-14,email,cashback,600,0
607150,3004259,2025-08-13,sms,descuento,2200,0
607151,3004260,2025-05-06,push,descuento,2800,0
607152,3004260,2025-03-07,email,generico,900,0
607153,3004261,2026-01-23,push,upgrade_credito,3500,0
607154,3004261,2025-07-23,sms,generico,700,0
607155,3004261,2025-08-28,email,cashback,800,0
607156,3004262,2025-01-16,email,descuento,900,0
607157,3004265,2025-06-27,push,generico,2900,0
607158,3004266,2025-05-19,email,generico,1500,0
607159,3004266,2025-11-08,push,upgrade_credito,1100,0
607160,3004266,2025-07-01,email,cashback,3600,0
607161,3004267,2026-02-15,email,cashback,1300,0
607162,3004267,2025-08-20,email,generico,3600,0
607163,3004268,2025-06-15,push,generico,2500,0
607164,3004268,2026-02-09,email,generico,4000,0
607165,3004269,2025-09-11,sms,cashback,600,0
607166,3004269,2025-10-10,email,generico,3400,0
607167,3004269,2025-01-16,push,cashback,3700,1
607168,3004269,2025-02-18,push,upgrade_credito,800,0
607169,3004270,2025-06-27,push,upgrade_credito,2600,0
607170,3004270,2025-09-25,sms,descuento,3300,0
607171,3004270,2025-04-24,push,descuento,700,0
607172,3004270,2025-12-21,sms,descuento,2400,0
607173,3004270,2025-10-30,push,cashback,600,0
607174,3004270,2025-12-07,sms,cashback,2100,0
607175,3004271,2025-10-22,email,cashback,3100,0
607176,3004271,2026-03-06,sms,descuento,3100,0
607177,3004272,2025-11-30,push,upgrade_credito,2100,0
607178,3004273,2026-02-09,email,cashback,3300,0
607179,3004273,2026-02-22,push,generico,2300,0
607180,3004274,2025-05-08,push,cashback,2900,0
607181,3004274,2025-09-25,push,upgrade_credito,1300,0
607182,3004274,2025-02-04,sms,descuento,500,0
607183,3004274,2025-01-30,sms,upgrade_credito,3100,0
607184,3004275,2025-12-11,email,cashback,1100,0
607185,3004276,2025-11-24,push,descuento,2400,0
607186,3004277,2025-01-05,push,cashback,3000,1
607187,3004277,2025-01-10,push,upgrade_credito,800,0
607188,3004277,2026-02-19,sms,generico,3000,0
607189,3004279,2025-11-09,email,descuento,3700,1
607190,3004279,2025-02-16,email,descuento,2500,0
607191,3004279,2025-06-21,email,cashback,900,0
607192,3004279,2025-09-04,email,cashback,3200,0
607193,3004280,2025-10-06,push,cashback,800,0
607194,3004282,2025-12-02,push,cashback,2600,0
607195,3004283,2025-11-28,sms,descuento,2000,0
607196,3004284,2025-04-05,email,upgrade_credito,3300,1
607197,3004284,2025-07-13,email,descuento,700,0
607198,3004284,2025-06-04,push,cashback,1000,0
607199,3004284,2025-08-15,push,upgrade_credito,600,0
607200,3004284,2025-03-15,push,descuento,2600,1
607201,3004284,2025-04-29,push,descuento,600,0
607202,3004285,2025-07-08,push,generico,3300,1
607203,3004285,2025-10-20,email,upgrade_credito,3600,0
607204,3004285,2026-03-06,sms,generico,2800,0
607205,3004286,2025-02-09,sms,generico,3200,0
607206,3004286,2025-07-18,push,descuento,3300,0
607207,3004287,2026-01-25,email,cashback,1500,1
607208,3004287,2025-10-21,email,generico,2900,0
607209,3004288,2025-06-27,push,descuento,3000,0
607210,3004288,2025-09-10,email,generico,3600,0
607211,3004289,2025-08-21,sms,generico,1800,0
607212,3004290,2025-01-27,push,generico,3700,1
607213,3004292,2025-06-13,push,upgrade_credito,1200,0
607214,3004293,2026-02-09,push,cashback,3500,0
607215,3004293,2025-09-18,sms,descuento,500,0
607216,3004294,2025-10-29,push,descuento,3400,0
607217,3004294,2025-09-03,sms,descuento,2600,0
607218,3004295,2026-02-11,push,upgrade_credito,3800,0
607219,3004295,2025-10-01,push,descuento,1700,0
607220,3004295,2025-02-16,sms,upgrade_credito,900,0
607221,3004297,2025-03-19,email,cashback,2600,0
607222,3004297,2025-12-30,email,generico,1800,0
607223,3004297,2025-06-04,push,generico,1800,0
607224,3004298,2025-08-03,email,descuento,1600,1
607225,3004299,2025-08-15,email,descuento,3400,0
607226,3004299,2025-03-31,push,upgrade_credito,2500,1
607227,3004300,2025-10-31,email,generico,3000,0
607228,3004300,2025-02-24,email,descuento,2500,0
607229,3004300,2025-11-16,push,cashback,1800,0
607230,3004301,2025-05-26,email,cashback,2300,0
607231,3004301,2025-01-20,push,generico,1600,0
607232,3004302,2025-06-10,push,descuento,3700,0
607233,3004304,2026-02-14,email,generico,2800,1
607234,3004305,2025-05-03,push,descuento,2000,0
607235,3004305,2026-01-25,push,cashback,4000,1
607236,3004305,2025-08-07,email,generico,700,0
607237,3004306,2025-05-21,sms,cashback,2600,0
607238,3004307,2025-06-04,email,generico,800,0
607239,3004308,2025-03-26,email,upgrade_credito,2800,0
607240,3004308,2025-01-08,push,cashback,1100,0
607241,3004310,2025-02-16,push,generico,1000,0
607242,3004310,2025-09-23,push,upgrade_credito,1400,0
607243,3004311,2025-10-11,email,upgrade_credito,3400,0
607244,3004313,2026-02-16,email,generico,1000,0
607245,3004315,2025-05-10,push,cashback,800,0
607246,3004316,2025-12-05,sms,generico,1900,0
607247,3004317,2025-12-08,sms,cashback,1700,0
607248,3004317,2025-08-03,sms,descuento,2600,0
607249,3004318,2025-06-16,sms,generico,1000,0
607250,3004318,2026-01-25,push,descuento,2800,0
607251,3004318,2025-04-13,sms,generico,3700,0
607252,3004319,2025-06-22,push,upgrade_credito,1700,0
607253,3004319,2025-04-24,push,cashback,3900,0
607254,3004319,2025-10-13,push,cashback,700,1
607255,3004319,2026-01-17,push,cashback,3400,0
607256,3004320,2026-03-05,email,generico,3100,0
607257,3004320,2025-03-09,push,descuento,600,0
607258,3004321,2025-07-12,push,upgrade_credito,3700,0
607259,3004321,2026-01-31,sms,descuento,3100,0
607260,3004322,2025-06-07,sms,descuento,800,0
607261,3004322,2025-06-13,sms,descuento,2300,0
607262,3004322,2025-08-06,push,descuento,700,0
607263,3004322,2025-01-24,push,descuento,2000,0
607264,3004323,2025-03-12,push,cashback,2800,0
607265,3004324,2025-08-31,push,cashback,2500,0
607266,3004324,2025-01-27,push,upgrade_credito,1800,0
607267,3004324,2025-05-22,push,descuento,2000,0
607268,3004325,2026-02-23,email,generico,3600,0
607269,3004325,2025-10-26,email,generico,2400,0
607270,3004325,2026-03-08,sms,descuento,500,0
607271,3004326,2025-06-08,email,generico,900,0
607272,3004326,2025-07-27,email,cashback,1000,0
607273,3004327,2025-02-06,sms,upgrade_credito,2400,0
607274,3004328,2025-10-06,push,generico,3200,0
607275,3004328,2025-11-09,email,descuento,1000,0
607276,3004328,2025-01-17,push,generico,3800,0
607277,3004328,2025-11-26,push,descuento,2100,0
607278,3004329,2025-04-08,sms,descuento,1500,0
607279,3004329,2025-07-16,push,upgrade_credito,4000,0
607280,3004329,2025-11-09,push,upgrade_credito,1600,0
607281,3004330,2025-06-06,email,cashback,1000,0
607282,3004330,2025-03-07,push,generico,1100,0
607283,3004330,2025-04-08,push,descuento,1000,0
607284,3004332,2025-06-14,push,descuento,700,0
607285,3004333,2025-03-27,email,descuento,700,1
607286,3004333,2025-10-08,sms,descuento,2900,1
607287,3004334,2025-01-20,push,generico,3400,0
607288,3004336,2025-11-08,email,upgrade_credito,2800,0
607289,3004336,2025-11-18,email,descuento,1400,0
607290,3004336,2025-08-16,email,cashback,700,0
607291,3004337,2025-09-14,push,descuento,600,0
607292,3004337,2025-10-18,push,cashback,2600,0
607293,3004338,2025-07-11,push,cashback,1000,0
607294,3004338,2025-01-21,sms,cashback,2700,0
607295,3004339,2025-06-23,push,descuento,3400,0
607296,3004339,2026-01-02,push,generico,2900,0
607297,3004340,2025-10-08,push,cashback,900,1
607298,3004341,2025-06-28,push,cashback,2400,0
607299,3004342,2026-01-17,push,upgrade_credito,700,0
607300,3004342,2025-08-04,push,generico,2600,0
607301,3004343,2025-11-12,push,cashback,2500,0
607302,3004343,2025-05-09,push,descuento,1000,0
607303,3004343,2025-06-19,email,generico,2100,0
607304,3004344,2025-02-26,sms,cashback,2600,0
607305,3004344,2025-01-31,email,descuento,2600,0
607306,3004344,2025-11-24,email,cashback,3400,0
607307,3004346,2026-02-21,sms,descuento,2100,1
607308,3004346,2025-08-10,push,descuento,3200,0
607309,3004347,2025-04-19,email,generico,900,0
607310,3004347,2025-08-26,push,generico,1200,0
607311,3004347,2025-06-22,push,cashback,3800,0
607312,3004349,2025-02-22,email,upgrade_credito,1600,0
607313,3004350,2025-05-30,push,cashback,1200,0
607314,3004350,2025-04-18,sms,cashback,1400,0
607315,3004350,2025-04-21,sms,generico,3000,0
607316,3004352,2025-02-28,push,descuento,1900,0
607317,3004353,2025-06-06,push,descuento,2300,0
607318,3004353,2026-01-05,push,cashback,1300,0
607319,3004354,2025-11-01,push,generico,1800,1
607320,3004354,2026-01-09,push,upgrade_credito,3900,0
607321,3004355,2025-12-21,email,upgrade_credito,3800,0
607322,3004356,2026-03-14,push,descuento,1800,0
607323,3004357,2025-05-29,push,descuento,1400,0
607324,3004357,2025-02-24,email,cashback,3200,0
607325,3004359,2025-03-28,push,generico,2300,0
607326,3004360,2025-12-20,push,descuento,3500,0
607327,3004360,2025-10-01,push,generico,1300,0
607328,3004360,2025-12-11,email,cashback,1900,0
607329,3004360,2025-05-21,email,generico,3700,0
607330,3004362,2025-03-17,push,upgrade_credito,1000,0
607331,3004362,2025-07-01,push,generico,3800,0
607332,3004363,2025-01-07,email,cashback,2100,0
607333,3004363,2025-06-28,push,generico,1200,0
607334,3004363,2025-02-19,push,generico,1800,0
607335,3004364,2025-08-22,push,descuento,800,0
607336,3004364,2025-08-09,email,descuento,1800,1
607337,3004364,2026-02-02,push,generico,3500,0
607338,3004366,2025-12-27,sms,generico,3600,1
607339,3004368,2025-03-19,email,generico,1800,0
607340,3004368,2025-12-10,email,cashback,2300,0
607341,3004368,2025-12-26,push,upgrade_credito,1700,0
607342,3004368,2026-03-14,email,cashback,1200,0
607343,3004368,2025-06-15,push,cashback,3500,0
607344,3004370,2025-06-13,push,generico,1700,0
607345,3004370,2025-04-12,push,descuento,4000,0
607346,3004372,2025-10-04,push,generico,3200,0
607347,3004372,2025-08-19,push,descuento,1300,0
607348,3004376,2026-01-08,push,generico,1300,0
607349,3004377,2025-01-30,push,cashback,2400,0
607350,3004378,2026-03-03,push,upgrade_credito,3800,0
607351,3004378,2026-02-05,sms,generico,3200,0
607352,3004378,2026-03-10,sms,cashback,3800,0
607353,3004379,2025-09-13,push,cashback,1800,0
607354,3004379,2025-07-31,email,descuento,2200,0
607355,3004380,2025-07-13,push,cashback,3700,0
607356,3004384,2025-05-09,email,upgrade_credito,2900,0
607357,3004384,2025-01-04,sms,upgrade_credito,3400,0
607358,3004384,2025-09-21,email,upgrade_credito,3500,0
607359,3004385,2025-03-25,email,cashback,4000,0
607360,3004385,2025-08-13,email,generico,1800,0
607361,3004386,2025-02-15,email,cashback,700,0
607362,3004387,2026-03-11,push,cashback,2300,0
607363,3004387,2025-02-27,email,generico,1700,0
607364,3004388,2025-01-31,push,cashback,3500,0
607365,3004388,2025-07-19,push,generico,2000,0
607366,3004389,2025-08-17,push,generico,1100,0
607367,3004389,2025-03-02,email,generico,2400,0
607368,3004390,2026-02-11,sms,generico,3500,1
607369,3004390,2025-08-19,sms,descuento,900,0
607370,3004391,2025-03-19,sms,generico,2300,0
607371,3004391,2025-07-17,email,cashback,1000,1
607372,3004392,2025-01-25,push,generico,2100,0
607373,3004392,2025-03-14,push,descuento,3100,0
607374,3004392,2025-07-11,push,descuento,1300,0
607375,3004393,2025-04-10,sms,cashback,3000,0
607376,3004393,2026-02-14,email,cashback,2000,0
607377,3004393,2025-07-08,push,descuento,2600,0
607378,3004394,2025-10-12,push,generico,3600,0
607379,3004394,2025-10-04,sms,upgrade_credito,2000,0
607380,3004395,2025-03-20,email,upgrade_credito,2900,0
607381,3004395,2025-02-21,email,generico,1900,0
607382,3004396,2025-12-18,push,generico,1300,0
607383,3004396,2025-03-23,sms,upgrade_credito,2800,0
607384,3004397,2026-02-02,email,cashback,3300,0
607385,3004397,2025-12-04,push,cashback,2400,0
607386,3004399,2025-05-29,push,generico,3800,0
607387,3004399,2025-03-26,email,generico,2500,0
607388,3004401,2025-09-10,push,cashback,1500,0
607389,3004401,2025-06-05,email,upgrade_credito,2800,0
607390,3004402,2025-12-01,push,generico,3500,0
607391,3004406,2026-01-03,push,cashback,3000,0
607392,3004406,2025-07-02,push,generico,1100,0
607393,3004407,2026-03-05,push,descuento,4000,1
607394,3004408,2025-05-03,sms,descuento,500,1
607395,3004408,2025-03-25,email,cashback,1700,1
607396,3004408,2026-02-20,email,cashback,3400,0
607397,3004408,2025-05-09,push,generico,1800,0
607398,3004408,2025-10-19,email,descuento,1000,0
607399,3004409,2025-09-16,sms,generico,2800,0
607400,3004411,2025-06-27,push,cashback,1400,0
607401,3004411,2025-11-23,email,cashback,2300,0
607402,3004411,2025-09-10,push,cashback,2600,0
607403,3004412,2025-04-27,push,generico,3000,0
607404,3004412,2026-02-27,push,generico,2500,0
607405,3004412,2026-01-18,push,upgrade_credito,600,0
607406,3004412,2025-10-14,email,cashback,1400,0
607407,3004412,2025-11-21,push,descuento,1500,1
607408,3004413,2025-09-17,email,cashback,800,0
607409,3004414,2025-02-28,sms,upgrade_credito,2500,0
607410,3004414,2025-01-11,push,generico,2400,0
607411,3004416,2026-03-14,push,cashback,1700,0
607412,3004416,2025-09-19,email,generico,3500,0
607413,3004416,2025-10-11,email,descuento,1300,0
607414,3004418,2025-10-22,push,descuento,600,0
607415,3004418,2025-11-24,email,descuento,2300,0
607416,3004418,2026-03-14,email,cashback,3900,0
607417,3004418,2025-04-05,sms,generico,3600,0
607418,3004419,2025-03-11,sms,upgrade_credito,3700,0
607419,3004419,2025-05-10,email,descuento,2400,0
607420,3004420,2025-06-19,push,generico,1600,0
607421,3004420,2025-04-07,push,descuento,1700,0
607422,3004421,2025-05-09,sms,descuento,3500,0
607423,3004421,2025-09-10,sms,cashback,2300,0
607424,3004421,2025-02-14,email,generico,1000,0
607425,3004422,2025-09-19,push,descuento,800,0
607426,3004422,2025-04-08,push,cashback,700,0
607427,3004422,2025-06-08,email,cashback,1100,0
607428,3004423,2025-09-13,email,cashback,2900,1
607429,3004423,2025-01-21,sms,cashback,600,0
607430,3004425,2026-03-15,email,generico,1500,0
607431,3004425,2025-12-01,email,cashback,3100,1
607432,3004426,2025-03-04,email,cashback,2900,0
607433,3004426,2026-03-14,push,descuento,3100,0
607434,3004426,2026-03-05,email,descuento,900,0
607435,3004427,2025-11-06,push,upgrade_credito,3500,0
607436,3004427,2025-09-23,email,cashback,1200,0
607437,3004428,2026-01-14,push,cashback,2800,0
607438,3004428,2026-02-17,push,descuento,1200,0
607439,3004428,2025-02-24,push,generico,2100,0
607440,3004428,2025-02-09,sms,descuento,3000,0
607441,3004432,2025-06-15,push,cashback,1500,0
607442,3004432,2025-04-21,push,descuento,3300,0
607443,3004433,2025-01-02,push,descuento,1500,0
607444,3004435,2025-03-14,push,descuento,3700,0
607445,3004435,2025-07-15,push,descuento,1300,0
607446,3004438,2025-07-29,email,upgrade_credito,2400,0
607447,3004438,2025-04-23,email,generico,1200,1
607448,3004438,2025-09-23,email,cashback,3000,0
607449,3004439,2025-10-01,email,generico,1100,0
607450,3004439,2025-05-23,email,upgrade_credito,3000,0
607451,3004440,2026-02-11,push,descuento,1500,0
607452,3004440,2025-01-18,push,generico,3000,0
607453,3004440,2025-07-24,email,descuento,500,0
607454,3004441,2025-12-27,sms,descuento,1900,0
607455,3004443,2025-10-20,push,upgrade_credito,1700,0
607456,3004443,2025-04-17,sms,upgrade_credito,2600,0
607457,3004443,2025-04-09,push,descuento,1000,0
607458,3004444,2025-07-11,email,cashback,3100,0
607459,3004444,2025-06-24,push,descuento,2000,1
607460,3004445,2025-01-01,sms,generico,900,0
607461,3004446,2025-07-04,push,cashback,2500,0
607462,3004446,2026-03-08,sms,cashback,1500,0
607463,3004446,2026-01-06,push,descuento,1700,0
607464,3004447,2026-01-07,email,descuento,1700,0
607465,3004448,2025-03-05,email,cashback,2400,0
607466,3004448,2025-09-22,sms,generico,1900,0
607467,3004449,2025-07-20,sms,cashback,1600,1
607468,3004449,2025-06-27,push,descuento,1100,1
607469,3004450,2025-07-15,email,descuento,3700,0
607470,3004450,2026-01-22,push,cashback,3100,0
607471,3004451,2025-03-24,push,cashback,3500,1
607472,3004451,2025-08-05,email,generico,3100,0
607473,3004451,2025-02-17,push,generico,2400,0
607474,3004452,2026-01-24,email,cashback,900,0
607475,3004452,2025-07-01,email,upgrade_credito,3400,0
607476,3004452,2026-02-07,sms,descuento,2600,0
607477,3004453,2026-02-13,push,descuento,3400,0
607478,3004455,2026-02-01,push,generico,2100,0
607479,3004455,2025-08-09,email,generico,1400,0
607480,3004456,2025-03-31,push,descuento,800,0
607481,3004456,2025-07-20,email,generico,3600,0
607482,3004457,2025-07-17,push,cashback,2100,1
607483,3004457,2025-10-24,email,cashback,900,0
607484,3004457,2025-02-18,sms,descuento,1800,0
607485,3004459,2026-03-13,email,descuento,3200,0
607486,3004459,2025-07-01,email,upgrade_credito,1600,0
607487,3004459,2025-12-29,sms,upgrade_credito,3100,0
607488,3004459,2025-04-15,push,upgrade_credito,1300,0
607489,3004459,2025-07-10,email,cashback,2500,0
607490,3004461,2025-05-30,email,descuento,2000,0
607491,3004462,2025-12-08,push,generico,2100,1
607492,3004462,2025-03-13,push,descuento,1300,0
607493,3004464,2025-02-05,email,cashback,2700,0
607494,3004466,2025-09-12,push,cashback,3800,0
607495,3004467,2025-12-02,email,cashback,2600,1
607496,3004467,2025-11-08,push,upgrade_credito,4000,1
607497,3004468,2025-06-01,push,generico,1000,0
607498,3004471,2026-02-18,email,descuento,3900,0
607499,3004471,2025-03-14,push,cashback,2200,0
607500,3004472,2025-05-24,email,descuento,1600,0
607501,3004472,2025-09-23,push,cashback,1800,0
607502,3004473,2025-10-31,push,generico,2000,0
607503,3004473,2025-12-07,push,cashback,2000,0
607504,3004473,2025-03-05,push,descuento,1800,1
607505,3004474,2025-09-05,push,upgrade_credito,3000,0
607506,3004474,2025-10-09,push,generico,700,0
607507,3004475,2025-11-29,email,generico,2800,0
607508,3004475,2025-02-21,sms,cashback,3400,0
607509,3004477,2026-02-04,push,upgrade_credito,800,0
607510,3004478,2025-05-04,email,descuento,800,0
607511,3004478,2026-01-03,sms,descuento,3200,0
607512,3004480,2025-04-17,email,descuento,2700,0
607513,3004480,2026-01-20,push,descuento,1300,0
607514,3004480,2025-12-11,email,descuento,3300,1
607515,3004480,2025-06-08,email,upgrade_credito,1400,0
607516,3004481,2025-02-25,push,descuento,2200,0
607517,3004482,2025-05-20,sms,descuento,2100,1
607518,3004482,2025-04-10,push,descuento,2100,1
607519,3004483,2026-03-11,email,upgrade_credito,800,0
607520,3004483,2025-01-27,push,descuento,1900,0
607521,3004483,2025-01-30,push,descuento,3500,0
607522,3004484,2025-06-23,push,descuento,3000,0
607523,3004484,2026-01-05,email,generico,3000,0
607524,3004484,2025-06-23,sms,cashback,2500,0
607525,3004485,2025-12-27,email,generico,3600,0
607526,3004485,2026-03-01,sms,descuento,1400,0
607527,3004486,2025-07-28,email,descuento,4000,0
607528,3004486,2026-02-28,push,cashback,700,0
607529,3004486,2025-03-12,push,cashback,2700,0
607530,3004487,2025-06-12,push,upgrade_credito,1500,0
607531,3004487,2025-04-13,email,descuento,3700,0
607532,3004487,2025-03-04,sms,descuento,2500,0
607533,3004488,2025-09-27,push,generico,2900,0
607534,3004489,2025-08-12,push,cashback,3500,0
607535,3004489,2025-09-04,sms,upgrade_credito,1800,0
607536,3004490,2025-02-04,email,cashback,1100,0
607537,3004490,2025-12-22,email,generico,3600,0
607538,3004490,2025-07-02,email,generico,700,0
607539,3004494,2025-09-23,push,descuento,1900,0
607540,3004494,2025-03-19,push,descuento,3000,1
607541,3004495,2025-10-06,email,upgrade_credito,3200,0
607542,3004495,2026-01-16,push,generico,900,0
607543,3004495,2025-05-30,push,cashback,1500,0
607544,3004495,2025-02-24,push,generico,3100,0
607545,3004496,2026-02-22,push,cashback,3200,1
607546,3004496,2025-01-12,push,cashback,800,1
607547,3004496,2026-02-26,push,cashback,4000,1
607548,3004496,2026-01-10,push,generico,2500,0
607549,3004497,2026-02-08,push,descuento,3600,0
607550,3004498,2025-01-24,sms,descuento,3300,0
607551,3004498,2025-11-26,push,generico,900,0
607552,3004499,2025-03-10,push,cashback,2600,0
607553,3004499,2025-02-03,sms,upgrade_credito,3400,0
607554,3004500,2025-05-28,email,cashback,4000,0
607555,3004501,2025-10-20,sms,upgrade_credito,3100,0
607556,3004501,2025-11-25,sms,upgrade_credito,1100,0
607557,3004502,2026-02-02,email,upgrade_credito,1900,0
607558,3004502,2025-03-11,email,cashback,2200,0
607559,3004502,2025-04-01,sms,upgrade_credito,1300,0
607560,3004503,2025-11-30,push,upgrade_credito,700,0
607561,3004503,2025-05-31,push,cashback,2000,0
607562,3004504,2025-07-05,email,cashback,3500,1
607563,3004505,2026-01-23,push,descuento,3600,0
607564,3004505,2025-12-14,sms,upgrade_credito,3700,0
607565,3004506,2025-08-18,sms,descuento,1000,0
607566,3004509,2025-02-24,email,cashback,1600,0
607567,3004509,2025-06-21,push,descuento,2200,0
607568,3004509,2025-09-11,sms,descuento,1500,1
607569,3004509,2025-04-01,push,descuento,3900,0
607570,3004510,2025-04-09,push,descuento,2500,0
607571,3004510,2025-01-26,push,upgrade_credito,1200,0
607572,3004512,2026-03-05,email,generico,3300,0
607573,3004512,2025-04-11,push,cashback,2000,0
607574,3004514,2025-11-18,email,generico,3700,0
607575,3004514,2026-01-01,sms,generico,900,0
607576,3004515,2025-08-20,push,generico,3000,0
607577,3004517,2025-08-12,sms,generico,2400,0
607578,3004518,2025-11-01,push,upgrade_credito,1500,0
607579,3004518,2025-12-28,push,generico,700,0
607580,3004518,2026-02-16,push,cashback,1000,0
607581,3004519,2025-02-01,push,descuento,3600,0
607582,3004520,2025-09-28,email,generico,700,0
607583,3004520,2026-02-12,sms,descuento,3600,0
607584,3004520,2025-03-05,push,upgrade_credito,3900,0
607585,3004520,2025-08-28,push,cashback,1600,0
607586,3004520,2025-10-25,push,upgrade_credito,1500,0
607587,3004521,2025-07-12,sms,descuento,3600,0
607588,3004521,2025-01-01,email,cashback,3900,0
607589,3004522,2025-02-15,push,cashback,3400,0
607590,3004522,2025-11-18,push,descuento,2000,0
607591,3004524,2025-06-18,push,descuento,1900,0
607592,3004525,2025-11-21,push,generico,4000,0
607593,3004525,2025-07-17,push,cashback,1300,0
607594,3004526,2026-03-03,email,upgrade_credito,1100,0
607595,3004526,2025-12-07,push,cashback,2500,0
607596,3004526,2025-06-10,email,generico,1000,0
607597,3004526,2025-03-06,push,descuento,1100,0
607598,3004527,2025-09-28,email,generico,800,0
607599,3004527,2026-01-26,sms,generico,1900,0
607600,3004528,2026-01-17,push,descuento,1900,0
607601,3004528,2026-01-19,email,upgrade_credito,1100,0
607602,3004529,2026-01-29,push,cashback,2100,0
607603,3004529,2025-01-18,push,upgrade_credito,1100,0
607604,3004529,2026-02-10,sms,upgrade_credito,1500,0
607605,3004529,2025-02-23,email,descuento,600,1
607606,3004530,2026-02-13,email,cashback,3400,0
607607,3004530,2025-03-19,push,generico,4000,0
607608,3004531,2025-11-28,email,descuento,3200,0
607609,3004531,2025-08-31,push,cashback,3700,0
607610,3004533,2025-08-26,push,descuento,2900,0
607611,3004533,2025-03-11,email,upgrade_credito,3800,0
607612,3004534,2025-02-27,push,descuento,3300,0
607613,3004534,2025-08-12,email,generico,3800,0
607614,3004534,2025-03-07,email,upgrade_credito,3500,0
607615,3004534,2025-01-26,email,cashback,1900,0
607616,3004535,2025-09-29,email,generico,1400,0
607617,3004536,2025-05-11,email,upgrade_credito,2500,0
607618,3004537,2025-12-09,email,generico,1700,0
607619,3004538,2025-05-25,email,upgrade_credito,3300,0
607620,3004538,2025-03-14,email,cashback,3500,0
607621,3004538,2025-08-07,email,upgrade_credito,2300,0
607622,3004538,2025-02-19,sms,descuento,1600,0
607623,3004538,2026-02-10,push,upgrade_credito,1200,0
607624,3004538,2025-03-08,email,generico,3500,0
607625,3004539,2025-09-04,push,generico,800,0
607626,3004539,2025-06-30,push,cashback,3900,0
607627,3004539,2025-01-02,push,generico,1400,0
607628,3004541,2025-05-17,push,cashback,4000,1
607629,3004542,2025-12-10,push,cashback,2800,0
607630,3004542,2025-07-23,email,descuento,1500,0
607631,3004543,2025-10-20,sms,descuento,1600,0
607632,3004544,2026-02-27,push,generico,2100,0
607633,3004544,2025-01-25,email,generico,3900,0
607634,3004545,2025-03-07,push,cashback,2700,0
607635,3004547,2026-01-12,email,upgrade_credito,3200,0
607636,3004548,2025-08-13,push,upgrade_credito,600,1
607637,3004548,2025-12-14,push,upgrade_credito,2700,0
607638,3004548,2025-05-13,push,descuento,1300,0
607639,3004550,2025-09-22,push,generico,2400,0
607640,3004553,2025-03-07,email,cashback,3800,1
607641,3004553,2025-12-27,push,cashback,2500,0
607642,3004553,2025-07-28,push,descuento,2900,0
607643,3004554,2025-05-18,email,cashback,800,0
607644,3004556,2025-07-27,push,generico,2900,0
607645,3004556,2026-01-28,push,descuento,1900,0
607646,3004556,2026-01-06,email,descuento,2900,0
607647,3004558,2025-10-28,push,cashback,1200,0
607648,3004559,2026-03-01,push,cashback,1700,0
607649,3004561,2026-01-28,push,descuento,1800,0
607650,3004561,2025-01-21,sms,upgrade_credito,3200,0
607651,3004562,2025-01-04,email,descuento,900,0
607652,3004562,2026-01-16,push,cashback,2300,0
607653,3004563,2025-06-28,email,cashback,3100,0
607654,3004563,2025-08-21,push,cashback,1600,0
607655,3004564,2025-01-24,push,cashback,1600,0
607656,3004564,2025-02-25,email,upgrade_credito,1000,0
607657,3004565,2025-02-16,push,upgrade_credito,2700,1
607658,3004565,2025-12-08,push,descuento,1100,0
607659,3004566,2025-05-24,sms,generico,3300,0
607660,3004566,2026-02-25,push,upgrade_credito,900,0
607661,3004568,2025-12-16,push,upgrade_credito,1400,0
607662,3004568,2026-01-16,push,cashback,2300,1
607663,3004569,2025-12-30,push,cashback,2400,1
607664,3004570,2025-02-22,push,descuento,600,0
607665,3004571,2025-11-19,push,generico,900,0
607666,3004571,2025-03-18,email,generico,3400,0
607667,3004572,2025-12-30,push,descuento,2700,0
607668,3004572,2026-03-01,push,descuento,2600,0
607669,3004573,2025-02-07,push,upgrade_credito,1800,0
607670,3004575,2026-01-05,email,upgrade_credito,2900,0
607671,3004577,2025-03-05,push,generico,2100,0
607672,3004579,2025-03-26,sms,cashback,2900,0
607673,3004581,2026-02-17,push,descuento,3900,0
607674,3004581,2025-03-07,email,cashback,1800,0
607675,3004582,2025-01-12,push,descuento,700,0
607676,3004583,2025-04-04,email,generico,3200,0
607677,3004583,2025-03-26,sms,descuento,2100,0
607678,3004584,2025-07-08,email,cashback,1700,1
607679,3004585,2025-01-24,email,descuento,2200,0
607680,3004587,2025-09-28,email,generico,1900,0
607681,3004587,2025-01-29,email,generico,1400,0
607682,3004587,2025-08-07,push,descuento,3000,0
607683,3004588,2026-02-20,push,cashback,2000,0
607684,3004588,2025-01-27,email,generico,1200,0
607685,3004588,2025-03-31,email,generico,3200,0
607686,3004588,2025-02-14,push,cashback,900,0
607687,3004590,2025-01-20,push,descuento,1800,0
607688,3004590,2025-10-02,push,descuento,3200,1
607689,3004590,2026-03-11,sms,descuento,3300,0
607690,3004591,2025-12-04,push,cashback,3000,0
607691,3004592,2025-10-15,push,descuento,900,0
607692,3004594,2025-05-09,push,upgrade_credito,2000,0
607693,3004594,2025-02-14,email,cashback,800,0
607694,3004596,2025-08-07,email,cashback,2800,1
607695,3004597,2025-11-26,push,generico,3500,0
607696,3004598,2025-09-01,push,cashback,2100,0
607697,3004599,2025-04-05,push,descuento,700,0
607698,3004600,2025-02-05,email,descuento,3600,0
607699,3004600,2025-09-28,email,descuento,2700,0
607700,3004602,2025-06-18,push,cashback,3200,0
607701,3004602,2026-01-08,email,descuento,1100,0
607702,3004603,2025-09-19,push,generico,3500,0
607703,3004603,2025-02-08,email,upgrade_credito,1100,0
607704,3004605,2025-10-10,sms,descuento,2500,0
607705,3004605,2025-08-17,email,cashback,900,0
607706,3004605,2026-01-30,sms,generico,2300,0
607707,3004606,2025-02-01,sms,descuento,4000,0
607708,3004606,2025-10-05,push,cashback,3700,0
607709,3004606,2025-12-05,email,upgrade_credito,3300,0
607710,3004608,2025-04-17,push,descuento,3200,1
607711,3004608,2025-03-15,email,cashback,3900,0
607712,3004608,2025-11-16,push,descuento,3400,0
607713,3004610,2025-10-25,sms,descuento,700,0
607714,3004610,2025-01-22,email,descuento,1800,0
607715,3004610,2025-11-17,email,generico,4000,0
607716,3004610,2025-12-13,push,cashback,2000,0
607717,3004611,2025-04-15,push,descuento,1500,0
607718,3004611,2025-08-07,sms,cashback,2200,0
607719,3004612,2025-05-27,push,upgrade_credito,2000,0
607720,3004612,2025-09-06,push,cashback,1000,0
607721,3004613,2025-10-04,push,cashback,2000,0
607722,3004614,2025-11-21,push,generico,3200,0
607723,3004614,2025-04-08,push,generico,2000,0
607724,3004614,2025-08-15,push,cashback,1100,1
607725,3004614,2025-02-23,push,cashback,3800,0
607726,3004615,2025-01-29,email,cashback,2500,0
607727,3004615,2025-06-14,push,descuento,1600,0
607728,3004615,2025-04-08,email,cashback,3600,0
607729,3004615,2025-05-04,email,descuento,600,0
607730,3004616,2026-01-25,push,cashback,2800,0
607731,3004618,2025-11-15,sms,upgrade_credito,700,0
607732,3004618,2025-05-23,email,cashback,3400,1
607733,3004619,2025-03-26,sms,descuento,700,0
607734,3004620,2025-11-12,sms,generico,3300,0
607735,3004622,2025-08-15,email,upgrade_credito,2800,0
607736,3004622,2026-02-07,email,descuento,1700,0
607737,3004623,2025-11-13,email,cashback,3500,1
607738,3004623,2025-11-30,push,generico,3300,0
607739,3004624,2025-06-29,push,generico,3800,0
607740,3004624,2025-05-01,push,cashback,3100,0
607741,3004627,2025-03-11,push,cashback,2400,0
607742,3004628,2025-10-10,push,descuento,1900,0
607743,3004628,2025-10-01,email,cashback,2300,0
607744,3004629,2025-08-21,email,generico,1600,0
607745,3004631,2025-03-14,sms,generico,4000,0
607746,3004632,2025-09-05,email,descuento,700,0
607747,3004632,2025-09-02,email,descuento,1600,0
607748,3004634,2026-01-25,email,descuento,3000,0
607749,3004635,2025-06-08,push,upgrade_credito,3000,0
607750,3004635,2025-09-26,email,cashback,3900,0
607751,3004636,2025-09-11,push,generico,3600,1
607752,3004636,2025-09-18,email,descuento,800,1
607753,3004636,2025-11-29,push,generico,3100,0
607754,3004638,2025-09-23,push,descuento,1700,0
607755,3004638,2025-06-08,push,generico,1000,0
607756,3004639,2025-05-07,push,descuento,2400,0
607757,3004639,2025-06-08,email,descuento,2500,0
607758,3004639,2025-02-05,sms,generico,2700,0
607759,3004639,2025-01-02,email,upgrade_credito,500,0
607760,3004640,2025-11-03,sms,descuento,3600,0
607761,3004640,2025-10-31,email,cashback,3000,0
607762,3004642,2025-04-04,push,cashback,1300,0
607763,3004644,2026-02-06,push,descuento,1600,0
607764,3004645,2025-05-08,push,generico,2100,0
607765,3004645,2025-05-28,email,generico,900,0
607766,3004645,2025-02-27,push,descuento,3800,0
607767,3004645,2025-11-28,sms,generico,600,0
607768,3004646,2026-03-15,push,generico,800,0
607769,3004646,2025-10-14,push,generico,2900,0
607770,3004647,2025-10-26,email,descuento,1000,0
607771,3004647,2025-01-16,email,descuento,3200,0
607772,3004648,2025-10-27,push,cashback,2600,0
607773,3004648,2026-01-30,push,cashback,2600,0
607774,3004649,2025-12-05,email,cashback,3700,0
607775,3004649,2025-01-02,push,descuento,1200,0
607776,3004650,2026-01-06,push,cashback,3900,1
607777,3004650,2025-12-10,email,descuento,2500,1
607778,3004650,2025-08-02,push,descuento,1700,0
607779,3004651,2025-04-28,sms,descuento,2100,0
607780,3004651,2025-04-26,sms,descuento,1800,1
607781,3004651,2026-02-04,push,cashback,3500,0
607782,3004652,2026-02-01,push,cashback,3500,1
607783,3004652,2025-01-09,email,generico,2700,1
607784,3004652,2026-02-04,push,upgrade_credito,3400,0
607785,3004652,2025-12-30,email,cashback,1500,0
607786,3004653,2025-04-18,email,cashback,1100,0
607787,3004653,2026-01-10,email,descuento,2800,0
607788,3004653,2025-10-24,email,cashback,800,0
607789,3004654,2026-02-24,push,descuento,3200,0
607790,3004654,2026-02-27,push,upgrade_credito,1600,0
607791,3004654,2025-02-05,push,generico,3800,0
607792,3004654,2025-01-22,sms,cashback,3900,0
607793,3004654,2025-02-07,email,cashback,2700,0
607794,3004655,2025-10-31,push,cashback,700,0
607795,3004657,2025-03-27,push,generico,3200,0
607796,3004657,2025-09-16,email,upgrade_credito,3800,0
607797,3004658,2025-03-03,push,descuento,2400,0
607798,3004658,2025-11-07,email,descuento,2500,0
607799,3004659,2025-07-05,email,cashback,2900,0
607800,3004660,2025-12-23,push,cashback,2600,0
607801,3004660,2025-09-07,sms,cashback,1300,0
607802,3004660,2025-01-03,sms,descuento,2200,0
607803,3004661,2025-08-19,push,generico,1600,0
607804,3004661,2025-06-03,push,generico,3100,0
607805,3004661,2026-02-19,email,generico,500,0
607806,3004662,2025-07-28,sms,generico,700,0
607807,3004662,2025-10-09,email,generico,2500,0
607808,3004662,2025-06-20,push,descuento,3600,0
607809,3004662,2025-05-21,push,cashback,3200,0
607810,3004662,2025-07-25,email,generico,2100,0
607811,3004663,2025-07-25,email,cashback,900,0
607812,3004664,2025-08-22,push,cashback,1700,0
607813,3004664,2026-02-14,push,generico,1600,0
607814,3004665,2025-03-02,email,descuento,3800,0
607815,3004665,2026-02-24,push,cashback,1400,0
607816,3004666,2025-05-13,email,cashback,2400,0
607817,3004667,2025-10-15,push,descuento,900,0
607818,3004667,2025-03-07,push,upgrade_credito,3000,0
607819,3004667,2025-12-19,push,upgrade_credito,3400,0
607820,3004668,2025-01-12,email,cashback,3700,1
607821,3004670,2025-11-22,email,descuento,2600,0
607822,3004671,2025-07-06,email,upgrade_credito,1300,0
607823,3004671,2025-12-24,email,descuento,2300,1
607824,3004672,2025-07-20,email,cashback,800,0
607825,3004672,2025-04-02,push,descuento,1200,0
607826,3004673,2025-11-26,push,upgrade_credito,600,0
607827,3004673,2025-08-17,sms,cashback,1700,0
607828,3004673,2025-04-01,email,generico,3800,0
607829,3004673,2025-04-17,push,generico,2600,0
607830,3004675,2025-09-12,push,upgrade_credito,3300,0
607831,3004675,2026-01-04,push,descuento,900,1
607832,3004675,2026-01-11,push,upgrade_credito,3000,0
607833,3004675,2026-01-04,email,generico,2500,0
607834,3004676,2025-05-03,sms,cashback,2800,0
607835,3004676,2025-07-23,push,descuento,800,0
607836,3004679,2026-02-26,push,cashback,1100,0
607837,3004679,2025-08-13,email,cashback,1900,0
607838,3004680,2025-03-27,email,descuento,2400,0
607839,3004681,2026-01-09,push,descuento,1900,0
607840,3004681,2025-01-05,push,cashback,1000,0
607841,3004681,2025-04-15,push,generico,2900,1
607842,3004681,2025-07-04,push,generico,3500,0
607843,3004682,2025-10-03,email,descuento,3500,0
607844,3004682,2025-09-16,email,cashback,3100,0
607845,3004683,2025-10-15,push,cashback,1700,0
607846,3004683,2025-05-30,email,descuento,2900,0
607847,3004684,2026-02-07,email,descuento,3700,0
607848,3004685,2025-05-15,push,upgrade_credito,1100,0
607849,3004685,2025-04-13,email,cashback,2300,0
607850,3004685,2025-08-09,email,generico,1800,0
607851,3004685,2025-02-26,email,cashback,3100,0
607852,3004685,2025-11-23,push,descuento,1200,0
607853,3004686,2025-09-17,email,descuento,1200,0
607854,3004686,2025-08-28,email,generico,2600,0
607855,3004687,2026-01-24,push,cashback,2600,0
607856,3004688,2025-11-03,push,generico,1900,0
607857,3004688,2025-03-23,email,descuento,1200,0
607858,3004691,2025-01-13,push,descuento,1300,0
607859,3004691,2025-07-19,push,cashback,2500,0
607860,3004691,2025-05-22,email,cashback,2400,0
607861,3004691,2026-02-16,push,generico,3300,1
607862,3004692,2025-06-06,sms,upgrade_credito,1800,0
607863,3004692,2025-06-01,push,generico,1400,0
607864,3004692,2025-03-12,push,descuento,2500,0
607865,3004694,2025-04-05,push,descuento,3900,0
607866,3004694,2025-07-11,push,descuento,1100,0
607867,3004696,2025-01-14,sms,descuento,2700,0
607868,3004696,2026-02-24,push,generico,3900,1
607869,3004698,2025-06-01,email,descuento,3200,1
607870,3004700,2025-04-29,push,descuento,2000,0
607871,3004700,2026-01-20,sms,descuento,1400,0
607872,3004702,2025-07-05,push,cashback,3000,0
607873,3004702,2025-11-29,push,descuento,3400,0
607874,3004703,2025-09-29,push,cashback,2700,0
607875,3004704,2025-05-30,push,descuento,3500,0
607876,3004704,2026-02-05,email,generico,1700,0
607877,3004704,2025-01-28,push,descuento,2000,0
607878,3004705,2026-01-04,push,descuento,2700,0
607879,3004705,2025-12-17,sms,cashback,600,0
607880,3004706,2025-02-05,push,descuento,3400,0
607881,3004706,2025-01-25,push,upgrade_credito,3500,1
607882,3004707,2025-12-08,sms,generico,1500,0
607883,3004707,2025-03-10,push,generico,500,0
607884,3004707,2025-05-12,push,generico,2300,0
607885,3004707,2025-12-22,push,descuento,3000,0
607886,3004707,2025-09-18,email,descuento,1600,0
607887,3004709,2026-01-04,push,cashback,3300,0
607888,3004709,2026-02-17,push,cashback,3000,0
607889,3004710,2026-01-22,sms,cashback,1800,0
607890,3004710,2026-01-26,push,generico,1200,0
607891,3004710,2025-11-25,sms,generico,800,0
607892,3004713,2026-01-01,sms,generico,4000,0
607893,3004713,2025-05-26,sms,upgrade_credito,1000,0
607894,3004715,2025-04-10,push,upgrade_credito,2900,0
607895,3004716,2025-08-04,push,upgrade_credito,1500,1
607896,3004716,2025-01-11,email,descuento,1700,0
607897,3004717,2025-03-06,push,cashback,3100,0
607898,3004717,2025-08-26,push,descuento,3200,0
607899,3004718,2025-07-10,email,cashback,1500,1
607900,3004719,2025-07-26,email,cashback,1800,0
607901,3004719,2025-04-13,sms,descuento,2900,0
607902,3004719,2025-07-01,email,descuento,3500,0
607903,3004719,2025-08-28,sms,cashback,900,0
607904,3004719,2025-05-23,push,upgrade_credito,2200,1
607905,3004720,2026-01-19,email,descuento,2300,0
607906,3004720,2025-08-09,push,cashback,3600,0
607907,3004722,2025-04-04,email,descuento,1000,0
607908,3004723,2025-01-21,email,descuento,3500,0
607909,3004723,2025-07-13,email,descuento,3800,0
607910,3004723,2025-01-20,email,descuento,2200,0
607911,3004724,2025-03-20,sms,generico,700,0
607912,3004724,2025-01-14,push,descuento,2800,0
607913,3004726,2025-10-17,sms,descuento,1100,0
607914,3004726,2025-08-31,push,cashback,1000,0
607915,3004726,2025-09-14,sms,descuento,2100,0
607916,3004728,2025-06-19,email,cashback,600,0
607917,3004728,2026-02-14,email,upgrade_credito,1900,0
607918,3004729,2025-03-29,email,cashback,600,0
607919,3004730,2025-06-15,push,descuento,3200,0
607920,3004731,2025-09-28,sms,generico,1000,0
607921,3004731,2025-05-12,push,descuento,2500,0
607922,3004731,2026-01-04,email,descuento,2500,0
607923,3004732,2026-01-23,email,descuento,900,0
607924,3004732,2025-06-08,sms,descuento,1400,0
607925,3004732,2025-07-18,push,cashback,2400,0
607926,3004733,2025-03-30,push,generico,600,0
607927,3004736,2025-12-18,push,descuento,3900,0
607928,3004736,2025-03-08,push,cashback,3600,0
607929,3004736,2025-05-27,sms,cashback,2300,0
607930,3004737,2026-03-06,email,descuento,2700,0
607931,3004737,2026-03-07,push,generico,3000,0
607932,3004737,2026-03-14,push,cashback,2800,0
607933,3004737,2025-06-06,sms,upgrade_credito,3000,0
607934,3004737,2025-07-16,email,generico,3100,0
607935,3004738,2025-10-31,push,upgrade_credito,1800,0
607936,3004738,2025-04-26,push,descuento,2700,0
607937,3004738,2025-05-17,push,upgrade_credito,2100,0
607938,3004739,2025-01-14,sms,cashback,3300,0
607939,3004739,2025-01-01,push,upgrade_credito,1500,0
607940,3004740,2025-04-10,email,generico,3400,1
607941,3004741,2026-01-11,email,upgrade_credito,3200,0
607942,3004741,2025-06-25,push,cashback,3500,0
607943,3004741,2025-12-31,push,upgrade_credito,3600,0
607944,3004742,2025-02-01,push,cashback,4000,0
607945,3004743,2025-01-08,email,descuento,2400,0
607946,3004743,2026-01-29,push,upgrade_credito,3000,0
607947,3004744,2025-04-03,email,generico,1100,0
607948,3004744,2025-02-20,push,upgrade_credito,2400,0
607949,3004744,2026-01-09,push,generico,2900,0
607950,3004744,2026-02-02,email,upgrade_credito,2200,0
607951,3004745,2026-03-15,push,descuento,3800,0
607952,3004745,2025-04-16,push,generico,800,0
607953,3004745,2025-06-16,push,upgrade_credito,1800,0
607954,3004746,2025-05-26,push,descuento,2800,0
607955,3004746,2025-04-24,email,upgrade_credito,2300,0
607956,3004747,2025-02-15,push,generico,1300,0
607957,3004748,2025-06-06,push,generico,1300,0
607958,3004748,2025-09-23,sms,generico,3100,0
607959,3004749,2025-12-30,email,descuento,2100,0
607960,3004751,2025-09-24,push,cashback,1100,0
607961,3004752,2025-10-06,sms,descuento,3700,0
607962,3004752,2025-04-20,push,descuento,2500,0
607963,3004753,2025-11-07,sms,generico,1900,0
607964,3004754,2025-01-27,email,upgrade_credito,2200,0
607965,3004754,2026-01-02,push,upgrade_credito,3000,1
607966,3004756,2025-02-16,email,upgrade_credito,3000,1
607967,3004756,2025-05-18,push,cashback,2800,1
607968,3004757,2025-05-09,push,cashback,900,0
607969,3004758,2025-08-09,push,cashback,2000,0
607970,3004758,2025-04-08,sms,generico,2600,0
607971,3004759,2026-01-19,push,cashback,800,0
607972,3004759,2025-03-14,sms,cashback,3200,0
607973,3004760,2025-04-09,email,descuento,2500,0
607974,3004762,2025-01-08,push,upgrade_credito,1400,0
607975,3004762,2026-01-29,push,generico,800,0
607976,3004762,2025-04-05,push,cashback,2500,0
607977,3004763,2025-04-02,sms,generico,2900,0
607978,3004764,2025-06-10,email,cashback,3400,0
607979,3004764,2025-12-19,push,descuento,2300,1
607980,3004764,2025-08-25,push,generico,1800,0
607981,3004765,2025-01-21,sms,upgrade_credito,4000,0
607982,3004765,2025-05-28,email,descuento,2400,1
607983,3004765,2025-08-11,push,cashback,1600,1
607984,3004766,2025-04-03,email,generico,3700,0
607985,3004766,2025-04-06,push,upgrade_credito,2900,0
607986,3004768,2025-11-05,push,cashback,2100,0
607987,3004768,2025-10-26,email,generico,1100,0
607988,3004769,2025-04-16,email,cashback,3400,0
607989,3004769,2025-11-02,sms,cashback,2500,0
607990,3004769,2025-12-30,push,generico,500,0
607991,3004770,2025-11-25,email,descuento,1900,0
607992,3004770,2025-04-29,push,cashback,2400,0
607993,3004770,2025-11-05,push,descuento,3900,0
607994,3004771,2026-03-03,email,cashback,3900,1
607995,3004771,2026-01-22,push,cashback,1700,1
607996,3004774,2025-12-21,push,generico,4000,0
607997,3004775,2025-08-28,sms,upgrade_credito,1000,0
607998,3004775,2025-08-11,push,cashback,4000,1
607999,3004776,2026-02-11,push,cashback,800,0
608000,3004777,2025-11-06,push,cashback,800,0
608001,3004779,2025-08-21,push,cashback,1700,0
608002,3004780,2026-01-09,email,upgrade_credito,3500,0
608003,3004780,2025-01-24,sms,generico,2400,0
608004,3004780,2025-10-27,push,cashback,3400,0
608005,3004781,2025-03-19,push,upgrade_credito,900,0
608006,3004781,2025-01-16,sms,cashback,900,0
608007,3004781,2026-02-19,push,generico,3300,0
608008,3004781,2025-04-07,email,descuento,2500,0
608009,3004781,2026-01-06,email,cashback,2500,0
608010,3004781,2025-05-24,push,generico,1400,0
608011,3004783,2025-08-20,push,cashback,3700,0
608012,3004783,2025-05-09,email,descuento,3800,0
608013,3004784,2025-09-24,sms,generico,1800,0
608014,3004785,2025-10-07,push,cashback,3600,0
608015,3004785,2025-07-04,email,cashback,1600,0
608016,3004785,2025-12-23,sms,generico,2500,0
608017,3004786,2025-03-09,sms,upgrade_credito,2300,0
608018,3004786,2025-05-27,push,cashback,2000,0
608019,3004786,2025-04-15,push,upgrade_credito,2700,0
608020,3004787,2025-01-29,push,cashback,2300,0
608021,3004787,2026-01-14,push,upgrade_credito,2800,0
608022,3004788,2025-01-01,push,cashback,1000,0
608023,3004788,2025-02-11,email,cashback,800,0
608024,3004789,2026-01-23,email,upgrade_credito,1000,0
608025,3004789,2026-01-31,push,upgrade_credito,1900,0
608026,3004790,2025-07-06,sms,cashback,1100,0
608027,3004791,2026-02-14,email,cashback,3000,0
608028,3004793,2025-07-17,push,descuento,3800,0
608029,3004793,2025-09-23,email,cashback,3800,0
608030,3004795,2025-06-27,email,generico,800,0
608031,3004796,2025-05-31,email,generico,700,0
608032,3004796,2025-10-31,push,cashback,3600,1
608033,3004796,2025-04-05,push,descuento,2800,0
608034,3004797,2025-06-12,push,cashback,2500,0
608035,3004798,2025-04-05,push,cashback,1300,0
608036,3004799,2025-09-04,email,cashback,3300,0
608037,3004801,2025-09-24,push,descuento,3800,0
608038,3004802,2025-05-05,push,generico,900,0
608039,3004803,2026-02-13,sms,upgrade_credito,1800,0
608040,3004804,2025-04-23,push,generico,3300,0
608041,3004804,2025-03-22,push,descuento,1000,0
608042,3004805,2025-07-15,push,upgrade_credito,2000,0
608043,3004805,2025-06-06,sms,generico,1100,0
608044,3004806,2025-08-22,push,upgrade_credito,700,0
608045,3004807,2025-08-07,push,descuento,3900,0
608046,3004808,2025-09-27,push,descuento,1200,1
608047,3004810,2025-10-20,push,upgrade_credito,2500,0
608048,3004811,2025-04-21,push,generico,2700,0
608049,3004811,2025-10-07,push,descuento,1900,0
608050,3004812,2025-10-07,push,generico,3200,0
608051,3004812,2025-11-03,email,cashback,3400,0
608052,3004813,2025-11-19,push,upgrade_credito,3100,0
608053,3004813,2025-06-02,push,descuento,2000,0
608054,3004814,2025-10-30,push,generico,3800,0
608055,3004814,2025-08-26,email,cashback,2200,1
608056,3004815,2025-11-14,email,descuento,1900,0
608057,3004815,2025-01-15,email,descuento,1500,0
608058,3004815,2026-01-15,push,descuento,1600,0
608059,3004816,2025-11-15,push,descuento,3000,0
608060,3004816,2025-10-22,sms,descuento,3000,0
608061,3004816,2025-05-03,sms,generico,600,0
608062,3004817,2025-09-06,email,generico,2200,0
608063,3004818,2025-11-11,push,upgrade_credito,3400,0
608064,3004818,2025-06-30,push,descuento,2300,0
608065,3004819,2025-06-22,push,descuento,3900,0
608066,3004819,2025-07-12,email,descuento,2200,0
608067,3004820,2025-05-11,email,generico,2300,0
608068,3004820,2025-07-02,push,generico,3000,0
608069,3004822,2025-07-23,email,cashback,1600,0
608070,3004823,2025-12-03,push,cashback,3700,0
608071,3004823,2025-01-28,push,generico,3900,0
608072,3004824,2025-10-24,push,descuento,500,0
608073,3004824,2025-10-16,sms,descuento,3400,0
608074,3004824,2025-10-13,push,descuento,2200,0
608075,3004826,2025-01-08,sms,descuento,700,0
608076,3004826,2025-07-12,sms,upgrade_credito,2000,0
608077,3004826,2025-09-14,sms,descuento,1500,1
608078,3004826,2025-11-06,sms,generico,3400,0
608079,3004827,2025-03-09,sms,generico,4000,0
608080,3004828,2026-03-07,push,generico,3600,0
608081,3004828,2025-03-02,push,upgrade_credito,2800,0
608082,3004830,2026-01-03,email,cashback,3700,0
608083,3004830,2025-10-16,email,cashback,4000,1
608084,3004830,2025-03-27,sms,upgrade_credito,1800,0
608085,3004830,2025-05-03,email,upgrade_credito,3600,0
608086,3004831,2025-08-01,email,generico,3400,0
608087,3004833,2025-01-27,sms,upgrade_credito,1900,0
608088,3004834,2025-02-22,sms,upgrade_credito,900,0
608089,3004835,2025-11-24,push,cashback,1800,0
608090,3004835,2025-04-29,push,generico,2200,0
608091,3004836,2026-01-11,email,upgrade_credito,2400,0
608092,3004837,2025-07-10,email,generico,1700,0
608093,3004837,2025-07-28,push,cashback,1100,1
608094,3004840,2025-09-14,push,upgrade_credito,2600,0
608095,3004840,2025-10-22,email,upgrade_credito,1700,0
608096,3004840,2025-04-29,email,generico,1700,0
608097,3004841,2025-01-04,email,generico,1000,0
608098,3004841,2025-05-26,email,descuento,3300,0
608099,3004841,2025-02-16,push,cashback,600,0
608100,3004842,2025-11-02,push,descuento,900,0
608101,3004843,2025-03-07,sms,upgrade_credito,1300,0
608102,3004843,2025-08-21,push,descuento,2800,0
608103,3004843,2025-05-27,push,descuento,2600,0
608104,3004844,2025-09-17,push,cashback,2800,0
608105,3004844,2025-05-27,sms,cashback,3100,0
608106,3004844,2025-11-27,push,generico,1400,0
608107,3004848,2025-07-18,push,cashback,2700,1
608108,3004848,2026-03-03,email,upgrade_credito,1300,0
608109,3004849,2026-01-30,push,upgrade_credito,1400,1
608110,3004849,2025-03-10,email,cashback,700,0
608111,3004851,2025-01-11,push,generico,2300,0
608112,3004851,2025-12-22,push,upgrade_credito,500,0
608113,3004852,2025-12-18,email,cashback,3800,0
608114,3004852,2026-02-23,push,generico,3400,0
608115,3004852,2025-08-20,push,descuento,700,0
608116,3004852,2025-03-16,email,generico,900,0
608117,3004853,2025-09-18,push,descuento,1700,1
608118,3004855,2025-08-18,sms,descuento,2700,0
608119,3004856,2025-02-26,push,cashback,2900,0
608120,3004856,2025-10-03,push,cashback,3000,0
608121,3004856,2025-11-27,push,generico,3200,0
608122,3004857,2025-02-10,push,cashback,800,0
608123,3004859,2025-06-17,sms,cashback,3300,0
608124,3004859,2025-12-21,email,generico,1900,0
608125,3004860,2025-04-30,email,cashback,2300,0
608126,3004860,2026-02-03,sms,descuento,1900,0
608127,3004861,2026-01-06,push,descuento,500,0
608128,3004862,2025-11-02,push,cashback,600,0
608129,3004863,2025-08-24,push,generico,1000,0
608130,3004863,2025-01-07,sms,cashback,3600,0
608131,3004864,2025-11-18,push,descuento,2300,0
608132,3004864,2025-12-11,sms,generico,3200,0
608133,3004864,2026-02-28,push,upgrade_credito,3400,0
608134,3004864,2025-11-29,push,generico,900,0
608135,3004864,2025-11-15,sms,descuento,2400,1
608136,3004865,2025-08-23,sms,descuento,3900,0
608137,3004865,2025-11-26,push,cashback,2000,0
608138,3004865,2026-01-16,push,descuento,800,0
608139,3004865,2026-02-12,push,generico,2900,0
608140,3004868,2026-01-30,sms,generico,1400,0
608141,3004869,2026-01-20,sms,generico,3000,1
608142,3004869,2026-01-30,sms,cashback,1400,0
608143,3004869,2025-05-28,email,cashback,1100,1
608144,3004870,2025-09-27,push,descuento,3300,0
608145,3004870,2025-05-25,push,cashback,2500,0
608146,3004870,2025-06-25,email,cashback,1100,0
608147,3004872,2025-03-25,sms,generico,2600,0
608148,3004873,2025-12-12,push,descuento,2100,0
608149,3004874,2026-02-06,push,cashback,3800,1
608150,3004875,2025-01-20,push,cashback,1200,0
608151,3004875,2025-08-13,push,descuento,2800,0
608152,3004876,2025-07-09,push,cashback,1100,0
608153,3004876,2025-01-26,email,cashback,500,0
608154,3004877,2026-02-03,push,descuento,2200,0
608155,3004877,2026-03-05,push,cashback,1100,1
608156,3004878,2025-11-18,sms,cashback,3700,0
608157,3004878,2025-10-31,push,generico,1600,0
608158,3004878,2026-02-04,push,generico,3300,0
608159,3004879,2025-05-22,sms,upgrade_credito,2100,0
608160,3004880,2025-02-09,sms,cashback,1900,0
608161,3004880,2025-11-19,sms,descuento,1800,0
608162,3004881,2025-02-27,sms,descuento,3900,0
608163,3004881,2025-04-22,push,generico,1800,0
608164,3004881,2025-12-29,push,generico,2800,0
608165,3004881,2025-07-18,push,upgrade_credito,1100,0
608166,3004881,2025-08-13,push,descuento,1400,0
608167,3004882,2025-08-15,push,generico,1900,0
608168,3004882,2025-07-01,push,descuento,3200,1
608169,3004882,2025-12-12,sms,descuento,2400,0
608170,3004882,2025-01-07,push,descuento,3400,1
608171,3004883,2025-05-12,push,descuento,1800,0
608172,3004883,2025-11-15,push,descuento,3400,0
608173,3004883,2025-10-23,push,generico,1100,0
608174,3004883,2025-02-11,push,upgrade_credito,1900,0
608175,3004884,2025-11-19,email,descuento,700,0
608176,3004884,2025-06-04,push,generico,3800,0
608177,3004885,2025-02-28,sms,generico,2000,0
608178,3004889,2025-11-13,email,descuento,1500,0
608179,3004889,2025-12-14,sms,upgrade_credito,1500,0
608180,3004891,2025-10-16,email,descuento,1900,0
608181,3004892,2025-02-19,email,upgrade_credito,2300,0
608182,3004892,2026-02-25,push,cashback,2300,0
608183,3004893,2025-11-09,email,descuento,3300,0
608184,3004894,2025-11-05,push,generico,600,0
608185,3004894,2025-11-19,push,cashback,3700,1
608186,3004894,2025-02-18,email,cashback,800,0
608187,3004895,2025-09-10,sms,descuento,4000,0
608188,3004895,2025-05-17,email,descuento,2500,0
608189,3004895,2026-03-14,push,upgrade_credito,2900,0
608190,3004896,2025-03-17,push,generico,3000,1
608191,3004896,2026-02-20,email,descuento,600,0
608192,3004898,2025-11-16,email,descuento,3400,0
608193,3004898,2025-01-02,sms,generico,3600,0
608194,3004898,2025-05-29,email,cashback,2200,0
608195,3004899,2025-11-06,email,generico,2800,0
608196,3004899,2025-06-07,sms,upgrade_credito,900,0
608197,3004899,2025-12-30,sms,cashback,500,0
608198,3004899,2025-09-15,sms,cashback,2200,0
608199,3004899,2025-02-17,email,descuento,2000,0
608200,3004899,2025-12-28,email,cashback,1900,0
608201,3004900,2025-10-26,email,upgrade_credito,3400,0
608202,3004901,2026-02-23,sms,upgrade_credito,3200,0
608203,3004902,2025-08-03,sms,descuento,2100,0
608204,3004902,2026-02-25,push,upgrade_credito,2200,0
608205,3004902,2025-07-19,push,cashback,900,1
608206,3004903,2025-05-04,sms,descuento,2500,0
608207,3004903,2025-06-29,email,descuento,900,0
608208,3004904,2025-06-27,push,cashback,600,0
608209,3004904,2025-07-30,push,descuento,1500,0
608210,3004905,2025-02-13,email,generico,1900,0
608211,3004905,2025-06-12,email,descuento,1300,0
608212,3004906,2025-04-04,sms,cashback,2400,0
608213,3004906,2026-02-18,push,cashback,3600,0
608214,3004907,2025-06-24,push,descuento,2900,0
608215,3004908,2025-09-22,push,generico,2100,0
608216,3004908,2025-07-07,email,cashback,3100,0
608217,3004909,2025-06-27,email,upgrade_credito,1100,0
608218,3004909,2025-11-10,push,generico,3400,0
608219,3004909,2025-12-17,push,generico,3700,0
608220,3004909,2025-01-14,push,generico,3900,0
608221,3004911,2025-09-27,push,cashback,3000,0
608222,3004911,2025-05-05,push,cashback,3400,0
608223,3004913,2025-10-20,push,descuento,2200,0
608224,3004913,2025-01-04,email,upgrade_credito,2500,0
608225,3004913,2025-12-01,sms,descuento,3400,0
608226,3004914,2025-04-26,push,descuento,1500,0
608227,3004915,2025-07-09,email,generico,3500,0
608228,3004915,2025-07-02,sms,cashback,3600,0
608229,3004916,2025-10-07,email,cashback,2900,0
608230,3004916,2025-07-12,sms,descuento,700,0
608231,3004916,2025-05-15,email,cashback,1400,0
608232,3004917,2025-09-16,push,cashback,3400,0
608233,3004917,2025-08-12,push,descuento,1200,1
608234,3004918,2025-09-14,push,descuento,2500,0
608235,3004918,2025-12-09,push,cashback,2600,0
608236,3004919,2025-03-28,email,descuento,3900,0
608237,3004920,2026-02-16,push,cashback,3200,0
608238,3004920,2025-04-27,push,generico,600,0
608239,3004920,2025-07-09,push,generico,3000,0
608240,3004921,2025-10-02,sms,cashback,2100,0
608241,3004921,2025-07-27,email,upgrade_credito,600,0
608242,3004922,2025-06-25,push,generico,3200,0
608243,3004922,2026-02-09,sms,descuento,1100,0
608244,3004922,2025-05-21,push,descuento,3400,0
608245,3004923,2025-11-12,push,cashback,2300,0
608246,3004924,2025-09-06,sms,cashback,1900,0
608247,3004925,2025-01-17,email,generico,3500,1
608248,3004926,2025-01-27,email,cashback,4000,0
608249,3004926,2025-02-26,email,generico,2000,0
608250,3004926,2026-03-09,push,generico,900,0
608251,3004927,2025-09-19,email,cashback,1700,0
608252,3004927,2025-01-05,push,generico,2200,0
608253,3004932,2025-05-21,push,descuento,1500,0
608254,3004933,2025-12-25,email,generico,4000,0
608255,3004935,2025-11-18,sms,cashback,1300,0
608256,3004935,2025-08-06,push,descuento,3100,0
608257,3004935,2025-11-14,push,generico,2900,0
608258,3004936,2025-01-03,push,generico,1000,0
608259,3004936,2025-06-13,sms,cashback,900,0
608260,3004936,2025-01-30,email,descuento,1100,0
608261,3004937,2025-08-16,push,cashback,4000,1
608262,3004937,2025-03-06,push,cashback,1700,0
608263,3004938,2025-10-24,email,descuento,3100,1
608264,3004939,2025-02-15,push,cashback,3600,0
608265,3004939,2025-05-12,email,cashback,1100,0
608266,3004939,2025-02-21,push,descuento,700,0
608267,3004941,2025-09-16,push,generico,1800,0
608268,3004942,2026-02-02,email,descuento,2100,0
608269,3004942,2025-03-10,push,generico,1400,0
608270,3004942,2026-01-12,push,cashback,3500,0
608271,3004942,2025-09-12,email,generico,2300,0
608272,3004943,2025-10-21,sms,descuento,1600,0
608273,3004943,2025-09-02,sms,upgrade_credito,600,0
608274,3004944,2025-03-07,push,cashback,600,0
608275,3004944,2025-09-21,push,generico,1300,0
608276,3004945,2025-08-06,push,generico,3700,0
608277,3004945,2026-01-16,email,generico,1100,0
608278,3004945,2025-08-09,email,cashback,1600,0
608279,3004946,2026-02-05,email,descuento,3300,0
608280,3004946,2025-06-16,email,generico,3700,0
608281,3004947,2025-07-04,push,descuento,3500,0
608282,3004948,2025-11-11,push,upgrade_credito,2500,0
608283,3004948,2025-10-15,push,descuento,800,0
608284,3004950,2025-07-24,push,generico,2300,0
608285,3004950,2026-02-19,push,descuento,1000,0
608286,3004951,2025-04-22,push,generico,600,0
608287,3004951,2025-04-26,sms,generico,3600,0
608288,3004951,2025-06-08,email,cashback,3300,1
608289,3004951,2025-01-20,push,descuento,3200,1
608290,3004952,2025-10-07,email,upgrade_credito,1700,0
608291,3004953,2025-12-01,push,generico,1200,0
608292,3004953,2025-10-05,email,descuento,700,0
608293,3004954,2025-11-26,push,upgrade_credito,700,0
608294,3004955,2025-08-11,push,generico,1400,0
608295,3004955,2025-03-08,push,generico,3800,0
608296,3004956,2025-02-20,email,cashback,1400,0
608297,3004956,2025-03-08,sms,upgrade_credito,3200,0
608298,3004956,2025-05-21,email,generico,2200,0
608299,3004957,2026-01-06,email,cashback,4000,0
608300,3004957,2025-10-01,email,upgrade_credito,1400,0
608301,3004958,2025-06-09,push,cashback,2800,0
608302,3004958,2025-08-28,push,descuento,1600,0
608303,3004959,2025-05-23,push,cashback,3300,0
608304,3004960,2025-09-29,push,generico,1400,0
608305,3004960,2026-01-19,push,cashback,700,0
608306,3004960,2025-01-13,push,descuento,1000,0
608307,3004961,2025-02-15,push,upgrade_credito,1000,0
608308,3004964,2026-01-18,push,descuento,600,0
608309,3004964,2025-10-23,push,generico,2600,0
608310,3004964,2026-01-08,email,generico,1600,0
608311,3004964,2025-10-31,push,cashback,3400,0
608312,3004965,2025-09-13,push,descuento,800,0
608313,3004965,2025-03-07,email,upgrade_credito,3900,0
608314,3004966,2025-12-07,sms,cashback,4000,0
608315,3004966,2025-09-25,push,upgrade_credito,3600,0
608316,3004967,2025-03-08,email,generico,2800,0
608317,3004967,2025-08-13,push,cashback,700,0
608318,3004967,2025-09-15,push,descuento,2500,0
608319,3004967,2025-11-09,email,descuento,800,0
608320,3004968,2025-12-16,sms,generico,3400,0
608321,3004968,2025-07-27,sms,descuento,700,0
608322,3004968,2025-02-10,push,generico,3400,0
608323,3004970,2025-10-14,push,upgrade_credito,3800,0
608324,3004970,2025-09-08,email,upgrade_credito,1000,0
608325,3004971,2025-02-24,push,generico,600,0
608326,3004972,2025-05-31,email,cashback,1200,1
608327,3004972,2025-08-16,push,descuento,3200,0
608328,3004973,2025-02-20,push,generico,3800,0
608329,3004974,2026-03-05,push,cashback,500,0
608330,3004974,2025-02-28,sms,descuento,2900,0
608331,3004975,2026-01-29,push,generico,800,0
608332,3004977,2025-07-15,sms,generico,3000,0
608333,3004977,2025-07-18,push,generico,3200,0
608334,3004979,2025-05-18,push,generico,1400,0
608335,3004979,2025-05-21,push,upgrade_credito,3000,0
608336,3004979,2026-02-26,push,descuento,2000,0
608337,3004979,2026-02-11,push,cashback,1700,0
608338,3004980,2025-08-29,email,upgrade_credito,1000,0
608339,3004980,2025-01-23,push,generico,2200,0
608340,3004981,2025-05-16,push,descuento,3400,0
608341,3004981,2025-12-04,email,upgrade_credito,1200,0
608342,3004983,2025-08-24,email,generico,1400,0
608343,3004984,2026-03-04,sms,descuento,2400,1
608344,3004984,2026-03-15,sms,descuento,1900,1
608345,3004984,2025-08-18,push,generico,1800,0
608346,3004986,2026-02-23,push,cashback,1500,0
608347,3004986,2026-02-28,push,generico,1700,0
608348,3004988,2025-01-08,email,upgrade_credito,1800,0
608349,3004989,2025-10-03,push,upgrade_credito,3600,0
608350,3004990,2025-08-12,sms,generico,3700,0
608351,3004991,2025-07-13,push,upgrade_credito,1200,0
608352,3004991,2025-10-31,push,generico,3700,0
608353,3004991,2025-09-19,email,generico,2200,0
608354,3004992,2025-07-19,sms,descuento,2500,1
608355,3004993,2025-09-22,sms,descuento,2600,0
608356,3004993,2025-08-01,push,upgrade_credito,2900,0
608357,3004993,2026-02-19,sms,cashback,2100,0
608358,3004993,2025-02-23,push,descuento,1100,0
608359,3004994,2025-03-07,push,cashback,2900,0
608360,3004997,2025-02-24,push,descuento,3200,0
608361,3004997,2025-11-02,sms,descuento,800,0
608362,3004999,2025-07-12,push,generico,1900,0
608363,3005000,2026-01-22,push,cashback,900,0
608364,3005000,2025-05-01,email,upgrade_credito,3800,0
608365,3005001,2025-11-05,push,upgrade_credito,2300,0
608366,3005002,2025-01-26,push,cashback,2300,0
608367,3005003,2025-06-12,email,descuento,1100,0
608368,3005003,2025-02-11,push,cashback,500,0
608369,3005003,2025-04-30,push,descuento,1600,0
608370,3005004,2025-03-08,email,upgrade_credito,2900,0
608371,3005004,2025-04-09,push,descuento,1300,0
608372,3005005,2025-08-09,push,generico,2200,0
608373,3005005,2026-01-01,sms,generico,2600,0
608374,3005006,2025-01-13,push,descuento,3000,1
608375,3005007,2025-11-07,push,descuento,2000,1
608376,3005007,2025-09-21,push,descuento,1100,0
608377,3005007,2025-12-15,push,generico,1300,0
608378,3005010,2025-11-28,push,generico,2600,0
608379,3005010,2025-12-02,push,descuento,700,0
608380,3005011,2025-01-30,email,generico,1500,0
608381,3005012,2025-09-06,push,cashback,3500,1
608382,3005012,2026-01-14,email,descuento,2400,0
608383,3005014,2025-08-21,push,generico,700,0
608384,3005014,2025-03-31,email,descuento,1300,0
608385,3005014,2025-11-04,push,upgrade_credito,1500,0
608386,3005015,2025-09-03,push,descuento,900,0
608387,3005015,2025-10-25,push,generico,2000,0
608388,3005016,2025-07-11,push,generico,3600,0
608389,3005017,2025-05-19,sms,descuento,2300,0
608390,3005017,2025-01-10,push,descuento,2400,0
608391,3005018,2025-10-10,push,generico,2900,0
608392,3005018,2026-02-14,email,descuento,1800,0
608393,3005019,2025-03-08,push,generico,3100,0
608394,3005020,2025-07-04,push,generico,3700,0
608395,3005020,2025-05-01,email,cashback,2000,0
608396,3005022,2025-01-31,push,descuento,1100,0
608397,3005022,2025-03-30,email,cashback,1800,0
608398,3005024,2026-01-19,sms,upgrade_credito,2600,0
608399,3005025,2025-11-23,push,cashback,3700,1
608400,3005025,2025-11-13,push,upgrade_credito,3700,1
608401,3005025,2025-01-13,push,descuento,3700,1
608402,3005026,2026-01-18,email,cashback,3800,0
608403,3005027,2025-07-29,email,generico,700,0
608404,3005027,2025-05-10,email,cashback,600,1
608405,3005027,2025-11-10,email,generico,2300,0
608406,3005028,2025-10-01,email,generico,1300,0
608407,3005029,2025-04-16,sms,descuento,900,0
608408,3005029,2025-01-14,push,cashback,3200,0
608409,3005030,2026-02-11,push,cashback,1400,0
608410,3005032,2026-03-08,push,upgrade_credito,1800,0
608411,3005033,2025-02-18,sms,cashback,600,0
608412,3005033,2025-01-28,email,descuento,1100,0
608413,3005034,2025-04-24,email,descuento,2200,0
608414,3005035,2025-03-02,email,generico,4000,0
608415,3005035,2026-02-19,email,descuento,600,0
608416,3005037,2025-04-23,sms,generico,3800,0
608417,3005037,2025-08-06,sms,descuento,3100,0
608418,3005038,2025-08-04,sms,generico,900,0
608419,3005038,2025-04-08,email,descuento,3400,0
608420,3005038,2025-10-10,sms,generico,1600,0
608421,3005039,2025-04-17,push,generico,2500,0
608422,3005039,2026-03-10,sms,cashback,1900,1
608423,3005040,2025-07-07,push,upgrade_credito,800,0
608424,3005041,2025-10-28,email,upgrade_credito,2000,0
608425,3005041,2025-05-25,email,cashback,1900,0
608426,3005042,2025-07-28,push,generico,1200,0
608427,3005043,2025-07-11,email,generico,4000,0
608428,3005043,2025-09-26,push,upgrade_credito,2000,0
608429,3005044,2025-02-05,push,cashback,3200,0
608430,3005044,2025-11-23,push,descuento,3700,0
608431,3005044,2026-01-27,push,cashback,3400,1
608432,3005044,2025-01-28,email,generico,2800,0
608433,3005045,2025-06-13,email,descuento,1200,0
608434,3005045,2025-07-26,sms,generico,2200,0
608435,3005045,2025-04-21,email,generico,1200,0
608436,3005049,2025-12-19,email,cashback,2000,0
608437,3005049,2026-02-23,push,generico,3400,0
608438,3005050,2025-02-09,email,generico,1300,0
608439,3005052,2025-12-17,push,upgrade_credito,1400,0
608440,3005052,2026-02-25,push,cashback,3600,0
608441,3005052,2025-05-25,push,descuento,3100,0
608442,3005054,2025-03-10,email,cashback,2800,0
608443,3005054,2025-05-26,push,descuento,2100,0
608444,3005056,2025-07-29,sms,cashback,800,0
608445,3005056,2025-01-13,email,cashback,800,0
608446,3005057,2025-01-19,push,generico,2900,0
608447,3005057,2025-09-07,push,descuento,1000,0
608448,3005057,2025-12-21,push,descuento,2900,0
608449,3005057,2025-10-11,push,descuento,700,0
608450,3005059,2026-02-15,email,cashback,3100,1
608451,3005060,2025-01-07,push,cashback,1600,0
608452,3005060,2025-09-15,push,generico,2900,0
608453,3005060,2025-03-28,sms,cashback,1200,0
608454,3005064,2025-11-19,email,cashback,2000,0
608455,3005064,2025-12-03,email,descuento,1700,0
608456,3005065,2025-07-25,email,generico,1800,0
608457,3005066,2025-12-15,push,upgrade_credito,2500,0
608458,3005066,2025-06-04,email,cashback,1700,0
608459,3005067,2025-10-29,email,cashback,1500,0
608460,3005067,2025-09-15,email,upgrade_credito,3100,0
608461,3005068,2025-06-01,email,descuento,3600,0
608462,3005069,2025-09-26,email,generico,3600,0
608463,3005069,2025-06-29,push,upgrade_credito,1200,0
608464,3005069,2025-03-31,email,cashback,700,0
608465,3005069,2025-05-15,email,descuento,2900,1
608466,3005070,2026-01-09,push,cashback,3500,0
608467,3005070,2025-09-08,push,generico,700,0
608468,3005070,2026-01-05,email,generico,2400,0
608469,3005070,2025-01-17,sms,cashback,1500,0
608470,3005071,2025-07-04,push,descuento,1000,0
608471,3005071,2025-01-02,sms,descuento,2000,1
608472,3005072,2025-10-16,push,generico,500,0
608473,3005072,2025-06-25,push,cashback,1400,0
608474,3005072,2025-01-04,sms,cashback,600,0
608475,3005073,2025-03-15,push,generico,2400,0
608476,3005075,2026-02-17,email,generico,3700,0
608477,3005075,2025-01-14,push,cashback,3400,0
608478,3005076,2025-05-05,push,descuento,1800,0
608479,3005076,2025-09-20,push,generico,1000,0
608480,3005077,2025-12-14,push,cashback,1600,0
608481,3005078,2025-06-05,sms,upgrade_credito,1700,0
608482,3005078,2026-02-14,push,descuento,2600,0
608483,3005080,2025-10-02,email,generico,3100,0
608484,3005081,2025-02-04,push,generico,3200,0
608485,3005081,2025-12-22,push,cashback,3600,1
608486,3005081,2026-03-09,push,cashback,2500,0
608487,3005082,2025-07-13,push,cashback,3000,1
608488,3005082,2025-01-13,push,descuento,3600,0
608489,3005082,2025-11-22,sms,generico,2800,0
608490,3005083,2025-03-21,push,generico,600,0
608491,3005084,2025-06-04,push,upgrade_credito,1000,0
608492,3005084,2025-03-15,sms,cashback,1300,0
608493,3005084,2025-01-20,email,descuento,3200,0
608494,3005086,2025-03-29,email,descuento,1500,0
608495,3005086,2025-02-20,push,generico,1500,0
608496,3005086,2025-06-27,push,descuento,600,0
608497,3005087,2025-08-31,email,generico,2600,0
608498,3005087,2025-11-10,email,descuento,2700,0
608499,3005088,2025-12-15,push,cashback,3200,1
608500,3005088,2025-07-23,email,descuento,3500,0
608501,3005088,2025-12-23,email,cashback,2900,0
608502,3005088,2025-06-28,email,descuento,3200,0
608503,3005089,2025-03-18,push,cashback,2700,0
608504,3005089,2025-05-10,sms,descuento,600,0
608505,3005090,2025-05-04,push,descuento,800,0
608506,3005094,2025-04-26,email,generico,3800,0
608507,3005095,2025-11-07,email,descuento,1600,0
608508,3005095,2025-05-17,push,cashback,1500,0
608509,3005096,2025-08-11,email,generico,3200,0
608510,3005097,2025-07-30,email,cashback,2700,1
608511,3005098,2025-12-06,push,descuento,2000,0
608512,3005099,2025-12-30,push,cashback,3300,0
608513,3005099,2025-10-12,push,descuento,800,0
608514,3005100,2025-09-10,push,upgrade_credito,3400,0
608515,3005100,2026-02-06,push,generico,2400,0
608516,3005100,2025-02-26,push,generico,1500,0
608517,3005101,2025-06-04,push,cashback,1200,0
608518,3005101,2025-04-18,push,generico,2900,0
608519,3005102,2025-06-17,sms,descuento,1900,0
608520,3005103,2025-05-16,email,descuento,1400,0
608521,3005104,2025-02-12,sms,cashback,900,0
608522,3005104,2025-04-27,email,cashback,2000,0
608523,3005105,2025-02-02,email,generico,2600,1
608524,3005105,2025-04-14,push,cashback,1900,0
608525,3005105,2025-04-08,email,descuento,700,0
608526,3005106,2025-09-19,sms,descuento,700,0
608527,3005107,2025-07-16,push,cashback,2300,0
608528,3005108,2025-04-06,email,upgrade_credito,3600,1
608529,3005108,2025-10-10,push,descuento,2000,0
608530,3005108,2026-01-14,push,upgrade_credito,2100,0
608531,3005109,2025-11-01,email,generico,1600,0
608532,3005109,2025-12-05,sms,descuento,1600,0
608533,3005110,2025-04-17,sms,cashback,1700,0
608534,3005111,2025-04-24,email,upgrade_credito,1900,0
608535,3005112,2025-02-26,push,cashback,3000,0
608536,3005112,2025-01-11,push,generico,2100,0
608537,3005113,2025-02-08,email,upgrade_credito,1100,0
608538,3005114,2025-12-22,sms,cashback,3600,0
608539,3005114,2025-11-22,push,cashback,3500,0
608540,3005114,2025-10-06,push,generico,4000,0
608541,3005114,2025-06-20,push,descuento,3900,0
608542,3005114,2025-10-17,sms,generico,700,0
608543,3005116,2026-02-09,email,upgrade_credito,3900,0
608544,3005118,2025-12-31,push,generico,3100,0
608545,3005118,2026-02-05,push,descuento,2400,0
608546,3005120,2025-05-11,sms,descuento,2000,0
608547,3005120,2025-03-04,push,generico,3300,0
608548,3005121,2025-11-29,push,cashback,500,0
608549,3005121,2025-05-13,sms,descuento,1200,0
608550,3005122,2025-03-10,email,descuento,3100,0
608551,3005122,2026-02-11,push,generico,3400,0
608552,3005124,2025-04-29,push,cashback,800,0
608553,3005125,2025-03-25,push,descuento,800,0
608554,3005125,2025-04-28,push,descuento,2300,0
608555,3005127,2025-08-22,push,descuento,2000,0
608556,3005128,2025-08-27,email,cashback,800,0
608557,3005128,2025-03-03,email,generico,2900,0
608558,3005128,2025-11-14,push,descuento,500,0
608559,3005128,2026-02-28,email,descuento,2800,0
608560,3005129,2026-02-19,sms,generico,1400,0
608561,3005129,2025-09-18,sms,upgrade_credito,3100,0
608562,3005132,2025-04-16,sms,descuento,1600,0
608563,3005133,2025-07-11,push,cashback,2500,1
608564,3005133,2025-08-16,email,descuento,2400,0
608565,3005134,2025-09-22,push,cashback,2900,0
608566,3005135,2026-03-02,push,cashback,2600,1
608567,3005136,2025-12-20,push,descuento,3100,0
608568,3005136,2025-03-04,push,generico,3100,0
608569,3005137,2025-08-10,email,descuento,1000,0
608570,3005137,2025-03-17,email,generico,500,0
608571,3005137,2025-12-31,push,descuento,2800,0
608572,3005138,2025-09-08,push,descuento,4000,0
608573,3005139,2025-04-06,email,generico,2900,0
608574,3005139,2025-04-02,email,descuento,500,0
608575,3005139,2025-01-03,push,descuento,2600,0
608576,3005141,2025-11-12,push,descuento,1400,1
608577,3005142,2025-03-12,sms,upgrade_credito,3500,0
608578,3005142,2025-07-22,email,descuento,1900,0
608579,3005144,2026-01-30,email,cashback,2400,0
608580,3005144,2026-03-11,email,generico,800,0
608581,3005144,2025-02-09,email,cashback,2900,0
608582,3005147,2025-08-17,push,cashback,3200,0
608583,3005148,2026-01-27,sms,cashback,2400,0
608584,3005148,2025-12-06,sms,cashback,2400,0
608585,3005149,2026-03-09,push,descuento,1000,0
608586,3005149,2025-10-25,push,cashback,600,1
608587,3005151,2025-08-25,email,cashback,3700,0
608588,3005151,2025-12-05,push,cashback,2200,0
608589,3005151,2025-11-17,push,generico,1300,0
608590,3005151,2026-01-12,push,generico,2900,0
608591,3005152,2026-02-19,sms,upgrade_credito,2600,0
608592,3005152,2025-10-12,push,cashback,2600,1
608593,3005152,2026-01-04,push,descuento,1800,1
608594,3005152,2025-02-01,push,descuento,2200,0
608595,3005153,2025-09-21,email,cashback,1200,0
608596,3005153,2025-02-06,push,descuento,2500,0
608597,3005154,2025-08-20,push,descuento,1200,0
608598,3005154,2025-12-04,push,generico,3900,1
608599,3005155,2025-01-26,sms,generico,2000,0
608600,3005155,2026-01-19,push,cashback,1100,0
608601,3005155,2025-08-08,push,descuento,600,0
608602,3005155,2025-03-02,email,descuento,2500,0
608603,3005156,2025-05-07,push,cashback,1800,0
608604,3005156,2025-02-26,push,generico,3300,0
608605,3005156,2025-04-17,email,generico,1600,0
608606,3005157,2025-07-27,push,descuento,2900,0
608607,3005157,2025-03-26,sms,descuento,2600,0
608608,3005157,2025-09-08,sms,generico,1300,0
608609,3005157,2026-02-04,email,cashback,2200,0
608610,3005158,2025-06-09,push,generico,3800,0
608611,3005158,2025-02-25,push,cashback,2500,0
608612,3005159,2025-05-25,sms,generico,3400,0
608613,3005159,2025-07-09,push,cashback,1100,0
608614,3005160,2025-08-20,email,descuento,800,0
608615,3005161,2025-12-17,push,descuento,3000,0
608616,3005162,2025-04-17,email,descuento,800,0
608617,3005162,2025-09-14,push,upgrade_credito,2500,0
608618,3005162,2025-11-01,email,descuento,3500,1
608619,3005163,2025-10-14,push,descuento,1900,0
608620,3005164,2025-08-09,sms,descuento,1900,0
608621,3005164,2026-02-04,email,cashback,2400,0
608622,3005167,2025-07-26,push,cashback,1200,0
608623,3005168,2025-05-23,push,generico,1900,1
608624,3005169,2025-06-22,email,descuento,1600,0
608625,3005169,2025-12-03,push,generico,3800,0
608626,3005171,2025-09-26,push,generico,1000,0
608627,3005171,2025-06-22,sms,upgrade_credito,2700,0
608628,3005172,2025-04-09,push,generico,1000,0
608629,3005173,2025-09-24,push,cashback,2400,0
608630,3005173,2025-05-10,sms,descuento,2000,1
608631,3005173,2025-07-03,push,upgrade_credito,1600,0
608632,3005173,2025-10-17,push,generico,900,0
608633,3005173,2026-02-27,sms,cashback,1400,0
608634,3005174,2026-01-23,email,descuento,2400,0
608635,3005174,2025-03-14,push,descuento,600,0
608636,3005175,2025-08-18,email,generico,900,0
608637,3005175,2025-12-22,push,descuento,1500,0
608638,3005175,2025-08-04,email,descuento,2000,0
608639,3005176,2026-02-16,email,generico,2300,0
608640,3005176,2025-08-10,push,cashback,2600,0
608641,3005177,2025-10-25,email,descuento,2800,1
608642,3005177,2025-02-07,push,cashback,2800,0
608643,3005178,2026-01-06,push,descuento,1900,0
608644,3005178,2025-10-23,sms,generico,1100,0
608645,3005178,2026-02-27,email,descuento,700,0
608646,3005178,2025-11-30,push,generico,500,0
608647,3005179,2025-06-05,email,generico,3000,0
608648,3005180,2025-12-26,email,generico,3300,0
608649,3005182,2025-02-27,email,generico,3800,0
608650,3005182,2025-02-04,email,cashback,2900,0
608651,3005182,2025-09-03,sms,cashback,1800,1
608652,3005183,2026-01-21,push,generico,500,0
608653,3005183,2025-04-03,push,generico,500,0
608654,3005185,2025-09-29,push,cashback,3300,1
608655,3005185,2025-01-04,push,upgrade_credito,2900,0
608656,3005185,2025-08-01,email,generico,2600,0
608657,3005186,2025-10-24,push,generico,1700,0
608658,3005186,2025-02-14,email,descuento,3200,0
608659,3005189,2025-08-25,email,cashback,1100,0
608660,3005189,2025-05-14,push,descuento,3200,0
608661,3005190,2025-02-16,push,cashback,1100,0
608662,3005191,2026-01-20,email,cashback,2800,0
608663,3005194,2025-10-17,email,cashback,800,0
608664,3005194,2026-02-13,push,descuento,3600,0
608665,3005194,2025-02-22,email,descuento,3900,0
608666,3005195,2025-04-13,sms,upgrade_credito,2600,0
608667,3005195,2025-06-14,push,upgrade_credito,1800,0
608668,3005196,2025-03-15,email,cashback,2800,0
608669,3005196,2025-05-09,email,generico,900,0
608670,3005197,2025-09-29,sms,generico,3200,0
608671,3005198,2025-04-20,email,descuento,3400,0
608672,3005198,2025-04-11,push,upgrade_credito,3200,0
608673,3005198,2025-12-21,email,descuento,2100,0
608674,3005198,2026-01-28,push,generico,2800,0
608675,3005199,2025-05-01,email,descuento,700,0
608676,3005199,2025-12-28,sms,descuento,3400,0
608677,3005201,2025-11-15,push,descuento,2100,0
608678,3005201,2025-07-20,push,cashback,1600,0
608679,3005201,2025-06-07,push,cashback,1400,0
608680,3005201,2025-10-30,email,cashback,3000,0
608681,3005202,2026-01-11,email,cashback,1600,0
608682,3005203,2025-10-26,sms,descuento,1700,0
608683,3005205,2026-01-20,sms,cashback,2700,1
608684,3005206,2025-12-09,push,descuento,3000,0
608685,3005207,2025-03-03,push,generico,1100,0
608686,3005207,2025-01-04,email,cashback,2600,0
608687,3005208,2025-01-05,push,cashback,1200,1
608688,3005208,2025-05-22,email,descuento,2700,0
608689,3005208,2025-01-26,push,cashback,900,0
608690,3005210,2025-12-31,push,generico,3300,0
608691,3005211,2026-01-05,push,cashback,3600,0
608692,3005211,2025-04-30,sms,generico,1200,0
608693,3005212,2026-01-29,push,generico,2700,1
608694,3005212,2025-02-09,email,generico,3200,0
608695,3005213,2025-07-10,push,descuento,3600,1
608696,3005213,2025-05-17,push,descuento,1900,0
608697,3005213,2025-04-26,push,descuento,1700,0
608698,3005214,2025-06-08,push,cashback,3200,0
608699,3005215,2025-08-13,push,descuento,3400,0
608700,3005216,2025-10-10,push,upgrade_credito,2900,0
608701,3005216,2025-05-15,email,cashback,500,0
608702,3005217,2025-09-26,push,cashback,3400,0
608703,3005217,2025-06-28,push,descuento,2000,0
608704,3005218,2025-06-18,push,descuento,1300,0
608705,3005218,2025-09-23,push,descuento,1400,0
608706,3005219,2025-12-12,email,cashback,2300,0
608707,3005220,2025-09-26,email,cashback,900,0
608708,3005220,2025-05-22,sms,upgrade_credito,1300,0
608709,3005221,2025-12-19,email,upgrade_credito,4000,0
608710,3005221,2026-01-01,email,upgrade_credito,2300,0
608711,3005222,2025-04-06,push,descuento,3100,0
608712,3005222,2025-11-12,sms,cashback,1100,0
608713,3005223,2025-09-28,push,cashback,1500,1
608714,3005224,2025-04-27,sms,cashback,3300,0
608715,3005224,2026-03-03,push,cashback,3300,1
608716,3005226,2025-07-02,email,generico,2200,0
608717,3005226,2025-11-29,push,cashback,900,0
608718,3005226,2026-01-29,email,generico,2200,0
608719,3005226,2025-12-22,sms,cashback,3800,0
608720,3005227,2025-08-26,email,descuento,2100,0
608721,3005228,2025-12-06,push,generico,1100,0
608722,3005228,2025-12-07,push,descuento,900,0
608723,3005229,2025-11-16,email,descuento,3600,0
608724,3005230,2025-12-17,email,descuento,500,0
608725,3005231,2025-04-28,email,generico,1900,0
608726,3005231,2025-07-19,email,descuento,2500,0
608727,3005231,2025-07-28,push,cashback,800,0
608728,3005232,2025-10-05,push,cashback,1500,0
608729,3005232,2025-04-02,push,descuento,2400,0
608730,3005232,2025-04-07,sms,descuento,3600,0
608731,3005232,2025-04-23,email,descuento,2100,1
608732,3005233,2025-02-23,push,descuento,700,0
608733,3005233,2025-06-23,sms,upgrade_credito,3400,0
608734,3005234,2025-01-13,push,generico,2700,1
608735,3005234,2025-02-23,email,cashback,2900,0
608736,3005235,2026-03-06,push,upgrade_credito,2700,0
608737,3005235,2025-02-07,email,descuento,1000,0
608738,3005236,2025-09-01,sms,cashback,2600,1
608739,3005236,2026-01-24,sms,upgrade_credito,2600,0
608740,3005236,2025-05-02,push,cashback,1100,0
608741,3005237,2025-04-11,push,cashback,3700,0
608742,3005238,2025-05-02,sms,cashback,3200,0
608743,3005238,2025-08-22,email,upgrade_credito,900,0
608744,3005239,2025-04-24,push,upgrade_credito,500,0
608745,3005239,2026-01-01,email,upgrade_credito,2400,0
608746,3005241,2025-05-24,push,generico,3100,0
608747,3005242,2025-04-19,email,descuento,1800,0
608748,3005243,2025-11-30,push,cashback,1400,0
608749,3005244,2026-03-08,sms,generico,2600,0
608750,3005244,2026-01-11,push,descuento,3900,0
608751,3005245,2025-06-02,push,descuento,2900,0
608752,3005245,2025-01-13,sms,cashback,3800,0
608753,3005245,2025-09-13,email,descuento,3800,0
608754,3005245,2026-03-03,email,descuento,2900,0
608755,3005246,2025-01-05,push,generico,2100,1
608756,3005246,2025-12-25,push,generico,3400,1
608757,3005247,2026-02-05,push,cashback,3800,1
608758,3005247,2025-08-08,email,generico,3100,0
608759,3005248,2025-12-09,push,generico,1700,0
608760,3005248,2025-10-27,push,descuento,1100,0
608761,3005248,2025-02-10,email,upgrade_credito,1700,0
608762,3005248,2025-10-09,push,descuento,1300,0
608763,3005249,2025-01-27,push,generico,3600,0
608764,3005249,2025-10-24,push,generico,2600,0
608765,3005249,2025-08-08,email,generico,1900,0
608766,3005249,2026-01-27,email,cashback,2600,0
608767,3005249,2025-10-09,push,generico,600,0
608768,3005250,2025-07-22,sms,descuento,2400,0
608769,3005250,2026-02-17,email,generico,1400,0
608770,3005250,2025-01-20,push,upgrade_credito,3000,0
608771,3005251,2025-03-12,email,upgrade_credito,1300,1
608772,3005251,2025-08-28,sms,cashback,3900,0
608773,3005252,2025-06-16,push,cashback,1600,0
608774,3005252,2025-01-23,push,upgrade_credito,1200,0
608775,3005253,2025-10-13,push,cashback,2600,1
608776,3005253,2025-06-29,push,cashback,2300,0
608777,3005253,2025-04-26,push,generico,2900,0
608778,3005254,2025-06-20,sms,cashback,700,0
608779,3005255,2025-07-11,email,generico,4000,0
608780,3005255,2026-03-12,sms,descuento,500,0
608781,3005257,2026-02-10,push,generico,2900,0
608782,3005257,2025-01-26,push,cashback,1700,0
608783,3005258,2025-08-18,push,descuento,1700,0
608784,3005258,2025-08-04,push,cashback,600,0
608785,3005258,2025-11-05,email,upgrade_credito,2100,0
608786,3005258,2025-09-22,email,upgrade_credito,3900,0
608787,3005259,2025-02-01,email,descuento,2400,0
608788,3005260,2026-02-21,email,generico,500,0
608789,3005261,2025-08-30,sms,generico,2200,0
608790,3005261,2025-10-22,sms,cashback,3600,1
608791,3005261,2025-03-08,email,generico,2100,0
608792,3005262,2025-12-01,push,cashback,3500,0
608793,3005263,2025-01-21,email,cashback,1500,1
608794,3005263,2025-04-04,sms,cashback,1200,0
608795,3005263,2026-01-26,push,cashback,3200,0
608796,3005264,2025-09-17,email,generico,1600,0
608797,3005264,2025-09-04,email,upgrade_credito,3600,0
608798,3005265,2025-04-04,push,descuento,2600,1
608799,3005265,2025-08-31,push,upgrade_credito,900,0
608800,3005266,2025-02-28,sms,cashback,3200,1
608801,3005266,2025-12-25,push,descuento,2800,1
608802,3005267,2025-07-26,email,descuento,1500,0
608803,3005267,2025-03-18,email,generico,2600,0
608804,3005267,2026-03-05,push,cashback,2100,0
608805,3005268,2025-01-19,push,descuento,3100,0
608806,3005271,2025-02-21,push,descuento,3300,0
608807,3005271,2026-02-11,push,descuento,900,0
608808,3005271,2026-03-03,push,cashback,1000,0
608809,3005274,2025-09-23,push,cashback,1900,0
608810,3005274,2025-06-03,push,cashback,3400,1
608811,3005274,2025-12-24,email,descuento,2400,0
608812,3005275,2025-05-01,email,descuento,2100,0
608813,3005275,2025-06-30,push,generico,1300,0
608814,3005276,2025-09-03,push,descuento,1600,0
608815,3005277,2025-07-14,sms,generico,3400,0
608816,3005277,2026-03-12,email,upgrade_credito,500,0
608817,3005277,2026-02-07,push,generico,2200,0
608818,3005278,2025-01-27,email,descuento,3600,0
608819,3005278,2025-04-02,push,descuento,2400,0
608820,3005278,2025-11-13,push,cashback,2700,0
608821,3005280,2026-02-19,push,cashback,2700,0
608822,3005282,2025-12-09,push,descuento,2900,0
608823,3005283,2025-01-21,push,upgrade_credito,2900,0
608824,3005283,2026-01-25,push,generico,1700,0
608825,3005283,2026-02-14,push,descuento,1000,0
608826,3005284,2025-12-24,push,descuento,3000,0
608827,3005284,2025-06-12,email,upgrade_credito,3500,0
608828,3005284,2025-04-21,sms,cashback,1000,0
608829,3005286,2025-08-09,push,generico,3300,0
608830,3005286,2025-05-07,sms,upgrade_credito,2100,0
608831,3005287,2025-08-20,push,upgrade_credito,1600,0
608832,3005289,2025-11-24,email,upgrade_credito,1900,0
608833,3005289,2026-02-05,push,descuento,3700,0
608834,3005289,2025-12-11,push,cashback,1800,0
608835,3005289,2025-04-15,sms,descuento,1400,0
608836,3005290,2025-01-30,email,descuento,3900,0
608837,3005291,2025-08-23,email,cashback,2200,1
608838,3005291,2026-03-08,push,cashback,900,0
608839,3005291,2025-12-06,email,descuento,700,0
608840,3005293,2025-11-27,email,upgrade_credito,3500,1
608841,3005293,2025-11-29,sms,descuento,3500,0
608842,3005293,2025-01-19,push,generico,900,0
608843,3005295,2025-12-12,sms,cashback,1100,0
608844,3005295,2026-01-29,sms,descuento,1600,0
608845,3005295,2025-01-15,push,upgrade_credito,3800,0
608846,3005296,2026-02-05,push,cashback,2400,0
608847,3005296,2026-01-19,push,upgrade_credito,1600,1
608848,3005296,2025-01-26,sms,cashback,3300,0
608849,3005296,2026-01-10,email,cashback,3000,1
608850,3005297,2025-05-08,push,descuento,1400,0
608851,3005297,2025-08-15,push,cashback,1300,1
608852,3005297,2025-06-21,push,descuento,2200,0
608853,3005297,2025-07-31,push,descuento,2900,0
608854,3005298,2025-03-09,push,descuento,2800,0
608855,3005298,2025-11-06,push,descuento,3400,0
608856,3005298,2025-08-06,push,descuento,3000,0
608857,3005300,2026-02-27,sms,descuento,1700,0
608858,3005301,2025-09-18,email,cashback,4000,1
608859,3005301,2025-01-18,email,cashback,1000,1
608860,3005302,2025-02-15,push,cashback,700,0
608861,3005302,2025-07-29,push,descuento,800,0
608862,3005303,2025-01-02,push,descuento,1300,1
608863,3005304,2025-07-10,push,descuento,3200,0
608864,3005304,2025-11-26,push,descuento,3000,0
608865,3005305,2025-01-31,sms,descuento,900,0
608866,3005305,2025-11-30,sms,cashback,3200,0
608867,3005306,2025-01-02,sms,descuento,1400,1
608868,3005306,2025-03-23,push,generico,2100,0
608869,3005306,2026-02-26,sms,descuento,3400,1
608870,3005308,2025-01-22,sms,cashback,3600,0
608871,3005308,2025-10-05,sms,upgrade_credito,3300,1
608872,3005308,2025-03-08,push,upgrade_credito,2800,0
608873,3005309,2025-10-30,push,descuento,3000,0
608874,3005309,2025-09-12,sms,cashback,2300,0
608875,3005309,2026-01-08,sms,cashback,2300,0
608876,3005312,2025-10-26,email,cashback,2000,0
608877,3005312,2026-02-13,push,descuento,1500,0
608878,3005314,2026-03-03,sms,generico,900,0
608879,3005314,2025-03-26,email,descuento,2600,0
608880,3005314,2025-07-27,push,cashback,2600,0
608881,3005315,2025-03-02,sms,cashback,1500,0
608882,3005316,2025-06-28,push,cashback,1500,0
608883,3005318,2025-08-17,email,cashback,3600,0
608884,3005318,2025-10-27,sms,descuento,2200,0
608885,3005319,2026-01-03,push,upgrade_credito,3700,0
608886,3005319,2025-08-05,push,cashback,3500,1
608887,3005320,2025-11-24,email,upgrade_credito,1600,0
608888,3005320,2025-10-02,push,cashback,2900,1
608889,3005321,2025-03-18,push,cashback,2100,0
608890,3005321,2025-09-29,email,generico,3900,0
608891,3005321,2025-05-29,email,descuento,2500,0
608892,3005322,2025-07-03,push,generico,1600,0
608893,3005324,2025-01-30,sms,descuento,2200,0
608894,3005324,2025-12-26,email,cashback,1200,0
608895,3005324,2026-02-16,push,descuento,1200,0
608896,3005324,2025-10-19,push,cashback,1400,0
608897,3005325,2026-03-06,push,upgrade_credito,1800,0
608898,3005325,2026-01-16,push,cashback,500,0
608899,3005326,2025-01-02,email,cashback,1500,0
608900,3005327,2025-09-30,push,cashback,3200,0
608901,3005327,2025-09-10,push,cashback,2900,0
608902,3005328,2026-01-11,push,upgrade_credito,800,0
608903,3005329,2025-10-09,email,descuento,1000,0
608904,3005329,2026-02-26,push,cashback,2100,0
608905,3005329,2025-12-15,email,generico,3500,0
608906,3005329,2025-11-09,sms,generico,4000,0
608907,3005330,2025-12-10,sms,cashback,1800,0
608908,3005330,2026-01-26,email,cashback,1300,0
608909,3005331,2025-08-13,push,descuento,1900,0
608910,3005331,2026-03-15,push,cashback,2000,1
608911,3005332,2025-03-16,email,upgrade_credito,2200,0
608912,3005334,2025-10-21,push,generico,2900,0
608913,3005334,2025-07-23,email,cashback,1300,0
608914,3005335,2025-06-03,sms,descuento,1100,0
608915,3005336,2025-01-24,email,generico,2900,0
608916,3005336,2026-01-10,email,upgrade_credito,3100,0
608917,3005338,2025-06-25,push,upgrade_credito,600,0
608918,3005339,2025-08-15,push,cashback,3100,1
608919,3005339,2025-06-15,sms,upgrade_credito,1900,0
608920,3005340,2025-05-11,sms,upgrade_credito,2800,0
608921,3005340,2025-03-09,email,upgrade_credito,2600,0
608922,3005341,2025-04-08,sms,cashback,3900,0
608923,3005341,2025-09-29,push,upgrade_credito,2900,0
608924,3005342,2025-07-31,push,cashback,2200,0
608925,3005342,2025-05-29,push,upgrade_credito,2200,0
608926,3005342,2025-02-23,sms,generico,3800,0
608927,3005342,2026-02-17,push,descuento,1300,0
608928,3005342,2025-10-30,push,generico,3300,0
608929,3005344,2026-01-01,email,generico,1100,0
608930,3005344,2025-10-21,sms,cashback,500,0
608931,3005345,2025-09-28,email,cashback,3400,0
608932,3005345,2025-03-24,push,cashback,800,0
608933,3005345,2025-04-09,sms,cashback,1200,0
608934,3005346,2025-11-21,email,descuento,3300,1
608935,3005347,2025-09-16,email,cashback,3500,1
608936,3005348,2026-03-10,push,cashback,2300,0
608937,3005348,2025-06-18,sms,generico,3400,0
608938,3005349,2025-08-20,push,generico,1900,1
608939,3005349,2025-10-31,sms,descuento,3700,0
608940,3005349,2025-10-30,push,descuento,2700,1
608941,3005350,2025-04-20,push,cashback,1800,0
608942,3005350,2025-01-29,push,cashback,800,0
608943,3005350,2025-02-12,push,generico,3000,1
608944,3005351,2025-10-14,push,cashback,1500,0
608945,3005352,2025-06-16,email,generico,3500,0
608946,3005353,2025-01-06,email,generico,700,0
608947,3005353,2025-02-19,push,cashback,3000,0
608948,3005355,2025-03-14,push,descuento,600,0
608949,3005355,2025-03-21,push,descuento,3900,0
608950,3005356,2025-06-22,sms,cashback,3700,0
608951,3005356,2025-03-09,push,upgrade_credito,3300,0
608952,3005356,2026-01-28,push,upgrade_credito,2700,0
608953,3005356,2026-03-14,email,upgrade_credito,800,0
608954,3005356,2025-12-25,email,upgrade_credito,2100,0
608955,3005358,2025-02-01,push,generico,1100,0
608956,3005358,2026-02-11,push,descuento,2700,0
608957,3005361,2025-07-17,push,descuento,2400,0
608958,3005361,2025-04-21,sms,upgrade_credito,2600,0
608959,3005363,2025-05-26,sms,generico,2000,0
608960,3005363,2025-07-08,sms,generico,2900,0
608961,3005363,2025-10-04,email,descuento,4000,1
608962,3005363,2025-11-14,email,generico,1700,0
608963,3005366,2025-12-12,push,descuento,1400,0
608964,3005366,2025-12-08,sms,cashback,1800,0
608965,3005367,2025-09-18,email,descuento,1300,0
608966,3005368,2025-10-27,email,cashback,3500,1
608967,3005368,2025-01-25,push,generico,3700,0
608968,3005369,2025-01-24,sms,generico,500,0
608969,3005370,2025-11-12,push,generico,1500,0
608970,3005372,2025-07-05,push,cashback,1200,0
608971,3005372,2025-05-22,email,upgrade_credito,1100,0
608972,3005373,2025-03-02,push,cashback,800,0
608973,3005373,2025-08-15,push,descuento,1200,0
608974,3005374,2025-07-28,sms,descuento,1900,0
608975,3005374,2025-08-23,push,cashback,3000,0
608976,3005375,2026-01-11,push,descuento,3000,0
608977,3005375,2026-02-25,sms,descuento,3600,0
608978,3005377,2026-02-20,email,generico,1900,0
608979,3005377,2025-11-27,email,generico,3200,0
608980,3005378,2025-05-11,push,descuento,1300,0
608981,3005378,2025-03-08,email,upgrade_credito,2300,0
608982,3005379,2025-04-11,push,descuento,3900,1
608983,3005380,2026-01-20,sms,cashback,3500,1
608984,3005381,2025-06-07,push,generico,2400,0
608985,3005381,2025-08-03,push,descuento,1400,0
608986,3005382,2025-07-25,push,cashback,1700,0
608987,3005382,2026-01-04,push,generico,2700,0
608988,3005383,2025-12-10,push,cashback,2300,0
608989,3005383,2026-02-01,sms,generico,3300,0
608990,3005384,2025-05-26,push,generico,1300,0
608991,3005384,2025-07-21,push,cashback,2900,0
608992,3005385,2025-05-22,sms,generico,4000,0
608993,3005385,2026-02-11,sms,descuento,1200,0
608994,3005386,2025-06-21,push,cashback,2800,0
608995,3005386,2025-05-17,email,upgrade_credito,3900,0
608996,3005388,2025-12-17,push,upgrade_credito,3900,0
608997,3005388,2025-06-01,email,cashback,3500,0
608998,3005389,2025-09-14,push,descuento,3700,0
608999,3005389,2026-02-24,email,cashback,2100,0
609000,3005391,2025-02-10,push,generico,1700,0
609001,3005391,2025-03-27,push,cashback,1200,0
609002,3005392,2025-02-05,sms,cashback,3300,1
609003,3005393,2026-01-11,email,generico,1600,0
609004,3005393,2026-01-28,push,descuento,2500,0
609005,3005393,2025-05-09,push,cashback,2700,0
609006,3005395,2025-02-21,push,cashback,2900,0
609007,3005395,2025-12-11,email,cashback,1700,0
609008,3005396,2025-12-16,push,generico,2800,0
609009,3005396,2025-08-21,push,cashback,2900,0
609010,3005396,2025-06-19,push,cashback,2900,0
609011,3005397,2025-06-10,email,cashback,700,0
609012,3005397,2025-11-08,push,generico,2600,0
609013,3005398,2025-12-11,push,generico,1100,0
609014,3005399,2025-02-27,push,descuento,2900,0
609015,3005400,2025-10-06,push,generico,800,0
609016,3005400,2025-02-25,push,generico,3200,0
609017,3005401,2025-01-30,push,cashback,2000,0
609018,3005401,2025-11-10,push,cashback,3100,0
609019,3005402,2025-08-25,email,cashback,2700,0
609020,3005402,2025-01-10,push,descuento,1100,0
609021,3005402,2025-07-31,push,cashback,3700,0
609022,3005405,2025-03-29,push,descuento,1700,0
609023,3005405,2025-12-21,email,generico,3400,0
609024,3005406,2025-10-31,push,cashback,600,0
609025,3005406,2025-04-25,email,descuento,4000,0
609026,3005406,2025-02-04,email,generico,2400,0
609027,3005408,2025-10-31,push,descuento,600,0
609028,3005409,2025-06-07,push,cashback,700,1
609029,3005409,2025-07-07,email,upgrade_credito,1100,0
609030,3005411,2025-12-15,push,cashback,1000,0
609031,3005411,2026-01-09,email,generico,2400,0
609032,3005412,2025-05-30,sms,cashback,1500,0
609033,3005412,2025-04-29,push,generico,2200,0
609034,3005412,2025-08-08,sms,generico,2200,0
609035,3005413,2025-04-14,sms,upgrade_credito,3900,0
609036,3005413,2025-05-28,email,generico,900,0
609037,3005414,2026-01-06,sms,upgrade_credito,900,0
609038,3005414,2025-08-29,push,descuento,3400,0
609039,3005414,2025-11-30,sms,descuento,1900,0
609040,3005416,2025-05-16,sms,cashback,3800,0
609041,3005416,2025-09-05,email,descuento,2500,0
609042,3005416,2026-03-04,email,cashback,1800,0
609043,3005417,2025-05-19,email,upgrade_credito,3200,0
609044,3005417,2026-01-13,email,generico,2900,0
609045,3005417,2025-06-05,push,generico,3700,0
609046,3005417,2026-02-11,push,upgrade_credito,3200,0
609047,3005417,2025-12-01,push,cashback,1900,0
609048,3005419,2025-12-21,push,descuento,700,0
609049,3005419,2025-02-25,email,descuento,1600,0
609050,3005419,2025-10-02,email,generico,800,0
609051,3005421,2025-12-06,push,descuento,700,0
609052,3005422,2025-04-22,sms,upgrade_credito,3300,0
609053,3005423,2025-08-14,push,cashback,900,0
609054,3005423,2025-11-26,push,cashback,2400,0
609055,3005425,2025-05-31,push,generico,3300,0
609056,3005425,2025-10-11,push,generico,2100,0
609057,3005426,2025-01-08,push,descuento,500,0
609058,3005426,2025-01-26,push,generico,3500,0
609059,3005426,2026-03-05,email,upgrade_credito,3200,0
609060,3005427,2025-06-04,email,cashback,3200,0
609061,3005427,2025-06-03,email,upgrade_credito,2900,0
609062,3005427,2025-03-24,push,descuento,1800,0
609063,3005427,2026-02-08,push,descuento,3900,1
609064,3005427,2026-03-10,push,cashback,3900,0
609065,3005428,2025-12-09,sms,cashback,2300,0
609066,3005428,2025-01-20,push,descuento,4000,0
609067,3005428,2025-03-28,email,descuento,1100,0
609068,3005428,2025-06-16,email,cashback,600,0
609069,3005429,2025-05-26,push,generico,1300,0
609070,3005429,2025-09-06,push,descuento,1800,1
609071,3005430,2025-08-24,email,upgrade_credito,3700,0
609072,3005431,2025-10-19,push,descuento,2300,1
609073,3005431,2025-04-09,push,descuento,3400,1
609074,3005432,2025-01-10,push,generico,1800,0
609075,3005432,2025-05-16,push,generico,700,0
609076,3005433,2025-04-29,email,descuento,2300,0
609077,3005433,2025-09-25,email,upgrade_credito,2600,0
609078,3005433,2025-05-08,push,cashback,2200,0
609079,3005434,2025-01-24,email,cashback,3500,0
609080,3005435,2025-06-30,email,upgrade_credito,3500,0
609081,3005435,2025-03-02,email,upgrade_credito,1000,0
609082,3005436,2025-04-26,push,generico,1700,0
609083,3005436,2026-01-16,email,generico,2000,0
609084,3005438,2025-09-11,sms,upgrade_credito,700,0
609085,3005438,2025-05-02,sms,cashback,3800,0
609086,3005439,2025-06-17,push,cashback,3300,1
609087,3005440,2026-02-09,push,cashback,1000,0
609088,3005441,2025-08-04,email,descuento,600,0
609089,3005442,2025-02-24,email,cashback,1600,0
609090,3005442,2026-02-23,push,cashback,2500,0
609091,3005443,2025-10-09,push,descuento,2400,0
609092,3005443,2025-07-24,push,descuento,3200,0
609093,3005445,2025-10-23,email,cashback,1600,1
609094,3005445,2025-09-13,email,descuento,2700,0
609095,3005447,2025-07-05,email,upgrade_credito,3800,0
609096,3005447,2025-12-28,email,cashback,3000,0
609097,3005450,2025-09-14,email,descuento,3100,0
609098,3005450,2025-03-31,push,descuento,3800,0
609099,3005451,2025-09-30,email,generico,1500,0
609100,3005451,2026-01-31,sms,cashback,1900,0
609101,3005452,2025-07-14,email,cashback,4000,0
609102,3005452,2025-11-06,push,generico,800,0
609103,3005455,2025-01-24,push,upgrade_credito,2200,0
609104,3005455,2025-07-22,push,generico,1600,0
609105,3005455,2025-04-01,email,upgrade_credito,2100,0
609106,3005456,2025-02-07,sms,generico,3400,0
609107,3005456,2025-06-15,sms,generico,600,0
609108,3005457,2025-03-03,push,cashback,1600,0
609109,3005457,2025-11-21,email,generico,3400,1
609110,3005458,2026-02-18,push,cashback,2900,1
609111,3005458,2026-02-12,email,upgrade_credito,1000,0
609112,3005459,2026-03-10,push,upgrade_credito,1100,0
609113,3005460,2025-11-03,push,upgrade_credito,3300,0
609114,3005461,2026-01-13,push,cashback,2200,0
609115,3005461,2025-12-04,sms,upgrade_credito,1700,0
609116,3005461,2025-12-24,sms,upgrade_credito,2300,0
609117,3005463,2025-06-17,email,descuento,700,0
609118,3005464,2025-11-12,sms,upgrade_credito,1900,0
609119,3005464,2025-07-28,push,cashback,1600,1
609120,3005464,2025-10-29,push,upgrade_credito,800,1
609121,3005466,2026-03-02,email,upgrade_credito,2600,0
609122,3005467,2025-09-30,push,descuento,1600,0
609123,3005467,2025-02-07,email,generico,900,0
609124,3005468,2025-01-09,push,generico,2400,0
609125,3005468,2025-08-21,push,descuento,2500,0
609126,3005468,2025-07-02,email,cashback,3900,0
609127,3005469,2025-06-02,sms,generico,2200,1
609128,3005469,2026-01-25,push,upgrade_credito,1100,0
609129,3005470,2025-08-31,email,cashback,2200,0
609130,3005471,2025-04-25,email,generico,1500,0
609131,3005471,2025-06-20,push,descuento,500,1
609132,3005471,2025-05-14,push,generico,2600,0
609133,3005472,2026-03-06,email,generico,1200,0
609134,3005473,2025-10-21,email,generico,1100,0
609135,3005473,2025-02-09,push,cashback,2900,0
609136,3005474,2025-06-24,push,cashback,2300,0
609137,3005474,2026-01-13,email,generico,1900,0
609138,3005475,2025-08-31,push,descuento,2200,0
609139,3005475,2025-03-22,sms,upgrade_credito,3100,0
609140,3005477,2025-03-15,email,cashback,1100,0
609141,3005477,2025-04-05,push,generico,2900,0
609142,3005478,2026-03-03,sms,cashback,2100,1
609143,3005478,2026-02-25,email,cashback,1800,0
609144,3005478,2025-09-05,push,descuento,2100,0
609145,3005478,2025-04-23,push,descuento,2300,0
609146,3005478,2026-02-07,push,upgrade_credito,2400,0
609147,3005479,2025-01-28,push,cashback,2200,0
609148,3005479,2026-01-28,push,generico,2100,0
609149,3005479,2025-07-08,push,descuento,2900,0
609150,3005479,2026-01-28,push,cashback,3000,1
609151,3005479,2025-06-23,push,descuento,3300,0
609152,3005481,2025-06-16,email,descuento,900,0
609153,3005482,2025-01-25,email,upgrade_credito,600,0
609154,3005482,2025-10-18,push,cashback,3000,0
609155,3005482,2026-03-14,push,cashback,1300,0
609156,3005482,2026-01-04,email,descuento,600,0
609157,3005483,2025-10-10,email,descuento,1900,0
609158,3005483,2026-01-08,push,upgrade_credito,3900,0
609159,3005484,2025-11-12,push,generico,1500,0
609160,3005484,2025-08-12,email,upgrade_credito,1300,0
609161,3005484,2025-05-03,push,descuento,2100,0
609162,3005486,2025-11-09,push,upgrade_credito,2000,0
609163,3005487,2025-12-19,push,generico,2200,0
609164,3005489,2025-04-15,push,descuento,4000,0
609165,3005492,2025-12-08,email,upgrade_credito,2600,1
609166,3005492,2026-03-15,sms,cashback,2500,0
609167,3005494,2025-04-13,email,generico,2700,0
609168,3005494,2026-02-13,sms,cashback,2700,0
609169,3005494,2025-01-16,push,cashback,700,0
609170,3005495,2026-03-15,push,descuento,3800,0
609171,3005497,2025-12-03,email,cashback,2300,0
609172,3005497,2025-09-22,push,descuento,500,0
609173,3005497,2026-01-26,push,generico,2900,0
609174,3005498,2025-11-09,email,upgrade_credito,1500,0
609175,3005498,2025-10-08,sms,descuento,900,0
609176,3005499,2025-08-04,push,generico,1000,0
609177,3005500,2025-04-22,push,cashback,1500,0
609178,3005500,2025-05-26,email,descuento,800,0
609179,3005503,2025-03-05,sms,cashback,2300,0
609180,3005503,2025-03-10,email,generico,4000,0
609181,3005503,2026-01-10,sms,upgrade_credito,3200,0
609182,3005503,2025-06-04,sms,descuento,1600,0
609183,3005504,2025-12-25,push,cashback,1900,0
609184,3005504,2025-03-31,email,generico,1800,0
609185,3005506,2025-04-07,email,generico,3500,0
609186,3005507,2025-02-27,push,cashback,2900,0
609187,3005507,2025-05-05,push,cashback,2300,0
609188,3005508,2025-01-09,sms,upgrade_credito,2600,0
609189,3005508,2025-10-23,push,descuento,3900,0
609190,3005508,2025-10-12,email,descuento,1200,0
609191,3005509,2025-02-03,email,upgrade_credito,2900,0
609192,3005510,2026-03-05,push,descuento,1800,0
609193,3005513,2025-06-19,email,cashback,1500,0
609194,3005515,2025-06-08,push,cashback,1100,0
609195,3005515,2025-10-26,push,generico,3300,0
609196,3005516,2026-03-06,push,descuento,3900,0
609197,3005516,2025-02-09,push,generico,2200,0
609198,3005516,2025-10-30,push,cashback,1300,0
609199,3005516,2025-10-23,email,cashback,3900,0
609200,3005517,2025-09-08,push,generico,2900,0
609201,3005517,2025-06-10,push,descuento,3000,0
609202,3005519,2025-04-11,email,generico,2800,0
609203,3005519,2025-01-16,push,generico,2000,1
609204,3005519,2025-12-10,sms,descuento,1100,0
609205,3005519,2025-05-16,email,cashback,4000,0
609206,3005520,2025-05-18,push,cashback,700,0
609207,3005520,2025-03-26,push,upgrade_credito,2100,0
609208,3005520,2025-02-07,push,cashback,3300,0
609209,3005521,2025-12-28,push,cashback,3200,0
609210,3005521,2025-07-31,push,generico,3100,0
609211,3005521,2025-01-26,email,descuento,3500,0
609212,3005521,2025-07-15,email,cashback,4000,0
609213,3005522,2026-03-15,push,upgrade_credito,1600,0
609214,3005522,2025-12-15,sms,upgrade_credito,800,0
609215,3005523,2025-03-05,sms,descuento,700,0
609216,3005523,2025-06-03,push,cashback,600,0
609217,3005525,2026-01-04,push,cashback,3900,0
609218,3005525,2025-07-01,sms,descuento,1700,0
609219,3005526,2025-01-22,push,cashback,1300,0
609220,3005526,2026-01-04,push,cashback,3200,0
609221,3005527,2025-05-03,email,descuento,2200,0
609222,3005527,2026-01-17,email,descuento,3800,0
609223,3005529,2026-02-02,email,generico,500,0
609224,3005529,2025-11-23,push,cashback,1900,0
609225,3005529,2025-05-26,sms,upgrade_credito,2500,0
609226,3005530,2025-08-17,push,generico,1500,0
609227,3005532,2026-02-28,push,cashback,1500,0
609228,3005532,2025-01-24,push,cashback,2000,0
609229,3005532,2025-08-02,email,generico,3100,0
609230,3005533,2025-04-01,email,generico,3800,0
609231,3005533,2025-04-08,push,descuento,1600,0
609232,3005533,2026-02-18,push,descuento,1100,0
609233,3005533,2025-11-06,sms,descuento,3300,0
609234,3005534,2025-06-23,push,cashback,2600,1
609235,3005534,2025-05-03,push,descuento,1900,0
609236,3005535,2025-12-31,email,upgrade_credito,3900,0
609237,3005536,2025-03-01,push,cashback,2400,0
609238,3005538,2025-12-26,email,cashback,3500,1
609239,3005539,2025-04-10,push,generico,700,0
609240,3005539,2025-10-02,push,upgrade_credito,3600,0
609241,3005539,2025-07-24,email,generico,3600,0
609242,3005539,2025-03-19,email,cashback,3900,0
609243,3005540,2025-08-07,email,generico,800,0
609244,3005540,2025-08-10,push,descuento,1600,0
609245,3005542,2026-01-11,sms,generico,600,0
609246,3005542,2026-01-22,sms,cashback,2800,0
609247,3005542,2025-10-12,sms,cashback,3800,1
609248,3005542,2026-02-22,push,cashback,1700,0
609249,3005542,2025-04-18,push,cashback,1100,0
609250,3005543,2025-11-27,email,cashback,3900,0
609251,3005544,2026-01-01,sms,cashback,1800,0
609252,3005544,2026-03-15,sms,descuento,2700,0
609253,3005545,2025-02-07,email,upgrade_credito,2500,0
609254,3005546,2025-12-09,email,generico,3000,0
609255,3005547,2025-06-19,sms,generico,2400,0
609256,3005547,2025-01-21,email,cashback,1300,0
609257,3005547,2025-06-18,sms,generico,3500,0
609258,3005547,2025-07-30,push,descuento,1100,0
609259,3005548,2026-03-05,email,generico,3500,0
609260,3005550,2025-09-24,push,descuento,3800,0
609261,3005550,2025-05-30,push,descuento,1700,0
609262,3005551,2025-03-10,sms,generico,2600,0
609263,3005551,2026-02-20,email,upgrade_credito,2000,0
609264,3005552,2025-05-12,sms,cashback,2300,0
609265,3005552,2025-01-29,push,descuento,3800,0
609266,3005552,2025-11-26,push,cashback,2500,0
609267,3005553,2025-03-24,email,cashback,3700,0
609268,3005553,2026-02-05,email,generico,700,0
609269,3005554,2025-04-30,push,generico,3700,0
609270,3005554,2025-01-18,email,upgrade_credito,2500,0
609271,3005555,2025-02-23,push,cashback,500,0
609272,3005555,2025-11-28,sms,descuento,2200,1
609273,3005556,2025-03-17,sms,cashback,600,0
609274,3005557,2025-08-25,push,descuento,3100,0
609275,3005557,2025-03-21,push,generico,3300,0
609276,3005558,2025-08-14,email,descuento,2500,0
609277,3005558,2025-09-14,sms,generico,900,0
609278,3005558,2025-12-17,sms,descuento,1100,0
609279,3005560,2025-07-26,push,generico,2900,0
609280,3005560,2025-06-20,email,generico,3200,0
609281,3005561,2025-05-23,sms,generico,1500,0
609282,3005561,2025-04-28,push,cashback,3100,0
609283,3005561,2026-03-06,email,descuento,2000,0
609284,3005561,2025-01-30,sms,descuento,2600,0
609285,3005561,2025-01-04,sms,generico,1300,0
609286,3005561,2025-02-10,push,cashback,2200,0
609287,3005561,2026-03-09,email,generico,2500,0
609288,3005562,2025-12-25,email,descuento,3300,0
609289,3005562,2025-07-15,sms,descuento,2900,0
609290,3005563,2026-03-05,email,cashback,1900,0
609291,3005563,2025-11-04,push,descuento,800,0
609292,3005563,2025-08-14,sms,cashback,2800,0
609293,3005564,2025-01-12,push,generico,3800,1
609294,3005567,2025-05-25,email,cashback,1000,0
609295,3005567,2025-05-20,sms,upgrade_credito,3000,0
609296,3005568,2026-02-11,email,descuento,900,0
609297,3005568,2025-03-13,sms,generico,1400,0
609298,3005570,2025-12-27,email,upgrade_credito,3500,0
609299,3005570,2026-02-07,push,cashback,1100,1
609300,3005571,2025-02-28,email,generico,1900,0
609301,3005571,2025-11-04,push,cashback,3500,0
609302,3005572,2025-02-28,email,cashback,3800,1
609303,3005572,2026-02-27,email,generico,1600,0
609304,3005573,2026-03-09,sms,upgrade_credito,4000,0
609305,3005573,2025-03-07,email,generico,3900,0
609306,3005573,2025-06-24,push,descuento,1400,0
609307,3005574,2025-03-14,push,descuento,2000,0
609308,3005575,2025-09-13,email,descuento,1800,0
609309,3005576,2025-09-03,sms,generico,3600,0
609310,3005576,2025-03-07,push,generico,2400,0
609311,3005576,2025-06-25,push,descuento,2900,0
609312,3005577,2025-07-19,push,cashback,1400,0
609313,3005578,2025-07-21,email,cashback,2100,0
609314,3005578,2025-10-07,push,generico,700,0
609315,3005578,2025-10-27,push,descuento,800,0
609316,3005580,2025-09-08,push,generico,2400,0
609317,3005581,2025-02-16,sms,descuento,800,0
609318,3005582,2025-11-19,push,descuento,1700,0
609319,3005583,2025-08-11,sms,descuento,1100,0
609320,3005583,2025-12-11,email,cashback,2400,0
609321,3005586,2025-12-25,push,cashback,2800,0
609322,3005586,2025-02-05,sms,descuento,3300,0
609323,3005586,2025-03-09,sms,descuento,3500,0
609324,3005586,2025-08-24,push,cashback,1100,0
609325,3005587,2026-01-20,push,generico,2700,0
609326,3005587,2025-01-21,push,cashback,2400,0
609327,3005587,2026-01-20,email,upgrade_credito,2000,0
609328,3005588,2025-08-13,sms,descuento,2300,0
609329,3005588,2025-07-25,email,upgrade_credito,3200,0
609330,3005588,2025-09-25,email,descuento,2600,0
609331,3005589,2025-07-20,push,cashback,900,0
609332,3005589,2025-10-18,push,descuento,1800,0
609333,3005591,2025-06-14,push,cashback,1100,0
609334,3005592,2025-10-02,push,generico,3600,0
609335,3005592,2025-05-31,push,cashback,4000,1
609336,3005593,2025-05-30,push,descuento,1300,0
609337,3005593,2025-11-30,email,descuento,1000,0
609338,3005594,2025-12-11,push,descuento,2600,1
609339,3005594,2025-12-11,push,descuento,500,0
609340,3005595,2025-01-12,push,cashback,3700,1
609341,3005595,2025-10-10,push,generico,1300,0
609342,3005595,2025-06-21,email,upgrade_credito,2800,0
609343,3005595,2025-11-15,sms,cashback,2900,1
609344,3005597,2025-11-09,push,generico,3600,0
609345,3005597,2025-09-02,push,upgrade_credito,900,0
609346,3005597,2025-05-03,push,cashback,1100,0
609347,3005599,2025-08-31,email,upgrade_credito,2800,0
609348,3005599,2025-10-17,push,descuento,1100,0
609349,3005599,2025-03-06,email,generico,3700,0
609350,3005599,2025-03-26,push,upgrade_credito,2000,0
609351,3005600,2025-08-10,push,cashback,3400,0
609352,3005600,2025-10-01,sms,cashback,800,0
609353,3005601,2025-12-09,push,generico,600,0
609354,3005601,2026-02-03,push,descuento,2000,0
609355,3005602,2025-06-25,push,descuento,1500,0
609356,3005604,2025-11-27,sms,descuento,1400,0
609357,3005604,2025-06-23,push,upgrade_credito,2300,1
609358,3005604,2025-07-16,sms,descuento,2000,0
609359,3005604,2025-05-29,email,descuento,900,0
609360,3005606,2026-01-19,push,descuento,600,0
609361,3005606,2025-05-17,email,generico,2800,0
609362,3005607,2026-01-30,push,descuento,2100,0
609363,3005607,2026-01-20,email,descuento,3400,0
609364,3005608,2025-10-31,email,cashback,3800,1
609365,3005609,2025-06-20,sms,generico,600,1
609366,3005611,2026-01-17,email,generico,900,0
609367,3005611,2025-04-10,sms,descuento,3200,0
609368,3005612,2026-02-07,email,descuento,1200,0
609369,3005614,2025-02-19,email,cashback,2600,0
609370,3005614,2025-03-22,push,cashback,3200,0
609371,3005615,2025-09-09,email,descuento,3900,0
609372,3005615,2026-01-27,email,cashback,4000,0
609373,3005616,2025-03-08,push,descuento,1600,0
609374,3005616,2025-12-20,push,generico,900,0
609375,3005616,2026-03-05,email,cashback,1600,1
609376,3005617,2026-01-15,push,cashback,700,0
609377,3005617,2025-11-20,email,generico,800,0
609378,3005618,2025-08-23,push,descuento,2600,0
609379,3005618,2025-03-26,email,generico,1400,0
609380,3005619,2025-04-03,email,cashback,2400,0
609381,3005620,2025-09-11,push,generico,2100,0
609382,3005622,2025-11-30,push,generico,1700,0
609383,3005622,2025-06-17,email,descuento,500,0
609384,3005623,2026-01-26,email,generico,3600,0
609385,3005623,2025-05-10,email,descuento,2700,0
609386,3005624,2025-08-25,sms,upgrade_credito,1000,0
609387,3005624,2025-02-15,push,descuento,2500,0
609388,3005624,2025-03-16,push,cashback,3100,1
609389,3005624,2025-03-09,push,upgrade_credito,1800,0
609390,3005625,2025-10-14,email,cashback,1200,0
609391,3005625,2025-12-16,sms,generico,3000,0
609392,3005625,2025-11-19,push,descuento,2800,0
609393,3005627,2025-03-02,push,descuento,1400,0
609394,3005627,2025-11-12,email,cashback,1400,0
609395,3005628,2025-10-25,push,descuento,3400,0
609396,3005628,2025-09-02,sms,descuento,1500,0
609397,3005628,2025-04-11,email,cashback,3900,1
609398,3005629,2025-09-23,email,descuento,3700,1
609399,3005629,2025-09-28,push,descuento,3100,0
609400,3005630,2025-03-22,push,cashback,3800,0
609401,3005630,2025-08-18,sms,descuento,4000,1
609402,3005630,2025-07-20,push,descuento,1000,0
609403,3005632,2025-03-24,sms,generico,2900,0
609404,3005633,2025-05-16,push,cashback,600,0
609405,3005633,2025-02-01,email,descuento,1300,0
609406,3005636,2025-08-16,push,descuento,700,0
609407,3005637,2025-08-28,sms,cashback,3500,0
609408,3005638,2025-09-26,push,descuento,700,0
609409,3005639,2025-10-12,email,descuento,2000,0
609410,3005639,2025-01-17,push,upgrade_credito,2200,1
609411,3005640,2026-03-10,push,generico,900,0
609412,3005641,2026-01-04,email,descuento,1200,0
609413,3005641,2025-04-08,email,cashback,3200,0
609414,3005642,2025-09-14,push,cashback,1000,0
609415,3005643,2026-01-19,push,cashback,700,0
609416,3005643,2025-01-28,sms,cashback,900,0
609417,3005644,2025-01-22,sms,cashback,3600,0
609418,3005644,2025-08-13,push,generico,2800,0
609419,3005644,2025-05-21,push,cashback,1700,1
609420,3005644,2025-06-07,push,cashback,1200,0
609421,3005644,2025-06-14,push,descuento,900,0
609422,3005645,2025-08-13,push,generico,3900,0
609423,3005646,2026-01-14,email,generico,700,0
609424,3005647,2025-06-10,email,descuento,1800,0
609425,3005647,2026-03-14,push,generico,1400,0
609426,3005648,2025-09-05,email,descuento,1700,0
609427,3005648,2025-12-02,push,descuento,1100,0
609428,3005648,2026-02-04,sms,descuento,3500,0
609429,3005648,2025-04-18,push,generico,3900,0
609430,3005649,2025-01-24,sms,descuento,2200,0
609431,3005650,2025-10-30,push,descuento,3600,0
609432,3005650,2025-09-13,push,descuento,1500,0
609433,3005650,2025-07-29,push,upgrade_credito,2500,0
609434,3005651,2025-05-15,push,generico,2800,0
609435,3005651,2026-01-21,push,cashback,3000,0
609436,3005652,2025-05-20,push,generico,1900,0
609437,3005652,2025-04-19,push,upgrade_credito,2800,0
609438,3005652,2025-02-13,email,generico,900,0
609439,3005653,2026-02-06,sms,cashback,2900,1
609440,3005653,2025-08-28,sms,upgrade_credito,2300,0
609441,3005653,2025-02-03,email,descuento,3700,0
609442,3005653,2025-06-13,push,generico,3600,0
609443,3005653,2025-12-04,push,descuento,1100,0
609444,3005654,2025-04-10,push,descuento,700,1
609445,3005654,2025-01-20,push,cashback,1700,0
609446,3005654,2025-09-09,email,descuento,1400,0
609447,3005654,2025-11-01,push,cashback,1600,1
609448,3005655,2025-09-01,push,upgrade_credito,1100,0
609449,3005655,2026-01-14,push,descuento,1300,1
609450,3005655,2025-01-01,sms,upgrade_credito,3900,1
609451,3005656,2025-11-30,push,generico,2300,0
609452,3005658,2026-01-05,email,generico,700,0
609453,3005658,2025-05-22,push,cashback,3500,0
609454,3005659,2025-12-19,sms,descuento,1100,0
609455,3005659,2025-09-12,push,generico,1500,0
609456,3005660,2025-03-24,push,generico,3600,0
609457,3005660,2026-01-31,sms,descuento,2100,0
609458,3005660,2025-10-07,sms,upgrade_credito,3700,0
609459,3005662,2025-09-11,sms,generico,3300,0
609460,3005662,2026-02-11,push,cashback,2400,0
609461,3005663,2025-02-26,sms,descuento,900,0
609462,3005663,2025-11-12,push,descuento,600,0
609463,3005664,2025-09-13,sms,cashback,3700,0
609464,3005665,2025-11-21,push,upgrade_credito,3200,0
609465,3005666,2025-03-03,push,cashback,700,0
609466,3005666,2025-01-27,email,descuento,1900,0
609467,3005667,2026-02-20,push,generico,2600,0
609468,3005667,2026-01-04,sms,descuento,3900,0
609469,3005668,2025-10-28,sms,descuento,1800,0
609470,3005668,2025-11-02,push,upgrade_credito,1600,0
609471,3005668,2025-10-20,email,descuento,1400,0
609472,3005669,2026-02-24,push,generico,1100,0
609473,3005669,2025-07-26,push,generico,3300,0
609474,3005670,2026-03-07,push,generico,3000,0
609475,3005671,2025-09-06,email,descuento,3800,0
609476,3005672,2026-03-02,sms,generico,1300,0
609477,3005672,2025-08-27,email,generico,1600,0
609478,3005673,2025-10-30,email,descuento,1500,0
609479,3005673,2025-08-18,sms,cashback,1700,0
609480,3005674,2025-08-03,email,cashback,3700,0
609481,3005674,2026-02-22,email,cashback,2700,1
609482,3005676,2025-10-06,email,descuento,2100,0
609483,3005677,2025-01-08,push,generico,2700,0
609484,3005677,2025-02-10,email,upgrade_credito,2500,0
609485,3005677,2025-08-13,push,generico,2900,0
609486,3005678,2025-03-15,sms,upgrade_credito,2200,0
609487,3005678,2025-01-26,push,generico,3600,0
609488,3005679,2025-12-14,sms,generico,900,0
609489,3005679,2026-01-21,push,generico,2600,0
609490,3005679,2025-05-07,push,cashback,3400,0
609491,3005679,2025-06-05,email,generico,1300,0
609492,3005680,2025-03-11,sms,cashback,1100,0
609493,3005680,2025-06-05,push,upgrade_credito,800,0
609494,3005681,2025-08-10,email,upgrade_credito,1500,0
609495,3005681,2025-12-12,push,descuento,1400,0
609496,3005681,2025-04-12,push,upgrade_credito,700,0
609497,3005681,2025-02-27,push,cashback,3800,0
609498,3005681,2026-02-20,email,cashback,3100,0
609499,3005682,2025-09-14,push,descuento,2400,0
609500,3005682,2025-07-29,push,descuento,2700,0
609501,3005682,2025-09-24,email,generico,3000,0
609502,3005682,2025-11-21,push,cashback,2100,0
609503,3005684,2025-12-23,sms,generico,3400,0
609504,3005684,2025-02-12,email,cashback,2400,0
609505,3005684,2025-05-29,email,descuento,1300,0
609506,3005685,2025-07-23,sms,descuento,3900,0
609507,3005685,2025-04-18,push,upgrade_credito,900,0
609508,3005686,2026-01-14,sms,cashback,4000,0
609509,3005686,2025-10-23,push,cashback,1900,1
609510,3005688,2025-09-26,push,descuento,3500,1
609511,3005691,2025-11-11,push,descuento,2500,0
609512,3005691,2025-02-23,push,cashback,1000,0
609513,3005692,2025-04-10,push,generico,1900,0
609514,3005692,2025-02-23,email,descuento,2700,0
609515,3005693,2025-01-08,push,generico,2700,0
609516,3005693,2025-02-07,email,cashback,3700,0
609517,3005693,2025-05-10,sms,cashback,3700,0
609518,3005694,2025-01-08,sms,cashback,1600,0
609519,3005695,2025-09-17,push,descuento,1400,0
609520,3005696,2025-07-29,email,descuento,1100,0
609521,3005696,2026-01-17,push,generico,3300,0
609522,3005698,2025-11-13,push,upgrade_credito,3000,0
609523,3005698,2026-02-22,sms,upgrade_credito,1400,0
609524,3005698,2025-10-11,push,generico,2000,0
609525,3005698,2025-01-01,sms,cashback,1900,0
609526,3005698,2025-02-04,push,cashback,3800,0
609527,3005699,2026-01-09,sms,descuento,2600,0
609528,3005700,2026-01-19,push,descuento,3800,0
609529,3005700,2025-11-27,email,descuento,1400,0
609530,3005701,2025-10-19,sms,generico,1400,0
609531,3005703,2025-05-20,email,descuento,3800,0
609532,3005705,2025-02-02,push,cashback,2000,0
609533,3005705,2025-08-31,sms,cashback,900,0
609534,3005705,2025-01-03,email,cashback,2000,1
609535,3005705,2025-09-03,email,descuento,2700,0
609536,3005706,2026-01-26,email,cashback,2700,0
609537,3005708,2025-09-14,sms,cashback,3800,0
609538,3005708,2025-09-12,push,descuento,2900,0
609539,3005708,2025-11-23,push,cashback,1700,0
609540,3005708,2025-07-19,push,cashback,2800,1
609541,3005709,2026-02-10,sms,cashback,1400,0
609542,3005709,2025-10-08,email,generico,800,0
609543,3005710,2025-09-12,push,descuento,2100,0
609544,3005710,2025-06-14,push,generico,3300,0
609545,3005711,2025-06-19,push,upgrade_credito,2000,0
609546,3005711,2025-12-16,sms,descuento,2400,0
609547,3005712,2025-08-16,email,generico,3900,1
609548,3005713,2025-04-21,push,cashback,2600,0
609549,3005715,2025-05-29,email,descuento,2600,0
609550,3005715,2026-03-15,push,cashback,3200,0
609551,3005716,2025-02-07,push,generico,900,0
609552,3005716,2025-08-05,sms,descuento,2500,0
609553,3005717,2025-11-11,push,upgrade_credito,2000,0
609554,3005717,2026-01-06,push,cashback,1000,0
609555,3005718,2025-12-12,email,descuento,2400,0
609556,3005718,2026-01-14,email,descuento,1900,0
609557,3005719,2026-01-09,push,upgrade_credito,1300,0
609558,3005720,2025-10-19,email,cashback,1500,0
609559,3005720,2025-09-04,push,upgrade_credito,2500,0
609560,3005720,2026-01-11,push,generico,2300,0
609561,3005721,2025-06-17,push,generico,3900,0
609562,3005721,2025-08-20,sms,generico,3000,0
609563,3005721,2026-01-12,sms,generico,3600,0
609564,3005722,2025-02-03,email,generico,2900,0
609565,3005722,2025-03-21,email,cashback,2100,0
609566,3005723,2025-12-04,push,descuento,3800,0
609567,3005723,2025-01-04,email,generico,3900,0
609568,3005723,2025-11-18,push,cashback,500,0
609569,3005724,2025-05-30,push,descuento,3700,0
609570,3005724,2025-05-26,push,upgrade_credito,700,0
609571,3005724,2025-02-03,push,descuento,3500,0
609572,3005725,2025-02-13,push,cashback,1600,0
609573,3005726,2026-01-09,push,cashback,700,1
609574,3005726,2025-08-18,email,generico,3500,0
609575,3005728,2025-12-18,email,generico,3700,0
609576,3005728,2025-10-30,sms,cashback,600,0
609577,3005729,2026-02-23,push,cashback,3700,1
609578,3005729,2025-08-20,push,upgrade_credito,2000,0
609579,3005730,2025-02-26,email,cashback,3400,0
609580,3005731,2025-10-05,push,upgrade_credito,3200,0
609581,3005732,2025-11-08,push,cashback,3800,0
609582,3005732,2025-02-22,push,generico,2700,0
609583,3005733,2025-10-16,push,descuento,3500,0
609584,3005734,2025-11-17,email,cashback,800,0
609585,3005735,2025-01-17,push,generico,3800,0
609586,3005735,2025-08-31,push,cashback,3700,0
609587,3005735,2025-10-05,email,cashback,3800,0
609588,3005736,2025-01-30,push,cashback,3600,0
609589,3005736,2025-05-19,sms,generico,3900,0
609590,3005737,2025-07-27,push,descuento,2600,0
609591,3005738,2025-10-29,email,cashback,3800,0
609592,3005738,2025-08-18,push,descuento,1400,0
609593,3005741,2025-07-13,push,descuento,2900,0
609594,3005741,2026-02-03,email,generico,900,0
609595,3005742,2025-12-10,push,descuento,2500,0
609596,3005743,2026-02-17,push,cashback,2500,0
609597,3005743,2025-07-25,push,cashback,1400,1
609598,3005743,2025-07-12,email,cashback,1700,0
609599,3005744,2025-06-30,email,generico,2400,0
609600,3005744,2025-11-15,email,upgrade_credito,1400,0
609601,3005745,2025-04-19,sms,descuento,900,0
609602,3005745,2025-07-05,sms,cashback,2500,0
609603,3005745,2025-07-03,sms,descuento,3500,1
609604,3005745,2025-10-11,push,cashback,2500,1
609605,3005746,2025-03-22,push,generico,600,0
609606,3005746,2025-07-28,sms,descuento,1700,0
609607,3005747,2026-02-23,email,descuento,3200,0
609608,3005748,2025-12-25,push,descuento,2700,0
609609,3005748,2026-01-16,email,cashback,3200,0
609610,3005748,2025-08-21,email,cashback,1100,0
609611,3005749,2025-10-19,email,cashback,1000,0
609612,3005750,2025-02-16,email,generico,900,0
609613,3005750,2025-07-19,email,cashback,1700,0
609614,3005752,2025-03-13,email,descuento,3400,0
609615,3005752,2025-11-03,sms,cashback,1900,0
609616,3005752,2025-11-22,sms,descuento,1100,0
609617,3005754,2025-12-12,sms,descuento,800,0
609618,3005755,2025-06-04,push,cashback,800,1
609619,3005757,2025-01-21,push,cashback,800,0
609620,3005757,2025-11-06,push,generico,3400,0
609621,3005759,2025-05-13,push,cashback,2400,0
609622,3005759,2025-07-15,push,generico,2800,0
609623,3005760,2025-05-26,push,descuento,1900,0
609624,3005760,2026-01-29,email,descuento,800,0
609625,3005762,2025-05-30,push,generico,3700,0
609626,3005762,2026-03-09,email,cashback,1900,0
609627,3005764,2025-06-23,sms,upgrade_credito,1700,0
609628,3005765,2025-03-02,push,generico,600,0
609629,3005765,2025-08-28,email,cashback,600,0
609630,3005765,2025-09-18,push,generico,1000,0
609631,3005766,2025-08-06,push,descuento,3700,1
609632,3005766,2026-02-17,push,generico,3300,0
609633,3005769,2025-08-26,push,descuento,3000,1
609634,3005769,2025-03-10,email,generico,1300,0
609635,3005769,2026-02-10,push,descuento,3500,0
609636,3005770,2026-01-25,push,descuento,1400,0
609637,3005770,2025-03-02,email,generico,1600,0
609638,3005771,2025-12-31,push,cashback,2900,1
609639,3005772,2025-03-01,push,cashback,2300,0
609640,3005772,2025-12-02,email,cashback,1500,0
609641,3005772,2025-02-25,email,generico,3200,0
609642,3005772,2025-10-21,sms,upgrade_credito,1900,0
609643,3005774,2025-07-02,email,generico,1700,0
609644,3005774,2025-12-22,email,cashback,3800,0
609645,3005775,2025-04-19,push,descuento,1500,0
609646,3005775,2025-04-23,push,cashback,3100,0
609647,3005777,2025-06-19,email,generico,2600,0
609648,3005778,2025-01-12,email,descuento,600,0
609649,3005778,2025-07-23,push,descuento,2600,0
609650,3005779,2025-02-15,email,cashback,2400,0
609651,3005779,2025-04-29,email,upgrade_credito,2000,0
609652,3005780,2025-06-24,sms,descuento,1900,0
609653,3005780,2025-05-04,push,cashback,1900,0
609654,3005781,2025-09-10,email,descuento,2600,0
609655,3005781,2025-06-24,push,cashback,2500,0
609656,3005783,2025-03-13,push,cashback,3000,1
609657,3005783,2026-02-23,email,cashback,600,0
609658,3005785,2025-12-14,push,generico,2900,0
609659,3005785,2025-12-11,sms,upgrade_credito,1700,0
609660,3005786,2026-03-07,email,upgrade_credito,3700,0
609661,3005786,2025-10-06,push,descuento,2400,0
609662,3005786,2026-03-13,push,cashback,3500,0
609663,3005786,2025-06-21,sms,generico,1800,0
609664,3005787,2025-12-19,push,upgrade_credito,3100,0
609665,3005787,2025-07-05,email,upgrade_credito,900,0
609666,3005788,2025-03-10,sms,cashback,3800,0
609667,3005788,2025-03-23,push,descuento,900,0
609668,3005790,2025-08-13,email,cashback,3300,0
609669,3005790,2025-12-21,email,generico,2600,0
609670,3005791,2025-01-09,push,upgrade_credito,2200,0
609671,3005795,2025-06-01,push,upgrade_credito,2300,0
609672,3005795,2025-11-20,push,generico,1500,0
609673,3005796,2025-01-24,push,descuento,800,0
609674,3005796,2025-12-04,push,cashback,2200,0
609675,3005796,2025-06-24,push,generico,2100,0
609676,3005797,2025-06-06,push,descuento,1700,0
609677,3005797,2025-03-21,sms,descuento,3400,1
609678,3005797,2026-02-09,push,descuento,1700,0
609679,3005798,2025-07-31,sms,upgrade_credito,1000,0
609680,3005799,2025-12-30,push,descuento,3000,0
609681,3005800,2025-07-27,push,cashback,1900,0
609682,3005800,2025-02-13,push,cashback,3700,0
609683,3005802,2026-02-19,email,descuento,2200,0
609684,3005802,2025-02-17,push,generico,1700,0
609685,3005803,2025-08-22,email,generico,1900,0
609686,3005803,2025-11-28,push,descuento,2000,0
609687,3005803,2025-10-01,email,upgrade_credito,2500,0
609688,3005803,2025-01-06,push,upgrade_credito,2400,0
609689,3005803,2025-08-28,push,descuento,3800,1
609690,3005803,2025-09-26,push,generico,3700,0
609691,3005804,2025-05-29,push,cashback,3400,0
609692,3005804,2025-03-31,push,descuento,1700,0
609693,3005805,2025-12-17,email,descuento,800,0
609694,3005806,2025-02-10,sms,generico,1400,0
609695,3005807,2025-08-09,email,descuento,2900,0
609696,3005808,2025-06-04,push,descuento,3500,0
609697,3005809,2026-01-30,push,cashback,1600,0
609698,3005810,2025-11-20,email,generico,700,0
609699,3005811,2025-02-04,email,descuento,1600,0
609700,3005811,2025-02-01,email,descuento,2900,0
609701,3005812,2025-12-27,email,cashback,1500,0
609702,3005812,2025-01-12,push,descuento,3100,0
609703,3005813,2025-01-29,email,generico,600,0
609704,3005813,2025-08-14,email,generico,4000,0
609705,3005813,2025-02-28,push,upgrade_credito,2000,0
609706,3005813,2025-07-20,push,upgrade_credito,1700,0
609707,3005813,2025-01-27,email,descuento,3600,0
609708,3005813,2025-06-12,push,cashback,1400,0
609709,3005814,2025-05-31,email,cashback,2600,0
609710,3005814,2025-10-30,push,cashback,3600,0
609711,3005814,2025-05-01,push,cashback,3400,0
609712,3005814,2025-11-15,push,cashback,3800,0
609713,3005815,2025-12-24,push,cashback,2600,0
609714,3005817,2025-04-21,email,cashback,2400,0
609715,3005817,2025-01-07,email,upgrade_credito,500,0
609716,3005819,2025-08-26,push,generico,1300,0
609717,3005819,2025-12-21,push,descuento,1700,0
609718,3005819,2025-06-08,email,generico,1700,0
609719,3005819,2025-08-22,push,upgrade_credito,2400,0
609720,3005819,2025-03-17,sms,cashback,3400,0
609721,3005821,2025-05-02,push,cashback,1200,0
609722,3005821,2025-12-23,push,descuento,1800,0
609723,3005822,2025-06-10,push,descuento,2100,0
609724,3005822,2025-09-28,push,upgrade_credito,3900,1
609725,3005823,2025-11-23,sms,upgrade_credito,3200,0
609726,3005823,2025-01-22,email,generico,1500,0
609727,3005824,2025-06-04,push,cashback,1900,0
609728,3005824,2025-11-04,email,generico,2400,0
609729,3005825,2025-05-13,push,descuento,3800,0
609730,3005825,2025-02-06,sms,generico,3700,0
609731,3005826,2025-05-24,push,generico,3800,0
609732,3005826,2026-02-21,push,descuento,3100,0
609733,3005826,2025-10-25,sms,upgrade_credito,3800,0
609734,3005827,2025-12-09,push,generico,600,0
609735,3005827,2026-02-16,email,cashback,500,0
609736,3005827,2025-01-23,sms,descuento,1100,0
609737,3005827,2025-10-12,sms,cashback,600,0
609738,3005828,2025-05-13,email,upgrade_credito,2600,0
609739,3005829,2025-04-10,email,upgrade_credito,1600,0
609740,3005829,2025-08-12,push,upgrade_credito,2300,0
609741,3005829,2025-12-28,email,upgrade_credito,600,0
609742,3005829,2025-06-23,sms,cashback,3400,0
609743,3005830,2025-10-27,sms,generico,1000,0
609744,3005830,2026-03-01,sms,generico,4000,0
609745,3005831,2026-01-27,sms,upgrade_credito,1300,0
609746,3005831,2025-11-19,email,descuento,3700,0
609747,3005832,2025-07-14,push,cashback,3300,0
609748,3005832,2025-08-11,email,cashback,1300,0
609749,3005832,2025-03-20,push,descuento,600,0
609750,3005833,2025-08-10,push,descuento,1100,0
609751,3005833,2025-08-04,push,cashback,1400,0
609752,3005834,2025-12-29,push,upgrade_credito,3500,0
609753,3005834,2025-09-01,push,generico,3800,0
609754,3005835,2025-01-28,email,cashback,2900,0
609755,3005836,2026-01-15,push,cashback,4000,0
609756,3005836,2025-04-21,sms,descuento,3200,0
609757,3005837,2025-03-05,sms,cashback,1400,0
609758,3005837,2025-11-10,sms,cashback,4000,0
609759,3005837,2025-03-08,push,cashback,1700,0
609760,3005839,2025-04-22,push,cashback,3300,0
609761,3005840,2025-04-25,sms,cashback,1400,0
609762,3005840,2025-04-18,push,cashback,3800,0
609763,3005841,2026-02-25,push,cashback,1500,0
609764,3005842,2025-07-07,email,descuento,2100,0
609765,3005842,2025-11-29,push,cashback,1100,0
609766,3005845,2025-04-23,email,descuento,1900,0
609767,3005845,2025-08-01,sms,cashback,1600,1
609768,3005846,2025-05-01,email,cashback,900,1
609769,3005846,2025-01-25,email,generico,1200,0
609770,3005848,2025-02-03,email,cashback,2800,0
609771,3005848,2025-02-18,push,cashback,2500,0
609772,3005849,2025-09-17,push,generico,2600,0
609773,3005849,2025-12-09,push,generico,2000,0
609774,3005850,2026-01-17,email,generico,1700,0
609775,3005851,2025-12-24,email,descuento,3100,0
609776,3005851,2026-01-29,email,cashback,2500,1
609777,3005852,2025-03-26,email,descuento,1100,0
609778,3005852,2025-10-27,email,generico,900,0
609779,3005852,2026-01-15,push,descuento,1800,1
609780,3005853,2025-04-07,push,upgrade_credito,900,0
609781,3005854,2025-03-30,push,upgrade_credito,3800,0
609782,3005854,2025-01-03,email,cashback,700,0
609783,3005855,2025-11-29,email,cashback,3800,0
609784,3005855,2025-06-01,sms,descuento,3800,0
609785,3005855,2025-09-09,push,descuento,2300,0
609786,3005856,2025-07-13,email,upgrade_credito,2000,0
609787,3005857,2025-09-09,push,upgrade_credito,1800,0
609788,3005857,2025-09-23,push,descuento,3500,0
609789,3005857,2026-03-01,email,generico,1100,0
609790,3005858,2025-12-23,push,generico,2100,0
609791,3005858,2025-04-02,push,generico,2100,0
609792,3005858,2025-01-28,email,upgrade_credito,2100,0
609793,3005859,2025-08-31,sms,generico,3100,0
609794,3005859,2025-01-16,sms,generico,2200,0
609795,3005860,2025-05-20,push,generico,2800,0
609796,3005862,2025-10-04,email,descuento,2500,0
609797,3005862,2026-01-14,sms,upgrade_credito,1900,0
609798,3005863,2026-02-15,sms,cashback,1200,0
609799,3005863,2025-12-19,push,descuento,1700,0
609800,3005864,2025-09-09,sms,descuento,1500,0
609801,3005864,2025-09-20,email,generico,3500,0
609802,3005866,2025-08-26,push,upgrade_credito,2900,0
609803,3005867,2025-06-20,email,generico,600,0
609804,3005867,2025-12-07,email,cashback,1000,0
609805,3005869,2025-10-29,sms,cashback,1500,0
609806,3005869,2025-06-08,sms,generico,3700,1
609807,3005870,2025-07-13,sms,descuento,2400,0
609808,3005870,2025-03-16,sms,descuento,3100,0
609809,3005872,2025-09-15,push,cashback,3800,1
609810,3005872,2025-01-14,email,generico,4000,0
609811,3005872,2025-02-03,email,descuento,3500,1
609812,3005873,2026-01-01,email,generico,600,0
609813,3005873,2025-06-13,email,generico,1900,0
609814,3005873,2025-11-30,email,generico,3800,0
609815,3005873,2026-02-21,push,generico,2500,0
609816,3005873,2025-04-02,sms,cashback,2800,1
609817,3005875,2026-02-01,email,descuento,4000,0
609818,3005875,2025-06-29,sms,generico,2100,1
609819,3005875,2025-12-14,sms,generico,3800,0
609820,3005877,2025-07-22,email,descuento,1600,0
609821,3005878,2025-06-19,email,descuento,2800,0
609822,3005878,2025-01-29,email,upgrade_credito,1300,0
609823,3005879,2025-03-01,push,descuento,3400,0
609824,3005879,2025-02-10,push,descuento,2300,0
609825,3005879,2025-06-02,push,descuento,2900,0
609826,3005879,2025-05-17,sms,cashback,2500,0
609827,3005880,2025-12-23,push,cashback,1400,0
609828,3005881,2025-02-15,sms,descuento,1200,0
609829,3005881,2025-04-15,push,cashback,3000,0
609830,3005881,2025-09-22,email,descuento,1700,0
609831,3005881,2025-09-10,sms,generico,2700,0
609832,3005882,2025-10-18,email,cashback,1500,0
609833,3005882,2025-05-13,push,descuento,900,0
609834,3005883,2026-03-03,email,descuento,3000,0
609835,3005883,2025-07-04,push,cashback,1900,0
609836,3005883,2026-02-07,sms,descuento,2500,0
609837,3005884,2025-04-19,email,cashback,1100,0
609838,3005884,2025-06-13,push,generico,2300,0
609839,3005885,2026-02-09,email,cashback,3200,1
609840,3005886,2026-01-11,push,descuento,2700,1
609841,3005886,2025-06-20,sms,upgrade_credito,2500,0
609842,3005887,2025-05-17,push,descuento,1300,0
609843,3005887,2025-03-15,push,generico,2100,0
609844,3005887,2025-09-29,email,descuento,3600,0
609845,3005887,2025-04-20,sms,descuento,2200,0
609846,3005887,2025-04-24,sms,cashback,1800,0
609847,3005887,2026-02-28,email,descuento,1000,0
609848,3005889,2025-12-17,push,descuento,800,0
609849,3005889,2025-10-12,email,descuento,2700,1
609850,3005889,2025-01-07,email,generico,700,0
609851,3005890,2025-08-30,email,generico,1500,0
609852,3005890,2025-10-06,push,descuento,2300,0
609853,3005891,2025-09-13,sms,upgrade_credito,2900,0
609854,3005891,2025-05-30,push,descuento,4000,0
609855,3005891,2025-03-20,push,generico,1700,0
609856,3005892,2025-09-28,push,descuento,900,0
609857,3005892,2025-09-12,push,cashback,3800,0
609858,3005892,2025-05-10,push,generico,2700,0
609859,3005892,2025-07-23,push,cashback,3800,0
609860,3005893,2025-09-19,push,generico,1400,0
609861,3005893,2025-12-03,sms,generico,1000,0
609862,3005893,2025-09-08,email,descuento,3900,0
609863,3005895,2025-04-15,push,cashback,600,0
609864,3005895,2025-08-20,push,descuento,4000,0
609865,3005896,2026-03-01,push,descuento,2000,0
609866,3005896,2026-03-12,push,generico,1400,0
609867,3005897,2025-04-25,email,cashback,700,1
609868,3005897,2025-06-22,email,descuento,3500,0
609869,3005897,2025-05-26,push,descuento,3700,0
609870,3005898,2025-08-22,push,descuento,1000,0
609871,3005898,2026-01-23,push,cashback,2700,0
609872,3005898,2025-02-04,email,generico,2000,0
609873,3005899,2025-08-23,push,cashback,3700,1
609874,3005899,2025-12-12,email,generico,1100,0
609875,3005900,2025-01-23,sms,descuento,1600,0
609876,3005900,2025-02-21,push,upgrade_credito,3600,0
609877,3005901,2025-02-14,email,generico,3700,0
609878,3005902,2025-12-06,push,descuento,3700,0
609879,3005902,2025-12-25,email,cashback,2100,0
609880,3005903,2025-09-29,push,generico,1200,0
609881,3005904,2025-03-08,email,cashback,1700,0
609882,3005908,2025-09-27,push,descuento,1100,0
609883,3005909,2025-05-13,email,descuento,2400,0
609884,3005909,2025-08-17,email,descuento,600,0
609885,3005910,2025-01-10,sms,cashback,3100,0
609886,3005910,2025-02-13,push,generico,1900,0
609887,3005910,2025-12-12,email,generico,2100,0
609888,3005910,2025-10-28,push,descuento,1200,0
609889,3005912,2025-11-01,push,upgrade_credito,900,0
609890,3005912,2025-01-01,push,upgrade_credito,3100,0
609891,3005913,2025-01-09,push,descuento,2300,0
609892,3005914,2026-02-12,email,descuento,3700,0
609893,3005914,2025-01-08,sms,descuento,1300,0
609894,3005916,2025-10-24,email,upgrade_credito,2800,0
609895,3005916,2025-10-05,push,cashback,2800,0
609896,3005916,2025-07-07,push,descuento,2900,0
609897,3005917,2025-12-12,push,descuento,1400,0
609898,3005917,2025-05-27,sms,generico,3400,0
609899,3005917,2025-07-02,push,descuento,3800,0
609900,3005917,2025-01-18,push,cashback,2900,1
609901,3005918,2026-02-23,sms,cashback,3000,0
609902,3005920,2025-09-27,sms,upgrade_credito,3500,0
609903,3005920,2025-11-28,sms,generico,2700,0
609904,3005921,2025-06-18,push,cashback,500,0
609905,3005921,2025-10-05,sms,generico,2300,0
609906,3005922,2025-08-19,sms,cashback,1100,0
609907,3005924,2025-02-16,email,cashback,700,0
609908,3005924,2025-08-14,email,descuento,3400,0
609909,3005925,2026-01-15,push,generico,1400,0
609910,3005925,2025-01-19,email,cashback,2300,0
609911,3005927,2025-09-30,sms,upgrade_credito,3300,0
609912,3005928,2025-12-08,push,generico,3100,1
609913,3005928,2025-05-26,push,upgrade_credito,2900,0
609914,3005929,2026-01-23,email,cashback,2900,0
609915,3005929,2026-02-13,push,cashback,3000,1
609916,3005929,2025-11-02,email,cashback,3700,1
609917,3005930,2025-10-10,push,descuento,1900,0
609918,3005930,2025-12-06,push,cashback,3400,0
609919,3005931,2025-07-11,push,cashback,3200,0
609920,3005932,2025-12-03,push,cashback,2700,0
609921,3005932,2025-12-31,push,generico,1400,0
609922,3005933,2025-12-28,email,generico,2300,0
609923,3005933,2025-02-09,push,cashback,1200,1
609924,3005934,2025-08-11,sms,cashback,3300,0
609925,3005934,2025-09-03,sms,descuento,2500,0
609926,3005935,2025-06-30,push,cashback,800,0
609927,3005935,2025-08-02,push,descuento,1000,0
609928,3005936,2025-02-16,email,generico,3400,0
609929,3005936,2025-11-14,email,generico,2400,0
609930,3005936,2025-04-28,push,descuento,3100,0
609931,3005936,2025-04-20,sms,descuento,2500,0
609932,3005937,2025-11-16,email,generico,1500,0
609933,3005937,2025-08-15,push,upgrade_credito,2300,1
609934,3005937,2025-07-16,sms,generico,2200,0
609935,3005938,2025-12-28,push,descuento,800,0
609936,3005938,2025-02-21,push,cashback,1400,0
609937,3005939,2025-04-09,push,upgrade_credito,700,0
609938,3005940,2025-08-19,sms,descuento,1900,0
609939,3005940,2025-12-17,push,descuento,3600,0
609940,3005941,2025-01-27,push,generico,3300,0
609941,3005941,2025-02-23,email,cashback,2700,0
609942,3005942,2025-02-06,email,descuento,3300,0
609943,3005942,2026-01-31,email,descuento,1000,0
609944,3005942,2025-12-08,email,descuento,700,0
609945,3005942,2025-09-10,push,generico,1400,0
609946,3005943,2025-06-11,push,descuento,700,0
609947,3005943,2025-07-06,push,generico,900,0
609948,3005944,2026-01-05,push,descuento,2500,0
609949,3005944,2025-03-30,sms,upgrade_credito,800,0
609950,3005945,2025-10-02,email,cashback,1800,0
609951,3005945,2026-01-28,email,cashback,1200,0
609952,3005946,2025-02-21,push,descuento,1400,0
609953,3005946,2025-02-28,email,cashback,700,0
609954,3005948,2025-06-20,sms,generico,2900,0
609955,3005948,2026-01-07,sms,upgrade_credito,2600,0
609956,3005949,2025-03-30,sms,cashback,1100,0
609957,3005949,2025-06-26,sms,cashback,1600,0
609958,3005950,2025-06-08,push,descuento,3100,1
609959,3005951,2025-09-17,sms,generico,2500,0
609960,3005953,2025-10-28,email,generico,1700,0
609961,3005953,2025-12-11,push,cashback,2600,0
609962,3005954,2025-05-08,email,cashback,1700,0
609963,3005954,2025-06-25,email,cashback,2700,0
609964,3005955,2026-01-04,email,cashback,1300,0
609965,3005955,2025-01-04,push,upgrade_credito,2700,0
609966,3005955,2025-07-03,email,generico,1200,0
609967,3005955,2025-01-09,push,descuento,1400,0
609968,3005955,2025-05-20,push,generico,600,0
609969,3005957,2025-03-31,push,generico,3500,1
609970,3005958,2025-07-01,push,cashback,2900,0
609971,3005958,2025-10-17,sms,descuento,2700,0
609972,3005959,2025-07-31,email,upgrade_credito,2900,0
609973,3005960,2025-11-04,email,generico,3000,0
609974,3005960,2025-05-19,email,generico,3900,0
609975,3005962,2025-02-18,sms,upgrade_credito,2100,1
609976,3005962,2025-04-02,email,descuento,600,0
609977,3005963,2025-10-23,sms,generico,2900,0
609978,3005963,2025-01-15,sms,cashback,1900,0
609979,3005964,2025-04-06,push,generico,1800,0
609980,3005965,2025-01-01,push,descuento,1200,0
609981,3005965,2025-02-11,push,generico,1100,0
609982,3005966,2025-12-25,push,upgrade_credito,2200,0
609983,3005966,2025-04-19,push,cashback,3500,0
609984,3005966,2025-03-05,push,generico,3600,0
609985,3005967,2025-02-26,email,cashback,900,0
609986,3005968,2026-02-27,email,generico,2700,0
609987,3005968,2025-12-13,push,upgrade_credito,3800,0
609988,3005970,2025-08-25,email,upgrade_credito,700,0
609989,3005970,2025-10-08,push,descuento,3100,0
609990,3005971,2025-12-24,sms,cashback,3700,0
609991,3005971,2026-03-01,email,generico,1600,0
609992,3005972,2025-05-06,email,cashback,1100,0
609993,3005972,2025-05-07,email,descuento,1300,0
609994,3005972,2025-12-16,sms,cashback,2100,0
609995,3005973,2025-12-26,email,upgrade_credito,2900,0
609996,3005974,2025-06-12,sms,descuento,3900,0
609997,3005975,2025-02-19,push,upgrade_credito,2500,0
609998,3005975,2025-04-29,sms,cashback,1800,0
609999,3005976,2025-11-12,email,upgrade_credito,700,0
610000,3005977,2025-05-22,push,cashback,2700,0
610001,3005978,2025-06-16,sms,generico,2300,0
610002,3005979,2025-05-15,sms,descuento,3100,0
610003,3005979,2025-04-06,sms,cashback,600,0
610004,3005979,2026-03-05,email,generico,800,0
610005,3005980,2025-06-06,push,generico,3600,0
610006,3005980,2025-02-22,push,generico,1600,0
610007,3005981,2026-01-31,sms,upgrade_credito,1100,0
610008,3005981,2025-06-02,push,cashback,3600,0
610009,3005981,2025-08-17,sms,generico,3900,0
610010,3005982,2025-11-23,sms,generico,2500,0
610011,3005983,2026-03-07,email,cashback,2900,0
610012,3005983,2025-06-11,push,cashback,3100,0
610013,3005984,2025-08-03,push,descuento,2100,0
610014,3005984,2025-09-24,sms,descuento,1100,0
610015,3005984,2025-06-19,email,descuento,1900,0
610016,3005984,2026-01-11,push,generico,1600,0
610017,3005985,2026-01-04,push,upgrade_credito,2600,0
610018,3005985,2025-12-25,push,upgrade_credito,2400,0
610019,3005985,2025-11-27,push,generico,2600,0
610020,3005985,2026-02-18,push,upgrade_credito,2000,0
610021,3005986,2025-12-30,push,descuento,2600,0
610022,3005987,2025-03-19,email,generico,2000,0
610023,3005988,2025-05-23,push,generico,1900,0
610024,3005988,2025-12-03,sms,generico,3200,0
610025,3005989,2026-01-18,push,descuento,2400,1
610026,3005989,2026-02-06,push,generico,2200,0
610027,3005990,2025-11-05,email,descuento,700,0
610028,3005990,2025-10-29,push,generico,1200,0
610029,3005991,2026-02-12,push,descuento,600,0
610030,3005991,2025-10-16,email,cashback,1300,0
610031,3005991,2025-11-26,sms,cashback,1300,0
610032,3005991,2025-05-10,email,generico,3300,1
610033,3005992,2025-01-01,email,generico,800,0
610034,3005992,2025-08-12,push,cashback,1700,0
610035,3005994,2026-02-18,push,cashback,2800,0
610036,3005994,2025-05-07,push,generico,2200,0
610037,3005995,2025-03-28,push,cashback,2300,0
610038,3005997,2026-03-04,sms,upgrade_credito,1400,0
610039,3005997,2026-01-01,push,cashback,2300,1
610040,3005997,2025-11-14,push,generico,2900,1
610041,3005997,2025-04-10,email,upgrade_credito,2900,0
610042,3005998,2025-01-20,push,generico,1200,0
610043,3005999,2025-12-27,push,generico,1700,0
610044,3006000,2025-03-04,email,cashback,2900,0
610045,3006000,2025-08-28,sms,descuento,3800,0
610046,3006001,2025-07-20,email,cashback,3600,0
610047,3006002,2025-09-28,push,generico,800,0
610048,3006002,2025-08-01,push,cashback,2100,0
610049,3006003,2025-11-22,email,generico,2500,0
610050,3006005,2025-10-30,push,descuento,2400,0
610051,3006006,2025-07-20,push,cashback,2400,0
610052,3006006,2025-08-27,email,upgrade_credito,2600,0
610053,3006007,2026-03-05,push,cashback,2000,0
610054,3006007,2025-03-27,email,descuento,3300,0
610055,3006007,2025-03-03,push,upgrade_credito,2800,0
610056,3006007,2025-05-01,push,descuento,600,0
610057,3006008,2025-04-30,push,descuento,2400,0
610058,3006008,2025-09-09,push,descuento,1600,0
610059,3006009,2026-01-28,sms,descuento,3500,0
610060,3006009,2025-02-09,email,upgrade_credito,1700,0
610061,3006010,2026-02-04,push,cashback,2300,0
610062,3006012,2025-07-22,push,descuento,2800,0
610063,3006014,2025-10-10,push,descuento,2300,1
610064,3006014,2025-07-24,email,upgrade_credito,600,0
610065,3006015,2025-01-15,push,cashback,3100,1
610066,3006015,2025-07-11,push,generico,1700,0
610067,3006016,2026-01-18,push,generico,1300,0
610068,3006016,2025-06-01,email,cashback,2500,0
610069,3006017,2026-02-21,sms,generico,1300,0
610070,3006017,2025-08-27,sms,descuento,2100,0
610071,3006018,2025-07-26,sms,descuento,3500,0
610072,3006018,2026-02-01,email,upgrade_credito,3900,0
610073,3006019,2025-05-07,push,descuento,900,0
610074,3006019,2025-02-09,email,generico,3000,0
610075,3006019,2025-03-16,push,upgrade_credito,700,0
610076,3006019,2026-02-10,push,generico,3300,0
610077,3006019,2026-03-09,email,upgrade_credito,2200,0
610078,3006020,2025-12-17,push,descuento,1600,0
610079,3006021,2025-11-16,push,generico,2500,0
610080,3006021,2025-03-08,sms,cashback,3700,1
610081,3006023,2025-11-12,sms,descuento,1000,0
610082,3006024,2025-01-19,sms,cashback,1100,0
610083,3006024,2025-05-18,email,generico,3300,0
610084,3006025,2025-11-08,email,upgrade_credito,2300,1
610085,3006025,2025-01-20,email,descuento,1400,0
610086,3006025,2026-02-21,push,upgrade_credito,1800,0
610087,3006026,2025-09-03,push,cashback,1500,0
610088,3006026,2025-07-27,push,generico,3300,1
610089,3006026,2025-10-10,email,cashback,600,0
610090,3006027,2025-06-01,sms,descuento,1500,0
610091,3006028,2025-06-19,push,descuento,3700,0
610092,3006028,2025-06-17,push,descuento,3700,0
610093,3006030,2025-05-24,email,descuento,2200,1
610094,3006030,2025-09-29,sms,cashback,1600,0
610095,3006030,2026-01-19,push,descuento,1000,0
610096,3006031,2025-03-03,email,cashback,1500,1
610097,3006033,2025-12-31,push,generico,1300,0
610098,3006033,2025-07-09,push,descuento,500,0
610099,3006033,2025-09-21,email,descuento,1600,0
610100,3006033,2025-08-13,email,descuento,900,0
610101,3006034,2025-11-29,push,cashback,800,0
610102,3006034,2025-01-11,email,cashback,800,0
610103,3006034,2025-02-26,email,cashback,2200,0
610104,3006034,2025-01-12,push,upgrade_credito,3700,0
610105,3006036,2025-03-03,push,descuento,1200,0
610106,3006038,2025-07-28,push,generico,3200,0
610107,3006038,2025-01-10,push,upgrade_credito,2400,0
610108,3006038,2025-08-15,email,cashback,3500,0
610109,3006038,2026-01-09,push,cashback,3000,0
610110,3006040,2025-01-19,email,upgrade_credito,3500,0
610111,3006043,2026-02-21,push,cashback,3900,0
610112,3006044,2025-01-10,push,generico,1900,0
610113,3006044,2026-02-08,push,descuento,2500,0
610114,3006046,2025-06-21,push,generico,1300,0
610115,3006046,2025-04-08,push,generico,2000,0
610116,3006046,2025-05-21,sms,upgrade_credito,900,0
610117,3006047,2026-01-29,push,generico,800,0
610118,3006047,2025-03-21,push,descuento,700,0
610119,3006051,2025-04-07,email,cashback,2400,0
610120,3006052,2025-03-29,push,generico,1800,0
610121,3006052,2026-01-01,push,cashback,3400,0
610122,3006052,2025-05-18,push,upgrade_credito,3700,0
610123,3006052,2025-10-10,sms,descuento,1200,0
610124,3006053,2025-03-13,push,upgrade_credito,2300,0
610125,3006053,2025-09-18,email,cashback,1700,0
610126,3006054,2025-01-17,sms,cashback,3800,0
610127,3006054,2025-09-07,sms,cashback,1200,0
610128,3006054,2025-07-15,push,generico,700,0
610129,3006054,2025-07-07,push,upgrade_credito,1600,0
610130,3006055,2025-01-21,email,cashback,3500,0
610131,3006055,2025-06-11,email,descuento,3300,0
610132,3006057,2025-03-27,email,descuento,800,0
610133,3006057,2025-11-26,email,generico,1200,0
610134,3006061,2025-10-07,sms,generico,3500,0
610135,3006061,2026-02-23,push,cashback,2800,0
610136,3006061,2025-09-29,email,generico,800,0
610137,3006062,2025-02-09,push,descuento,1600,0
610138,3006062,2025-02-23,email,descuento,1800,0
610139,3006062,2025-01-19,email,cashback,700,0
610140,3006062,2025-02-06,email,upgrade_credito,2300,0
610141,3006062,2025-06-19,push,cashback,1700,0
610142,3006063,2025-03-29,email,upgrade_credito,2700,0
610143,3006063,2026-03-13,push,cashback,2300,0
610144,3006063,2026-01-07,push,cashback,1000,0
610145,3006063,2025-11-23,sms,descuento,500,0
610146,3006064,2025-02-08,sms,upgrade_credito,1300,0
610147,3006064,2025-05-12,push,generico,2800,0
610148,3006067,2025-10-06,email,generico,2100,0
610149,3006067,2025-08-04,push,generico,1900,0
610150,3006068,2025-01-30,push,upgrade_credito,900,0
610151,3006068,2025-01-29,sms,cashback,4000,1
610152,3006068,2025-11-15,email,descuento,3500,0
610153,3006069,2025-08-09,email,cashback,2000,0
610154,3006069,2026-01-29,email,descuento,2100,0
610155,3006070,2025-06-13,email,descuento,800,0
610156,3006072,2025-01-21,push,generico,1000,0
610157,3006072,2026-01-16,sms,upgrade_credito,3700,0
610158,3006073,2025-12-12,email,descuento,3600,0
610159,3006073,2025-12-01,push,upgrade_credito,2700,0
610160,3006073,2025-03-30,push,cashback,3000,0
610161,3006073,2025-02-16,push,cashback,2400,0
610162,3006075,2025-08-24,sms,descuento,3100,0
610163,3006076,2025-09-06,sms,cashback,1500,0
610164,3006076,2025-07-18,push,cashback,1500,0
610165,3006076,2025-06-01,email,descuento,1400,0
610166,3006076,2026-03-07,push,descuento,700,0
610167,3006078,2025-08-25,email,cashback,2300,0
610168,3006079,2025-08-22,sms,cashback,3700,0
610169,3006082,2026-01-31,push,upgrade_credito,2600,0
610170,3006085,2025-03-14,push,generico,1900,0
610171,3006085,2025-02-15,email,upgrade_credito,3500,0
610172,3006086,2025-01-31,push,generico,2200,0
610173,3006086,2025-05-16,push,cashback,2400,0
610174,3006086,2025-12-27,push,descuento,700,0
610175,3006088,2025-11-24,email,upgrade_credito,500,0
610176,3006088,2025-04-28,push,descuento,1600,0
610177,3006089,2025-08-15,push,generico,1800,0
610178,3006089,2025-12-03,sms,cashback,2900,0
610179,3006090,2025-07-19,sms,cashback,2900,0
610180,3006092,2025-03-13,email,descuento,700,0
610181,3006092,2025-05-31,push,generico,700,0
610182,3006092,2025-09-02,push,descuento,3900,0
610183,3006093,2025-08-01,email,descuento,900,0
610184,3006093,2025-01-11,push,generico,1300,0
610185,3006093,2025-03-23,push,upgrade_credito,3200,0
610186,3006094,2025-06-23,email,upgrade_credito,1000,0
610187,3006095,2025-03-25,email,cashback,600,0
610188,3006096,2025-07-06,push,descuento,2000,0
610189,3006096,2025-11-08,push,descuento,3500,0
610190,3006097,2026-01-16,email,cashback,1200,0
610191,3006097,2025-07-06,email,upgrade_credito,1500,0
610192,3006098,2026-01-10,push,upgrade_credito,2500,0
610193,3006098,2025-07-31,email,generico,3000,0
610194,3006098,2025-03-20,push,generico,1700,0
610195,3006099,2025-06-19,push,cashback,1000,1
610196,3006099,2026-01-04,push,upgrade_credito,800,1
610197,3006099,2025-12-17,push,generico,2800,0
610198,3006100,2025-11-06,push,generico,1600,0
610199,3006100,2025-08-22,push,cashback,1200,0
610200,3006100,2025-04-18,push,descuento,600,0
610201,3006102,2025-04-11,push,cashback,3800,1
610202,3006103,2025-04-13,email,cashback,500,0
610203,3006103,2025-11-09,push,cashback,900,0
610204,3006104,2025-01-07,email,cashback,2100,0
610205,3006104,2026-02-01,sms,generico,1500,0
610206,3006104,2025-05-29,push,generico,3300,0
610207,3006105,2025-01-23,email,cashback,2100,0
610208,3006105,2025-03-09,push,cashback,2900,0
610209,3006105,2025-03-14,push,descuento,1700,0
610210,3006106,2026-01-20,push,generico,2300,0
610211,3006106,2025-07-26,push,cashback,3700,0
610212,3006107,2025-09-07,email,descuento,1700,0
610213,3006110,2025-04-01,email,generico,2500,0
610214,3006110,2026-03-01,push,generico,1900,0
610215,3006111,2025-11-05,email,cashback,2500,0
610216,3006111,2026-03-02,push,descuento,3000,0
610217,3006111,2026-02-11,push,descuento,2400,0
610218,3006112,2026-01-24,push,upgrade_credito,2300,0
610219,3006112,2026-02-20,email,generico,2200,0
610220,3006112,2025-04-03,push,descuento,900,0
610221,3006113,2025-11-16,push,descuento,2800,0
610222,3006114,2026-02-26,email,generico,3300,0
610223,3006114,2025-03-14,email,generico,900,0
610224,3006116,2025-07-16,push,cashback,1600,0
610225,3006117,2025-11-14,push,upgrade_credito,3600,0
610226,3006117,2025-12-07,push,descuento,3200,0
610227,3006117,2025-01-27,push,upgrade_credito,2200,0
610228,3006117,2025-05-31,email,cashback,4000,0
610229,3006118,2025-04-19,email,descuento,2300,0
610230,3006118,2026-01-28,push,cashback,2900,1
610231,3006118,2025-01-02,email,upgrade_credito,3900,0
610232,3006119,2025-10-15,push,descuento,800,0
610233,3006119,2025-11-03,email,cashback,3600,0
610234,3006119,2025-02-26,push,descuento,1700,0
610235,3006120,2026-01-28,sms,descuento,2400,0
610236,3006120,2025-03-30,push,cashback,900,0
610237,3006121,2025-09-02,sms,cashback,3100,0
610238,3006123,2025-07-01,sms,generico,2300,0
610239,3006123,2025-07-27,push,generico,3100,0
610240,3006123,2025-05-26,email,descuento,1300,0
610241,3006124,2025-11-03,push,cashback,1000,0
610242,3006124,2025-04-12,sms,generico,2300,0
610243,3006127,2026-01-23,sms,generico,3700,0
610244,3006127,2025-06-03,email,cashback,2900,0
610245,3006128,2025-05-09,sms,upgrade_credito,3200,0
610246,3006130,2025-06-11,push,generico,1500,0
610247,3006130,2025-10-29,push,cashback,3800,0
610248,3006131,2025-02-06,email,generico,2500,0
610249,3006131,2026-01-06,email,generico,1100,0
610250,3006131,2025-05-16,email,cashback,2300,0
610251,3006131,2025-07-29,email,cashback,1500,0
610252,3006134,2025-07-13,push,descuento,2700,0
610253,3006134,2025-08-14,push,upgrade_credito,2100,0
610254,3006135,2025-08-23,push,generico,2200,0
610255,3006136,2025-03-12,push,upgrade_credito,3500,0
610256,3006136,2025-12-02,email,generico,3700,0
610257,3006137,2025-02-07,push,generico,1700,1
610258,3006137,2025-05-14,email,cashback,2300,0
610259,3006137,2025-03-12,sms,cashback,3800,0
610260,3006137,2025-07-25,email,cashback,3300,0
610261,3006137,2025-09-10,email,descuento,2800,0
610262,3006138,2025-12-06,push,generico,4000,0
610263,3006138,2025-02-07,push,cashback,2500,1
610264,3006139,2026-02-28,email,upgrade_credito,2700,0
610265,3006139,2025-10-15,email,cashback,1800,0
610266,3006139,2026-02-24,email,generico,3300,0
610267,3006140,2025-11-04,push,generico,2500,0
610268,3006140,2025-11-08,push,descuento,3400,0
610269,3006141,2025-06-21,push,generico,2600,0
610270,3006141,2025-07-28,email,descuento,2000,0
610271,3006141,2025-04-20,push,cashback,2700,0
610272,3006142,2025-12-04,push,cashback,2600,0
610273,3006142,2026-02-14,sms,cashback,3000,0
610274,3006143,2025-06-19,push,upgrade_credito,3900,0
610275,3006143,2026-02-18,push,descuento,2700,0
610276,3006144,2025-05-22,push,cashback,3200,0
610277,3006145,2025-05-02,push,cashback,2200,0
610278,3006145,2026-02-27,email,cashback,1000,0
610279,3006146,2025-11-20,push,generico,3900,0
610280,3006146,2025-05-16,push,generico,2200,0
610281,3006146,2025-10-01,sms,cashback,1500,0
610282,3006147,2025-04-15,push,descuento,1300,0
610283,3006148,2025-04-18,push,upgrade_credito,1900,0
610284,3006148,2025-06-05,email,generico,3100,0
610285,3006149,2026-01-16,sms,cashback,1500,0
610286,3006150,2025-03-09,sms,cashback,1000,1
610287,3006151,2026-02-26,email,cashback,600,0
610288,3006152,2026-03-09,sms,generico,2200,0
610289,3006152,2026-01-29,sms,upgrade_credito,1200,0
610290,3006152,2025-10-15,push,descuento,900,1
610291,3006152,2025-11-01,sms,descuento,2900,0
610292,3006152,2025-02-28,push,cashback,3800,0
610293,3006153,2026-01-18,sms,cashback,1400,0
610294,3006154,2025-04-12,push,descuento,3200,0
610295,3006154,2025-05-30,email,descuento,1500,0
610296,3006154,2025-07-23,email,generico,3700,0
610297,3006155,2026-01-12,email,descuento,1700,0
610298,3006155,2025-08-21,email,cashback,1800,0
610299,3006156,2025-04-15,push,cashback,2800,1
610300,3006158,2025-09-01,email,upgrade_credito,1200,0
610301,3006158,2025-10-28,push,cashback,800,0
610302,3006158,2026-01-26,sms,cashback,1400,0
610303,3006159,2025-08-18,email,upgrade_credito,2500,0
610304,3006161,2025-02-21,sms,descuento,3300,0
610305,3006162,2026-02-01,email,descuento,600,0
610306,3006163,2025-09-14,email,upgrade_credito,3800,0
610307,3006163,2025-04-15,sms,cashback,3200,0
610308,3006163,2025-11-08,push,cashback,700,1
610309,3006164,2026-03-09,push,descuento,1400,0
610310,3006164,2025-06-17,email,generico,3300,0
610311,3006165,2025-07-08,push,generico,2300,0
610312,3006165,2025-03-12,push,descuento,2900,0
610313,3006165,2025-11-08,push,generico,1500,0
610314,3006165,2025-08-13,push,descuento,3100,0
610315,3006166,2025-05-09,push,descuento,1800,0
610316,3006166,2025-01-19,push,descuento,3200,0
610317,3006166,2025-07-07,push,generico,3900,1
610318,3006168,2025-09-08,email,upgrade_credito,1100,0
610319,3006168,2025-06-27,sms,cashback,2300,0
610320,3006168,2025-01-07,email,cashback,2100,0
610321,3006169,2025-06-30,email,generico,800,0
610322,3006169,2025-06-15,push,generico,1900,0
610323,3006169,2025-05-14,email,descuento,1900,0
610324,3006170,2025-01-26,push,generico,1400,0
610325,3006170,2025-12-07,email,cashback,3000,0
610326,3006171,2026-02-26,sms,upgrade_credito,3000,0
610327,3006171,2025-11-05,email,descuento,600,0
610328,3006171,2026-03-03,push,generico,2700,0
610329,3006172,2025-05-26,push,cashback,500,0
610330,3006172,2025-04-01,sms,generico,3300,0
610331,3006173,2025-07-14,push,descuento,1900,0
610332,3006173,2025-07-22,push,cashback,3300,0
610333,3006174,2025-02-26,sms,descuento,3400,1
610334,3006174,2025-10-02,email,descuento,3500,0
610335,3006175,2025-02-17,push,descuento,3700,0
610336,3006175,2025-08-16,push,generico,1500,0
610337,3006176,2026-01-27,push,upgrade_credito,3800,0
610338,3006176,2025-01-29,email,generico,700,0
610339,3006176,2025-04-26,push,cashback,3500,0
610340,3006177,2025-12-04,push,descuento,1400,0
610341,3006177,2025-06-05,push,cashback,3400,0
610342,3006177,2025-02-12,push,cashback,1800,0
610343,3006177,2025-06-16,push,cashback,2800,0
610344,3006178,2025-09-21,email,generico,1700,0
610345,3006179,2025-08-28,push,cashback,3300,0
610346,3006179,2025-06-15,push,descuento,1100,0
610347,3006180,2025-05-20,email,descuento,3900,0
610348,3006180,2025-05-23,push,cashback,1100,0
610349,3006180,2025-06-10,push,cashback,2500,0
610350,3006181,2025-03-07,email,generico,3100,0
610351,3006182,2025-04-02,sms,descuento,3800,1
610352,3006184,2026-01-08,push,descuento,800,0
610353,3006184,2025-02-16,email,cashback,900,0
610354,3006185,2025-10-15,sms,cashback,2000,0
610355,3006185,2025-06-11,email,descuento,2700,0
610356,3006185,2025-06-15,email,descuento,2500,0
610357,3006186,2026-01-26,push,upgrade_credito,800,0
610358,3006186,2026-03-13,sms,generico,2200,0
610359,3006186,2025-02-06,sms,generico,1100,0
610360,3006186,2025-10-06,sms,generico,3800,0
610361,3006186,2025-04-19,sms,generico,2700,0
610362,3006187,2025-02-26,email,cashback,900,0
610363,3006187,2025-02-24,push,descuento,1100,0
610364,3006188,2026-01-25,push,generico,2700,0
610365,3006188,2025-04-13,email,cashback,1600,0
610366,3006188,2026-01-18,push,cashback,1700,0
610367,3006190,2025-08-03,push,cashback,4000,0
610368,3006191,2025-10-06,push,cashback,3200,1
610369,3006191,2025-11-30,push,generico,3600,0
610370,3006191,2026-01-07,push,upgrade_credito,3700,0
610371,3006191,2025-01-31,push,upgrade_credito,2100,0
610372,3006191,2025-05-25,email,generico,3400,0
610373,3006192,2026-02-09,push,upgrade_credito,1900,0
610374,3006194,2026-01-03,email,upgrade_credito,2500,0
610375,3006195,2025-02-10,email,generico,600,0
610376,3006195,2025-07-05,email,cashback,3000,0
610377,3006197,2025-05-27,push,generico,900,0
610378,3006197,2025-08-17,email,generico,3300,0
610379,3006197,2026-01-10,push,generico,3300,0
610380,3006197,2026-01-20,sms,cashback,1100,0
610381,3006198,2026-03-05,email,descuento,3400,0
610382,3006198,2025-04-09,email,upgrade_credito,1900,0
610383,3006199,2025-04-02,push,cashback,3900,0
610384,3006200,2026-02-24,sms,cashback,3300,0
610385,3006200,2025-08-08,sms,cashback,3100,0
610386,3006200,2025-05-28,email,generico,2200,0
610387,3006201,2026-01-02,push,cashback,1400,1
610388,3006201,2025-12-03,push,descuento,2900,0
610389,3006202,2025-03-29,push,descuento,2600,1
610390,3006203,2025-11-26,email,generico,3700,0
610391,3006204,2025-04-26,email,descuento,1000,0
610392,3006205,2025-12-29,push,cashback,3600,0
610393,3006205,2025-03-19,push,cashback,800,0
610394,3006206,2025-12-28,push,upgrade_credito,900,0
610395,3006207,2025-07-31,push,descuento,2800,0
610396,3006207,2025-10-14,email,generico,3100,1
610397,3006208,2025-10-13,push,descuento,2500,0
610398,3006211,2026-02-16,push,cashback,2900,1
610399,3006211,2025-12-01,push,descuento,700,0
610400,3006212,2025-03-15,email,generico,3700,0
610401,3006212,2025-05-26,email,descuento,1800,0
610402,3006212,2025-10-12,sms,cashback,2200,1
610403,3006213,2025-09-25,push,upgrade_credito,600,0
610404,3006214,2026-02-09,push,descuento,1100,1
610405,3006214,2025-01-14,push,descuento,3800,0
610406,3006215,2025-11-14,push,upgrade_credito,1800,0
610407,3006215,2025-12-21,email,upgrade_credito,2200,0
610408,3006216,2025-01-31,push,upgrade_credito,2700,0
610409,3006216,2026-02-17,email,cashback,1000,0
610410,3006216,2025-08-12,push,upgrade_credito,2500,0
610411,3006217,2025-03-15,sms,descuento,2800,0
610412,3006217,2025-02-12,email,generico,1800,0
610413,3006217,2025-11-12,email,upgrade_credito,3600,0
610414,3006217,2025-10-24,push,descuento,900,0
610415,3006218,2025-10-25,push,generico,1500,0
610416,3006218,2025-07-13,email,descuento,3500,0
610417,3006218,2025-11-20,email,generico,2700,0
610418,3006219,2026-02-08,email,descuento,3900,0
610419,3006220,2025-07-30,push,descuento,3000,0
610420,3006220,2026-01-31,email,cashback,3200,1
610421,3006221,2025-02-26,email,generico,2000,0
610422,3006221,2026-02-23,push,descuento,2300,1
610423,3006221,2025-12-27,push,upgrade_credito,1100,0
610424,3006221,2025-10-19,email,upgrade_credito,1900,0
610425,3006222,2025-07-17,push,descuento,1100,0
610426,3006222,2026-03-02,push,generico,2000,0
610427,3006222,2025-07-10,push,descuento,2000,0
610428,3006223,2025-03-09,push,generico,2500,0
610429,3006224,2025-09-04,email,generico,1600,0
610430,3006224,2026-01-12,push,cashback,3000,0
610431,3006224,2025-05-12,sms,cashback,1400,0
610432,3006225,2025-09-16,email,upgrade_credito,3500,0
610433,3006225,2025-10-11,sms,generico,2800,0
610434,3006225,2025-11-28,email,descuento,3600,0
610435,3006225,2025-01-14,push,cashback,2300,0
610436,3006226,2025-06-21,sms,descuento,1100,0
610437,3006226,2025-11-10,push,generico,3400,0
610438,3006227,2025-09-25,email,cashback,3400,0
610439,3006227,2025-01-01,email,descuento,900,0
610440,3006227,2025-03-12,sms,cashback,2300,0
610441,3006228,2025-01-26,email,generico,2300,0
610442,3006228,2025-01-31,sms,generico,2300,0
610443,3006229,2025-05-06,push,generico,3400,0
610444,3006230,2026-01-15,sms,descuento,3800,0
610445,3006230,2025-07-15,email,descuento,2000,0
610446,3006231,2025-04-05,push,descuento,2700,0
610447,3006231,2025-01-10,email,generico,3500,0
610448,3006231,2026-01-12,email,descuento,3600,0
610449,3006232,2025-10-17,sms,descuento,600,0
610450,3006232,2025-03-14,sms,descuento,2700,0
610451,3006232,2025-04-03,push,upgrade_credito,1000,0
610452,3006232,2026-03-11,sms,cashback,2700,1
610453,3006233,2025-06-21,email,generico,1100,0
610454,3006233,2025-05-11,push,cashback,2200,0
610455,3006234,2025-12-11,push,cashback,1900,0
610456,3006234,2025-07-05,email,generico,3500,0
610457,3006234,2025-05-24,email,generico,2800,0
610458,3006235,2025-01-05,email,generico,1800,0
610459,3006236,2025-08-29,push,descuento,1200,1
610460,3006236,2025-04-27,push,descuento,2000,0
610461,3006236,2025-06-21,push,cashback,2300,1
610462,3006237,2025-03-04,push,upgrade_credito,3700,1
610463,3006238,2026-01-20,push,descuento,2800,0
610464,3006239,2026-03-10,push,descuento,1500,0
610465,3006241,2026-01-13,email,upgrade_credito,2800,0
610466,3006241,2025-12-24,sms,descuento,900,0
610467,3006243,2025-03-31,push,upgrade_credito,2400,0
610468,3006243,2025-01-08,push,descuento,3300,1
610469,3006244,2025-09-23,push,cashback,1100,0
610470,3006244,2025-08-19,sms,cashback,2800,0
610471,3006245,2025-01-25,sms,cashback,1900,0
610472,3006245,2026-02-13,push,upgrade_credito,3500,0
610473,3006246,2025-07-29,email,generico,3700,0
610474,3006246,2025-11-21,push,upgrade_credito,3000,0
610475,3006247,2026-01-21,push,upgrade_credito,3400,0
610476,3006247,2025-03-11,push,upgrade_credito,3500,0
610477,3006247,2025-05-16,email,descuento,2100,0
610478,3006248,2026-03-11,email,upgrade_credito,2400,0
610479,3006249,2025-10-17,push,cashback,1400,0
610480,3006249,2025-07-08,push,upgrade_credito,500,0
610481,3006250,2025-07-23,sms,upgrade_credito,1100,0
610482,3006250,2025-09-19,email,cashback,2800,0
610483,3006250,2025-09-26,email,upgrade_credito,2400,0
610484,3006252,2025-11-19,email,descuento,2700,0
610485,3006253,2025-01-24,push,generico,3300,0
610486,3006253,2025-06-16,email,cashback,3600,0
610487,3006253,2025-10-02,push,upgrade_credito,2400,0
610488,3006253,2025-07-02,push,cashback,3000,0
610489,3006253,2025-01-05,push,descuento,600,0
610490,3006257,2025-06-29,push,descuento,3000,1
610491,3006257,2025-09-02,push,upgrade_credito,2500,0
610492,3006258,2025-10-01,push,descuento,1800,0
610493,3006258,2026-02-22,sms,generico,2200,0
610494,3006259,2025-02-02,sms,generico,800,0
610495,3006259,2025-08-15,sms,cashback,1600,0
610496,3006260,2025-04-02,push,cashback,600,0
610497,3006261,2025-05-04,push,generico,3400,0
610498,3006261,2025-08-17,email,descuento,800,0
610499,3006262,2025-01-11,push,cashback,3100,0
610500,3006262,2025-05-09,email,generico,1400,0
610501,3006262,2026-02-17,push,descuento,3500,0
610502,3006263,2025-01-08,push,descuento,2900,0
610503,3006264,2025-09-29,push,generico,3800,0
610504,3006264,2026-03-09,sms,descuento,3600,0
610505,3006265,2026-03-07,push,descuento,2300,0
610506,3006265,2025-05-23,push,descuento,2300,0
610507,3006265,2025-09-26,push,descuento,500,0
610508,3006266,2025-09-06,email,cashback,2300,0
610509,3006267,2025-11-11,push,descuento,1000,0
610510,3006267,2025-09-20,push,generico,2500,0
610511,3006267,2025-06-13,push,generico,800,0
610512,3006267,2025-04-01,push,generico,2800,0
610513,3006268,2025-09-13,email,descuento,2200,0
610514,3006268,2025-11-08,sms,cashback,3800,0
610515,3006268,2025-07-29,push,generico,2000,0
610516,3006270,2025-09-14,push,generico,3200,0
610517,3006270,2025-09-20,sms,cashback,1400,1
610518,3006271,2025-05-22,email,generico,1100,0
610519,3006273,2025-03-23,push,generico,900,0
610520,3006273,2025-02-02,push,upgrade_credito,3000,0
610521,3006273,2025-01-21,email,cashback,2600,0
610522,3006273,2025-02-24,email,descuento,700,0
610523,3006274,2026-01-31,email,descuento,1200,0
610524,3006274,2025-06-28,email,upgrade_credito,3500,1
610525,3006274,2025-12-28,sms,upgrade_credito,3900,0
610526,3006274,2025-01-12,email,generico,2100,0
610527,3006275,2025-08-31,push,descuento,2000,0
610528,3006275,2025-06-01,sms,descuento,3300,0
610529,3006275,2026-02-08,push,generico,700,1
610530,3006275,2025-09-16,email,generico,2900,0
610531,3006275,2026-01-17,email,descuento,1300,0
610532,3006275,2026-03-15,sms,descuento,1600,0
610533,3006275,2025-03-15,push,upgrade_credito,3200,0
610534,3006276,2025-03-11,push,cashback,2900,0
610535,3006276,2025-02-15,push,generico,1700,0
610536,3006277,2025-10-05,email,generico,3600,0
610537,3006277,2025-03-29,sms,generico,2000,0
610538,3006279,2025-01-14,sms,generico,2100,0
610539,3006280,2025-04-22,sms,descuento,2700,0
610540,3006280,2025-05-13,push,descuento,2400,1
610541,3006280,2025-11-16,sms,cashback,3200,0
610542,3006280,2026-01-21,push,descuento,2100,0
610543,3006281,2025-06-24,push,generico,3700,0
610544,3006281,2025-01-27,push,descuento,1300,0
610545,3006281,2025-06-28,push,cashback,1000,0
610546,3006283,2026-02-19,push,cashback,1500,0
610547,3006284,2025-06-01,push,cashback,2400,0
610548,3006284,2025-01-18,email,cashback,800,0
610549,3006284,2025-08-31,push,upgrade_credito,1000,0
610550,3006284,2025-09-09,email,cashback,1000,0
610551,3006285,2025-01-15,push,generico,3600,0
610552,3006287,2025-06-01,email,cashback,800,0
610553,3006287,2025-03-22,push,cashback,3600,0
610554,3006287,2025-12-11,sms,cashback,2000,0
610555,3006287,2025-10-01,sms,descuento,1200,0
610556,3006289,2025-07-07,email,upgrade_credito,900,0
610557,3006290,2026-02-02,push,upgrade_credito,1200,0
610558,3006290,2025-03-21,push,generico,3900,1
610559,3006290,2025-11-27,email,cashback,3600,1
610560,3006291,2025-06-09,push,cashback,2600,0
610561,3006291,2025-04-16,email,descuento,3500,0
610562,3006291,2025-11-18,sms,generico,600,0
610563,3006292,2025-03-20,push,generico,700,0
610564,3006292,2025-07-12,push,generico,3400,0
610565,3006294,2025-09-09,email,descuento,2300,0
610566,3006294,2025-09-04,email,cashback,3300,0
610567,3006294,2025-10-23,push,descuento,1800,0
610568,3006295,2025-12-14,email,upgrade_credito,3700,0
610569,3006296,2025-07-25,push,cashback,900,0
610570,3006297,2025-09-02,email,descuento,1900,0
610571,3006297,2025-11-07,push,upgrade_credito,1600,0
610572,3006297,2025-01-24,push,generico,2800,0
610573,3006297,2025-09-17,push,generico,2200,0
610574,3006298,2025-06-04,sms,descuento,3400,0
610575,3006298,2025-10-19,push,generico,600,0
610576,3006299,2026-01-06,sms,descuento,4000,0
610577,3006300,2025-04-14,email,descuento,2700,1
610578,3006300,2025-03-16,push,descuento,1200,0
610579,3006300,2025-04-02,sms,descuento,1600,0
610580,3006300,2026-01-24,push,descuento,2700,0
610581,3006301,2025-04-14,push,cashback,1200,0
610582,3006301,2025-01-28,sms,cashback,1700,0
610583,3006303,2025-10-12,sms,upgrade_credito,2600,0
610584,3006303,2025-03-12,sms,descuento,2200,0
610585,3006305,2025-03-05,email,descuento,3800,1
610586,3006306,2025-02-26,email,cashback,3200,1
610587,3006306,2025-11-07,push,generico,3600,1
610588,3006306,2025-10-12,email,descuento,1700,1
610589,3006306,2025-01-27,push,generico,2100,0
610590,3006306,2025-05-08,sms,upgrade_credito,800,0
610591,3006307,2025-03-14,sms,cashback,1800,1
610592,3006307,2026-01-11,email,upgrade_credito,3000,0
610593,3006307,2025-08-27,push,upgrade_credito,2400,0
610594,3006308,2025-09-04,email,upgrade_credito,3300,1
610595,3006308,2025-03-22,push,cashback,2300,0
610596,3006310,2025-09-21,push,cashback,1300,0
610597,3006310,2025-01-23,push,cashback,1100,0
610598,3006312,2025-06-25,push,generico,1200,0
610599,3006312,2025-01-21,email,generico,500,0
610600,3006315,2026-03-10,push,cashback,3600,0
610601,3006315,2025-04-14,sms,cashback,3000,0
610602,3006315,2026-02-07,email,generico,3900,0
610603,3006315,2025-10-08,sms,cashback,1800,0
610604,3006316,2025-05-13,email,cashback,3700,0
610605,3006316,2025-06-09,push,descuento,2900,1
610606,3006316,2025-04-18,email,descuento,600,0
610607,3006316,2025-06-30,sms,descuento,1900,0
610608,3006319,2025-03-16,push,cashback,1400,0
610609,3006320,2025-04-30,push,descuento,1700,0
610610,3006321,2025-12-03,push,upgrade_credito,3000,0
610611,3006321,2025-04-23,push,cashback,1900,0
610612,3006322,2025-04-19,push,cashback,1700,0
610613,3006322,2025-08-04,sms,descuento,1800,0
610614,3006323,2025-10-07,push,descuento,2400,1
610615,3006323,2025-04-26,push,cashback,3600,0
610616,3006324,2025-01-21,email,descuento,3500,0
610617,3006324,2025-10-27,email,cashback,1800,0
610618,3006325,2025-07-16,sms,cashback,1000,0
610619,3006326,2025-12-30,sms,cashback,1200,0
610620,3006327,2025-11-23,push,generico,1900,0
610621,3006327,2025-01-24,push,generico,3500,0
610622,3006329,2025-04-15,email,generico,1400,0
610623,3006329,2025-12-31,push,descuento,3500,0
610624,3006330,2025-09-01,push,descuento,2900,0
610625,3006330,2025-04-08,push,cashback,2500,0
610626,3006330,2025-10-18,sms,generico,600,0
610627,3006331,2025-05-18,sms,upgrade_credito,2200,0
610628,3006331,2025-05-21,email,upgrade_credito,3000,0
610629,3006332,2025-07-01,push,generico,2100,0
610630,3006332,2026-02-13,push,upgrade_credito,1100,0
610631,3006332,2025-11-17,push,upgrade_credito,1000,0
610632,3006333,2025-07-10,email,descuento,1200,0
610633,3006333,2025-12-10,push,descuento,1200,1
610634,3006335,2025-10-12,email,generico,1900,0
610635,3006335,2025-04-12,push,descuento,2100,0
610636,3006337,2025-10-29,sms,descuento,600,0
610637,3006337,2026-02-03,push,generico,3800,1
610638,3006338,2025-08-24,email,descuento,1700,0
610639,3006338,2025-08-27,push,generico,1200,0
610640,3006339,2025-11-08,email,cashback,2500,0
610641,3006339,2026-02-15,push,generico,500,0
610642,3006340,2025-03-29,sms,generico,800,0
610643,3006340,2025-05-06,push,descuento,1900,0
610644,3006341,2025-06-19,push,descuento,2600,0
610645,3006341,2025-03-14,sms,descuento,1500,0
610646,3006342,2025-04-24,email,upgrade_credito,2100,0
610647,3006343,2025-09-15,push,cashback,3300,1
610648,3006343,2025-09-23,email,descuento,3900,0
610649,3006344,2025-12-21,email,cashback,700,0
610650,3006344,2025-06-14,push,generico,500,0
610651,3006345,2025-02-01,push,cashback,3100,0
610652,3006347,2025-11-09,email,generico,2100,0
610653,3006348,2025-01-25,push,generico,600,0
610654,3006348,2025-06-05,email,cashback,4000,0
610655,3006349,2025-06-28,sms,cashback,700,0
610656,3006351,2025-05-28,push,cashback,700,1
610657,3006351,2025-03-01,push,cashback,3400,0
610658,3006353,2026-02-19,push,descuento,1400,0
610659,3006353,2025-08-04,email,generico,3400,0
610660,3006353,2025-04-01,push,generico,1200,0
610661,3006354,2025-02-20,push,upgrade_credito,600,0
610662,3006354,2025-08-05,sms,generico,1300,0
610663,3006355,2025-04-19,push,descuento,3200,1
610664,3006355,2026-03-02,push,generico,2000,0
610665,3006356,2025-09-08,push,generico,3400,0
610666,3006358,2025-12-02,sms,upgrade_credito,3900,0
610667,3006358,2025-01-21,push,descuento,2900,0
610668,3006359,2025-01-03,email,upgrade_credito,2400,0
610669,3006359,2026-01-15,email,descuento,3100,0
610670,3006360,2025-02-07,sms,descuento,3200,0
610671,3006361,2025-08-13,email,cashback,600,0
610672,3006362,2026-02-18,push,descuento,2900,0
610673,3006362,2025-08-30,email,cashback,2700,0
610674,3006362,2025-10-04,push,descuento,2500,0
610675,3006362,2026-01-24,email,descuento,2600,0
610676,3006363,2025-08-03,email,generico,3000,0
610677,3006363,2025-03-11,push,generico,1000,0
610678,3006363,2025-08-20,email,descuento,2300,0
610679,3006365,2025-04-22,push,cashback,2800,1
610680,3006366,2026-02-20,email,descuento,3000,0
610681,3006367,2025-07-20,email,generico,3500,0
610682,3006369,2025-12-08,sms,cashback,2800,0
610683,3006369,2025-06-14,email,generico,3400,0
610684,3006370,2025-03-19,push,generico,3700,0
610685,3006370,2025-09-21,push,descuento,3100,0
610686,3006372,2025-09-08,email,upgrade_credito,2600,0
610687,3006372,2025-12-19,push,cashback,2500,0
610688,3006373,2025-06-20,push,descuento,1900,0
610689,3006373,2025-11-10,email,generico,3200,0
610690,3006373,2025-10-19,email,generico,700,0
610691,3006374,2025-10-01,push,cashback,600,0
610692,3006374,2025-09-06,sms,generico,1900,0
610693,3006376,2025-09-29,sms,cashback,1300,0
610694,3006378,2025-07-29,email,generico,3600,0
610695,3006378,2025-09-28,push,descuento,3800,1
610696,3006379,2025-02-24,sms,generico,3800,0
610697,3006379,2025-04-23,email,cashback,2600,0
610698,3006380,2025-03-06,push,descuento,2100,0
610699,3006380,2025-08-05,push,cashback,1800,0
610700,3006381,2026-02-28,push,cashback,1500,0
610701,3006381,2025-08-06,push,cashback,3600,1
610702,3006381,2025-09-09,push,descuento,3600,0
610703,3006382,2025-04-19,push,generico,3100,1
610704,3006382,2025-01-15,email,descuento,600,0
610705,3006382,2025-07-13,sms,upgrade_credito,2300,0
610706,3006383,2025-04-10,push,upgrade_credito,600,0
610707,3006384,2025-02-19,push,upgrade_credito,1400,0
610708,3006384,2026-01-01,push,descuento,2200,0
610709,3006389,2025-05-20,sms,cashback,2500,0
610710,3006390,2026-02-28,push,generico,600,0
610711,3006390,2025-08-02,push,descuento,1200,0
610712,3006391,2025-01-07,email,descuento,3000,0
610713,3006391,2026-01-24,push,descuento,3800,0
610714,3006392,2025-04-05,push,generico,600,0
610715,3006393,2025-12-31,push,generico,1300,0
610716,3006393,2025-01-17,push,upgrade_credito,1400,0
610717,3006393,2025-03-18,email,cashback,3900,0
610718,3006394,2025-07-23,push,generico,3900,0
610719,3006395,2025-07-04,push,cashback,2500,0
610720,3006395,2025-03-10,sms,descuento,2900,0
610721,3006396,2025-12-26,push,descuento,3400,0
610722,3006397,2025-07-08,sms,descuento,500,0
610723,3006398,2025-02-02,push,generico,900,0
610724,3006399,2025-04-19,push,descuento,1000,0
610725,3006399,2026-02-22,sms,descuento,900,0
610726,3006400,2025-02-25,sms,descuento,1800,0
610727,3006400,2026-02-28,push,descuento,700,0
610728,3006401,2025-07-31,push,upgrade_credito,3400,0
610729,3006402,2025-05-28,sms,cashback,2400,0
610730,3006402,2025-05-02,push,descuento,2400,0
610731,3006403,2025-10-16,sms,generico,2100,0
610732,3006405,2025-10-10,push,generico,600,0
610733,3006405,2025-08-17,push,descuento,700,0
610734,3006405,2025-06-11,push,generico,3600,0
610735,3006406,2026-02-15,push,cashback,3400,1
610736,3006406,2025-06-06,push,descuento,1600,0
610737,3006406,2026-02-04,push,generico,700,0
610738,3006408,2025-01-02,push,descuento,3600,0
610739,3006408,2025-11-04,email,cashback,4000,0
610740,3006408,2025-03-14,push,cashback,2100,0
610741,3006409,2025-02-15,push,generico,3000,0
610742,3006409,2025-10-21,push,descuento,900,0
610743,3006409,2025-10-21,email,cashback,4000,0
610744,3006413,2025-10-17,email,descuento,2100,0
610745,3006414,2025-06-16,sms,descuento,2100,0
610746,3006414,2025-05-19,push,descuento,1600,0
610747,3006415,2025-10-27,sms,upgrade_credito,3200,0
610748,3006415,2025-12-26,push,descuento,1300,0
610749,3006416,2025-08-31,email,descuento,3600,0
610750,3006416,2026-02-18,sms,generico,600,0
610751,3006417,2025-01-03,push,upgrade_credito,2500,0
610752,3006417,2025-12-24,push,generico,1800,0
610753,3006417,2025-08-25,sms,upgrade_credito,1900,0
610754,3006419,2025-06-03,push,cashback,900,0
610755,3006419,2025-04-08,push,cashback,2300,0
610756,3006420,2026-02-19,push,generico,1400,0
610757,3006420,2026-01-04,push,cashback,2200,0
610758,3006422,2025-03-08,sms,cashback,3900,0
610759,3006423,2025-03-15,sms,descuento,2800,0
610760,3006423,2025-04-20,sms,descuento,1400,0
610761,3006423,2025-11-02,push,cashback,3800,1
610762,3006424,2025-02-09,push,generico,2700,0
610763,3006425,2025-06-22,sms,generico,3200,0
610764,3006425,2025-09-16,email,generico,800,0
610765,3006426,2025-09-10,push,cashback,1400,0
610766,3006428,2026-02-13,sms,descuento,1300,0
610767,3006429,2025-02-16,sms,cashback,2400,1
610768,3006429,2025-04-21,email,descuento,2800,0
610769,3006429,2026-02-08,push,descuento,1600,0
610770,3006429,2026-02-03,push,generico,2400,0
610771,3006432,2025-04-16,email,generico,1600,0
610772,3006432,2026-01-18,email,descuento,2600,0
610773,3006434,2025-09-08,push,generico,2800,0
610774,3006434,2025-03-13,email,descuento,1300,0
610775,3006435,2026-03-01,sms,descuento,1400,0
610776,3006435,2025-10-22,push,descuento,1100,0
610777,3006435,2025-11-21,sms,cashback,2100,0
610778,3006436,2025-12-24,push,upgrade_credito,1400,1
610779,3006436,2025-11-26,push,generico,1900,0
610780,3006436,2025-10-23,push,descuento,1700,0
610781,3006436,2025-07-31,push,descuento,1600,0
610782,3006436,2025-01-04,push,generico,3500,0
610783,3006437,2026-01-05,email,descuento,2600,1
610784,3006437,2025-04-26,sms,cashback,3400,0
610785,3006437,2025-12-07,email,cashback,1600,1
610786,3006438,2025-04-05,email,generico,3500,0
610787,3006438,2025-12-08,push,descuento,2900,0
610788,3006438,2025-04-22,sms,descuento,1300,0
610789,3006439,2025-10-10,email,generico,700,0
610790,3006439,2026-03-15,push,cashback,2300,0
610791,3006440,2025-10-23,push,generico,1000,0
610792,3006440,2025-02-15,email,generico,2300,0
610793,3006442,2025-01-28,sms,cashback,900,0
610794,3006442,2026-01-13,email,descuento,3600,0
610795,3006442,2025-12-20,push,upgrade_credito,3300,0
610796,3006443,2025-08-24,email,upgrade_credito,1700,0
610797,3006443,2025-10-04,push,generico,1800,0
610798,3006444,2025-12-02,push,descuento,1100,0
610799,3006444,2025-03-04,push,cashback,3500,0
610800,3006444,2025-11-23,push,generico,4000,0
610801,3006444,2025-07-27,email,descuento,2400,0
610802,3006445,2025-05-07,push,upgrade_credito,2900,1
610803,3006446,2025-05-06,email,generico,1600,0
610804,3006446,2025-08-05,email,descuento,2600,0
610805,3006447,2026-03-08,push,cashback,1800,0
610806,3006447,2025-04-26,push,descuento,2000,0
610807,3006447,2025-10-30,sms,cashback,2900,0
610808,3006448,2025-03-11,email,descuento,700,0
610809,3006448,2025-03-05,sms,generico,2900,0
610810,3006448,2025-06-17,sms,descuento,3300,0
610811,3006449,2025-10-06,email,cashback,2000,0
610812,3006449,2025-09-26,email,descuento,1200,0
610813,3006450,2025-12-04,push,cashback,3200,1
610814,3006450,2025-03-11,sms,descuento,1000,0
610815,3006452,2025-08-22,push,descuento,2200,0
610816,3006452,2025-08-31,email,generico,1500,0
610817,3006452,2025-06-07,push,descuento,1500,0
610818,3006452,2025-09-02,sms,generico,1300,0
610819,3006452,2026-01-25,push,cashback,600,0
610820,3006452,2025-10-27,email,generico,700,0
610821,3006452,2025-07-21,sms,descuento,2300,0
610822,3006452,2025-04-08,push,descuento,2600,0
610823,3006452,2026-01-19,push,cashback,1800,1
610824,3006453,2025-08-23,email,generico,1800,0
610825,3006453,2025-10-05,email,generico,2700,0
610826,3006453,2025-09-14,email,cashback,2500,0
610827,3006454,2026-03-05,email,cashback,1200,0
610828,3006454,2025-03-06,email,descuento,1900,0
610829,3006455,2026-02-28,push,cashback,600,1
610830,3006456,2025-07-14,email,cashback,3400,0
610831,3006456,2025-05-16,email,generico,2000,0
610832,3006456,2026-03-15,email,descuento,600,0
610833,3006456,2025-05-14,email,cashback,2400,1
610834,3006456,2025-08-22,sms,upgrade_credito,900,0
610835,3006457,2026-02-11,sms,descuento,600,0
610836,3006458,2025-04-24,email,generico,3600,0
610837,3006458,2025-01-26,push,cashback,2800,1
610838,3006458,2025-08-01,email,cashback,4000,0
610839,3006460,2026-01-22,push,cashback,800,0
610840,3006463,2025-08-15,push,generico,3200,0
610841,3006463,2025-07-13,push,cashback,2300,0
610842,3006464,2026-03-07,sms,generico,2900,0
610843,3006466,2025-11-08,push,cashback,2300,0
610844,3006466,2025-03-06,push,descuento,1900,0
610845,3006467,2025-04-29,email,descuento,2000,0
610846,3006468,2025-01-06,sms,generico,1700,0
610847,3006469,2025-10-19,push,descuento,2200,0
610848,3006471,2025-09-18,sms,cashback,800,0
610849,3006471,2025-06-30,push,cashback,1500,0
610850,3006471,2025-04-25,push,descuento,1400,0
610851,3006472,2025-10-25,push,cashback,3900,0
610852,3006472,2025-12-29,push,generico,2800,1
610853,3006473,2025-07-13,email,descuento,2300,0
610854,3006473,2025-09-28,email,cashback,2100,0
610855,3006474,2026-02-27,email,cashback,3400,0
610856,3006474,2025-06-13,push,generico,3500,0
610857,3006474,2025-09-09,push,upgrade_credito,2400,0
610858,3006475,2025-04-20,email,cashback,2700,0
610859,3006475,2026-03-12,email,generico,900,0
610860,3006476,2025-08-18,email,generico,2800,0
610861,3006476,2025-03-05,push,cashback,3000,0
610862,3006476,2026-01-26,push,cashback,2800,0
610863,3006477,2025-01-31,push,cashback,3700,0
610864,3006477,2025-11-10,sms,cashback,1100,0
610865,3006477,2025-11-27,push,upgrade_credito,1000,0
610866,3006477,2025-06-17,push,upgrade_credito,3200,0
610867,3006477,2025-03-19,email,cashback,3500,1
610868,3006477,2025-06-28,email,descuento,1900,0
610869,3006478,2026-03-11,sms,cashback,4000,0
610870,3006479,2025-10-10,email,generico,3500,0
610871,3006480,2025-12-01,push,cashback,1700,0
610872,3006480,2025-04-16,email,cashback,4000,1
610873,3006481,2025-09-13,email,cashback,2700,0
610874,3006481,2025-06-30,email,descuento,2600,0
610875,3006482,2025-10-25,email,generico,2400,0
610876,3006482,2025-01-14,push,generico,1300,0
610877,3006482,2025-06-26,sms,cashback,2300,0
610878,3006483,2026-01-29,sms,descuento,3100,0
610879,3006485,2025-02-17,sms,descuento,900,0
610880,3006485,2025-12-02,push,cashback,2000,0
610881,3006487,2026-03-13,push,descuento,1100,0
610882,3006487,2025-09-24,push,descuento,600,0
610883,3006487,2026-01-09,email,descuento,3100,0
610884,3006488,2026-02-07,push,cashback,2200,0
610885,3006488,2025-01-09,sms,generico,2700,0
610886,3006488,2026-02-19,push,cashback,3900,1
610887,3006489,2025-04-21,push,generico,2200,0
610888,3006489,2025-08-01,sms,cashback,2600,0
610889,3006490,2025-02-13,push,descuento,3300,1
610890,3006490,2025-05-06,push,generico,600,0
610891,3006491,2025-06-11,email,cashback,2500,0
610892,3006491,2025-01-31,push,cashback,2300,0
610893,3006492,2025-11-12,push,cashback,3700,0
610894,3006493,2025-03-22,push,cashback,1300,0
610895,3006493,2025-01-27,push,cashback,1300,1
610896,3006494,2025-03-26,sms,generico,1300,0
610897,3006495,2025-09-08,sms,upgrade_credito,2200,0
610898,3006496,2025-09-25,sms,descuento,3900,1
610899,3006496,2025-11-06,sms,generico,2800,1
610900,3006496,2025-01-23,email,cashback,2600,0
610901,3006496,2025-12-16,push,upgrade_credito,4000,0
610902,3006497,2025-12-14,email,cashback,2900,0
610903,3006498,2025-02-22,push,generico,800,0
610904,3006498,2025-12-01,email,generico,1500,0
610905,3006498,2026-03-10,email,generico,2600,0
610906,3006499,2025-10-13,sms,cashback,2700,0
610907,3006500,2025-02-28,push,generico,1600,0
610908,3006500,2025-08-07,email,generico,2100,0
610909,3006503,2025-06-16,email,cashback,900,0
610910,3006503,2025-02-28,push,generico,700,0
610911,3006504,2025-05-24,push,cashback,2400,1
610912,3006504,2025-08-17,push,descuento,1800,0
610913,3006504,2025-12-10,push,cashback,3500,0
610914,3006504,2026-02-27,push,descuento,3000,1
610915,3006504,2025-10-24,email,cashback,3300,0
610916,3006505,2025-11-28,push,upgrade_credito,500,0
610917,3006506,2025-02-06,email,cashback,1200,0
610918,3006506,2025-03-20,sms,generico,1000,0
610919,3006506,2025-12-25,push,generico,1400,0
610920,3006506,2026-01-03,sms,descuento,2900,0
610921,3006507,2025-02-09,push,descuento,2400,0
610922,3006507,2026-01-27,push,generico,2400,1
610923,3006507,2025-02-15,sms,descuento,2500,0
610924,3006507,2025-08-05,push,cashback,3800,0
610925,3006508,2025-05-10,push,descuento,1200,0
610926,3006508,2025-03-05,push,cashback,3800,0
610927,3006509,2025-04-29,email,descuento,3300,0
610928,3006511,2025-02-18,push,generico,3600,0
610929,3006511,2025-05-08,push,descuento,3900,0
610930,3006513,2025-06-10,sms,generico,2400,0
610931,3006513,2025-12-07,email,upgrade_credito,3500,0
610932,3006513,2025-01-04,push,cashback,1700,0
610933,3006513,2026-01-10,push,descuento,2600,0
610934,3006514,2025-10-25,email,upgrade_credito,3700,0
610935,3006514,2025-11-05,push,generico,1800,0
610936,3006515,2025-02-14,email,cashback,1400,0
610937,3006515,2025-03-28,email,generico,2300,0
610938,3006516,2025-07-17,push,descuento,700,1
610939,3006516,2025-11-24,push,cashback,800,1
610940,3006517,2026-01-29,push,upgrade_credito,900,0
610941,3006518,2025-12-11,email,descuento,2500,0
610942,3006518,2025-09-19,email,generico,1800,1
610943,3006518,2025-10-12,sms,descuento,2300,0
610944,3006518,2025-07-07,email,generico,2700,0
610945,3006518,2025-11-21,push,descuento,1200,0
610946,3006519,2025-12-27,sms,generico,500,0
610947,3006520,2025-08-15,email,cashback,2300,1
610948,3006521,2025-06-21,push,cashback,2700,0
610949,3006522,2025-11-03,push,generico,900,0
610950,3006522,2026-02-05,sms,descuento,900,0
610951,3006522,2025-11-10,push,upgrade_credito,1500,0
610952,3006523,2025-07-13,push,upgrade_credito,3300,0
610953,3006523,2025-08-05,sms,cashback,3200,0
610954,3006523,2025-01-29,sms,upgrade_credito,3600,0
610955,3006523,2025-09-07,push,upgrade_credito,3500,0
610956,3006524,2026-01-13,push,cashback,2000,0
610957,3006525,2026-02-17,email,generico,1800,0
610958,3006525,2026-02-11,sms,cashback,1200,0
610959,3006526,2025-02-26,email,upgrade_credito,3500,0
610960,3006527,2025-08-02,sms,cashback,3000,0
610961,3006527,2026-01-24,push,descuento,3800,0
610962,3006528,2026-02-17,email,upgrade_credito,3400,0
610963,3006528,2025-09-06,push,descuento,3500,0
610964,3006529,2025-06-21,email,descuento,3800,0
610965,3006530,2025-05-16,email,cashback,3900,0
610966,3006530,2025-03-06,email,cashback,1900,0
610967,3006530,2025-07-27,push,descuento,2300,1
610968,3006531,2025-01-05,sms,generico,2100,1
610969,3006532,2025-05-04,email,cashback,2200,0
610970,3006534,2026-02-03,sms,generico,700,0
610971,3006536,2025-02-21,push,cashback,2200,1
610972,3006536,2026-03-15,push,descuento,700,0
610973,3006536,2025-10-08,email,generico,2300,0
610974,3006536,2025-09-20,push,descuento,2500,0
610975,3006537,2025-06-14,email,upgrade_credito,3600,0
610976,3006537,2025-03-10,sms,generico,1300,0
610977,3006537,2026-02-14,push,cashback,2900,0
610978,3006537,2025-12-18,email,cashback,2800,1
610979,3006539,2026-02-12,sms,descuento,800,0
610980,3006539,2025-07-31,push,upgrade_credito,1800,0
610981,3006539,2025-02-23,email,cashback,3300,0
610982,3006539,2025-06-09,push,descuento,3600,0
610983,3006540,2025-02-22,email,descuento,3500,0
610984,3006542,2025-03-24,email,cashback,2300,0
610985,3006542,2025-08-14,push,upgrade_credito,3800,0
610986,3006542,2025-07-03,email,descuento,3500,0
610987,3006543,2025-02-01,push,descuento,2000,0
610988,3006543,2025-03-21,sms,generico,1500,0
610989,3006544,2025-10-01,sms,cashback,3100,0
610990,3006544,2025-05-03,push,cashback,2300,0
610991,3006544,2025-01-10,push,cashback,3500,0
610992,3006544,2025-04-03,email,generico,1800,0
610993,3006544,2025-02-21,email,cashback,2900,0
610994,3006545,2026-01-14,email,cashback,1500,0
610995,3006545,2025-08-09,sms,descuento,2200,0
610996,3006546,2025-06-27,sms,generico,2100,0
610997,3006546,2025-10-29,email,generico,1100,0
610998,3006546,2025-05-16,email,generico,2000,0
610999,3006547,2025-12-16,sms,generico,2800,0
611000,3006548,2025-03-20,email,cashback,1500,0
611001,3006548,2025-10-05,sms,cashback,3700,0
611002,3006550,2025-05-28,sms,upgrade_credito,2100,0
611003,3006550,2025-06-30,push,generico,1400,0
611004,3006550,2026-02-27,push,cashback,1100,0
611005,3006551,2025-12-29,push,cashback,700,0
611006,3006551,2025-04-13,email,generico,1900,0
611007,3006551,2026-03-10,push,descuento,800,1
611008,3006552,2025-07-09,push,upgrade_credito,3000,0
611009,3006553,2025-12-29,sms,descuento,2200,0
611010,3006553,2026-03-15,email,descuento,900,0
611011,3006553,2025-04-18,push,generico,3500,0
611012,3006554,2025-02-23,sms,generico,3200,0
611013,3006554,2025-11-17,email,descuento,3300,0
611014,3006554,2026-02-13,email,generico,2200,0
611015,3006555,2025-04-13,email,upgrade_credito,2900,0
611016,3006555,2025-11-20,email,cashback,1000,0
611017,3006555,2026-02-06,push,descuento,3700,0
611018,3006556,2025-08-14,email,cashback,4000,0
611019,3006556,2025-12-07,email,cashback,3800,0
611020,3006557,2025-06-30,push,cashback,2600,0
611021,3006558,2025-01-19,push,generico,1700,1
611022,3006558,2025-05-03,email,generico,3200,0
611023,3006560,2025-03-31,email,generico,1900,0
611024,3006560,2025-09-24,sms,generico,1600,0
611025,3006560,2025-11-29,push,upgrade_credito,3400,0
611026,3006561,2025-12-06,email,generico,2500,0
611027,3006561,2025-03-03,sms,upgrade_credito,3000,0
611028,3006561,2025-12-13,push,descuento,1100,0
611029,3006561,2025-01-26,push,generico,2000,1
611030,3006562,2025-09-30,push,cashback,3200,0
611031,3006562,2025-06-09,push,generico,3200,0
611032,3006563,2025-09-23,push,descuento,600,0
611033,3006563,2025-04-09,email,cashback,2000,0
611034,3006564,2025-07-16,email,descuento,1600,0
611035,3006564,2025-01-28,push,descuento,3300,0
611036,3006565,2025-06-13,push,upgrade_credito,1900,0
611037,3006565,2026-03-05,email,cashback,2800,0
611038,3006565,2025-08-25,push,cashback,3400,0
611039,3006565,2025-02-06,sms,descuento,2300,0
611040,3006566,2025-07-20,sms,descuento,3900,0
611041,3006567,2025-04-14,push,generico,3200,0
611042,3006567,2025-10-12,email,cashback,2300,0
611043,3006567,2025-07-13,push,descuento,1400,1
611044,3006569,2025-12-22,push,cashback,600,0
611045,3006569,2025-05-06,push,descuento,600,0
611046,3006569,2026-03-01,email,cashback,1800,0
611047,3006569,2025-09-25,email,cashback,3000,0
611048,3006570,2025-11-13,email,cashback,3100,0
611049,3006570,2025-03-13,push,cashback,500,0
611050,3006570,2025-06-15,email,descuento,2500,0
611051,3006571,2025-07-16,push,upgrade_credito,1000,0
611052,3006571,2025-01-08,email,upgrade_credito,3200,0
611053,3006571,2025-05-03,push,descuento,1500,0
611054,3006571,2025-10-15,push,cashback,2000,1
611055,3006573,2025-10-15,email,upgrade_credito,1700,0
611056,3006573,2025-02-15,sms,generico,2400,0
611057,3006573,2025-04-20,email,upgrade_credito,2600,0
611058,3006574,2025-12-04,push,upgrade_credito,3800,0
611059,3006574,2025-03-03,sms,generico,2600,0
611060,3006575,2025-03-23,push,descuento,1800,0
611061,3006575,2025-05-19,push,descuento,3400,0
611062,3006575,2025-12-17,push,generico,1000,0
611063,3006575,2026-01-19,push,descuento,3300,0
611064,3006576,2025-04-26,push,cashback,2500,0
611065,3006577,2025-10-01,push,upgrade_credito,1300,0
611066,3006577,2025-03-22,push,descuento,1400,0
611067,3006579,2025-02-20,push,generico,500,0
611068,3006579,2025-08-12,sms,generico,500,0
611069,3006579,2025-01-12,email,descuento,1600,0
611070,3006580,2025-07-04,push,upgrade_credito,1200,0
611071,3006580,2025-07-28,email,generico,2900,0
611072,3006582,2025-01-25,push,cashback,3900,0
611073,3006582,2025-10-01,email,upgrade_credito,2000,0
611074,3006583,2025-01-13,push,generico,1700,0
611075,3006583,2025-11-07,push,descuento,700,0
611076,3006583,2025-03-05,email,descuento,1700,0
611077,3006583,2025-02-13,push,descuento,900,0
611078,3006583,2025-07-23,email,descuento,1300,0
611079,3006584,2025-09-07,email,cashback,3700,1
611080,3006584,2025-11-13,push,cashback,2500,0
611081,3006585,2025-04-01,push,cashback,1100,0
611082,3006585,2025-05-01,push,cashback,1000,0
611083,3006585,2025-01-06,email,generico,3600,0
611084,3006586,2026-01-01,sms,cashback,2700,0
611085,3006586,2026-02-28,sms,generico,3800,0
611086,3006587,2025-12-13,push,upgrade_credito,2000,0
611087,3006587,2025-10-17,email,generico,700,0
611088,3006588,2025-11-27,push,descuento,1800,0
611089,3006588,2025-03-19,push,cashback,2600,0
611090,3006588,2025-10-23,email,upgrade_credito,1400,0
611091,3006588,2026-01-10,push,generico,700,0
611092,3006589,2025-06-21,email,descuento,2100,1
611093,3006589,2026-02-07,push,upgrade_credito,1400,0
611094,3006589,2025-04-14,sms,generico,1400,0
611095,3006589,2025-07-02,push,cashback,3000,0
611096,3006590,2025-09-26,push,cashback,3400,0
611097,3006590,2025-08-20,email,upgrade_credito,1900,0
611098,3006591,2026-01-24,email,upgrade_credito,1400,0
611099,3006591,2025-01-19,push,descuento,1900,0
611100,3006592,2025-09-15,sms,cashback,1300,0
611101,3006594,2025-04-20,push,descuento,1100,0
611102,3006594,2025-05-22,push,descuento,1800,1
611103,3006594,2025-10-01,email,generico,700,1
611104,3006595,2025-07-06,email,upgrade_credito,3200,0
611105,3006595,2025-06-09,push,descuento,2700,0
611106,3006597,2025-05-03,push,descuento,1400,0
611107,3006597,2026-01-16,email,generico,3100,0
611108,3006597,2025-09-28,email,descuento,3200,0
611109,3006597,2026-03-07,email,generico,2100,0
611110,3006598,2025-01-10,push,generico,3200,0
611111,3006601,2026-03-09,push,upgrade_credito,3800,0
611112,3006601,2025-08-28,email,cashback,1600,0
611113,3006602,2025-11-20,sms,descuento,2500,0
611114,3006602,2025-09-11,email,upgrade_credito,1500,0
611115,3006602,2025-01-03,sms,upgrade_credito,2000,0
611116,3006603,2025-06-10,push,descuento,2100,0
611117,3006603,2025-07-23,push,descuento,2100,0
611118,3006603,2026-01-18,push,cashback,3500,0
611119,3006604,2026-02-20,push,cashback,3500,0
611120,3006604,2025-03-21,push,descuento,1300,0
611121,3006606,2025-07-12,sms,descuento,3000,0
611122,3006607,2025-05-10,push,cashback,2500,0
611123,3006608,2025-03-25,email,cashback,900,0
611124,3006608,2025-07-17,email,descuento,3900,0
611125,3006608,2025-02-13,email,descuento,3500,0
611126,3006608,2025-09-04,push,generico,1100,0
611127,3006611,2025-12-11,push,cashback,3100,0
611128,3006611,2025-12-17,push,generico,1500,0
611129,3006611,2025-07-19,push,cashback,2700,0
611130,3006612,2025-11-02,push,generico,1300,0
611131,3006613,2025-10-10,push,descuento,2200,0
611132,3006614,2025-08-12,push,cashback,2700,0
611133,3006614,2025-02-15,email,generico,2600,0
611134,3006615,2025-11-28,push,upgrade_credito,2900,0
611135,3006615,2025-04-04,sms,descuento,2400,0
611136,3006616,2025-07-13,push,descuento,700,0
611137,3006616,2025-01-28,push,descuento,1400,1
611138,3006616,2025-02-26,push,cashback,3500,0
611139,3006617,2025-08-08,push,cashback,800,0
611140,3006617,2025-09-15,push,cashback,1300,0
611141,3006617,2025-07-10,sms,cashback,1300,0
611142,3006618,2025-01-28,push,cashback,2400,0
611143,3006619,2025-12-08,push,cashback,3400,0
611144,3006620,2025-11-06,email,generico,2400,0
611145,3006620,2025-03-22,push,upgrade_credito,2800,0
611146,3006621,2026-01-09,push,upgrade_credito,3000,0
611147,3006621,2025-05-29,email,cashback,3400,1
611148,3006621,2025-04-13,push,cashback,2600,0
611149,3006622,2025-01-23,push,generico,2500,0
611150,3006623,2025-08-10,push,generico,1800,0
611151,3006624,2025-02-16,push,descuento,2900,0
611152,3006624,2025-01-11,sms,cashback,700,0
611153,3006625,2026-03-03,email,generico,800,0
611154,3006626,2025-02-20,push,generico,2300,0
611155,3006627,2025-07-12,push,generico,1600,0
611156,3006627,2025-04-04,sms,descuento,2900,0
611157,3006628,2025-08-31,email,generico,1400,0
611158,3006628,2025-11-22,push,descuento,3400,0
611159,3006629,2025-03-25,push,generico,1600,0
611160,3006629,2025-02-04,push,cashback,1800,0
611161,3006629,2025-10-11,push,descuento,2200,0
611162,3006631,2025-02-27,email,upgrade_credito,1700,0
611163,3006631,2025-11-01,email,cashback,600,1
611164,3006631,2025-04-23,email,cashback,3400,0
611165,3006631,2025-10-25,push,descuento,800,0
611166,3006632,2025-05-14,push,upgrade_credito,600,0
611167,3006632,2025-03-12,push,descuento,3500,0
611168,3006632,2025-11-27,push,generico,1800,0
611169,3006633,2026-03-11,email,descuento,1000,0
611170,3006633,2025-06-23,email,cashback,3100,0
611171,3006633,2026-01-23,push,descuento,3600,0
611172,3006635,2025-04-24,sms,generico,3800,0
611173,3006636,2025-05-27,sms,cashback,1100,0
611174,3006637,2025-01-31,email,upgrade_credito,3000,0
611175,3006638,2025-01-27,push,cashback,1400,0
611176,3006638,2025-02-06,email,descuento,1900,0
611177,3006640,2025-11-27,push,descuento,1800,0
611178,3006643,2025-10-19,push,descuento,3000,0
611179,3006643,2025-06-10,sms,descuento,3300,0
611180,3006645,2025-07-29,email,generico,3200,0
611181,3006645,2025-11-11,push,upgrade_credito,2900,0
611182,3006648,2025-04-24,email,generico,1100,0
611183,3006648,2025-11-30,sms,upgrade_credito,3500,0
611184,3006649,2025-04-30,push,descuento,3500,0
611185,3006649,2025-07-23,email,cashback,700,0
611186,3006649,2026-02-13,sms,cashback,2300,0
611187,3006651,2025-12-20,email,cashback,3800,0
611188,3006651,2026-02-01,push,descuento,2600,0
611189,3006652,2025-12-10,push,generico,3500,0
611190,3006652,2025-08-17,email,cashback,3300,0
611191,3006652,2026-02-25,email,upgrade_credito,3300,0
611192,3006652,2025-12-28,email,cashback,1000,0
611193,3006653,2025-09-09,push,generico,1800,0
611194,3006653,2025-08-11,sms,descuento,3400,0
611195,3006653,2025-05-17,email,upgrade_credito,1900,0
611196,3006656,2026-02-09,sms,descuento,3500,0
611197,3006657,2025-12-29,email,descuento,2700,0
611198,3006658,2026-02-20,push,cashback,1800,1
611199,3006659,2025-12-24,sms,generico,1800,0
611200,3006660,2025-01-31,email,generico,1700,0
611201,3006660,2025-01-12,email,descuento,1400,0
611202,3006661,2025-11-12,email,descuento,2500,0
611203,3006661,2025-12-08,sms,generico,1300,0
611204,3006662,2025-01-21,email,generico,1600,0
611205,3006662,2026-02-23,sms,cashback,1300,0
611206,3006662,2025-01-12,push,descuento,3700,0
611207,3006663,2025-03-01,sms,upgrade_credito,1500,0
611208,3006663,2025-01-28,email,cashback,1200,0
611209,3006663,2025-02-24,push,cashback,800,0
611210,3006664,2025-07-30,sms,descuento,2600,0
611211,3006665,2025-03-07,push,generico,900,0
611212,3006665,2026-02-10,sms,cashback,3400,0
611213,3006665,2025-01-11,push,descuento,600,0
611214,3006666,2026-02-07,email,upgrade_credito,1200,0
611215,3006667,2025-09-15,email,cashback,1900,0
611216,3006667,2026-02-19,push,descuento,1400,0
611217,3006668,2025-05-31,email,cashback,900,0
611218,3006668,2025-07-22,push,cashback,1100,0
611219,3006668,2025-08-23,email,generico,3200,0
611220,3006669,2025-10-24,sms,descuento,2000,0
611221,3006669,2025-01-19,sms,descuento,2900,0
611222,3006671,2025-09-06,push,generico,1100,0
611223,3006671,2026-02-18,push,descuento,1800,0
611224,3006674,2025-10-12,push,cashback,1400,1
611225,3006674,2025-03-22,push,cashback,3000,0
611226,3006675,2025-11-13,email,generico,1800,0
611227,3006676,2025-11-28,email,generico,1400,0
611228,3006676,2025-04-07,sms,generico,1400,0
611229,3006677,2025-09-26,sms,generico,2300,0
611230,3006677,2025-03-02,push,descuento,2100,0
611231,3006677,2025-08-19,push,descuento,2600,0
611232,3006679,2026-03-05,email,generico,1000,0
611233,3006679,2025-03-25,push,descuento,2100,0
611234,3006679,2025-07-04,push,descuento,2400,0
611235,3006680,2025-10-27,push,cashback,1800,0
611236,3006681,2025-11-07,email,generico,3900,0
611237,3006681,2026-02-23,email,cashback,1000,0
611238,3006682,2025-02-05,push,cashback,2700,0
611239,3006682,2025-12-27,push,cashback,1000,0
611240,3006682,2025-02-19,email,generico,700,0
611241,3006684,2025-06-09,email,generico,3900,0
611242,3006684,2025-07-26,push,upgrade_credito,800,0
611243,3006685,2025-08-04,email,cashback,800,0
611244,3006685,2025-03-22,email,descuento,2800,0
611245,3006686,2025-11-28,push,cashback,3800,0
611246,3006686,2026-01-30,push,upgrade_credito,3500,1
611247,3006686,2026-01-12,email,upgrade_credito,3800,0
611248,3006687,2026-01-18,push,cashback,2000,0
611249,3006687,2025-12-19,sms,upgrade_credito,2000,0
611250,3006687,2025-10-09,push,descuento,1000,1
611251,3006687,2025-04-08,push,generico,900,0
611252,3006688,2026-01-29,email,upgrade_credito,800,0
611253,3006688,2025-11-04,push,upgrade_credito,3900,0
611254,3006690,2025-07-11,push,upgrade_credito,2300,0
611255,3006690,2026-01-03,sms,descuento,1600,1
611256,3006690,2025-08-13,sms,cashback,2200,0
611257,3006691,2025-07-19,email,descuento,2900,0
611258,3006692,2026-03-05,push,upgrade_credito,2600,0
611259,3006693,2026-01-19,push,cashback,1500,0
611260,3006694,2025-08-20,push,cashback,3000,0
611261,3006694,2025-09-01,push,generico,3100,0
611262,3006695,2025-11-07,sms,generico,3000,0
611263,3006696,2025-08-08,push,descuento,3700,0
611264,3006696,2025-03-21,push,generico,3500,0
611265,3006697,2026-03-13,push,descuento,2900,0
611266,3006697,2025-07-02,email,generico,1900,0
611267,3006698,2025-03-21,push,generico,1100,0
611268,3006699,2025-11-23,push,cashback,2800,0
611269,3006700,2025-01-15,sms,cashback,2400,0
611270,3006701,2025-04-15,email,cashback,3500,0
611271,3006701,2025-11-01,push,cashback,3200,0
611272,3006702,2026-01-05,push,upgrade_credito,1800,0
611273,3006703,2026-03-08,email,descuento,700,0
611274,3006704,2025-06-24,sms,generico,2900,0
611275,3006707,2026-01-20,email,cashback,2800,0
611276,3006708,2026-02-16,push,descuento,2600,0
611277,3006709,2025-10-02,push,cashback,2600,0
611278,3006709,2025-05-27,push,cashback,3600,1
611279,3006709,2025-10-11,push,descuento,2500,0
611280,3006710,2025-07-23,push,descuento,1000,0
611281,3006710,2026-02-04,push,cashback,2100,0
611282,3006710,2025-01-14,push,cashback,3500,0
611283,3006710,2025-09-01,push,generico,1000,1
611284,3006711,2025-03-25,push,descuento,1200,0
611285,3006711,2025-07-03,sms,descuento,1700,0
611286,3006712,2025-08-02,push,upgrade_credito,600,0
611287,3006713,2025-09-01,push,upgrade_credito,700,0
611288,3006714,2026-03-13,email,cashback,3100,1
611289,3006714,2025-08-03,email,generico,1200,0
611290,3006716,2025-03-11,push,cashback,2500,0
611291,3006716,2025-01-03,sms,descuento,2000,0
611292,3006716,2025-01-10,email,cashback,4000,0
611293,3006716,2025-01-31,email,generico,2800,0
611294,3006717,2025-05-18,sms,cashback,2100,0
611295,3006717,2025-08-27,email,generico,3100,0
611296,3006717,2025-01-23,email,generico,2500,0
611297,3006718,2025-11-30,email,generico,2200,0
611298,3006719,2025-11-27,sms,generico,3600,1
611299,3006722,2025-08-24,push,cashback,3800,0
611300,3006722,2025-10-02,push,descuento,3700,0
611301,3006722,2025-12-19,email,upgrade_credito,1400,0
611302,3006722,2025-12-09,push,descuento,700,0
611303,3006722,2025-04-30,push,generico,3400,0
611304,3006723,2026-03-10,email,cashback,1000,0
611305,3006723,2025-03-14,email,generico,2600,0
611306,3006724,2025-01-29,email,generico,500,0
611307,3006726,2025-12-05,push,generico,1500,0
611308,3006726,2025-04-27,push,generico,3100,0
611309,3006727,2025-10-18,push,generico,2400,0
611310,3006727,2025-06-19,push,descuento,800,0
611311,3006727,2025-02-01,push,descuento,2000,0
611312,3006729,2026-02-13,sms,cashback,1400,0
611313,3006729,2025-10-15,email,descuento,1500,0
611314,3006729,2025-01-18,push,upgrade_credito,2300,0
611315,3006729,2025-07-14,email,descuento,600,1
611316,3006730,2025-02-19,email,upgrade_credito,2500,0
611317,3006730,2025-08-23,email,descuento,600,0
611318,3006731,2025-08-01,email,cashback,2300,0
611319,3006731,2025-01-26,email,cashback,1200,0
611320,3006733,2025-07-05,push,descuento,3300,1
611321,3006733,2025-06-11,email,cashback,2600,0
611322,3006734,2025-01-13,push,upgrade_credito,1200,0
611323,3006734,2025-12-16,push,cashback,2400,0
611324,3006735,2025-02-19,push,cashback,3400,0
611325,3006736,2025-07-18,email,cashback,1800,1
611326,3006736,2026-02-28,email,upgrade_credito,2900,0
611327,3006736,2025-08-18,push,generico,4000,0
611328,3006737,2025-03-14,push,descuento,2000,0
611329,3006737,2025-02-26,email,cashback,2800,0
611330,3006737,2025-12-17,push,cashback,500,0
611331,3006738,2025-02-02,email,cashback,900,0
611332,3006738,2025-03-19,sms,generico,1300,0
611333,3006738,2025-03-10,push,cashback,3500,0
611334,3006739,2025-03-27,push,cashback,1200,0
611335,3006739,2025-02-16,sms,descuento,3500,0
611336,3006739,2025-11-19,email,upgrade_credito,2100,0
611337,3006739,2026-02-23,email,generico,2600,0
611338,3006740,2025-12-11,email,descuento,2800,0
611339,3006742,2025-07-17,push,upgrade_credito,1000,0
611340,3006742,2026-03-05,push,cashback,1500,0
611341,3006744,2025-05-29,email,upgrade_credito,1800,0
611342,3006744,2025-08-17,push,cashback,3200,0
611343,3006745,2025-07-04,email,cashback,3700,0
611344,3006745,2026-03-01,email,generico,1800,1
611345,3006745,2025-02-04,push,descuento,2400,1
611346,3006745,2025-09-24,email,generico,700,0
611347,3006746,2025-12-08,sms,descuento,2500,0
611348,3006748,2025-01-25,push,cashback,3700,0
611349,3006749,2025-11-10,email,descuento,2100,0
611350,3006751,2025-07-16,email,cashback,2800,0
611351,3006752,2025-08-17,push,descuento,3400,0
611352,3006752,2025-02-17,email,cashback,3000,0
611353,3006753,2026-01-24,push,descuento,3000,1
611354,3006754,2025-04-10,email,descuento,2000,0
611355,3006755,2025-12-15,sms,upgrade_credito,2800,0
611356,3006755,2025-07-20,email,cashback,1900,0
611357,3006755,2025-02-24,push,cashback,1000,0
611358,3006756,2026-02-03,sms,descuento,1000,0
611359,3006756,2025-06-23,push,upgrade_credito,3500,0
611360,3006756,2025-03-01,email,descuento,3600,0
611361,3006757,2025-08-29,push,cashback,1900,0
611362,3006757,2025-09-14,email,cashback,4000,0
611363,3006758,2025-05-13,sms,cashback,3100,0
611364,3006758,2025-06-28,push,upgrade_credito,3400,0
611365,3006759,2026-01-02,email,generico,3400,0
611366,3006759,2025-09-30,push,descuento,1200,0
611367,3006760,2025-08-04,email,cashback,2000,0
611368,3006760,2025-07-27,push,upgrade_credito,2400,0
611369,3006761,2025-06-11,push,descuento,1400,0
611370,3006761,2026-01-09,push,cashback,700,0
611371,3006762,2025-08-14,email,descuento,2800,0
611372,3006764,2026-01-04,push,cashback,2200,0
611373,3006764,2025-05-29,email,descuento,2100,1
611374,3006766,2025-05-16,email,cashback,2800,0
611375,3006767,2025-09-30,sms,generico,3100,0
611376,3006769,2026-01-29,push,cashback,1200,1
611377,3006769,2025-07-20,email,cashback,2700,0
611378,3006769,2026-01-13,push,descuento,2400,0
611379,3006770,2025-03-30,sms,descuento,500,0
611380,3006770,2025-06-03,sms,descuento,3900,0
611381,3006770,2025-10-22,push,generico,1300,0
611382,3006771,2025-05-21,email,descuento,2900,0
611383,3006771,2025-08-18,push,descuento,1200,0
611384,3006771,2025-06-15,sms,descuento,1400,0
611385,3006771,2026-01-06,sms,descuento,3900,0
611386,3006772,2025-11-29,sms,cashback,500,0
611387,3006772,2026-03-12,email,descuento,1500,0
611388,3006772,2025-12-03,sms,descuento,3500,0
611389,3006773,2025-10-22,push,generico,2500,0
611390,3006774,2025-03-01,email,cashback,1600,0
611391,3006774,2025-08-03,email,cashback,3300,0
611392,3006775,2025-06-20,sms,upgrade_credito,1400,0
611393,3006775,2025-03-06,push,generico,600,1
611394,3006777,2025-10-18,push,cashback,3200,1
611395,3006777,2025-09-10,push,descuento,2600,0
611396,3006777,2025-11-17,email,descuento,2700,1
611397,3006778,2026-02-03,email,cashback,2700,0
611398,3006778,2025-06-06,push,generico,1800,0
611399,3006778,2025-08-01,email,generico,800,1
611400,3006778,2025-12-08,email,generico,1800,0
611401,3006778,2025-12-24,push,upgrade_credito,1700,0
611402,3006779,2025-04-21,push,generico,2800,1
611403,3006779,2025-12-04,sms,cashback,2300,0
611404,3006780,2025-11-19,email,descuento,500,0
611405,3006781,2025-08-21,push,descuento,1200,0
611406,3006781,2025-09-25,push,generico,2200,0
611407,3006785,2026-02-03,email,descuento,3700,0
611408,3006786,2025-02-20,push,cashback,3600,0
611409,3006786,2025-06-22,sms,cashback,1500,0
611410,3006787,2026-01-23,push,descuento,3100,0
611411,3006788,2025-03-23,sms,cashback,2700,1
611412,3006788,2026-03-09,push,cashback,900,0
611413,3006789,2025-12-04,push,descuento,2900,0
611414,3006789,2025-03-20,push,descuento,2300,1
611415,3006790,2025-12-17,email,generico,3000,0
611416,3006791,2025-05-01,push,upgrade_credito,3200,0
611417,3006791,2025-04-17,sms,generico,1000,1
611418,3006791,2025-09-26,push,descuento,600,1
611419,3006792,2025-02-12,push,descuento,3100,0
611420,3006792,2025-01-08,push,descuento,1600,0
611421,3006794,2025-09-26,email,generico,3500,0
611422,3006794,2025-04-29,push,upgrade_credito,3300,0
611423,3006794,2026-03-11,email,generico,1200,0
611424,3006795,2026-01-08,push,generico,1200,0
611425,3006795,2025-01-05,push,descuento,3400,0
611426,3006796,2025-04-25,push,cashback,2900,0
611427,3006796,2025-08-05,email,upgrade_credito,2300,0
611428,3006797,2026-02-03,sms,cashback,600,1
611429,3006797,2025-02-11,push,upgrade_credito,900,1
611430,3006798,2025-11-07,sms,cashback,700,0
611431,3006798,2025-01-20,sms,cashback,2900,0
611432,3006799,2025-04-03,push,cashback,700,0
611433,3006799,2026-02-03,push,descuento,2900,0
611434,3006800,2025-03-23,email,cashback,3300,0
611435,3006800,2025-10-05,push,descuento,2400,0
611436,3006801,2025-07-18,push,cashback,2200,1
611437,3006802,2025-08-31,push,cashback,2300,0
611438,3006803,2025-01-17,sms,upgrade_credito,1100,0
611439,3006803,2025-11-29,push,descuento,3400,0
611440,3006804,2025-05-27,push,generico,3300,0
611441,3006805,2025-08-25,push,generico,2300,0
611442,3006805,2025-01-10,push,cashback,2900,0
611443,3006806,2025-11-18,email,descuento,1700,0
611444,3006807,2025-11-29,push,generico,2000,0
611445,3006808,2026-02-23,sms,descuento,2500,1
611446,3006808,2025-12-27,push,descuento,1200,0
611447,3006808,2025-10-14,sms,upgrade_credito,3200,0
611448,3006808,2025-06-11,email,upgrade_credito,2600,0
611449,3006809,2025-08-24,push,generico,3000,0
611450,3006810,2025-05-12,email,descuento,3000,0
611451,3006810,2025-08-22,push,generico,1000,0
611452,3006811,2025-04-05,push,generico,3600,0
611453,3006811,2025-02-14,sms,generico,1200,0
611454,3006811,2025-06-04,email,cashback,2600,0
611455,3006812,2025-12-05,push,descuento,3300,1
611456,3006813,2025-10-24,email,cashback,900,0
611457,3006814,2025-03-21,email,cashback,1300,0
611458,3006814,2025-12-16,email,cashback,2300,0
611459,3006815,2025-01-20,push,cashback,600,1
611460,3006815,2025-06-26,email,generico,3500,0
611461,3006815,2025-09-13,push,generico,800,1
611462,3006815,2026-02-03,email,cashback,1000,0
611463,3006816,2025-04-18,push,upgrade_credito,2200,0
611464,3006816,2025-04-06,sms,generico,3700,0
611465,3006816,2026-02-28,email,generico,3300,0
611466,3006817,2025-07-06,email,descuento,3100,0
611467,3006817,2025-05-22,push,generico,1700,0
611468,3006819,2025-02-15,push,cashback,3300,0
611469,3006820,2025-05-06,push,generico,900,0
611470,3006820,2025-07-14,push,descuento,2100,0
611471,3006822,2025-04-10,push,cashback,3700,1
611472,3006824,2025-04-02,email,generico,2700,0
611473,3006824,2026-02-27,sms,cashback,3400,0
611474,3006824,2025-07-24,push,generico,2400,0
611475,3006824,2025-07-23,push,upgrade_credito,1300,0
611476,3006825,2025-04-27,push,cashback,2000,0
611477,3006825,2025-07-27,sms,upgrade_credito,1800,0
611478,3006825,2025-01-09,push,generico,3900,0
611479,3006826,2025-11-18,push,cashback,1200,0
611480,3006826,2025-12-16,email,generico,700,0
611481,3006826,2025-02-02,push,generico,800,0
611482,3006826,2025-08-15,push,upgrade_credito,3700,0
611483,3006827,2025-12-31,push,descuento,4000,0
611484,3006827,2025-06-19,sms,descuento,1400,0
611485,3006827,2025-09-16,email,cashback,1900,0
611486,3006827,2026-02-16,push,generico,1700,0
611487,3006828,2025-08-25,email,upgrade_credito,1000,0
611488,3006829,2025-04-03,email,upgrade_credito,2000,0
611489,3006830,2025-09-20,sms,descuento,3900,0
611490,3006831,2025-11-04,email,generico,1500,0
611491,3006831,2025-08-14,sms,descuento,2000,0
611492,3006832,2025-09-15,push,descuento,2300,0
611493,3006832,2026-01-12,push,cashback,3400,0
611494,3006833,2025-05-19,sms,cashback,2700,0
611495,3006834,2025-12-07,email,descuento,2600,0
611496,3006834,2025-10-27,push,upgrade_credito,3300,0
611497,3006835,2025-03-01,push,descuento,2400,0
611498,3006835,2025-02-20,push,generico,3200,0
611499,3006836,2025-02-23,push,generico,1900,0
611500,3006837,2026-02-28,sms,upgrade_credito,2900,0
611501,3006838,2025-03-01,push,descuento,3700,0
611502,3006838,2025-06-20,email,cashback,2200,0
611503,3006838,2025-05-04,push,cashback,2300,0
611504,3006839,2025-03-01,email,descuento,3500,0
611505,3006839,2025-02-08,email,descuento,2800,0
611506,3006839,2025-02-14,email,descuento,900,0
611507,3006839,2025-06-12,email,descuento,900,0
611508,3006840,2025-07-18,sms,generico,3900,1
611509,3006840,2025-10-04,email,cashback,600,0
611510,3006841,2026-01-31,push,cashback,2200,0
611511,3006841,2025-12-04,push,generico,3100,0
611512,3006841,2026-01-18,push,generico,1300,1
611513,3006842,2026-01-10,sms,descuento,3400,0
611514,3006842,2025-08-24,email,upgrade_credito,3600,0
611515,3006842,2025-10-29,push,cashback,1000,0
611516,3006842,2025-12-11,email,upgrade_credito,2400,0
611517,3006842,2025-11-24,push,descuento,1700,0
611518,3006843,2025-07-28,sms,cashback,1400,0
611519,3006844,2025-12-11,push,cashback,1000,1
611520,3006844,2026-01-07,push,generico,3900,0
611521,3006844,2025-05-30,push,generico,1400,1
611522,3006845,2025-03-12,sms,descuento,2200,0
611523,3006845,2025-07-21,push,generico,1400,0
611524,3006848,2025-12-18,email,descuento,2200,0
611525,3006848,2025-11-13,email,descuento,1200,0
611526,3006849,2025-12-24,push,cashback,2000,1
611527,3006849,2025-10-02,sms,descuento,600,0
611528,3006850,2025-02-22,email,generico,2500,1
611529,3006850,2026-02-03,push,generico,2200,1
611530,3006850,2025-09-23,email,generico,3300,0
611531,3006850,2026-03-06,push,descuento,1800,0
611532,3006850,2025-09-03,push,upgrade_credito,3500,0
611533,3006851,2025-02-25,email,generico,1400,1
611534,3006851,2025-03-29,push,cashback,3500,1
611535,3006852,2025-05-26,push,descuento,2500,0
611536,3006853,2025-07-08,email,cashback,2500,1
611537,3006853,2025-05-10,push,descuento,1200,0
611538,3006853,2025-12-16,email,upgrade_credito,2700,0
611539,3006854,2025-12-25,push,generico,3100,0
611540,3006855,2025-11-27,push,upgrade_credito,3100,0
611541,3006855,2025-10-21,email,generico,3800,1
611542,3006855,2026-02-17,sms,cashback,2100,0
611543,3006856,2025-08-14,email,upgrade_credito,900,0
611544,3006856,2026-02-07,push,generico,2500,0
611545,3006856,2026-02-17,sms,cashback,3900,0
611546,3006856,2025-01-13,email,upgrade_credito,3400,0
611547,3006857,2025-06-10,email,descuento,600,0
611548,3006857,2025-10-05,sms,cashback,1200,0
611549,3006859,2025-05-26,push,cashback,4000,1
611550,3006860,2025-07-05,email,cashback,3300,0
611551,3006860,2025-06-17,sms,cashback,3000,0
611552,3006860,2026-03-13,push,descuento,2700,0
611553,3006862,2026-01-30,email,descuento,1700,0
611554,3006864,2025-11-04,push,cashback,3700,0
611555,3006864,2025-01-21,email,descuento,2000,0
611556,3006864,2025-06-24,push,descuento,600,0
611557,3006865,2026-01-31,sms,descuento,3100,1
611558,3006866,2025-11-03,push,descuento,1800,0
611559,3006867,2025-11-17,email,upgrade_credito,1600,0
611560,3006867,2025-11-20,push,cashback,2900,1
611561,3006868,2025-08-19,push,cashback,3000,0
611562,3006868,2025-08-05,email,cashback,3000,1
611563,3006869,2025-02-20,email,descuento,500,0
611564,3006870,2025-05-05,email,cashback,2200,0
611565,3006870,2025-06-02,push,descuento,500,1
611566,3006870,2025-06-14,email,cashback,1700,0
611567,3006871,2025-06-25,push,upgrade_credito,3400,0
611568,3006872,2025-04-03,push,generico,600,0
611569,3006872,2025-04-08,push,descuento,4000,0
611570,3006872,2025-11-21,push,descuento,3600,0
611571,3006873,2025-12-23,push,generico,2900,1
611572,3006874,2025-10-14,push,generico,3200,0
611573,3006874,2025-05-24,push,cashback,3300,1
611574,3006874,2026-01-03,push,descuento,3200,0
611575,3006875,2025-04-10,email,upgrade_credito,2200,0
611576,3006875,2025-06-16,email,upgrade_credito,1500,0
611577,3006877,2025-06-03,push,generico,900,0
611578,3006877,2025-06-14,push,generico,1800,1
611579,3006877,2025-05-04,push,cashback,3300,0
611580,3006877,2025-11-20,push,generico,700,0
611581,3006878,2026-01-26,sms,generico,2400,0
611582,3006878,2025-12-05,email,generico,1400,0
611583,3006879,2025-04-27,push,cashback,3300,1
611584,3006879,2025-03-31,email,generico,3400,0
611585,3006880,2025-10-19,email,generico,2400,0
611586,3006880,2025-04-17,push,upgrade_credito,1200,0
611587,3006881,2025-06-28,push,cashback,2400,1
611588,3006881,2025-05-18,push,upgrade_credito,2500,0
611589,3006881,2026-02-14,sms,cashback,600,0
611590,3006882,2026-02-16,push,descuento,4000,1
611591,3006882,2025-01-16,push,upgrade_credito,1800,1
611592,3006884,2025-09-30,push,upgrade_credito,900,1
611593,3006884,2026-01-12,push,cashback,3000,0
611594,3006884,2025-05-19,email,generico,3800,0
611595,3006884,2025-08-16,push,cashback,2300,0
611596,3006885,2025-10-09,push,generico,2300,0
611597,3006885,2025-09-18,sms,descuento,3800,0
611598,3006886,2025-07-03,email,descuento,3000,0
611599,3006886,2025-01-23,sms,upgrade_credito,3300,0
611600,3006886,2025-11-25,email,generico,2300,0
611601,3006888,2025-04-29,push,generico,2700,0
611602,3006888,2025-12-11,push,cashback,2900,0
611603,3006888,2026-02-27,email,descuento,700,0
611604,3006888,2025-08-18,push,descuento,3800,0
611605,3006889,2025-04-09,push,cashback,3400,0
611606,3006893,2025-09-03,email,cashback,3400,0
611607,3006894,2025-03-16,email,upgrade_credito,3100,0
611608,3006895,2025-10-10,email,cashback,3900,0
611609,3006896,2026-01-29,push,cashback,1600,0
611610,3006896,2025-06-25,email,descuento,2500,0
611611,3006897,2025-12-20,email,descuento,1300,0
611612,3006898,2025-04-08,email,cashback,1000,0
611613,3006901,2025-01-31,sms,cashback,2200,0
611614,3006904,2025-05-27,push,descuento,1300,0
611615,3006904,2026-01-31,push,generico,1200,0
611616,3006906,2026-02-19,push,upgrade_credito,2400,0
611617,3006907,2026-01-01,sms,descuento,1000,0
611618,3006907,2025-01-28,email,descuento,1800,0
611619,3006908,2025-10-05,push,generico,900,0
611620,3006908,2025-06-20,push,upgrade_credito,3800,0
611621,3006909,2025-11-26,push,cashback,2500,0
611622,3006910,2025-01-02,push,cashback,1600,0
611623,3006910,2025-01-09,email,descuento,1900,0
611624,3006911,2025-06-22,sms,generico,1100,0
611625,3006911,2025-10-10,push,generico,3700,0
611626,3006912,2025-08-07,email,cashback,3400,0
611627,3006912,2025-08-04,push,cashback,3000,0
611628,3006913,2025-08-24,sms,upgrade_credito,1000,0
611629,3006913,2025-08-01,push,generico,2500,1
611630,3006913,2025-03-12,push,generico,3000,0
611631,3006914,2025-02-20,email,upgrade_credito,3700,0
611632,3006916,2026-01-25,email,cashback,3100,0
611633,3006916,2025-02-04,push,descuento,1500,0
611634,3006917,2025-02-27,push,cashback,3900,1
611635,3006917,2025-11-18,push,descuento,2300,0
611636,3006917,2026-02-14,push,upgrade_credito,3000,1
611637,3006917,2025-06-03,sms,upgrade_credito,2000,0
611638,3006918,2025-09-10,sms,cashback,3500,0
611639,3006920,2025-10-11,sms,upgrade_credito,1400,0
611640,3006920,2025-09-01,email,upgrade_credito,3300,0
611641,3006920,2025-06-24,push,generico,2200,0
611642,3006921,2025-02-16,push,descuento,3300,0
611643,3006921,2025-12-19,push,cashback,1900,0
611644,3006922,2025-09-26,push,descuento,3200,0
611645,3006923,2025-07-21,push,cashback,2400,0
611646,3006924,2025-04-27,push,cashback,2200,0
611647,3006924,2025-07-31,email,cashback,2700,0
611648,3006925,2025-01-05,push,descuento,1000,0
611649,3006925,2025-04-27,email,upgrade_credito,1000,0
611650,3006925,2025-06-17,push,generico,2900,0
611651,3006925,2025-10-06,sms,generico,2200,0
611652,3006926,2025-07-11,push,descuento,1800,0
611653,3006926,2025-06-27,push,cashback,3800,0
611654,3006926,2025-05-18,push,descuento,3700,0
611655,3006926,2025-04-20,push,upgrade_credito,1900,0
611656,3006928,2025-08-02,email,generico,3800,0
611657,3006928,2025-07-21,push,cashback,3900,1
611658,3006928,2025-05-03,email,cashback,1200,0
611659,3006929,2025-04-11,push,descuento,1500,0
611660,3006929,2025-03-26,email,cashback,1300,1
611661,3006930,2025-11-30,push,cashback,1600,1
611662,3006931,2025-02-17,push,generico,1800,0
611663,3006932,2025-10-07,push,descuento,1300,0
611664,3006932,2025-05-25,email,upgrade_credito,2800,0
611665,3006932,2025-11-16,push,cashback,3000,0
611666,3006933,2025-02-19,push,generico,1200,0
611667,3006933,2025-09-24,push,descuento,3900,0
611668,3006933,2025-10-16,push,upgrade_credito,2900,0
611669,3006934,2025-10-23,email,upgrade_credito,2400,0
611670,3006934,2025-09-26,push,cashback,900,1
611671,3006935,2026-02-17,sms,descuento,1100,0
611672,3006935,2025-08-06,push,cashback,1500,0
611673,3006935,2025-03-29,push,descuento,1600,0
611674,3006935,2025-01-09,email,upgrade_credito,1000,0
611675,3006936,2025-07-04,push,cashback,800,0
611676,3006940,2026-03-15,sms,cashback,2000,0
611677,3006940,2025-07-26,push,descuento,3600,0
611678,3006941,2025-02-05,sms,generico,1000,0
611679,3006942,2025-03-11,email,upgrade_credito,1700,0
611680,3006942,2025-09-09,push,generico,3800,1
611681,3006943,2026-02-04,push,generico,3800,0
611682,3006944,2025-08-31,push,upgrade_credito,800,0
611683,3006944,2025-01-29,push,upgrade_credito,3000,0
611684,3006944,2025-02-12,push,descuento,3300,0
611685,3006944,2025-06-19,push,generico,2600,0
611686,3006946,2025-02-02,push,descuento,3600,0
611687,3006946,2025-05-23,email,generico,4000,0
611688,3006946,2025-04-21,email,generico,2800,0
611689,3006947,2025-04-17,push,descuento,3200,0
611690,3006947,2025-01-17,push,cashback,1500,0
611691,3006947,2026-02-07,push,descuento,2100,0
611692,3006948,2025-10-20,email,descuento,3000,0
611693,3006948,2025-01-02,push,cashback,1000,0
611694,3006950,2025-02-01,email,generico,2600,0
611695,3006950,2025-11-14,sms,upgrade_credito,600,0
611696,3006950,2025-06-30,push,cashback,2800,1
611697,3006950,2025-12-28,email,generico,1000,0
611698,3006951,2025-10-25,email,upgrade_credito,2700,0
611699,3006951,2025-11-26,sms,generico,1200,0
611700,3006951,2025-03-12,sms,generico,3200,0
611701,3006952,2025-08-03,sms,descuento,1100,0
611702,3006952,2025-05-20,push,descuento,3400,1
611703,3006952,2025-09-17,email,cashback,2000,0
611704,3006953,2025-11-14,push,generico,800,0
611705,3006953,2025-07-30,sms,cashback,2800,0
611706,3006953,2025-06-27,push,descuento,1500,0
611707,3006954,2025-03-02,push,cashback,1900,0
611708,3006955,2026-01-07,sms,upgrade_credito,700,0
611709,3006955,2025-02-18,email,descuento,900,0
611710,3006956,2025-08-12,push,cashback,800,0
611711,3006956,2025-07-11,push,descuento,3000,0
611712,3006957,2025-10-10,email,cashback,3600,0
611713,3006957,2025-04-11,push,cashback,700,0
611714,3006958,2025-03-01,sms,descuento,2300,0
611715,3006959,2025-10-07,push,generico,1700,0
611716,3006960,2025-07-19,email,descuento,3400,0
611717,3006961,2026-01-31,push,cashback,1700,0
611718,3006962,2025-06-28,push,descuento,1000,0
611719,3006962,2025-11-29,sms,descuento,3000,0
611720,3006962,2025-02-23,push,cashback,3000,0
611721,3006963,2025-02-12,email,descuento,1300,0
611722,3006963,2025-08-11,sms,descuento,2400,0
611723,3006963,2026-02-09,email,cashback,2800,0
611724,3006963,2026-01-28,push,cashback,3700,0
611725,3006964,2025-10-21,sms,descuento,1700,1
611726,3006964,2025-06-05,push,descuento,3100,0
611727,3006964,2025-03-10,push,generico,2200,0
611728,3006967,2026-02-28,push,cashback,1600,0
611729,3006967,2025-05-19,sms,cashback,1400,0
611730,3006967,2025-04-22,email,cashback,1300,0
611731,3006968,2025-05-27,push,descuento,3200,0
611732,3006968,2025-06-11,sms,generico,1000,0
611733,3006969,2025-04-06,push,upgrade_credito,2600,0
611734,3006969,2025-07-22,push,descuento,3900,0
611735,3006969,2025-04-01,push,cashback,1300,0
611736,3006971,2025-05-16,push,cashback,3500,0
611737,3006971,2025-12-15,email,upgrade_credito,2100,0
611738,3006971,2025-11-18,push,cashback,700,0
611739,3006972,2025-07-05,email,descuento,1100,0
611740,3006975,2025-12-02,push,cashback,3800,1
611741,3006975,2025-04-30,email,generico,900,0
611742,3006975,2025-11-03,sms,generico,1900,0
611743,3006976,2025-05-30,push,generico,2400,0
611744,3006976,2025-07-13,push,descuento,3900,0
611745,3006976,2025-12-27,push,cashback,1500,0
611746,3006976,2025-05-29,sms,generico,2400,0
611747,3006977,2026-02-23,push,generico,1800,0
611748,3006977,2026-03-08,push,descuento,1500,1
611749,3006978,2026-02-10,push,descuento,1500,0
611750,3006978,2025-10-05,sms,cashback,3400,0
611751,3006978,2025-10-24,email,descuento,3600,0
611752,3006980,2025-11-01,email,cashback,3700,0
611753,3006980,2025-04-28,sms,generico,3600,0
611754,3006981,2025-01-04,push,upgrade_credito,3700,1
611755,3006981,2026-01-10,sms,descuento,2300,0
611756,3006983,2025-08-21,push,descuento,3800,0
611757,3006984,2025-03-20,email,cashback,2600,0
611758,3006984,2025-12-05,push,descuento,1200,0
611759,3006985,2025-03-21,push,generico,3500,0
611760,3006985,2025-12-14,push,cashback,1100,1
611761,3006987,2025-04-20,email,generico,2400,0
611762,3006987,2025-05-01,push,upgrade_credito,1900,0
611763,3006987,2025-06-28,push,cashback,3900,1
611764,3006987,2025-06-07,sms,cashback,500,0
611765,3006988,2025-06-18,push,upgrade_credito,1100,0
611766,3006989,2025-07-05,push,upgrade_credito,600,0
611767,3006989,2025-06-26,push,generico,1800,0
611768,3006989,2025-03-26,email,generico,1300,0
611769,3006990,2026-01-07,email,generico,1500,0
611770,3006990,2026-03-08,sms,descuento,1300,0
611771,3006991,2025-12-19,email,descuento,1100,0
611772,3006991,2025-07-22,email,cashback,2800,1
611773,3006992,2025-12-19,email,cashback,1100,0
611774,3006992,2025-05-08,push,descuento,3400,1
611775,3006993,2025-08-19,push,cashback,2000,0
611776,3006993,2025-05-01,sms,upgrade_credito,2000,0
611777,3006993,2025-11-16,email,generico,3300,0
611778,3006996,2025-02-23,email,descuento,1200,0
611779,3006996,2025-08-13,push,cashback,3400,0
611780,3006997,2025-05-20,push,generico,700,0
611781,3006997,2025-11-30,sms,descuento,600,0
611782,3006997,2025-10-08,sms,generico,3800,0
611783,3006998,2025-05-17,email,generico,1700,0
611784,3006998,2025-02-13,push,upgrade_credito,3700,0
611785,3006998,2025-02-26,push,cashback,2700,0
611786,3006999,2025-08-25,push,generico,3200,0
611787,3006999,2025-08-06,push,descuento,2700,0
611788,3007000,2025-05-29,email,cashback,2100,0
611789,3007000,2025-03-25,push,cashback,1700,0
611790,3007000,2025-11-04,email,cashback,1600,0
611791,3007001,2025-01-30,sms,descuento,3300,0
611792,3007001,2025-01-30,email,generico,1900,0
611793,3007002,2026-01-29,sms,cashback,3200,0
611794,3007003,2025-05-28,push,descuento,3900,0
611795,3007003,2025-02-19,email,descuento,800,0
611796,3007003,2026-02-20,sms,descuento,1400,1
611797,3007004,2025-11-27,push,cashback,800,0
611798,3007005,2025-05-20,push,upgrade_credito,2900,0
611799,3007006,2025-07-08,push,cashback,1900,0
611800,3007006,2025-09-05,email,generico,3900,0
611801,3007008,2025-10-30,push,upgrade_credito,1800,0
611802,3007008,2025-04-21,push,descuento,2200,0
611803,3007009,2025-07-01,push,upgrade_credito,3600,0
611804,3007009,2025-12-30,email,cashback,1700,0
611805,3007010,2025-04-16,push,cashback,3600,0
611806,3007010,2026-03-07,sms,descuento,1500,0
611807,3007010,2025-10-30,email,descuento,1400,0
611808,3007011,2025-01-08,push,upgrade_credito,4000,0
611809,3007011,2025-02-03,email,descuento,2100,0
611810,3007012,2025-02-18,email,descuento,1600,0
611811,3007012,2025-01-14,push,descuento,2700,0
611812,3007014,2025-05-30,push,cashback,1900,0
611813,3007015,2025-11-10,push,descuento,700,0
611814,3007015,2025-07-29,push,descuento,1600,0
611815,3007016,2025-10-07,email,upgrade_credito,3000,0
611816,3007016,2025-08-26,push,descuento,1200,0
611817,3007017,2025-09-29,push,generico,800,0
611818,3007017,2025-12-07,email,upgrade_credito,900,0
611819,3007018,2025-02-13,push,cashback,1300,0
611820,3007018,2026-01-08,email,generico,2600,0
611821,3007018,2025-07-19,email,descuento,3700,0
611822,3007019,2025-09-30,email,cashback,3600,0
611823,3007019,2026-02-24,email,descuento,900,0
611824,3007020,2025-02-23,push,generico,1100,0
611825,3007020,2025-09-22,sms,cashback,2500,0
611826,3007020,2025-08-16,push,cashback,800,0
611827,3007021,2025-12-18,push,generico,900,0
611828,3007021,2025-12-21,email,descuento,2100,0
611829,3007021,2025-04-20,sms,generico,1000,0
611830,3007022,2026-01-08,push,cashback,2600,0
611831,3007022,2025-11-11,push,generico,900,0
611832,3007022,2026-01-26,push,cashback,2300,0
611833,3007024,2025-08-10,email,generico,2900,0
611834,3007024,2025-08-07,email,cashback,2400,0
611835,3007024,2025-11-14,email,cashback,2300,0
611836,3007025,2025-07-13,push,descuento,3000,0
611837,3007025,2025-05-02,push,descuento,3300,0
611838,3007026,2025-08-15,push,descuento,2700,0
611839,3007026,2025-02-07,email,descuento,3900,0
611840,3007026,2026-03-08,push,upgrade_credito,3200,0
611841,3007027,2025-05-26,push,descuento,1700,0
611842,3007027,2025-02-13,sms,cashback,3800,0
611843,3007028,2026-01-02,sms,descuento,1400,0
611844,3007029,2025-05-03,push,generico,1400,0
611845,3007029,2025-09-26,push,descuento,1900,0
611846,3007031,2025-12-17,email,descuento,1100,0
611847,3007031,2026-02-18,email,cashback,1400,0
611848,3007031,2025-12-08,sms,generico,3400,0
611849,3007032,2025-07-23,email,descuento,2100,0
611850,3007032,2025-08-17,sms,descuento,1300,0
611851,3007033,2025-05-10,push,cashback,2300,0
611852,3007034,2026-02-25,sms,cashback,3800,0
611853,3007034,2025-01-25,push,upgrade_credito,2100,0
611854,3007035,2025-11-03,email,descuento,2500,0
611855,3007035,2026-02-13,push,cashback,1200,0
611856,3007035,2026-02-17,email,upgrade_credito,1800,0
611857,3007038,2025-07-31,sms,upgrade_credito,2400,0
611858,3007039,2025-07-21,push,generico,2500,0
611859,3007041,2025-07-12,push,cashback,1500,0
611860,3007041,2025-10-24,sms,cashback,2900,0
611861,3007041,2025-03-04,push,descuento,2800,0
611862,3007041,2025-01-12,push,descuento,2900,0
611863,3007042,2025-03-07,email,upgrade_credito,4000,0
611864,3007042,2025-02-25,push,descuento,3200,0
611865,3007042,2025-01-26,email,descuento,2600,0
611866,3007043,2025-08-21,email,descuento,2300,0
611867,3007043,2025-07-20,push,descuento,1700,0
611868,3007045,2026-02-13,push,descuento,1900,0
611869,3007045,2025-08-24,email,descuento,2600,0
611870,3007045,2025-08-10,push,descuento,2200,1
611871,3007045,2025-06-01,push,descuento,3700,0
611872,3007046,2025-12-03,email,descuento,2900,0
611873,3007047,2026-02-18,sms,generico,3700,0
611874,3007047,2025-02-02,push,generico,1400,0
611875,3007048,2025-02-26,push,upgrade_credito,2200,0
611876,3007048,2025-05-06,push,descuento,1400,0
611877,3007050,2025-09-22,sms,cashback,900,0
611878,3007050,2025-11-20,push,descuento,2600,1
611879,3007051,2025-09-07,email,cashback,3600,0
611880,3007052,2025-04-04,push,cashback,3900,0
611881,3007052,2026-01-21,email,generico,2900,0
611882,3007052,2025-12-30,email,cashback,1400,1
611883,3007052,2025-01-27,push,upgrade_credito,3400,1
611884,3007053,2025-02-24,push,cashback,600,0
611885,3007053,2026-01-04,email,upgrade_credito,1600,0
611886,3007054,2025-05-13,email,cashback,900,1
611887,3007054,2025-07-10,push,descuento,1500,0
611888,3007054,2025-08-06,push,upgrade_credito,2500,0
611889,3007054,2025-09-06,email,generico,3800,1
611890,3007054,2025-05-26,email,generico,3300,0
611891,3007054,2025-03-22,sms,descuento,1400,0
611892,3007055,2026-01-10,sms,descuento,1200,0
611893,3007056,2025-09-20,push,descuento,600,0
611894,3007056,2025-11-30,push,generico,3900,0
611895,3007056,2025-03-12,email,upgrade_credito,3800,0
611896,3007057,2025-08-14,sms,cashback,3200,0
611897,3007057,2025-01-17,push,descuento,3100,0
611898,3007058,2025-02-02,email,cashback,2000,0
611899,3007060,2025-02-11,push,cashback,2700,0
611900,3007060,2025-03-12,push,cashback,1500,0
611901,3007060,2025-09-25,push,cashback,2700,0
611902,3007060,2025-11-16,sms,cashback,1000,0
611903,3007061,2025-03-14,push,descuento,800,0
611904,3007062,2025-04-07,push,upgrade_credito,2400,0
611905,3007062,2025-02-02,push,cashback,3600,0
611906,3007062,2025-03-12,push,generico,3400,0
611907,3007063,2026-03-02,push,cashback,1600,0
611908,3007063,2025-11-09,push,descuento,3100,0
611909,3007063,2025-11-15,push,descuento,2300,1
611910,3007063,2026-03-10,email,generico,3400,0
611911,3007064,2025-01-30,sms,descuento,2500,0
611912,3007064,2025-01-07,sms,upgrade_credito,2500,0
611913,3007066,2025-05-22,email,generico,2000,0
611914,3007068,2026-03-03,push,descuento,1000,0
611915,3007068,2025-02-07,push,upgrade_credito,1300,0
611916,3007068,2026-02-05,email,generico,800,0
611917,3007068,2025-01-31,email,cashback,800,0
611918,3007069,2025-04-02,push,descuento,2600,0
611919,3007069,2025-01-24,email,upgrade_credito,1100,0
611920,3007071,2025-06-08,sms,generico,1400,0
611921,3007071,2025-08-30,push,cashback,1900,0
611922,3007073,2025-03-01,push,cashback,2300,0
611923,3007073,2025-02-17,push,upgrade_credito,3600,0
611924,3007074,2025-03-31,push,cashback,3700,0
611925,3007076,2025-08-27,push,descuento,2800,0
611926,3007076,2025-07-11,push,descuento,3100,0
611927,3007076,2025-06-03,push,descuento,3600,0
611928,3007077,2026-03-07,email,cashback,2500,0
611929,3007077,2025-05-18,push,upgrade_credito,1300,0
611930,3007078,2025-09-08,push,generico,2200,0
611931,3007078,2026-02-08,push,generico,1400,0
611932,3007078,2026-01-04,email,generico,3700,1
611933,3007079,2025-01-01,email,descuento,2800,0
611934,3007079,2025-03-14,email,descuento,1000,0
611935,3007080,2025-05-09,push,generico,2600,0
611936,3007080,2025-02-28,sms,generico,1900,0
611937,3007080,2025-06-15,push,descuento,3800,0
611938,3007080,2025-11-21,push,generico,1700,0
611939,3007081,2026-02-17,push,cashback,1300,0
611940,3007081,2025-03-16,sms,upgrade_credito,1900,0
611941,3007082,2025-11-25,email,upgrade_credito,1600,0
611942,3007082,2025-03-04,push,descuento,2900,1
611943,3007082,2025-12-19,push,descuento,1000,0
611944,3007082,2025-07-05,push,descuento,2500,0
611945,3007082,2025-08-26,push,generico,1200,0
611946,3007083,2025-12-16,sms,cashback,1000,0
611947,3007083,2026-02-27,push,descuento,1600,0
611948,3007083,2025-04-03,sms,upgrade_credito,2000,0
611949,3007084,2026-01-17,push,upgrade_credito,1300,0
611950,3007084,2025-01-24,sms,descuento,3400,0
611951,3007085,2025-10-16,push,descuento,3400,0
611952,3007085,2025-08-24,email,descuento,1300,0
611953,3007086,2025-09-05,push,descuento,1800,0
611954,3007087,2025-02-07,push,cashback,600,0
611955,3007087,2025-04-11,email,upgrade_credito,1300,0
611956,3007088,2025-10-19,push,generico,800,0
611957,3007089,2025-12-14,email,descuento,2400,0
611958,3007089,2025-11-09,push,upgrade_credito,1800,0
611959,3007089,2025-09-20,push,cashback,3300,0
611960,3007090,2026-01-04,email,generico,1600,0
611961,3007090,2026-03-05,push,cashback,3100,0
611962,3007091,2025-05-23,push,generico,1300,0
611963,3007091,2025-01-25,email,cashback,3200,0
611964,3007092,2025-10-03,push,descuento,1500,0
611965,3007092,2025-02-12,email,descuento,2500,0
611966,3007093,2025-03-23,sms,descuento,2500,0
611967,3007093,2025-02-01,email,descuento,3600,0
611968,3007094,2026-01-24,email,cashback,800,0
611969,3007094,2025-02-12,push,descuento,3100,0
611970,3007096,2025-09-10,email,descuento,700,0
611971,3007097,2026-01-05,email,descuento,3600,0
611972,3007097,2025-03-15,sms,descuento,2800,0
611973,3007097,2025-01-24,email,cashback,600,0
611974,3007098,2025-05-27,email,cashback,800,0
611975,3007098,2025-12-10,push,descuento,1000,0
611976,3007099,2025-09-24,push,descuento,3100,0
611977,3007099,2025-10-31,push,cashback,1700,0
611978,3007099,2025-06-17,sms,descuento,3600,0
611979,3007099,2026-01-18,push,descuento,3000,0
611980,3007100,2025-11-25,push,upgrade_credito,3800,0
611981,3007100,2025-06-22,push,descuento,2500,0
611982,3007100,2025-01-03,email,descuento,1500,0
611983,3007101,2025-11-08,sms,cashback,3800,0
611984,3007101,2026-01-09,sms,upgrade_credito,3900,0
611985,3007104,2026-02-25,push,cashback,2200,0
611986,3007104,2025-04-05,push,upgrade_credito,2500,0
611987,3007105,2025-02-14,push,descuento,1500,1
611988,3007105,2025-12-05,push,descuento,3500,0
611989,3007106,2025-03-24,push,descuento,800,0
611990,3007106,2026-01-19,sms,upgrade_credito,3000,0
611991,3007106,2025-12-21,email,descuento,3800,1
611992,3007106,2025-04-11,push,generico,2200,0
611993,3007107,2025-07-20,push,descuento,1600,0
611994,3007108,2026-02-05,push,cashback,3200,0
611995,3007110,2025-09-01,push,cashback,3500,1
611996,3007112,2025-11-06,push,upgrade_credito,1100,0
611997,3007112,2025-01-22,push,descuento,2000,1
611998,3007113,2025-04-21,push,descuento,3900,0
611999,3007113,2025-02-14,push,generico,2300,0
612000,3007114,2026-02-01,email,cashback,700,0
612001,3007114,2026-02-23,sms,generico,1600,0
612002,3007115,2026-01-24,email,descuento,3400,0
612003,3007115,2025-05-17,push,descuento,1900,1
612004,3007118,2025-07-01,push,descuento,1700,0
612005,3007118,2025-10-27,push,cashback,1200,0
612006,3007118,2025-04-10,email,cashback,1900,0
612007,3007119,2025-08-20,push,upgrade_credito,3300,0
612008,3007120,2025-11-02,push,cashback,3400,1
612009,3007120,2025-10-04,push,descuento,2900,0
612010,3007120,2025-11-15,email,cashback,3800,0
612011,3007123,2026-01-01,push,generico,1500,0
612012,3007123,2025-01-09,email,upgrade_credito,1300,0
612013,3007124,2025-04-25,sms,cashback,3100,0
612014,3007124,2025-04-24,push,cashback,1600,0
612015,3007125,2025-01-09,email,cashback,2100,0
612016,3007126,2025-01-08,email,generico,4000,0
612017,3007126,2026-02-21,push,descuento,2400,0
612018,3007128,2025-04-04,push,generico,2600,1
612019,3007128,2025-05-01,email,descuento,1700,0
612020,3007130,2026-02-27,sms,cashback,3600,0
612021,3007133,2025-06-04,push,descuento,900,0
612022,3007133,2025-09-22,email,descuento,3900,0
612023,3007134,2025-06-19,email,cashback,3600,1
612024,3007134,2025-04-17,push,descuento,1800,0
612025,3007134,2025-02-23,sms,cashback,900,0
612026,3007134,2026-01-02,email,descuento,1700,0
612027,3007135,2025-01-19,email,descuento,500,0
612028,3007135,2025-05-15,push,upgrade_credito,3100,0
612029,3007135,2025-05-01,sms,upgrade_credito,1800,0
612030,3007136,2025-06-24,push,generico,3300,1
612031,3007137,2025-09-15,sms,upgrade_credito,3800,0
612032,3007137,2025-05-20,sms,descuento,1000,1
612033,3007137,2025-08-12,sms,upgrade_credito,2300,0
612034,3007138,2025-02-05,push,cashback,2500,0
612035,3007138,2025-08-12,push,cashback,1200,0
612036,3007139,2025-08-29,email,generico,3400,0
612037,3007140,2025-01-24,sms,descuento,800,0
612038,3007140,2025-10-23,email,generico,2400,0
612039,3007142,2025-08-17,push,cashback,1400,1
612040,3007142,2026-02-26,email,descuento,1500,0
612041,3007142,2025-02-17,email,cashback,3600,0
612042,3007143,2026-01-11,email,descuento,2900,0
612043,3007143,2025-10-25,push,cashback,3000,0
612044,3007143,2025-09-23,push,generico,2200,0
612045,3007144,2025-03-28,push,cashback,1300,0
612046,3007145,2025-08-13,push,generico,1500,0
612047,3007146,2025-12-23,email,cashback,2800,0
612048,3007146,2025-01-24,push,descuento,1500,0
612049,3007146,2025-08-30,push,descuento,1500,0
612050,3007148,2025-06-17,push,cashback,2400,0
612051,3007148,2025-09-05,push,descuento,3800,0
612052,3007149,2026-02-04,push,upgrade_credito,1900,0
612053,3007149,2025-12-25,sms,cashback,3300,1
612054,3007149,2025-11-11,email,generico,3100,0
612055,3007151,2025-12-26,push,descuento,2800,1
612056,3007152,2026-02-11,push,generico,500,0
612057,3007154,2026-02-12,sms,cashback,1700,0
612058,3007154,2025-05-01,email,cashback,3600,1
612059,3007155,2025-09-30,push,cashback,3000,0
612060,3007155,2025-09-19,push,cashback,2500,0
612061,3007155,2025-07-08,push,cashback,1300,1
612062,3007156,2025-04-26,push,generico,1300,0
612063,3007156,2025-03-29,email,descuento,1300,0
612064,3007156,2025-12-06,push,descuento,3900,0
612065,3007157,2026-03-05,sms,descuento,2100,1
612066,3007157,2025-02-13,sms,cashback,3700,1
612067,3007158,2025-09-24,sms,cashback,3400,0
612068,3007158,2025-08-10,push,cashback,2000,0
612069,3007159,2025-01-16,sms,descuento,1700,0
612070,3007159,2025-08-16,push,generico,1600,0
612071,3007159,2025-12-09,push,generico,900,0
612072,3007160,2026-01-17,email,descuento,1700,0
612073,3007161,2026-01-22,email,descuento,3900,0
612074,3007162,2025-10-07,push,descuento,700,0
612075,3007162,2025-07-22,email,cashback,2800,0
612076,3007165,2025-02-23,push,cashback,1700,0
612077,3007166,2025-03-22,email,cashback,3100,0
612078,3007168,2025-08-05,push,descuento,3000,0
612079,3007168,2025-12-26,sms,cashback,3500,0
612080,3007169,2025-02-03,push,descuento,2000,0
612081,3007169,2026-03-06,email,descuento,1500,0
612082,3007169,2025-07-25,email,descuento,2700,0
612083,3007170,2025-10-25,email,upgrade_credito,2300,0
612084,3007172,2025-02-16,push,descuento,2400,0
612085,3007173,2026-02-17,email,descuento,600,0
612086,3007173,2025-08-17,sms,cashback,2000,0
612087,3007174,2025-04-14,email,descuento,600,0
612088,3007174,2025-04-28,email,descuento,3500,0
612089,3007174,2025-07-01,email,cashback,700,0
612090,3007175,2025-06-21,push,descuento,2600,0
612091,3007175,2025-01-28,push,cashback,3600,0
612092,3007175,2025-03-12,push,descuento,3000,0
612093,3007175,2025-09-04,email,upgrade_credito,900,0
612094,3007176,2025-04-01,push,cashback,2200,0
612095,3007177,2025-06-01,email,descuento,2200,0
612096,3007177,2025-08-27,push,descuento,2000,0
612097,3007177,2025-10-13,push,cashback,3500,1
612098,3007178,2025-11-15,push,descuento,3100,0
612099,3007178,2026-02-09,email,cashback,1500,0
612100,3007180,2026-02-02,sms,cashback,600,1
612101,3007181,2025-05-25,email,cashback,1200,0
612102,3007181,2025-02-14,email,upgrade_credito,3300,0
612103,3007181,2025-03-20,sms,descuento,900,0
612104,3007183,2025-01-23,email,generico,3100,0
612105,3007183,2026-02-21,email,upgrade_credito,1300,0
612106,3007183,2025-06-27,push,descuento,1500,0
612107,3007184,2025-03-07,push,cashback,700,0
612108,3007184,2025-11-08,email,cashback,1600,0
612109,3007184,2025-07-04,push,cashback,3900,1
612110,3007184,2026-03-06,push,descuento,700,0
612111,3007185,2025-07-09,push,generico,1600,0
612112,3007185,2025-12-03,push,cashback,3800,1
612113,3007185,2025-12-20,push,descuento,2300,0
612114,3007185,2025-02-08,email,upgrade_credito,2200,0
612115,3007186,2025-06-25,push,cashback,1200,1
612116,3007189,2025-12-03,sms,generico,2900,0
612117,3007189,2025-09-15,sms,cashback,900,0
612118,3007189,2026-01-31,push,descuento,3900,1
612119,3007190,2026-02-22,push,cashback,2100,0
612120,3007190,2025-09-12,push,generico,2900,0
612121,3007191,2026-01-18,push,descuento,1500,0
612122,3007192,2025-12-01,email,generico,3100,0
612123,3007193,2025-11-27,push,generico,3000,0
612124,3007194,2025-07-15,email,generico,3100,1
612125,3007197,2025-08-17,email,descuento,1500,0
612126,3007198,2025-05-13,email,cashback,2100,1
612127,3007198,2025-06-30,sms,descuento,3200,0
612128,3007199,2025-08-18,sms,generico,700,0
612129,3007200,2025-03-30,email,generico,3700,0
612130,3007200,2025-09-14,push,cashback,3400,0
612131,3007200,2025-11-22,email,descuento,3200,0
612132,3007200,2025-05-09,push,generico,1800,0
612133,3007201,2025-07-09,sms,generico,1500,0
612134,3007201,2025-10-07,email,descuento,900,0
612135,3007202,2025-01-06,email,descuento,3900,0
612136,3007202,2025-04-26,push,generico,1300,0
612137,3007203,2025-08-05,sms,cashback,1600,0
612138,3007203,2026-02-20,sms,cashback,1700,0
612139,3007204,2025-03-31,push,cashback,2300,0
612140,3007205,2025-05-02,push,descuento,2200,0
612141,3007205,2025-03-09,push,generico,3300,0
612142,3007205,2025-11-25,sms,generico,2300,0
612143,3007206,2025-07-13,email,cashback,3300,0
612144,3007206,2025-10-31,push,descuento,1600,0
612145,3007206,2025-09-08,email,generico,2100,0
612146,3007206,2025-12-26,email,generico,1600,0
612147,3007209,2026-02-14,push,generico,2200,1
612148,3007209,2025-09-07,sms,descuento,3000,0
612149,3007209,2025-07-26,sms,upgrade_credito,3300,0
612150,3007209,2026-02-24,email,generico,1700,0
612151,3007210,2025-12-16,email,cashback,3000,0
612152,3007211,2025-01-08,push,upgrade_credito,4000,0
612153,3007211,2025-12-11,email,upgrade_credito,1900,0
612154,3007211,2025-06-19,sms,upgrade_credito,3000,0
612155,3007212,2025-11-24,email,generico,2300,0
612156,3007212,2025-02-06,push,generico,2600,0
612157,3007212,2026-03-13,push,upgrade_credito,1600,0
612158,3007213,2025-04-30,push,descuento,1100,0
612159,3007213,2026-01-06,sms,descuento,2500,0
612160,3007215,2025-01-17,push,generico,3600,0
612161,3007215,2025-07-13,sms,cashback,2700,1
612162,3007215,2025-05-28,sms,cashback,2600,0
612163,3007216,2025-05-04,push,cashback,2700,0
612164,3007216,2025-06-03,push,cashback,2100,0
612165,3007217,2025-03-18,email,descuento,2600,0
612166,3007217,2026-03-13,sms,cashback,2700,0
612167,3007218,2025-12-26,sms,generico,1400,0
612168,3007218,2025-12-28,email,descuento,2900,0
612169,3007219,2025-03-14,email,upgrade_credito,3100,1
612170,3007220,2025-11-07,email,upgrade_credito,2600,0
612171,3007220,2026-01-26,push,descuento,1800,0
612172,3007221,2025-12-11,push,cashback,2400,0
612173,3007221,2025-02-27,push,descuento,2600,0
612174,3007221,2025-09-18,sms,descuento,2300,0
612175,3007221,2025-11-28,push,upgrade_credito,2600,0
612176,3007221,2025-06-30,sms,cashback,500,0
612177,3007222,2025-07-21,email,cashback,2100,0
612178,3007223,2025-08-02,sms,upgrade_credito,3600,0
612179,3007223,2025-08-28,email,generico,800,0
612180,3007223,2025-01-17,sms,descuento,3200,0
612181,3007223,2025-09-21,push,descuento,3200,0
612182,3007223,2025-06-30,push,cashback,1100,0
612183,3007224,2025-07-26,push,cashback,1900,0
612184,3007224,2025-03-25,sms,cashback,3500,0
612185,3007225,2025-02-23,push,upgrade_credito,600,0
612186,3007225,2025-04-20,sms,cashback,2300,0
612187,3007226,2025-09-24,push,cashback,3900,0
612188,3007226,2025-03-17,email,upgrade_credito,3600,0
612189,3007226,2025-03-03,sms,generico,3800,0
612190,3007227,2025-11-05,sms,generico,1900,0
612191,3007227,2025-03-29,push,upgrade_credito,2400,0
612192,3007228,2025-07-19,email,upgrade_credito,3200,0
612193,3007229,2025-03-29,sms,cashback,2400,0
612194,3007229,2025-08-24,push,descuento,2200,0
612195,3007229,2026-02-17,email,upgrade_credito,3200,1
612196,3007229,2025-01-23,email,descuento,1300,1
612197,3007230,2025-03-07,push,generico,3300,0
612198,3007230,2025-10-24,sms,descuento,600,0
612199,3007231,2025-11-28,email,descuento,500,0
612200,3007231,2025-10-09,push,upgrade_credito,3000,0
612201,3007232,2025-09-18,sms,generico,2100,0
612202,3007232,2025-04-09,push,descuento,3100,0
612203,3007233,2025-05-26,sms,cashback,3600,0
612204,3007233,2025-08-12,push,descuento,2600,0
612205,3007234,2025-10-27,email,cashback,1000,0
612206,3007234,2025-07-22,push,upgrade_credito,3900,0
612207,3007236,2025-10-22,email,generico,3400,1
612208,3007237,2025-01-16,push,descuento,1100,0
612209,3007237,2025-10-29,push,descuento,3300,0
612210,3007238,2025-03-09,push,upgrade_credito,1100,1
612211,3007238,2025-10-26,email,descuento,2100,0
612212,3007238,2025-03-02,push,descuento,3300,0
612213,3007239,2025-07-29,email,upgrade_credito,3500,0
612214,3007239,2025-08-26,sms,generico,2700,0
612215,3007239,2025-04-09,push,generico,3400,1
612216,3007239,2025-12-23,sms,descuento,2200,0
612217,3007240,2025-01-25,push,generico,1700,0
612218,3007240,2026-01-14,email,upgrade_credito,3300,1
612219,3007240,2025-10-14,push,generico,1800,1
612220,3007241,2025-12-28,push,descuento,2500,0
612221,3007241,2025-09-08,email,descuento,3600,0
612222,3007241,2025-10-26,push,generico,3900,1
612223,3007242,2025-08-03,push,generico,2700,0
612224,3007242,2025-11-14,push,descuento,3600,0
612225,3007242,2025-01-19,sms,cashback,3300,0
612226,3007243,2025-05-13,push,upgrade_credito,4000,0
612227,3007243,2026-02-26,push,cashback,2200,0
612228,3007243,2026-01-26,push,generico,1800,1
612229,3007244,2025-07-17,push,descuento,1400,0
612230,3007244,2025-09-19,email,generico,3600,0
612231,3007244,2025-08-02,push,cashback,3200,0
612232,3007247,2025-10-20,sms,upgrade_credito,1100,0
612233,3007247,2025-06-01,push,generico,1800,0
612234,3007248,2025-10-04,push,descuento,2100,0
612235,3007249,2025-11-10,push,descuento,2700,0
612236,3007250,2025-03-21,email,generico,1800,0
612237,3007251,2025-10-04,push,cashback,3000,0
612238,3007251,2025-05-14,email,descuento,2900,0
612239,3007253,2025-01-10,sms,descuento,800,0
612240,3007256,2025-09-26,email,cashback,800,0
612241,3007256,2025-08-27,email,descuento,1100,1
612242,3007256,2025-11-05,email,cashback,2600,0
612243,3007257,2025-12-04,push,upgrade_credito,2000,0
612244,3007257,2025-10-11,sms,cashback,2000,0
612245,3007258,2025-02-15,push,generico,1300,0
612246,3007259,2025-05-02,push,generico,3900,0
612247,3007259,2026-03-01,push,cashback,1100,0
612248,3007259,2025-04-24,push,generico,1000,0
612249,3007259,2025-04-30,push,descuento,2400,0
612250,3007259,2025-08-24,sms,upgrade_credito,600,0
612251,3007259,2025-12-12,email,cashback,1200,0
612252,3007261,2026-01-03,email,generico,3900,0
612253,3007261,2025-01-03,sms,upgrade_credito,800,0
612254,3007261,2025-12-14,push,generico,2000,0
612255,3007261,2025-04-14,push,cashback,1800,0
612256,3007261,2025-06-23,sms,descuento,700,0
612257,3007262,2025-12-03,sms,cashback,1300,0
612258,3007263,2025-01-26,email,cashback,800,0
612259,3007263,2025-09-28,email,cashback,1900,0
612260,3007263,2025-07-21,push,cashback,3000,1
612261,3007264,2025-07-05,sms,upgrade_credito,3200,0
612262,3007264,2026-02-24,email,descuento,2500,0
612263,3007264,2026-02-16,email,upgrade_credito,3700,0
612264,3007264,2025-05-29,email,cashback,1900,0
612265,3007266,2026-03-01,push,upgrade_credito,3100,0
612266,3007266,2025-02-24,email,generico,1800,0
612267,3007266,2026-03-09,email,descuento,3300,1
612268,3007267,2026-01-19,push,descuento,2600,0
612269,3007267,2025-03-11,email,generico,1500,0
612270,3007267,2025-09-16,sms,upgrade_credito,1700,0
612271,3007268,2025-12-15,push,generico,700,0
612272,3007268,2025-04-26,email,upgrade_credito,1400,0
612273,3007268,2025-03-31,email,cashback,2300,0
612274,3007269,2025-06-09,sms,cashback,2900,0
612275,3007272,2025-08-04,push,generico,1200,0
612276,3007273,2025-11-21,sms,descuento,2400,1
612277,3007273,2026-01-23,email,generico,900,0
612278,3007275,2025-07-22,email,cashback,2400,0
612279,3007276,2025-12-20,sms,descuento,800,0
612280,3007276,2025-12-29,push,cashback,3700,0
612281,3007277,2025-10-10,push,upgrade_credito,2300,0
612282,3007278,2025-10-10,email,generico,2400,0
612283,3007279,2025-06-25,email,generico,3700,0
612284,3007279,2026-02-10,sms,generico,3700,0
612285,3007280,2025-12-23,email,descuento,2100,0
612286,3007281,2025-09-01,push,cashback,2700,1
612287,3007282,2026-01-21,email,generico,800,0
612288,3007282,2025-03-15,push,descuento,900,0
612289,3007282,2025-12-09,push,upgrade_credito,2700,0
612290,3007284,2026-01-20,push,cashback,3900,0
612291,3007284,2025-11-27,push,descuento,700,0
612292,3007285,2025-04-16,push,descuento,3100,0
612293,3007285,2025-07-04,push,descuento,700,0
612294,3007285,2026-01-22,push,generico,1000,0
612295,3007286,2025-10-03,push,generico,3700,0
612296,3007287,2025-06-03,push,generico,3300,0
612297,3007288,2025-06-06,email,generico,2500,0
612298,3007288,2025-01-04,email,descuento,3800,0
612299,3007290,2025-06-08,push,cashback,1000,0
612300,3007290,2026-01-02,sms,upgrade_credito,1800,0
612301,3007291,2025-04-17,push,upgrade_credito,3600,0
612302,3007291,2026-03-05,sms,descuento,1600,0
612303,3007291,2025-04-15,email,cashback,2700,0
612304,3007291,2025-05-21,sms,cashback,2400,0
612305,3007292,2025-11-02,push,generico,3800,0
612306,3007293,2025-07-23,sms,upgrade_credito,1500,0
612307,3007293,2026-02-07,sms,upgrade_credito,1400,0
612308,3007293,2025-01-30,email,descuento,1800,0
612309,3007295,2025-05-01,push,descuento,3000,0
612310,3007295,2026-02-21,email,upgrade_credito,3000,0
612311,3007296,2025-08-18,email,cashback,3100,0
612312,3007296,2025-01-29,push,descuento,3400,0
612313,3007297,2025-10-25,sms,cashback,900,0
612314,3007298,2025-01-18,sms,cashback,3700,0
612315,3007298,2025-11-17,push,cashback,2400,0
612316,3007299,2025-03-09,sms,upgrade_credito,2400,1
612317,3007299,2025-02-24,push,cashback,700,0
612318,3007299,2025-08-12,push,descuento,3100,0
612319,3007300,2025-04-25,push,cashback,2600,0
612320,3007302,2025-11-14,push,generico,3800,0
612321,3007302,2025-02-13,email,upgrade_credito,3100,0
612322,3007303,2025-10-23,sms,upgrade_credito,2300,0
612323,3007304,2025-10-21,email,generico,2600,0
612324,3007304,2025-12-06,email,cashback,2500,0
612325,3007304,2025-12-09,email,upgrade_credito,600,0
612326,3007304,2025-07-07,push,generico,2100,0
612327,3007305,2026-01-06,sms,cashback,3600,0
612328,3007305,2026-02-02,push,generico,900,0
612329,3007306,2025-09-03,push,upgrade_credito,2700,0
612330,3007307,2025-11-08,push,generico,700,1
612331,3007307,2025-07-27,email,generico,1400,0
612332,3007307,2025-06-09,push,cashback,2600,1
612333,3007308,2025-01-02,sms,descuento,2500,0
612334,3007308,2025-03-15,email,descuento,3900,0
612335,3007308,2025-08-12,email,upgrade_credito,1600,0
612336,3007309,2026-02-25,email,generico,1500,0
612337,3007309,2025-01-11,sms,cashback,1300,0
612338,3007309,2025-03-15,push,descuento,3600,0
612339,3007310,2026-01-30,push,generico,3100,0
612340,3007310,2025-03-16,push,generico,2900,0
612341,3007310,2025-12-09,push,cashback,3700,0
612342,3007310,2025-06-23,push,descuento,3400,0
612343,3007311,2026-02-27,email,cashback,3300,0
612344,3007312,2025-03-29,push,descuento,3400,1
612345,3007312,2025-11-06,email,cashback,500,0
612346,3007312,2025-01-09,push,generico,3400,0
612347,3007313,2026-01-15,push,cashback,2000,0
612348,3007314,2025-04-22,email,descuento,3600,0
612349,3007314,2025-06-26,email,upgrade_credito,2100,0
612350,3007314,2025-11-22,push,upgrade_credito,1200,0
612351,3007314,2025-08-27,email,generico,3600,0
612352,3007315,2025-08-13,push,generico,1500,0
612353,3007316,2025-05-25,email,cashback,2100,0
612354,3007316,2025-01-04,sms,descuento,2500,0
612355,3007316,2025-09-09,push,descuento,700,0
612356,3007317,2026-02-26,push,generico,3300,0
612357,3007318,2025-12-28,push,cashback,3800,0
612358,3007319,2025-10-31,email,generico,2600,0
612359,3007319,2025-09-18,email,descuento,1200,0
612360,3007320,2025-10-09,push,descuento,500,0
612361,3007321,2025-09-18,sms,cashback,1100,0
612362,3007321,2025-09-22,push,descuento,2100,0
612363,3007322,2025-02-10,push,descuento,1600,0
612364,3007322,2025-04-07,push,upgrade_credito,1600,0
612365,3007322,2025-05-17,push,descuento,600,0
612366,3007323,2025-05-20,push,upgrade_credito,2100,0
612367,3007324,2025-07-03,push,generico,3900,0
612368,3007324,2025-02-20,push,cashback,1600,0
612369,3007324,2025-03-04,email,generico,1900,0
612370,3007325,2025-05-26,sms,cashback,2700,0
612371,3007325,2025-01-30,push,descuento,3900,0
612372,3007326,2025-06-08,push,generico,3700,1
612373,3007326,2025-06-30,push,generico,3100,0
612374,3007327,2026-01-03,sms,generico,2400,0
612375,3007327,2026-01-28,email,cashback,2400,0
612376,3007328,2025-05-26,push,generico,1600,0
612377,3007329,2025-03-26,push,descuento,1000,0
612378,3007330,2025-11-14,sms,cashback,900,1
612379,3007331,2025-01-19,push,cashback,2700,0
612380,3007331,2025-12-22,email,cashback,1900,0
612381,3007331,2026-02-19,email,upgrade_credito,1600,0
612382,3007331,2026-01-28,email,upgrade_credito,1700,0
612383,3007331,2025-02-26,push,generico,1700,0
612384,3007332,2025-10-14,email,descuento,1600,0
612385,3007332,2025-06-10,email,upgrade_credito,2300,0
612386,3007333,2025-02-12,email,cashback,1800,0
612387,3007333,2026-02-19,email,cashback,1500,0
612388,3007334,2025-05-26,sms,cashback,3000,0
612389,3007334,2025-12-05,email,descuento,1200,0
612390,3007335,2025-01-23,push,upgrade_credito,2100,0
612391,3007335,2026-02-26,email,generico,1100,1
612392,3007335,2026-02-23,push,generico,1100,0
612393,3007336,2026-03-08,sms,descuento,1500,1
612394,3007337,2025-05-09,push,descuento,3500,0
612395,3007338,2025-07-22,push,upgrade_credito,2100,0
612396,3007338,2025-02-14,push,descuento,1900,0
612397,3007339,2026-01-19,email,generico,1500,0
612398,3007339,2025-05-08,push,generico,1500,0
612399,3007340,2025-08-04,push,descuento,1600,0
612400,3007340,2025-10-28,email,cashback,1200,0
612401,3007340,2025-06-22,push,cashback,3800,1
612402,3007341,2026-01-19,push,cashback,3500,0
612403,3007342,2025-01-07,push,descuento,2100,0
612404,3007342,2025-04-17,push,descuento,600,1
612405,3007343,2026-02-20,email,cashback,1900,0
612406,3007343,2025-04-09,email,generico,700,0
612407,3007343,2025-03-29,push,cashback,1600,0
612408,3007343,2025-10-19,email,cashback,1000,0
612409,3007345,2025-08-21,sms,descuento,1100,0
612410,3007346,2025-12-02,push,cashback,1100,0
612411,3007346,2025-05-10,email,upgrade_credito,2000,0
612412,3007347,2025-10-09,email,upgrade_credito,3200,0
612413,3007347,2026-02-11,email,cashback,3700,0
612414,3007347,2025-12-05,push,descuento,2700,0
612415,3007347,2025-07-14,push,descuento,500,0
612416,3007348,2025-04-26,push,cashback,3900,0
612417,3007348,2025-05-29,email,generico,3300,0
612418,3007349,2025-03-31,push,upgrade_credito,3100,0
612419,3007349,2025-10-08,push,descuento,2600,1
612420,3007350,2025-12-13,push,generico,3000,0
612421,3007350,2025-01-17,push,descuento,1000,0
612422,3007351,2025-04-11,email,cashback,600,0
612423,3007351,2026-02-18,email,descuento,2200,0
612424,3007351,2025-05-10,sms,upgrade_credito,1800,0
612425,3007352,2025-10-22,push,descuento,2100,0
612426,3007352,2025-01-10,email,upgrade_credito,1300,0
612427,3007353,2026-02-03,email,upgrade_credito,1900,0
612428,3007354,2025-09-06,email,descuento,3600,0
612429,3007354,2025-11-10,email,generico,1400,0
612430,3007355,2026-01-08,push,cashback,2500,0
612431,3007355,2025-03-12,sms,cashback,3800,0
612432,3007355,2025-07-12,push,descuento,3500,0
612433,3007355,2025-12-19,push,descuento,1600,0
612434,3007356,2025-08-11,sms,cashback,1300,0
612435,3007356,2026-02-01,email,descuento,2100,0
612436,3007357,2025-01-18,push,cashback,2600,1
612437,3007357,2025-08-31,push,cashback,2900,0
612438,3007357,2025-10-26,email,descuento,4000,0
612439,3007358,2025-04-14,push,upgrade_credito,3200,0
612440,3007359,2025-11-27,push,cashback,1400,0
612441,3007359,2025-08-30,push,cashback,3100,0
612442,3007360,2025-10-13,push,generico,1500,0
612443,3007360,2026-03-13,push,cashback,1900,0
612444,3007361,2025-02-22,push,descuento,3800,0
612445,3007361,2025-11-11,push,cashback,1400,0
612446,3007362,2025-10-30,push,upgrade_credito,3300,0
612447,3007362,2025-05-04,push,cashback,2600,1
612448,3007363,2025-02-26,push,cashback,3600,0
612449,3007363,2026-01-05,push,upgrade_credito,3900,0
612450,3007364,2025-02-10,push,cashback,1600,0
612451,3007364,2025-06-26,email,upgrade_credito,3800,0
612452,3007365,2025-08-11,email,cashback,500,0
612453,3007365,2025-05-25,push,generico,2800,0
612454,3007366,2025-06-02,push,cashback,2700,0
612455,3007366,2025-12-10,email,cashback,800,0
612456,3007367,2025-02-28,sms,upgrade_credito,2900,0
612457,3007367,2025-05-26,push,descuento,1000,0
612458,3007367,2025-07-09,sms,descuento,1800,0
612459,3007367,2025-06-03,push,cashback,2700,1
612460,3007367,2025-10-06,push,cashback,700,0
612461,3007367,2026-02-27,sms,descuento,1900,0
612462,3007367,2026-01-31,email,cashback,2200,0
612463,3007367,2025-03-04,push,descuento,1300,0
612464,3007368,2025-06-29,push,cashback,3300,0
612465,3007368,2025-07-29,sms,descuento,1600,0
612466,3007368,2025-12-05,push,descuento,3700,0
612467,3007370,2025-07-13,push,generico,1200,0
612468,3007370,2025-04-23,push,descuento,3800,0
612469,3007371,2025-06-30,push,generico,2200,0
612470,3007372,2025-09-06,sms,descuento,1700,0
612471,3007372,2026-02-02,email,generico,1600,0
612472,3007372,2026-02-04,push,descuento,700,0
612473,3007372,2025-04-30,email,upgrade_credito,3400,0
612474,3007372,2025-04-30,push,generico,2300,0
612475,3007373,2025-11-21,push,generico,2500,0
612476,3007373,2025-08-07,email,generico,2500,0
612477,3007375,2026-03-04,sms,generico,900,1
612478,3007375,2025-09-20,push,upgrade_credito,2000,1
612479,3007375,2025-11-20,push,upgrade_credito,3100,0
612480,3007375,2025-01-22,push,upgrade_credito,1300,0
612481,3007377,2025-10-17,email,cashback,500,0
612482,3007378,2025-03-29,push,upgrade_credito,700,0
612483,3007378,2025-07-25,push,generico,1400,0
612484,3007381,2025-08-24,sms,descuento,1900,0
612485,3007381,2025-03-29,email,descuento,2200,0
612486,3007382,2026-02-01,sms,cashback,3700,0
612487,3007382,2026-02-13,push,upgrade_credito,2800,1
612488,3007384,2025-09-27,push,cashback,2600,0
612489,3007384,2026-03-03,email,generico,1100,0
612490,3007384,2026-01-14,push,upgrade_credito,2000,0
612491,3007385,2025-05-29,push,generico,3700,1
612492,3007386,2025-08-07,push,upgrade_credito,1300,0
612493,3007386,2025-01-16,email,generico,700,0
612494,3007386,2026-02-14,email,cashback,3700,0
612495,3007387,2025-09-29,push,generico,500,1
612496,3007388,2025-06-16,sms,descuento,3400,0
612497,3007390,2025-04-12,push,cashback,3400,1
612498,3007390,2025-06-15,sms,descuento,2200,0
612499,3007391,2025-07-27,push,cashback,3800,0
612500,3007391,2025-02-11,email,descuento,1700,0
612501,3007392,2025-12-25,push,upgrade_credito,3900,0
612502,3007393,2025-07-31,push,generico,1800,0
612503,3007394,2025-12-15,push,generico,3900,0
612504,3007394,2026-01-09,email,cashback,2000,0
612505,3007394,2025-06-02,push,cashback,3300,0
612506,3007395,2025-07-10,email,generico,700,0
612507,3007396,2025-12-23,push,descuento,1300,0
612508,3007397,2025-10-13,push,cashback,2300,1
612509,3007397,2025-05-22,email,generico,1900,0
612510,3007397,2025-10-30,push,generico,3300,0
612511,3007397,2025-04-11,push,generico,3000,0
612512,3007398,2025-05-20,push,generico,2400,0
612513,3007399,2026-02-04,push,upgrade_credito,3200,0
612514,3007400,2026-01-02,push,generico,3200,0
612515,3007400,2026-02-03,email,descuento,1000,0
612516,3007401,2025-03-26,push,generico,2800,0
612517,3007401,2026-01-01,push,upgrade_credito,2000,0
612518,3007402,2026-01-13,push,cashback,3100,1
612519,3007403,2025-01-20,push,cashback,3500,0
612520,3007403,2025-04-11,email,generico,3600,0
612521,3007403,2025-09-24,push,descuento,1400,0
612522,3007403,2025-06-20,email,descuento,4000,1
612523,3007403,2025-03-19,email,cashback,3800,1
612524,3007403,2025-09-23,email,cashback,3800,1
612525,3007405,2025-07-03,email,cashback,2600,0
612526,3007405,2025-03-14,push,descuento,3200,0
612527,3007407,2025-09-19,push,descuento,1600,0
612528,3007409,2025-01-11,email,generico,2000,0
612529,3007410,2025-06-20,push,cashback,800,0
612530,3007410,2025-11-19,push,cashback,3500,0
612531,3007411,2025-07-12,push,cashback,1300,0
612532,3007411,2025-07-24,sms,generico,2100,0
612533,3007412,2025-01-18,push,cashback,1700,0
612534,3007412,2025-07-02,push,upgrade_credito,1800,0
612535,3007413,2026-02-19,push,cashback,3600,0
612536,3007413,2025-07-17,email,cashback,800,0
612537,3007413,2025-10-02,push,generico,2400,0
612538,3007414,2025-12-09,email,generico,3400,0
612539,3007417,2025-07-04,push,cashback,2000,0
612540,3007417,2025-08-07,email,generico,3800,0
612541,3007419,2025-10-03,push,cashback,1000,0
612542,3007419,2026-01-05,sms,upgrade_credito,700,0
612543,3007419,2025-06-30,push,descuento,3900,0
612544,3007420,2025-05-03,sms,upgrade_credito,1400,0
612545,3007420,2025-07-16,sms,cashback,1800,0
612546,3007421,2026-02-03,email,generico,1900,0
612547,3007421,2025-11-15,push,cashback,2600,1
612548,3007422,2025-09-26,push,generico,3200,1
612549,3007422,2025-05-07,email,generico,2900,0
612550,3007423,2025-09-25,email,upgrade_credito,3300,0
612551,3007427,2026-01-01,push,descuento,2900,0
612552,3007428,2025-05-05,email,generico,1400,0
612553,3007428,2025-03-20,sms,upgrade_credito,2500,0
612554,3007428,2025-05-22,push,generico,1000,0
612555,3007428,2025-11-18,sms,cashback,3000,0
612556,3007429,2025-11-12,push,generico,600,0
612557,3007429,2025-05-14,sms,upgrade_credito,3400,0
612558,3007429,2025-11-30,email,descuento,1200,0
612559,3007430,2025-07-08,push,descuento,2400,0
612560,3007430,2025-03-30,sms,descuento,2300,0
612561,3007430,2025-10-29,sms,cashback,3200,0
612562,3007431,2026-01-28,email,generico,800,1
612563,3007432,2026-01-29,push,generico,3400,0
612564,3007432,2025-06-09,push,descuento,1400,0
612565,3007432,2026-02-08,email,descuento,1700,0
612566,3007432,2025-03-12,sms,descuento,3100,0
612567,3007434,2025-02-15,email,generico,1700,0
612568,3007436,2025-03-31,email,cashback,1600,0
612569,3007436,2025-03-15,push,upgrade_credito,2500,0
612570,3007436,2025-03-23,push,descuento,3400,0
612571,3007437,2025-08-25,email,descuento,3200,1
612572,3007437,2025-09-18,push,descuento,1300,0
612573,3007439,2026-01-17,email,cashback,3700,0
612574,3007439,2025-04-13,email,descuento,2100,0
612575,3007440,2025-12-29,email,descuento,3800,0
612576,3007441,2025-09-03,email,descuento,3100,0
612577,3007441,2025-06-13,email,generico,2000,0
612578,3007441,2025-11-10,email,cashback,2500,0
612579,3007442,2026-02-08,sms,descuento,1100,0
612580,3007442,2025-01-14,push,generico,1300,0
612581,3007442,2025-01-17,sms,upgrade_credito,1800,0
612582,3007442,2025-01-31,email,descuento,3600,0
612583,3007443,2025-12-24,sms,generico,2100,0
612584,3007443,2025-03-21,push,descuento,1900,1
612585,3007443,2025-12-01,push,descuento,1400,0
612586,3007444,2025-05-09,sms,cashback,2000,0
612587,3007445,2025-09-05,push,descuento,2400,0
612588,3007445,2025-11-27,push,generico,2200,0
612589,3007446,2025-07-28,push,cashback,2000,0
612590,3007446,2025-07-15,push,upgrade_credito,1900,0
612591,3007446,2025-03-16,email,upgrade_credito,700,0
612592,3007447,2026-03-01,push,descuento,600,0
612593,3007447,2026-01-27,email,cashback,3200,0
612594,3007447,2026-02-26,push,upgrade_credito,800,0
612595,3007450,2025-11-04,push,upgrade_credito,2600,0
612596,3007451,2025-08-01,push,cashback,3900,0
612597,3007451,2025-08-16,push,generico,1300,0
612598,3007451,2025-07-26,email,generico,3200,0
612599,3007454,2025-07-02,email,descuento,1000,0
612600,3007455,2026-01-07,push,cashback,2500,0
612601,3007455,2025-11-23,sms,cashback,600,0
612602,3007456,2025-07-03,push,cashback,2600,0
612603,3007456,2025-04-21,email,cashback,3600,0
612604,3007457,2026-01-02,email,descuento,1400,0
612605,3007458,2025-04-16,push,upgrade_credito,2900,0
612606,3007458,2025-01-05,push,upgrade_credito,1200,0
612607,3007458,2025-10-15,push,descuento,1900,0
612608,3007459,2025-01-19,email,generico,3900,0
612609,3007460,2025-11-17,email,descuento,2400,0
612610,3007460,2025-05-22,push,descuento,3400,1
612611,3007461,2025-08-13,push,descuento,2300,0
612612,3007462,2026-01-19,push,cashback,2100,1
612613,3007462,2025-09-04,push,cashback,3600,0
612614,3007463,2025-02-10,email,descuento,2100,0
612615,3007464,2025-08-29,email,descuento,1900,0
612616,3007464,2025-09-06,sms,descuento,2000,0
612617,3007465,2025-01-14,email,generico,500,0
612618,3007466,2025-01-16,push,descuento,1900,0
612619,3007467,2026-01-12,push,generico,1800,0
612620,3007468,2026-01-05,email,generico,2500,0
612621,3007468,2025-05-25,push,cashback,3400,0
612622,3007470,2025-01-30,email,descuento,2900,0
612623,3007470,2025-04-06,email,cashback,2800,1
612624,3007470,2025-06-30,push,descuento,1600,0
612625,3007470,2025-01-28,push,generico,3100,1
612626,3007471,2025-06-17,sms,descuento,2900,0
612627,3007471,2025-03-05,email,descuento,2500,0
612628,3007472,2025-11-12,push,cashback,1300,0
612629,3007472,2025-05-21,email,descuento,1800,0
612630,3007473,2025-08-08,push,cashback,1800,0
612631,3007473,2025-01-25,email,descuento,3500,0
612632,3007475,2025-03-06,sms,descuento,1300,0
612633,3007475,2025-09-16,push,cashback,600,0
612634,3007475,2025-04-09,sms,upgrade_credito,2900,0
612635,3007476,2025-02-13,push,generico,3900,0
612636,3007477,2025-05-02,push,cashback,3200,0
612637,3007477,2025-04-02,email,generico,3100,0
612638,3007477,2025-08-25,email,descuento,3300,0
612639,3007478,2025-06-01,push,generico,2000,1
612640,3007478,2025-06-23,push,generico,1500,0
612641,3007479,2025-05-27,sms,generico,3400,0
612642,3007479,2025-08-31,sms,cashback,3300,0
612643,3007479,2025-02-15,sms,generico,3400,0
612644,3007480,2025-09-14,email,generico,2600,0
612645,3007481,2025-07-22,email,descuento,2400,0
612646,3007481,2025-12-25,push,cashback,900,0
612647,3007482,2025-06-21,email,generico,1000,0
612648,3007482,2025-02-09,push,descuento,1000,0
612649,3007483,2025-06-27,push,descuento,2200,0
612650,3007483,2025-08-21,push,cashback,2900,0
612651,3007484,2025-08-26,push,generico,3500,0
612652,3007484,2025-01-22,email,generico,1700,0
612653,3007484,2025-11-10,sms,descuento,1000,0
612654,3007485,2025-10-12,push,generico,2400,0
612655,3007485,2025-10-26,push,generico,2000,1
612656,3007485,2025-12-24,sms,upgrade_credito,2500,1
612657,3007485,2025-12-03,sms,descuento,2200,1
612658,3007485,2025-01-10,push,generico,800,0
612659,3007486,2026-02-20,email,cashback,2500,0
612660,3007486,2025-05-09,push,upgrade_credito,1000,0
612661,3007487,2025-04-25,push,descuento,2100,0
612662,3007487,2025-02-19,push,cashback,3300,0
612663,3007490,2025-10-26,sms,cashback,3000,0
612664,3007490,2025-08-05,email,generico,1800,0
612665,3007490,2026-02-16,email,descuento,1700,0
612666,3007492,2025-09-01,sms,descuento,1900,0
612667,3007493,2025-09-15,push,descuento,3000,0
612668,3007493,2025-09-10,email,upgrade_credito,1200,0
612669,3007494,2025-02-18,push,descuento,1300,0
612670,3007494,2025-01-06,push,upgrade_credito,600,0
612671,3007495,2025-10-27,push,generico,1400,0
612672,3007495,2025-04-28,email,cashback,2800,1
612673,3007496,2025-10-11,push,descuento,1100,0
612674,3007497,2025-08-23,email,cashback,1100,0
612675,3007497,2026-02-06,sms,descuento,3500,0
612676,3007497,2025-05-02,email,descuento,2900,0
612677,3007498,2026-01-04,email,generico,1300,0
612678,3007498,2025-11-19,email,generico,3600,0
612679,3007498,2025-06-09,push,descuento,900,0
612680,3007499,2025-03-31,email,cashback,700,0
612681,3007500,2025-04-17,push,generico,1300,0
612682,3007500,2025-12-30,email,descuento,2000,0
612683,3007501,2025-09-29,sms,descuento,900,0
612684,3007502,2025-05-18,email,cashback,1500,0
612685,3007502,2025-04-08,push,generico,600,0
612686,3007503,2026-01-22,push,descuento,3400,0
612687,3007503,2025-03-07,sms,cashback,1300,0
612688,3007503,2025-09-06,push,upgrade_credito,500,0
612689,3007505,2025-08-02,push,descuento,1700,0
612690,3007505,2025-11-27,push,generico,3200,0
612691,3007506,2026-02-26,email,generico,1600,0
612692,3007506,2025-09-10,sms,upgrade_credito,3600,0
612693,3007506,2025-05-27,push,upgrade_credito,2200,0
612694,3007507,2025-06-28,sms,cashback,900,0
612695,3007508,2025-01-03,email,descuento,1400,0
612696,3007508,2025-03-24,email,generico,3500,0
612697,3007508,2025-10-16,push,descuento,1900,0
612698,3007509,2025-11-25,push,cashback,1900,0
612699,3007509,2025-03-26,push,cashback,3300,0
612700,3007510,2025-03-20,email,descuento,1000,0
612701,3007510,2025-05-22,push,descuento,800,0
612702,3007511,2025-12-02,push,generico,900,0
612703,3007511,2025-04-16,sms,upgrade_credito,3400,0
612704,3007512,2025-07-14,sms,cashback,3700,0
612705,3007512,2025-03-21,push,generico,1000,0
612706,3007513,2026-03-13,email,cashback,3800,0
612707,3007513,2026-02-15,push,cashback,1800,0
612708,3007513,2025-05-17,push,generico,3100,0
612709,3007513,2026-02-15,push,cashback,1100,0
612710,3007515,2025-11-14,push,upgrade_credito,700,0
612711,3007516,2026-02-18,push,cashback,2300,0
612712,3007516,2025-08-02,push,cashback,3500,1
612713,3007517,2025-05-08,email,cashback,3500,0
612714,3007517,2025-09-21,push,descuento,2000,0
612715,3007517,2025-06-17,push,upgrade_credito,500,1
612716,3007519,2025-12-13,push,cashback,900,0
612717,3007519,2025-04-24,sms,generico,3800,0
612718,3007520,2025-07-13,push,descuento,1300,0
612719,3007520,2025-03-27,email,generico,3800,0
612720,3007520,2025-02-16,push,cashback,1900,0
612721,3007520,2025-03-21,email,upgrade_credito,2600,0
612722,3007521,2025-02-14,push,cashback,600,0
612723,3007521,2025-01-07,push,generico,600,0
612724,3007521,2026-03-02,push,cashback,600,0
612725,3007522,2025-07-14,email,descuento,1000,0
612726,3007522,2025-05-16,sms,cashback,3200,0
612727,3007523,2025-09-07,push,cashback,1400,0
612728,3007523,2025-06-16,push,descuento,2900,0
612729,3007526,2025-09-11,email,descuento,800,0
612730,3007526,2025-06-09,push,generico,2600,0
612731,3007527,2025-05-21,email,cashback,900,0
612732,3007527,2025-06-18,sms,cashback,3900,0
612733,3007528,2025-05-01,sms,upgrade_credito,3300,1
612734,3007528,2025-10-29,email,descuento,1200,0
612735,3007529,2025-12-17,email,cashback,3400,1
612736,3007529,2025-08-01,email,cashback,800,0
612737,3007530,2026-02-22,sms,generico,3600,0
612738,3007533,2025-11-18,push,cashback,3700,0
612739,3007535,2026-01-25,push,upgrade_credito,3300,0
612740,3007537,2025-08-13,email,cashback,3200,0
612741,3007537,2025-04-09,push,cashback,1700,0
612742,3007539,2025-09-05,push,cashback,3100,0
612743,3007539,2025-12-02,email,descuento,2200,0
612744,3007539,2025-08-08,push,generico,1000,0
612745,3007540,2025-03-29,email,generico,2400,0
612746,3007541,2025-10-02,sms,generico,1200,0
612747,3007541,2025-09-13,email,generico,2200,0
612748,3007542,2025-06-22,email,descuento,3400,0
612749,3007543,2025-01-09,email,cashback,3800,0
612750,3007543,2025-02-28,sms,generico,1000,0
612751,3007544,2026-02-03,push,descuento,3300,1
612752,3007544,2026-01-30,email,cashback,3400,0
612753,3007544,2025-06-30,sms,cashback,2300,0
612754,3007544,2025-02-26,push,cashback,3500,0
612755,3007545,2025-12-11,push,generico,2700,0
612756,3007546,2025-04-19,push,generico,600,0
612757,3007546,2025-12-18,push,descuento,1300,0
612758,3007546,2026-01-07,email,descuento,3200,0
612759,3007547,2025-06-04,email,generico,1700,0
612760,3007547,2025-02-10,email,descuento,3900,0
612761,3007547,2026-02-23,sms,descuento,3100,1
612762,3007548,2025-07-23,email,cashback,2400,1
612763,3007548,2026-01-05,push,descuento,1400,1
612764,3007548,2025-07-20,email,generico,3900,0
612765,3007548,2025-12-13,push,upgrade_credito,3800,0
612766,3007549,2025-05-13,push,upgrade_credito,1400,0
612767,3007550,2025-11-02,push,descuento,2600,1
612768,3007550,2026-01-04,email,descuento,1500,1
612769,3007550,2025-03-20,email,cashback,2200,0
612770,3007551,2025-12-07,push,descuento,3300,0
612771,3007551,2025-12-06,push,generico,3300,0
612772,3007552,2025-09-22,push,descuento,4000,1
612773,3007552,2025-10-20,sms,generico,3700,0
612774,3007552,2025-04-06,push,cashback,2100,0
612775,3007555,2025-12-04,email,cashback,2300,1
612776,3007555,2025-11-24,email,upgrade_credito,3400,0
612777,3007555,2026-03-05,email,descuento,3600,1
612778,3007555,2025-09-25,push,cashback,3100,1
612779,3007556,2025-06-25,push,cashback,2000,0
612780,3007556,2025-06-27,sms,generico,800,0
612781,3007557,2025-06-20,email,descuento,3000,0
612782,3007557,2025-02-09,push,generico,3800,0
612783,3007557,2025-01-17,push,cashback,3400,0
612784,3007557,2025-01-18,email,descuento,3200,0
612785,3007558,2026-01-14,push,cashback,3900,1
612786,3007559,2025-04-02,email,descuento,1300,0
612787,3007559,2025-03-16,sms,cashback,3300,0
612788,3007560,2025-11-07,push,upgrade_credito,3800,0
612789,3007560,2026-03-10,push,cashback,2200,1
612790,3007560,2025-03-04,email,cashback,3200,1
612791,3007560,2025-02-13,push,descuento,2700,0
612792,3007561,2025-10-24,sms,cashback,1700,0
612793,3007561,2025-06-23,email,generico,2700,0
612794,3007563,2025-07-17,sms,descuento,3600,0
612795,3007563,2025-07-08,push,cashback,1400,0
612796,3007563,2026-01-08,email,generico,2700,0
612797,3007564,2025-12-14,sms,upgrade_credito,2200,0
612798,3007564,2025-05-05,email,descuento,3400,0
612799,3007564,2025-12-18,sms,cashback,2400,0
612800,3007565,2025-10-23,push,generico,600,0
612801,3007566,2025-12-29,push,cashback,3400,0
612802,3007566,2025-02-21,email,upgrade_credito,700,0
612803,3007567,2026-03-10,email,generico,3800,0
612804,3007569,2025-06-21,sms,descuento,900,0
612805,3007569,2026-01-17,email,generico,3300,0
612806,3007571,2025-02-24,push,upgrade_credito,2000,0
612807,3007571,2025-05-19,sms,generico,1200,0
612808,3007572,2025-02-01,push,descuento,3900,0
612809,3007573,2025-07-12,email,cashback,2700,0
612810,3007573,2025-03-10,push,generico,2600,1
612811,3007574,2025-12-28,push,generico,3200,0
612812,3007574,2025-01-11,sms,descuento,1200,0
612813,3007574,2025-04-06,push,cashback,3500,0
612814,3007576,2026-01-29,email,upgrade_credito,3600,0
612815,3007577,2025-06-13,email,descuento,3600,0
612816,3007578,2025-04-15,email,generico,3100,1
612817,3007579,2025-12-25,push,descuento,2800,0
612818,3007583,2026-03-03,email,descuento,3700,0
612819,3007584,2025-02-14,sms,cashback,3200,0
612820,3007585,2025-02-06,push,cashback,3600,0
612821,3007585,2025-01-31,email,cashback,3300,1
612822,3007585,2025-09-27,email,upgrade_credito,900,0
612823,3007586,2025-04-21,push,upgrade_credito,1600,0
612824,3007588,2026-01-27,email,upgrade_credito,2200,0
612825,3007588,2025-12-14,email,descuento,900,0
612826,3007588,2025-07-30,push,descuento,500,0
612827,3007589,2025-05-26,email,cashback,2400,0
612828,3007589,2025-06-12,push,generico,2200,0
612829,3007589,2025-03-24,push,descuento,1400,0
612830,3007589,2025-04-14,push,descuento,1400,0
612831,3007590,2025-02-12,push,upgrade_credito,2900,0
612832,3007590,2025-04-19,push,cashback,1200,0
612833,3007590,2025-11-04,push,descuento,2400,0
612834,3007592,2025-05-07,push,cashback,3100,0
612835,3007592,2025-04-29,email,generico,1000,0
612836,3007593,2025-10-21,email,cashback,1000,0
612837,3007594,2025-01-12,email,upgrade_credito,3900,0
612838,3007595,2025-08-15,push,cashback,600,0
612839,3007595,2025-12-08,push,generico,3500,0
612840,3007596,2025-04-21,push,descuento,1300,1
612841,3007596,2025-12-08,email,cashback,2600,0
612842,3007597,2025-03-06,push,generico,2700,0
612843,3007597,2026-02-16,email,generico,2000,0
612844,3007599,2025-03-27,push,generico,1600,0
612845,3007599,2026-01-29,push,descuento,1100,0
612846,3007600,2025-12-12,push,upgrade_credito,3700,0
612847,3007600,2025-07-10,push,cashback,3200,0
612848,3007601,2025-04-13,push,descuento,1900,1
612849,3007601,2025-12-31,email,descuento,2500,0
612850,3007601,2025-05-19,push,descuento,1400,0
612851,3007601,2025-06-06,push,generico,1200,0
612852,3007603,2025-09-30,push,upgrade_credito,3700,0
612853,3007604,2025-07-09,email,generico,2300,0
612854,3007605,2026-01-07,email,cashback,1300,0
612855,3007605,2025-12-23,push,descuento,1500,0
612856,3007605,2026-01-29,push,cashback,2600,0
612857,3007607,2025-09-27,sms,descuento,1800,0
612858,3007607,2025-11-19,push,descuento,1900,0
612859,3007607,2025-03-17,email,generico,2600,0
612860,3007609,2026-01-25,push,cashback,3300,0
612861,3007609,2025-10-20,push,cashback,3700,0
612862,3007611,2025-01-25,sms,descuento,2500,0
612863,3007611,2025-07-21,push,generico,3200,0
612864,3007611,2025-06-23,push,generico,1600,0
612865,3007611,2026-01-18,sms,descuento,2000,0
612866,3007612,2025-10-08,email,generico,3400,0
612867,3007613,2025-07-22,sms,cashback,3900,1
612868,3007614,2025-04-20,push,cashback,1700,0
612869,3007616,2025-11-27,email,generico,700,0
612870,3007616,2025-09-01,push,generico,2600,0
612871,3007617,2025-10-11,push,descuento,3700,0
612872,3007618,2025-05-08,push,cashback,3300,1
612873,3007618,2025-09-10,sms,upgrade_credito,2500,0
612874,3007619,2025-04-15,sms,cashback,1400,0
612875,3007619,2025-12-31,email,generico,800,0
612876,3007619,2025-01-09,email,descuento,3400,0
612877,3007619,2025-02-06,push,generico,2900,0
612878,3007620,2025-04-24,sms,descuento,3200,0
612879,3007621,2025-12-17,push,generico,900,0
612880,3007621,2025-11-01,push,cashback,2500,0
612881,3007623,2025-07-14,email,upgrade_credito,700,0
612882,3007624,2025-07-20,push,descuento,1700,0
612883,3007624,2025-11-13,push,cashback,800,0
612884,3007627,2025-07-02,push,generico,2400,0
612885,3007629,2025-12-11,email,descuento,1000,0
612886,3007630,2025-06-06,push,cashback,1000,0
612887,3007630,2025-12-23,email,generico,1400,0
612888,3007630,2025-05-25,push,descuento,2900,0
612889,3007630,2025-10-23,email,cashback,2500,1
612890,3007631,2025-12-21,email,cashback,3600,0
612891,3007633,2025-08-05,push,descuento,2200,0
612892,3007635,2026-01-08,push,descuento,2500,0
612893,3007638,2025-04-05,sms,upgrade_credito,900,0
612894,3007639,2025-03-09,email,upgrade_credito,1800,0
612895,3007640,2025-06-27,email,cashback,900,0
612896,3007640,2025-07-21,email,cashback,2400,0
612897,3007643,2025-02-12,push,descuento,2100,0
612898,3007643,2025-03-20,email,generico,500,0
612899,3007643,2025-01-30,push,generico,2400,1
612900,3007644,2026-01-05,email,cashback,3500,0
612901,3007644,2025-07-11,email,descuento,3700,0
612902,3007645,2025-06-10,email,descuento,1100,0
612903,3007646,2025-05-08,email,cashback,3200,1
612904,3007646,2025-03-09,push,cashback,4000,0
612905,3007647,2026-03-08,push,cashback,2500,0
612906,3007649,2025-04-01,push,generico,1300,0
612907,3007649,2025-10-14,push,cashback,1600,0
612908,3007649,2025-07-02,push,descuento,2600,0
612909,3007649,2025-12-04,push,descuento,3100,0
612910,3007649,2025-02-15,email,cashback,500,0
612911,3007650,2025-02-11,push,descuento,3600,0
612912,3007650,2026-02-26,push,generico,3700,0
612913,3007651,2025-03-26,push,descuento,1900,0
612914,3007651,2025-03-02,push,cashback,1000,0
612915,3007651,2025-03-23,email,descuento,700,0
612916,3007652,2026-03-02,email,generico,900,0
612917,3007653,2025-11-15,sms,generico,2800,0
612918,3007654,2025-01-10,push,descuento,4000,0
612919,3007654,2026-02-14,email,descuento,1400,0
612920,3007654,2025-11-03,sms,descuento,1200,0
612921,3007654,2025-09-13,push,descuento,3000,0
612922,3007655,2026-02-15,email,upgrade_credito,2900,0
612923,3007656,2025-05-05,sms,cashback,3200,0
612924,3007657,2025-08-11,push,descuento,1000,0
612925,3007657,2025-09-07,email,cashback,3000,0
612926,3007658,2025-01-10,email,generico,4000,0
612927,3007659,2026-02-14,sms,upgrade_credito,3500,0
612928,3007660,2025-10-29,email,upgrade_credito,2600,0
612929,3007660,2025-03-18,sms,upgrade_credito,2800,0
612930,3007660,2025-05-04,push,upgrade_credito,1700,0
612931,3007660,2025-12-04,sms,generico,1000,0
612932,3007661,2025-03-30,push,descuento,3800,1
612933,3007661,2026-02-02,push,generico,3200,1
612934,3007662,2025-12-14,push,upgrade_credito,2400,0
612935,3007662,2025-11-11,sms,generico,3200,0
612936,3007664,2025-08-25,push,cashback,2100,0
612937,3007664,2025-07-01,sms,descuento,1300,0
612938,3007664,2025-09-05,email,descuento,1500,0
612939,3007664,2025-06-02,email,cashback,700,0
612940,3007667,2025-10-31,push,upgrade_credito,2000,0
612941,3007668,2025-06-30,email,generico,2600,0
612942,3007668,2026-02-27,push,cashback,1200,0
612943,3007668,2025-08-23,sms,generico,900,0
612944,3007669,2025-12-31,sms,descuento,1700,0
612945,3007669,2025-04-04,email,descuento,1000,0
612946,3007671,2025-11-21,email,cashback,2900,0
612947,3007673,2026-02-18,email,generico,1100,0
612948,3007673,2025-03-20,push,cashback,3200,0
612949,3007673,2025-12-02,push,descuento,2000,0
612950,3007673,2025-06-17,push,cashback,3500,0
612951,3007675,2025-01-06,sms,descuento,2300,0
612952,3007676,2025-07-04,push,cashback,2200,0
612953,3007678,2025-11-13,push,upgrade_credito,3900,0
612954,3007678,2026-02-13,sms,generico,800,0
612955,3007678,2025-12-28,email,cashback,2100,0
612956,3007679,2025-05-29,sms,descuento,2900,0
612957,3007679,2025-04-03,push,cashback,1700,0
612958,3007679,2026-03-01,push,descuento,3000,0
612959,3007679,2026-01-02,push,cashback,1900,0
612960,3007680,2025-05-26,push,descuento,600,1
612961,3007680,2025-05-15,sms,generico,2900,0
612962,3007680,2025-05-16,email,cashback,3400,1
612963,3007681,2026-03-01,email,generico,2600,1
612964,3007681,2025-08-16,email,cashback,3600,0
612965,3007681,2025-09-03,push,cashback,700,1
612966,3007681,2025-01-16,email,upgrade_credito,2600,0
612967,3007682,2025-08-21,sms,cashback,3500,1
612968,3007684,2026-01-14,push,generico,3200,0
612969,3007684,2026-01-01,push,generico,600,0
612970,3007685,2025-12-09,email,descuento,1500,0
612971,3007686,2026-02-10,email,generico,2900,0
612972,3007687,2025-11-06,push,descuento,2900,0
612973,3007687,2025-07-08,email,cashback,3900,0
612974,3007687,2025-01-12,push,descuento,1500,0
612975,3007689,2025-09-05,push,generico,3400,0
612976,3007689,2025-06-24,push,descuento,2600,0
612977,3007689,2025-10-26,sms,upgrade_credito,800,0
612978,3007690,2025-02-09,email,generico,2500,0
612979,3007690,2025-07-04,push,cashback,3100,0
612980,3007691,2025-05-08,email,generico,3000,0
612981,3007691,2025-08-21,email,cashback,2800,0
612982,3007691,2025-07-03,email,generico,2500,1
612983,3007691,2025-12-26,email,cashback,1100,0
612984,3007693,2025-07-10,sms,upgrade_credito,2900,0
612985,3007693,2025-10-19,push,descuento,2800,0
612986,3007694,2025-03-04,email,generico,1800,0
612987,3007696,2025-10-24,push,descuento,3300,1
612988,3007696,2025-11-05,push,generico,1800,0
612989,3007697,2025-07-19,email,descuento,1900,0
612990,3007697,2025-11-27,email,cashback,2000,0
612991,3007697,2025-02-03,push,generico,1500,0
612992,3007698,2025-07-16,email,cashback,3000,0
612993,3007698,2025-04-16,sms,generico,1600,0
612994,3007699,2025-12-07,push,descuento,800,0
612995,3007699,2025-11-04,push,generico,3100,0
612996,3007701,2025-07-19,email,descuento,1600,0
612997,3007702,2025-11-14,push,descuento,2100,0
612998,3007703,2025-11-21,sms,upgrade_credito,2400,0
612999,3007705,2026-03-10,push,upgrade_credito,1400,0
613000,3007705,2026-01-22,sms,cashback,2900,0
613001,3007706,2025-01-22,push,descuento,3600,0
613002,3007706,2025-04-05,email,descuento,1200,0
613003,3007707,2025-05-26,push,generico,1900,0
613004,3007708,2026-02-21,push,cashback,1400,0
613005,3007708,2025-11-13,email,upgrade_credito,3500,0
613006,3007708,2025-11-07,push,generico,2700,0
613007,3007709,2025-07-02,push,upgrade_credito,700,0
613008,3007710,2025-10-14,push,upgrade_credito,1400,0
613009,3007712,2025-06-28,sms,upgrade_credito,3300,0
613010,3007712,2025-12-23,email,cashback,2200,0
613011,3007712,2025-05-17,email,cashback,3700,0
613012,3007713,2025-08-24,sms,descuento,1900,0
613013,3007714,2025-04-15,email,cashback,2300,0
613014,3007714,2026-03-08,push,cashback,2000,0
613015,3007714,2026-02-09,email,generico,3500,0
613016,3007716,2025-11-24,email,generico,700,0
613017,3007716,2025-06-30,email,generico,2100,0
613018,3007718,2025-11-02,push,generico,2300,0
613019,3007718,2025-08-30,sms,generico,1100,0
613020,3007718,2025-07-29,sms,descuento,1300,0
613021,3007718,2025-06-18,push,cashback,1000,0
613022,3007719,2025-08-05,sms,upgrade_credito,2600,0
613023,3007719,2025-07-23,email,generico,2300,0
613024,3007719,2025-01-15,email,generico,2800,0
613025,3007719,2026-01-12,sms,cashback,900,0
613026,3007720,2025-07-10,email,upgrade_credito,700,0
613027,3007720,2025-09-30,push,upgrade_credito,2400,0
613028,3007723,2025-06-01,push,generico,3400,0
613029,3007723,2025-12-15,push,generico,800,0
613030,3007724,2026-03-10,email,cashback,2100,0
613031,3007724,2026-02-10,email,generico,1000,0
613032,3007725,2026-03-08,push,cashback,700,0
613033,3007725,2025-09-13,push,upgrade_credito,800,0
613034,3007725,2026-02-07,email,descuento,3000,1
613035,3007726,2026-03-05,sms,descuento,3800,0
613036,3007727,2025-10-08,push,upgrade_credito,3700,0
613037,3007728,2025-07-09,push,descuento,2500,0
613038,3007728,2025-08-12,push,upgrade_credito,2500,0
613039,3007729,2025-04-30,sms,cashback,2100,1
613040,3007732,2026-01-31,sms,descuento,600,0
613041,3007732,2025-04-25,sms,descuento,2200,0
613042,3007733,2025-11-16,sms,descuento,3000,0
613043,3007734,2025-03-30,push,upgrade_credito,1200,0
613044,3007734,2025-11-22,push,generico,800,0
613045,3007734,2026-01-16,push,descuento,2900,0
613046,3007734,2025-03-16,sms,cashback,1000,0
613047,3007734,2025-12-26,email,generico,1200,0
613048,3007735,2025-05-27,push,descuento,2500,0
613049,3007736,2025-03-25,email,descuento,1300,0
613050,3007737,2025-09-17,email,generico,3700,0
613051,3007737,2025-04-22,push,cashback,4000,0
613052,3007738,2025-11-27,push,cashback,1000,0
613053,3007738,2025-10-16,email,descuento,3400,0
613054,3007740,2025-04-24,push,descuento,1600,0
613055,3007741,2025-02-05,email,descuento,2700,0
613056,3007741,2026-02-08,email,upgrade_credito,2100,0
613057,3007742,2025-04-15,email,descuento,2800,0
613058,3007742,2025-06-30,push,cashback,2900,0
613059,3007743,2025-09-15,push,upgrade_credito,3900,0
613060,3007744,2025-03-14,email,generico,2400,0
613061,3007744,2025-02-22,push,generico,2000,0
613062,3007745,2025-10-29,sms,descuento,2800,0
613063,3007745,2025-05-06,push,cashback,3300,0
613064,3007745,2025-04-20,email,cashback,2500,0
613065,3007745,2025-11-25,push,generico,1500,0
613066,3007747,2025-07-11,push,generico,1700,0
613067,3007748,2026-01-23,email,generico,3900,0
613068,3007749,2025-09-24,email,descuento,800,0
613069,3007750,2025-01-15,email,generico,2900,0
613070,3007750,2025-04-24,push,descuento,2100,0
613071,3007751,2025-10-03,sms,upgrade_credito,2900,1
613072,3007751,2025-05-03,push,cashback,3400,0
613073,3007753,2025-03-08,push,cashback,800,1
613074,3007753,2025-09-13,sms,cashback,1800,0
613075,3007753,2025-01-18,push,generico,2500,0
613076,3007754,2026-03-03,email,generico,800,0
613077,3007755,2026-02-03,sms,generico,3700,0
613078,3007755,2025-06-16,push,cashback,2000,0
613079,3007755,2025-12-19,push,descuento,1300,0
613080,3007755,2025-03-21,push,upgrade_credito,2300,0
613081,3007757,2025-08-24,push,cashback,1100,0
613082,3007757,2025-11-21,email,cashback,3300,0
613083,3007758,2025-07-31,push,cashback,2500,0
613084,3007758,2025-01-26,sms,cashback,2300,0
613085,3007759,2026-03-03,push,cashback,3300,0
613086,3007759,2025-09-26,email,descuento,2500,0
613087,3007759,2025-03-07,push,generico,3200,0
613088,3007760,2025-10-15,sms,upgrade_credito,1800,0
613089,3007760,2025-09-21,sms,upgrade_credito,800,0
613090,3007760,2025-02-28,sms,upgrade_credito,1300,0
613091,3007762,2026-01-27,push,upgrade_credito,900,0
613092,3007763,2026-01-28,push,generico,2800,0
613093,3007763,2025-01-04,email,descuento,1000,0
613094,3007764,2026-03-05,sms,cashback,2900,0
613095,3007765,2025-12-12,sms,descuento,3000,0
613096,3007765,2025-06-26,push,cashback,3500,0
613097,3007767,2025-02-01,push,generico,2800,0
613098,3007770,2025-08-20,push,descuento,1600,0
613099,3007770,2025-04-23,push,generico,2800,0
613100,3007771,2025-07-09,push,descuento,1100,0
613101,3007771,2025-06-09,push,cashback,900,0
613102,3007771,2025-01-29,email,descuento,3400,0
613103,3007772,2025-03-07,push,generico,3800,0
613104,3007772,2025-01-15,push,descuento,1500,0
613105,3007772,2025-04-16,email,descuento,3900,0
613106,3007772,2025-03-08,push,cashback,2400,1
613107,3007772,2025-05-02,push,generico,1800,0
613108,3007772,2025-01-27,push,generico,2200,1
613109,3007774,2025-02-08,email,upgrade_credito,3400,0
613110,3007774,2025-05-27,email,upgrade_credito,1000,0
613111,3007775,2026-02-15,sms,descuento,2100,0
613112,3007775,2025-12-06,push,cashback,3400,1
613113,3007775,2025-07-14,push,descuento,1900,0
613114,3007776,2025-04-28,email,descuento,3900,0
613115,3007776,2025-11-01,email,generico,2700,0
613116,3007776,2025-08-30,push,generico,1600,0
613117,3007777,2025-10-01,push,cashback,2100,0
613118,3007777,2025-02-15,push,cashback,800,0
613119,3007781,2025-08-11,email,generico,2600,0
613120,3007782,2025-10-07,push,descuento,4000,0
613121,3007784,2025-08-15,email,upgrade_credito,3200,0
613122,3007784,2025-10-30,push,cashback,3400,1
613123,3007785,2025-05-15,push,descuento,1700,0
613124,3007786,2025-01-16,email,upgrade_credito,2700,0
613125,3007786,2025-12-31,push,upgrade_credito,2400,0
613126,3007786,2025-01-18,sms,generico,1400,0
613127,3007786,2025-07-09,email,generico,3400,0
613128,3007787,2025-07-10,push,generico,2400,0
613129,3007789,2025-02-14,push,generico,3800,0
613130,3007791,2025-07-10,push,descuento,3200,0
613131,3007791,2026-01-27,push,cashback,800,0
613132,3007791,2025-05-14,email,upgrade_credito,2200,0
613133,3007791,2025-02-06,push,generico,1600,0
613134,3007794,2025-01-18,sms,descuento,3800,0
613135,3007794,2025-06-10,push,descuento,3800,0
613136,3007795,2025-08-07,push,cashback,3400,0
613137,3007795,2025-09-07,sms,cashback,2600,0
613138,3007795,2025-07-04,push,generico,2600,0
613139,3007796,2025-07-21,push,upgrade_credito,2200,0
613140,3007796,2025-10-14,email,generico,2000,0
613141,3007797,2025-09-26,email,upgrade_credito,3300,0
613142,3007798,2025-07-08,push,upgrade_credito,800,0
613143,3007799,2025-02-27,push,descuento,1500,0
613144,3007799,2025-12-12,email,upgrade_credito,3100,0
613145,3007799,2026-02-12,sms,descuento,3600,0
613146,3007800,2025-02-01,sms,descuento,1400,0
613147,3007801,2025-07-28,push,upgrade_credito,1000,0
613148,3007803,2025-05-23,push,generico,3800,1
613149,3007803,2025-03-25,push,cashback,1400,0
613150,3007804,2025-12-19,push,generico,3000,0
613151,3007806,2026-03-02,push,upgrade_credito,2200,0
613152,3007806,2025-03-04,email,generico,2900,0
613153,3007806,2025-02-07,push,cashback,2500,0
613154,3007807,2026-01-11,push,cashback,1000,0
613155,3007807,2025-01-19,email,descuento,3000,0
613156,3007808,2025-06-26,email,cashback,1800,0
613157,3007811,2025-07-20,push,generico,3200,0
613158,3007812,2025-08-01,push,generico,2800,0
613159,3007812,2026-01-01,push,cashback,1900,0
613160,3007813,2025-12-08,email,descuento,1200,0
613161,3007813,2025-11-17,email,cashback,700,0
613162,3007814,2025-04-24,email,upgrade_credito,600,0
613163,3007814,2026-01-05,email,generico,1200,0
613164,3007815,2025-12-17,email,descuento,3600,0
613165,3007815,2025-06-15,push,descuento,2300,0
613166,3007817,2025-09-02,email,upgrade_credito,3700,0
613167,3007817,2025-01-18,push,generico,1300,0
613168,3007819,2025-12-07,email,generico,1600,0
613169,3007819,2025-04-05,push,cashback,1100,0
613170,3007820,2025-10-31,push,upgrade_credito,3800,0
613171,3007820,2025-11-15,push,cashback,1700,0
613172,3007820,2025-07-05,push,descuento,3100,1
613173,3007822,2025-05-19,push,descuento,1000,0
613174,3007822,2025-02-05,push,upgrade_credito,1700,0
613175,3007822,2026-02-02,email,generico,3400,0
613176,3007822,2025-07-12,push,upgrade_credito,600,0
613177,3007823,2025-03-26,email,generico,3700,0
613178,3007823,2025-08-22,push,descuento,1900,0
613179,3007824,2025-08-01,sms,descuento,2800,1
613180,3007824,2025-09-06,push,descuento,3400,1
613181,3007825,2025-09-03,email,cashback,2200,1
613182,3007825,2025-12-16,push,cashback,1200,1
613183,3007828,2025-09-05,email,descuento,1000,0
613184,3007829,2025-03-19,email,descuento,3900,0
613185,3007829,2026-02-05,push,cashback,2700,0
613186,3007831,2025-05-14,push,descuento,2600,0
613187,3007831,2025-01-26,email,upgrade_credito,2800,0
613188,3007832,2025-10-21,sms,cashback,3700,1
613189,3007832,2026-02-01,push,cashback,3700,0
613190,3007833,2025-11-17,push,cashback,2100,0
613191,3007833,2025-06-13,push,cashback,1900,0
613192,3007833,2025-04-02,sms,descuento,3800,0
613193,3007833,2025-07-16,push,upgrade_credito,2800,0
613194,3007834,2026-03-09,push,generico,1600,0
613195,3007835,2025-09-17,sms,upgrade_credito,2100,0
613196,3007835,2025-05-24,sms,descuento,1200,0
613197,3007835,2025-01-29,push,descuento,600,0
613198,3007835,2026-03-02,push,generico,3300,0
613199,3007836,2025-10-13,email,cashback,1500,0
613200,3007837,2025-01-19,push,upgrade_credito,3200,0
613201,3007837,2025-10-01,push,generico,1000,0
613202,3007839,2025-06-11,email,cashback,3800,0
613203,3007839,2026-02-23,email,descuento,3700,0
613204,3007840,2025-06-01,push,cashback,2600,0
613205,3007841,2025-09-03,push,descuento,2200,1
613206,3007841,2026-02-08,email,cashback,3700,1
613207,3007842,2025-11-10,push,generico,3900,0
613208,3007842,2025-10-06,email,cashback,2500,0
613209,3007843,2025-07-26,push,upgrade_credito,1800,0
613210,3007843,2025-10-18,email,cashback,3300,1
613211,3007843,2025-12-24,email,cashback,1800,1
613212,3007844,2025-05-01,email,descuento,2200,1
613213,3007844,2025-03-14,push,generico,3000,0
613214,3007845,2026-02-03,push,generico,2600,0
613215,3007845,2025-05-30,push,generico,2200,0
613216,3007846,2025-12-26,push,cashback,1500,0
613217,3007846,2025-11-14,email,descuento,1100,0
613218,3007847,2025-10-15,push,cashback,800,0
613219,3007847,2025-01-16,push,generico,1700,0
613220,3007847,2025-06-30,email,generico,1200,0
613221,3007848,2025-09-04,sms,upgrade_credito,4000,0
613222,3007848,2025-08-02,push,generico,3600,0
613223,3007849,2025-09-15,push,upgrade_credito,1900,0
613224,3007849,2025-09-11,push,generico,3100,0
613225,3007851,2025-03-12,sms,cashback,3000,0
613226,3007851,2026-03-12,push,descuento,4000,0
613227,3007852,2025-10-22,push,generico,4000,1
613228,3007853,2026-01-26,push,cashback,1000,0
613229,3007853,2025-12-26,sms,cashback,500,0
613230,3007854,2025-05-20,push,generico,3300,1
613231,3007854,2025-07-27,push,cashback,3100,0
613232,3007854,2025-09-24,email,generico,1700,0
613233,3007854,2025-08-31,push,descuento,2200,0
613234,3007855,2025-06-21,email,generico,3600,0
613235,3007855,2025-08-05,push,descuento,1000,0
613236,3007855,2025-12-27,sms,descuento,2300,0
613237,3007856,2025-01-25,push,descuento,600,0
613238,3007856,2026-03-04,email,generico,1700,1
613239,3007856,2026-02-25,push,generico,2600,0
613240,3007857,2025-12-26,push,descuento,3700,0
613241,3007858,2025-09-07,sms,cashback,600,0
613242,3007858,2025-03-17,push,cashback,2200,0
613243,3007858,2025-02-07,push,generico,2900,0
613244,3007859,2026-01-01,push,generico,2500,1
613245,3007860,2025-02-08,sms,descuento,1300,0
613246,3007860,2025-01-16,email,generico,2600,0
613247,3007861,2025-02-28,push,cashback,800,0
613248,3007861,2026-02-24,email,generico,1900,0
613249,3007861,2025-10-31,sms,descuento,3500,0
613250,3007862,2025-11-30,push,descuento,800,0
613251,3007863,2025-06-11,email,upgrade_credito,3700,0
613252,3007863,2025-06-03,push,cashback,1000,0
613253,3007863,2026-02-09,email,upgrade_credito,1900,0
613254,3007863,2025-05-31,push,cashback,2600,0
613255,3007863,2025-06-16,push,cashback,1300,0
613256,3007864,2025-06-28,email,upgrade_credito,1400,0
613257,3007866,2025-11-14,email,generico,3000,0
613258,3007866,2025-05-20,push,descuento,2300,0
613259,3007867,2025-12-09,push,cashback,900,0
613260,3007869,2025-09-23,email,upgrade_credito,2000,0
613261,3007869,2025-02-08,push,descuento,2400,0
613262,3007869,2025-10-06,push,cashback,3700,0
613263,3007870,2025-10-22,push,generico,3200,0
613264,3007870,2025-06-04,email,descuento,1800,0
613265,3007871,2025-01-07,push,generico,1200,1
613266,3007871,2025-09-05,push,upgrade_credito,3300,0
613267,3007871,2025-05-25,email,upgrade_credito,3800,0
613268,3007873,2025-01-09,push,generico,2400,0
613269,3007876,2026-01-02,push,generico,2800,0
613270,3007876,2026-01-28,push,cashback,1700,0
613271,3007876,2025-05-15,push,cashback,2200,0
613272,3007878,2025-06-24,push,cashback,3000,0
613273,3007879,2025-08-29,email,generico,3600,0
613274,3007880,2025-02-02,sms,cashback,2100,0
613275,3007880,2025-02-03,push,descuento,1000,0
613276,3007883,2025-05-04,email,generico,1400,0
613277,3007883,2025-03-20,push,descuento,2800,0
613278,3007883,2025-07-01,push,descuento,900,0
613279,3007886,2025-07-12,push,descuento,3900,0
613280,3007886,2025-09-27,email,descuento,1000,0
613281,3007889,2026-01-30,email,cashback,1600,0
613282,3007889,2025-04-02,sms,descuento,3500,0
613283,3007889,2025-03-06,push,descuento,900,0
613284,3007890,2025-07-05,push,upgrade_credito,3100,0
613285,3007890,2025-02-18,email,descuento,1500,0
613286,3007890,2026-02-27,email,generico,1300,1
613287,3007891,2025-12-02,push,descuento,3300,0
613288,3007892,2025-03-05,sms,descuento,1500,0
613289,3007894,2025-10-24,push,cashback,2600,0
613290,3007895,2025-11-24,push,cashback,1800,0
613291,3007898,2025-03-29,email,cashback,600,0
613292,3007898,2025-11-09,email,descuento,2800,0
613293,3007899,2025-03-16,push,generico,3000,0
613294,3007899,2025-01-14,email,cashback,1200,0
613295,3007900,2025-04-13,email,descuento,3500,0
613296,3007900,2025-02-25,push,cashback,2600,0
613297,3007900,2025-10-19,email,descuento,1200,0
613298,3007900,2025-03-28,push,cashback,3100,0
613299,3007901,2025-12-07,push,cashback,1700,0
613300,3007901,2025-06-28,push,cashback,1400,0
613301,3007902,2025-12-13,email,cashback,2400,1
613302,3007902,2026-01-03,sms,generico,1100,0
613303,3007903,2025-06-01,sms,generico,2000,0
613304,3007903,2025-04-19,email,upgrade_credito,3000,0
613305,3007904,2025-08-04,email,generico,2000,0
613306,3007904,2025-07-30,push,cashback,900,0
613307,3007906,2025-09-28,push,upgrade_credito,500,0
613308,3007906,2025-10-16,push,generico,2600,0
613309,3007907,2026-03-07,email,descuento,3700,0
613310,3007908,2025-07-13,push,generico,600,0
613311,3007908,2025-02-12,email,generico,2400,0
613312,3007908,2025-01-06,sms,upgrade_credito,3800,0
613313,3007909,2025-04-20,sms,generico,3700,0
613314,3007909,2025-01-26,push,upgrade_credito,3400,0
613315,3007909,2025-07-17,email,descuento,600,0
613316,3007910,2025-06-27,email,cashback,2400,0
613317,3007910,2025-02-08,sms,descuento,4000,0
613318,3007912,2026-01-09,push,descuento,1200,1
613319,3007912,2025-03-17,email,descuento,3000,0
613320,3007912,2025-03-18,push,cashback,3600,0
613321,3007913,2025-06-11,push,descuento,1400,0
613322,3007914,2025-08-19,push,generico,2600,0
613323,3007915,2025-07-08,push,descuento,2500,0
613324,3007915,2026-01-24,email,cashback,2200,0
613325,3007916,2025-10-01,push,cashback,3900,0
613326,3007916,2025-02-14,push,cashback,3000,1
613327,3007916,2026-03-11,email,cashback,1200,1
613328,3007918,2025-07-16,email,upgrade_credito,1200,0
613329,3007918,2025-02-05,email,generico,1400,0
613330,3007918,2026-01-28,sms,descuento,700,0
613331,3007918,2025-12-05,push,generico,1200,0
613332,3007919,2025-07-30,push,cashback,600,0
613333,3007919,2026-01-14,push,descuento,1000,0
613334,3007919,2026-03-13,push,upgrade_credito,2300,0
613335,3007920,2025-11-03,email,generico,3100,0
613336,3007923,2025-04-24,sms,cashback,3100,0
613337,3007923,2026-01-05,push,cashback,2500,1
613338,3007923,2025-11-03,push,cashback,3000,0
613339,3007923,2025-12-14,push,upgrade_credito,1300,0
613340,3007924,2025-01-30,push,generico,1600,0
613341,3007924,2025-08-23,push,descuento,1200,0
613342,3007925,2025-02-28,push,descuento,1200,1
613343,3007925,2025-10-26,push,upgrade_credito,1100,0
613344,3007926,2025-01-03,push,cashback,1300,1
613345,3007927,2025-09-14,push,cashback,1100,0
613346,3007927,2026-01-24,sms,descuento,1600,1
613347,3007927,2025-07-12,push,cashback,1200,0
613348,3007927,2025-04-05,email,cashback,1100,0
613349,3007928,2025-03-12,sms,cashback,1300,1
613350,3007930,2025-10-12,push,cashback,2400,0
613351,3007930,2025-05-17,email,upgrade_credito,1500,0
613352,3007931,2025-11-07,email,cashback,1000,0
613353,3007931,2025-12-10,email,cashback,3400,0
613354,3007932,2025-11-19,push,generico,2200,0
613355,3007932,2025-02-27,sms,cashback,3100,0
613356,3007932,2025-11-10,push,generico,2500,0
613357,3007933,2025-01-20,sms,cashback,1700,1
613358,3007933,2025-09-12,push,descuento,1100,0
613359,3007933,2025-11-28,push,upgrade_credito,2800,0
613360,3007934,2025-08-05,sms,cashback,1800,0
613361,3007934,2026-01-29,email,cashback,3200,0
613362,3007934,2025-07-01,push,descuento,3400,1
613363,3007934,2025-01-13,email,descuento,600,0
613364,3007935,2026-02-04,email,generico,1800,0
613365,3007936,2025-01-05,push,cashback,2700,0
613366,3007937,2025-04-10,push,generico,3700,0
613367,3007938,2025-01-25,email,descuento,1000,0
613368,3007938,2025-06-27,email,upgrade_credito,1200,0
613369,3007939,2025-03-10,sms,descuento,2500,0
613370,3007939,2025-01-29,email,descuento,500,0
613371,3007940,2025-07-12,email,generico,3000,0
613372,3007941,2025-07-02,email,generico,1500,0
613373,3007943,2025-06-28,push,generico,3600,0
613374,3007943,2025-03-22,email,upgrade_credito,3100,1
613375,3007943,2025-01-04,email,generico,1600,0
613376,3007944,2025-12-28,email,cashback,3400,0
613377,3007944,2025-05-18,sms,descuento,900,0
613378,3007944,2025-04-11,sms,upgrade_credito,1100,0
613379,3007946,2026-02-14,push,descuento,1300,0
613380,3007947,2025-09-23,sms,descuento,3300,1
613381,3007947,2025-01-08,email,generico,4000,0
613382,3007947,2025-11-24,push,upgrade_credito,3600,0
613383,3007948,2025-08-14,email,cashback,3100,0
613384,3007949,2025-01-06,email,upgrade_credito,3900,0
613385,3007949,2025-11-09,email,generico,900,0
613386,3007949,2025-09-28,sms,descuento,1900,0
613387,3007950,2025-08-18,push,descuento,2500,0
613388,3007950,2026-03-10,email,cashback,900,1
613389,3007951,2026-01-14,push,generico,1300,0
613390,3007952,2025-06-19,email,descuento,1500,0
613391,3007952,2026-02-25,push,descuento,3400,0
613392,3007953,2025-05-25,sms,cashback,1200,0
613393,3007953,2025-09-29,email,upgrade_credito,3700,0
613394,3007953,2025-07-10,email,cashback,3300,0
613395,3007957,2025-07-22,email,descuento,3400,0
613396,3007958,2026-01-04,sms,descuento,1100,0
613397,3007958,2025-07-20,email,generico,2900,0
613398,3007958,2025-01-07,push,generico,2100,0
613399,3007959,2025-09-28,push,cashback,3100,0
613400,3007959,2026-01-02,push,descuento,3300,0
613401,3007960,2025-09-01,sms,cashback,2400,0
613402,3007960,2025-08-17,push,upgrade_credito,3900,0
613403,3007960,2025-02-28,sms,generico,2800,0
613404,3007960,2025-07-04,email,cashback,3600,0
613405,3007961,2025-03-29,push,upgrade_credito,2300,0
613406,3007961,2025-01-08,push,generico,2300,0
613407,3007962,2025-11-08,sms,upgrade_credito,3600,0
613408,3007962,2025-11-20,sms,upgrade_credito,2600,1
613409,3007962,2025-09-14,sms,descuento,700,0
613410,3007964,2025-11-05,sms,generico,3600,0
613411,3007965,2025-05-10,push,cashback,2600,1
613412,3007965,2025-06-21,push,generico,1000,0
613413,3007966,2025-09-03,email,descuento,3500,0
613414,3007966,2025-05-21,email,descuento,3100,0
613415,3007967,2025-05-04,email,descuento,1600,0
613416,3007967,2025-10-25,push,upgrade_credito,2900,0
613417,3007968,2025-08-25,push,generico,3000,0
613418,3007968,2025-10-09,email,cashback,1900,0
613419,3007970,2025-01-30,email,generico,1700,0
613420,3007970,2025-12-22,email,upgrade_credito,2100,0
613421,3007970,2025-08-29,sms,generico,1200,0
613422,3007971,2025-09-22,email,descuento,3500,0
613423,3007971,2025-04-30,push,cashback,1700,0
613424,3007971,2025-09-13,push,descuento,1800,0
613425,3007971,2025-02-22,email,upgrade_credito,3300,0
613426,3007972,2025-10-12,email,cashback,2500,0
613427,3007972,2025-03-25,push,descuento,600,0
613428,3007974,2025-01-31,email,generico,1400,0
613429,3007974,2025-11-13,push,cashback,1600,0
613430,3007975,2025-08-22,email,generico,2200,0
613431,3007975,2026-02-24,push,cashback,2600,0
613432,3007976,2025-05-21,push,descuento,3100,0
613433,3007976,2025-10-30,sms,generico,3800,0
613434,3007976,2025-07-15,email,generico,2100,0
613435,3007977,2025-06-07,push,upgrade_credito,3800,0
613436,3007979,2025-02-28,push,cashback,900,0
613437,3007979,2026-02-17,push,descuento,2700,0
613438,3007980,2026-02-15,sms,cashback,1300,0
613439,3007980,2026-01-02,sms,cashback,1400,0
613440,3007980,2025-11-26,push,generico,2300,0
613441,3007980,2025-11-12,email,descuento,3500,0
613442,3007981,2026-02-23,push,generico,3200,0
613443,3007983,2025-11-05,push,cashback,4000,0
613444,3007984,2025-02-19,push,cashback,1700,0
613445,3007984,2025-07-01,email,descuento,2900,0
613446,3007986,2026-02-26,email,cashback,1600,0
613447,3007986,2025-07-30,push,descuento,1000,0
613448,3007987,2025-12-26,email,cashback,1000,0
613449,3007987,2025-01-12,push,generico,2200,0
613450,3007988,2025-10-04,email,cashback,2400,1
613451,3007988,2026-01-22,sms,cashback,1400,0
613452,3007988,2025-06-14,push,cashback,2800,0
613453,3007989,2025-03-09,push,generico,700,0
613454,3007989,2026-01-03,sms,cashback,1500,0
613455,3007990,2025-06-28,push,upgrade_credito,800,0
613456,3007991,2025-07-25,push,descuento,1000,0
613457,3007992,2025-12-24,sms,generico,1300,0
613458,3007992,2026-02-06,push,cashback,600,0
613459,3007994,2025-05-11,email,upgrade_credito,1400,0
613460,3007994,2025-07-25,email,cashback,1600,0
613461,3007995,2025-10-22,push,upgrade_credito,2400,0
613462,3007995,2026-02-09,sms,cashback,3700,0
613463,3007997,2025-07-01,push,cashback,3200,1
613464,3007999,2025-10-27,push,descuento,900,0
613465,3008000,2026-01-09,sms,cashback,2000,0
613466,3008000,2025-06-25,sms,generico,3100,0
613467,3008000,2025-06-19,email,cashback,3600,0
