credito_id,cliente_id,fecha_solicitud,monto_aprobado,plazo_meses,tasa,score_buro,destino,default_90d,dias_mora,monto_recuperado
900001,3000007,2025-10-08,3342000,3,0.0418,538,negocio,0,0,0
900002,3000007,2025-03-29,3589000,6,0.0474,506,consumo,0,0,0
900003,3000010,2025-09-10,2954000,12,0.0451,515,otros,0,0,0
900004,3000012,2025-08-06,1345000,12,0.0433,475,educacion,1,160,393000
900005,3000012,2025-06-02,763000,6,0.0411,451,negocio,0,0,0
900006,3000012,2025-04-17,1039000,12,0.0485,479,negocio,0,0,0
900007,3000014,2026-01-14,604000,24,0.0459,521,educacion,0,0,0
900008,3000015,2026-02-15,954000,12,0.0452,448,consumo,1,141,539000
900009,3000017,2025-03-28,10305000,24,0.0418,649,negocio,1,143,3919000
900010,3000017,2025-08-14,1639000,18,0.0506,587,negocio,0,0,0
900011,3000018,2025-10-24,1601000,3,0.0363,519,consumo,0,0,0
900012,3000023,2026-02-06,2116000,6,0.0413,495,consumo,0,0,0
900013,3000023,2026-01-26,3624000,24,0.055,512,consumo,1,133,2088000
900014,3000025,2025-09-06,2112000,12,0.0389,582,salud,1,154,1041000
900015,3000025,2025-01-24,937000,6,0.0354,529,consumo,0,0,0
900016,3000029,2025-08-20,3742000,36,0.0545,544,consumo,0,0,0
900017,3000041,2025-06-16,274000,18,0.0513,413,consumo,0,0,0
900018,3000042,2025-11-05,20113000,12,0.0354,675,otros,0,0,0
900019,3000042,2025-11-18,20735000,18,0.0463,566,negocio,1,159,9542000
900020,3000048,2026-02-12,5694000,6,0.0321,587,negocio,0,0,0
900021,3000050,2025-06-16,3139000,12,0.04,617,educacion,0,0,0
900022,3000052,2025-01-28,1558000,12,0.041,506,negocio,0,0,0
900023,3000052,2025-03-03,558000,6,0.0418,429,consumo,0,0,0
900024,3000052,2025-12-23,928000,12,0.0511,477,negocio,0,0,0
900025,3000054,2025-11-19,318000,12,0.0478,442,consumo,1,136,162000
900026,3000054,2025-10-20,1480000,3,0.0358,491,negocio,0,0,0
900027,3000058,2025-03-17,13774000,12,0.0526,573,negocio,0,0,0
900028,3000062,2025-09-11,2195000,3,0.037,524,consumo,0,0,0
900029,3000064,2025-10-18,4081000,12,0.042,537,consumo,0,0,0
900030,3000064,2025-11-15,3296000,24,0.0479,576,consumo,0,0,0
900031,3000065,2026-02-13,1354000,24,0.055,343,consumo,1,145,773000
900032,3000065,2025-01-03,1491000,12,0.0456,410,negocio,1,161,434000
900033,3000073,2025-12-30,1590000,12,0.0413,619,educacion,0,0,0
900034,3000077,2025-08-19,10732000,6,0.0329,681,consumo,0,0,0
900035,3000077,2025-04-29,11650000,36,0.0463,748,consumo,0,0,0
900036,3000078,2025-05-23,2626000,6,0.0338,511,consumo,0,0,0
900037,3000082,2026-01-01,6014000,6,0.0411,551,consumo,0,0,0
900038,3000085,2025-01-08,4725000,12,0.0433,550,consumo,0,0,0
900039,3000086,2025-01-05,2e+06,36,0.055,540,negocio,0,0,0
900040,3000090,2026-01-07,37792000,12,0.0442,645,salud,0,0,0
900041,3000090,2025-09-17,26049000,12,0.0363,743,consumo,0,0,0
900042,3000091,2025-11-15,981000,6,0.0383,449,negocio,0,0,0
900043,3000092,2026-02-23,5179000,24,0.0445,518,consumo,0,0,0
900044,3000092,2025-01-01,2417000,6,0.0391,479,negocio,0,0,0
900045,3000099,2025-08-10,1273000,6,0.0379,623,educacion,0,0,0
900046,3000111,2026-02-24,5615000,12,0.0374,584,otros,0,0,0
900047,3000111,2025-11-21,10168000,18,0.0458,499,consumo,1,140,5300000
900048,3000112,2025-06-09,2075000,24,0.0521,577,consumo,0,0,0
900049,3000113,2025-09-16,2708000,12,0.0396,564,negocio,0,0,0
900050,3000115,2025-02-09,1949000,24,0.0469,662,educacion,0,0,0
900051,3000119,2026-01-14,4321000,3,0.0331,606,educacion,0,0,0
900052,3000119,2025-12-24,3161000,12,0.0506,526,salud,0,0,0
900053,3000120,2026-02-15,12731000,3,0.0306,654,consumo,0,0,0
900054,3000122,2025-11-11,8201000,6,0.0316,643,consumo,0,0,0
900055,3000128,2025-03-12,3450000,24,0.0491,547,consumo,0,0,0
900056,3000133,2025-07-11,5523000,12,0.0403,596,consumo,0,0,0
900057,3000135,2025-05-17,3402000,18,0.0495,557,consumo,1,156,813000
900058,3000137,2025-08-29,2213000,3,0.0368,533,otros,0,0,0
900059,3000144,2025-08-14,5220000,18,0.0433,679,negocio,0,0,0
900060,3000147,2025-09-03,746000,24,0.0499,543,otros,0,0,0
900061,3000147,2025-06-28,2378000,24,0.0422,551,educacion,1,139,1505000
900062,3000148,2025-03-20,5430000,3,0.0364,578,negocio,0,0,0
900063,3000148,2026-02-07,5369000,18,0.0411,689,consumo,0,0,0
900064,3000149,2025-12-22,4084000,12,0.0363,588,otros,0,0,0
900065,3000149,2025-06-15,3496000,18,0.0433,625,negocio,0,0,0
900066,3000150,2025-07-05,5400000,24,0.0485,530,salud,0,0,0
900067,3000150,2025-08-13,3278000,36,0.055,583,educacion,0,0,0
900068,3000153,2025-03-24,867000,6,0.0354,548,negocio,0,0,0
900069,3000154,2025-09-17,17294000,24,0.042,688,negocio,0,0,0
900070,3000159,2025-12-27,1877000,6,0.0375,595,consumo,0,0,0
900071,3000160,2026-02-07,9408000,24,0.0449,653,negocio,1,151,4670000
900072,3000165,2025-03-29,4782000,12,0.042,521,negocio,0,0,0
900073,3000165,2025-11-30,1379000,18,0.0505,529,consumo,0,0,0
900074,3000168,2025-10-15,2035000,18,0.0524,479,consumo,0,0,0
900075,3000170,2026-02-14,2669000,12,0.0427,574,consumo,0,0,0
900076,3000171,2026-01-04,5362000,24,0.045,641,consumo,0,0,0
900077,3000174,2025-04-12,2947000,6,0.0411,531,negocio,0,0,0
900078,3000175,2025-09-27,742000,18,0.0496,507,consumo,0,0,0
900079,3000176,2025-07-26,13500000,24,0.0502,615,consumo,0,0,0
900080,3000187,2025-10-25,5360000,6,0.0383,610,negocio,0,0,0
900081,3000188,2025-12-10,4018000,24,0.0451,600,consumo,0,0,0
900082,3000188,2025-10-14,2948000,12,0.0414,487,consumo,0,0,0
900083,3000189,2025-10-03,2017000,3,0.0349,593,otros,0,0,0
900084,3000189,2025-04-03,7174000,18,0.0424,536,negocio,0,0,0
900085,3000189,2025-05-04,5307000,18,0.0425,629,consumo,0,0,0
900086,3000192,2025-07-05,2953000,36,0.055,429,negocio,1,144,1832000
900087,3000192,2025-11-21,3165000,18,0.042,524,educacion,0,0,0
900088,3000193,2025-09-20,8e+05,12,0.0432,538,consumo,0,0,0
900089,3000193,2025-09-02,2667000,6,0.0419,439,consumo,0,0,0
900090,3000194,2025-08-12,9468000,12,0.0415,610,negocio,0,0,0
900091,3000197,2025-08-13,8097000,18,0.0434,643,consumo,0,0,0
900092,3000197,2025-10-10,12123000,6,0.0381,653,otros,0,0,0
900093,3000200,2025-12-17,6587000,12,0.0438,549,educacion,0,0,0
900094,3000203,2025-11-18,1310000,12,0.0501,538,negocio,0,0,0
900095,3000203,2025-11-11,1101000,12,0.0357,512,negocio,0,0,0
900096,3000210,2025-09-24,2579000,12,0.0489,466,consumo,0,0,0
900097,3000210,2025-12-30,2226000,36,0.0544,496,salud,0,0,0
900098,3000213,2025-11-07,8469000,12,0.0307,573,consumo,0,0,0
900099,3000214,2025-07-20,7100000,24,0.0445,551,salud,0,0,0
900100,3000217,2025-09-24,1633000,36,0.055,559,negocio,0,0,0
900101,3000218,2025-01-08,7843000,18,0.0441,613,negocio,0,0,0
900102,3000218,2025-11-24,8029000,24,0.0493,617,otros,0,0,0
900103,3000218,2025-05-20,4911000,12,0.0427,634,negocio,0,0,0
900104,3000219,2025-12-13,1721000,36,0.0476,687,consumo,0,0,0
900105,3000220,2025-08-15,7002000,18,0.0495,533,consumo,0,0,0
900106,3000221,2025-12-03,2974000,3,0.031,631,salud,0,0,0
900107,3000224,2026-01-15,4318000,6,0.039,637,consumo,0,0,0
900108,3000224,2025-06-03,5461000,6,0.0406,546,negocio,0,0,0
900109,3000225,2025-12-13,3057000,12,0.037,553,salud,0,0,0
900110,3000225,2026-01-03,2919000,18,0.0445,569,consumo,0,0,0
900111,3000226,2025-12-21,2077000,6,0.0411,526,consumo,0,0,0
900112,3000226,2025-09-06,2121000,18,0.05,538,negocio,0,0,0
900113,3000227,2025-10-19,1711000,6,0.0378,656,consumo,0,0,0
900114,3000227,2025-10-26,5004000,6,0.0396,571,negocio,0,0,0
900115,3000230,2025-05-31,1964000,12,0.0474,503,otros,0,0,0
900116,3000231,2025-05-03,4276000,18,0.046,618,consumo,0,0,0
900117,3000231,2025-08-31,12414000,6,0.0375,593,otros,0,0,0
900118,3000232,2026-02-10,251000,6,0.0495,453,consumo,0,0,0
900119,3000235,2025-12-29,1311000,6,0.0456,523,negocio,0,0,0
900120,3000235,2025-10-18,4316000,12,0.0433,557,consumo,0,0,0
900121,3000237,2026-02-16,994000,24,0.055,493,salud,0,0,0
900122,3000240,2025-11-01,4136000,12,0.042,578,negocio,0,0,0
900123,3000240,2025-12-04,1422000,3,0.0402,488,consumo,0,0,0
900124,3000243,2026-01-12,2543000,6,0.0405,573,consumo,0,0,0
900125,3000244,2025-11-15,4215000,18,0.0481,539,educacion,1,136,2508000
900126,3000249,2025-11-30,5723000,3,0.0333,540,negocio,0,0,0
900127,3000250,2026-02-05,5591000,18,0.0455,582,salud,0,0,0
900128,3000253,2025-12-13,17192000,18,0.0443,607,educacion,0,0,0
900129,3000259,2025-01-05,6962000,36,0.055,570,consumo,0,0,0
900130,3000265,2025-08-12,14007000,24,0.05,672,consumo,0,0,0
900131,3000266,2025-07-27,1909000,24,0.0463,572,educacion,0,0,0
900132,3000272,2025-06-24,9052000,18,0.0436,548,consumo,0,0,0
900133,3000273,2025-04-04,3733000,12,0.0399,551,consumo,0,0,0
900134,3000273,2025-02-21,3606000,18,0.0468,543,negocio,1,152,1326000
900135,3000273,2025-07-15,1571000,12,0.0396,515,consumo,0,0,0
900136,3000274,2025-12-06,11373000,24,0.0447,642,salud,1,141,4319000
900137,3000274,2025-12-09,20157000,12,0.041,656,otros,0,0,0
900138,3000275,2025-02-22,881000,6,0.0417,501,consumo,0,0,0
900139,3000277,2025-06-11,1029000,18,0.0486,537,consumo,1,151,304000
900140,3000279,2025-08-09,4867000,6,0.0405,642,educacion,0,0,0
900141,3000282,2025-05-29,1373000,6,0.0436,502,salud,0,0,0
900142,3000282,2026-01-26,967000,12,0.0514,562,consumo,0,0,0
900143,3000283,2025-11-09,11955000,24,0.0508,554,negocio,0,0,0
900144,3000283,2025-04-29,13346000,3,0.0376,662,consumo,0,0,0
900145,3000284,2025-12-07,2721000,6,0.0406,526,consumo,0,0,0
900146,3000292,2025-07-25,5669000,36,0.0483,686,consumo,0,0,0
900147,3000292,2025-07-26,9890000,18,0.0483,614,salud,0,0,0
900148,3000298,2025-04-28,3141000,24,0.053,538,consumo,0,0,0
900149,3000298,2025-07-12,1402000,18,0.052,482,consumo,0,0,0
900150,3000298,2025-12-28,609000,18,0.0502,501,otros,0,0,0
900151,3000304,2025-09-17,5391000,18,0.0524,512,negocio,0,0,0
900152,3000304,2025-05-14,7806000,6,0.033,594,negocio,0,0,0
900153,3000305,2025-10-30,962000,6,0.0363,526,negocio,0,0,0
900154,3000305,2025-07-29,1343000,6,0.0383,518,otros,1,141,760000
900155,3000309,2025-08-03,1088000,3,0.0373,459,otros,0,0,0
900156,3000309,2026-01-14,2132000,18,0.0516,494,negocio,0,0,0
900157,3000311,2025-02-01,6045000,12,0.044,589,educacion,0,0,0
900158,3000311,2025-09-30,1580000,36,0.055,574,salud,0,0,0
900159,3000315,2025-09-11,1700000,24,0.055,459,otros,1,146,951000
900160,3000316,2025-10-07,4861000,18,0.0429,542,consumo,0,0,0
900161,3000319,2025-06-21,808000,12,0.0431,601,consumo,0,0,0
900162,3000322,2025-09-14,5913000,24,0.0498,595,negocio,0,0,0
900163,3000322,2025-10-22,7912000,36,0.0541,575,negocio,0,0,0
900164,3000323,2025-12-30,5734000,36,0.052,574,consumo,0,0,0
900165,3000325,2025-11-19,3383000,12,0.0466,594,consumo,0,0,0
900166,3000325,2025-11-23,2491000,12,0.0476,581,negocio,0,0,0
900167,3000331,2026-01-13,705000,12,0.0513,423,negocio,0,0,0
900168,3000347,2025-10-20,1167000,6,0.0443,445,negocio,0,0,0
900169,3000347,2025-08-20,2721000,18,0.0534,413,consumo,0,0,0
900170,3000350,2025-12-24,6228000,3,0.0309,594,otros,0,0,0
900171,3000356,2025-08-27,2271000,3,0.0354,572,consumo,0,0,0
900172,3000356,2025-03-02,2071000,24,0.0492,508,consumo,0,0,0
900173,3000358,2025-12-23,2078000,18,0.0536,469,negocio,0,0,0
900174,3000360,2025-09-02,4406000,24,0.0455,536,consumo,0,0,0
900175,3000361,2025-10-03,1491000,12,0.0404,622,educacion,0,0,0
900176,3000364,2025-05-25,1480000,12,0.0482,563,consumo,0,0,0
900177,3000365,2025-10-13,750000,18,0.0449,477,negocio,0,0,0
900178,3000365,2026-01-10,916000,24,0.0547,504,negocio,1,154,206000
900179,3000372,2026-02-13,5753000,6,0.0385,618,consumo,0,0,0
900180,3000372,2026-02-22,4696000,18,0.0451,677,consumo,0,0,0
900181,3000373,2025-05-02,4986000,12,0.0407,565,consumo,0,0,0
900182,3000373,2026-02-01,4301000,18,0.0378,710,consumo,0,0,0
900183,3000374,2025-12-01,734000,12,0.0463,551,consumo,0,0,0
900184,3000374,2025-12-15,2926000,12,0.0438,500,salud,0,0,0
900185,3000375,2025-11-03,5431000,18,0.0402,623,consumo,0,0,0
900186,3000375,2025-05-10,10030000,3,0.0404,576,negocio,0,0,0
900187,3000385,2026-02-22,7368000,18,0.055,483,negocio,0,0,0
900188,3000390,2025-12-15,2834000,6,0.0323,616,consumo,0,0,0
900189,3000393,2026-01-31,10075000,24,0.055,549,consumo,0,0,0
900190,3000394,2026-01-16,806000,18,0.055,469,consumo,0,0,0
900191,3000394,2025-11-07,621000,6,0.0434,471,otros,0,0,0
900192,3000396,2025-09-08,9550000,12,0.035,554,negocio,0,0,0
900193,3000397,2025-03-31,3415000,3,0.0347,468,salud,0,0,0
900194,3000403,2025-10-27,3533000,3,0.0382,594,educacion,0,0,0
900195,3000410,2026-01-14,6261000,36,0.0529,584,consumo,0,0,0
900196,3000411,2025-09-09,1562000,12,0.0487,548,negocio,0,0,0
900197,3000417,2025-01-27,4573000,36,0.055,576,negocio,1,158,1363000
900198,3000419,2025-04-14,7073000,18,0.0465,601,otros,0,0,0
900199,3000420,2025-11-24,4318000,24,0.0446,560,consumo,1,150,991000
900200,3000420,2026-01-28,5666000,12,0.042,581,consumo,1,141,2576000
900201,3000421,2025-08-06,3271000,24,0.0523,487,salud,0,0,0
900202,3000421,2026-01-10,1362000,12,0.053,432,otros,0,0,0
900203,3000424,2025-04-07,11547000,6,0.0435,595,negocio,0,0,0
900204,3000424,2025-02-09,11214000,6,0.0301,658,salud,0,0,0
900205,3000424,2025-02-01,3554000,18,0.0437,575,salud,0,0,0
900206,3000427,2025-08-13,4699000,6,0.046,494,educacion,0,0,0
900207,3000427,2025-09-15,759000,12,0.0423,530,salud,0,0,0
900208,3000428,2025-07-08,1401000,36,0.0538,515,negocio,0,0,0
900209,3000430,2025-07-03,1678000,36,0.055,567,educacion,0,0,0
900210,3000430,2025-08-22,1717000,6,0.0419,540,consumo,0,0,0
900211,3000436,2026-01-18,640000,18,0.0494,520,consumo,0,0,0
900212,3000439,2026-02-06,375000,3,0.0447,464,consumo,0,0,0
900213,3000440,2025-08-17,5395000,18,0.0403,544,consumo,0,0,0
900214,3000446,2025-04-07,3702000,18,0.0406,633,otros,0,0,0
900215,3000450,2025-06-30,2192000,12,0.0379,559,salud,0,0,0
900216,3000450,2025-07-12,4392000,18,0.0497,602,negocio,0,0,0
900217,3000454,2025-11-19,4803000,18,0.0486,581,educacion,0,0,0
900218,3000454,2025-10-03,4993000,18,0.0471,481,consumo,0,0,0
900219,3000454,2025-01-15,4163000,6,0.0335,582,educacion,0,0,0
900220,3000456,2025-04-26,1850000,3,0.0385,556,salud,0,0,0
900221,3000456,2025-10-18,2018000,6,0.0398,592,negocio,0,0,0
900222,3000460,2025-11-19,4091000,3,0.0382,567,consumo,1,151,1772000
900223,3000460,2025-11-14,1371000,6,0.0388,539,negocio,0,0,0
900224,3000461,2026-01-25,4057000,12,0.0298,674,negocio,0,0,0
900225,3000461,2025-07-27,2398000,6,0.0368,567,educacion,1,153,674000
900226,3000471,2025-06-15,3004000,24,0.0504,527,negocio,1,145,1694000
900227,3000473,2025-10-29,9976000,6,0.0379,601,negocio,0,0,0
900228,3000473,2025-01-28,3052000,18,0.0504,547,negocio,0,0,0
900229,3000478,2025-09-30,7613000,24,0.0499,599,consumo,0,0,0
900230,3000485,2026-01-26,5200000,18,0.0424,562,salud,0,0,0
900231,3000485,2025-06-20,4952000,24,0.0541,661,consumo,0,0,0
900232,3000485,2025-12-13,7151000,24,0.0486,607,educacion,0,0,0
900233,3000495,2025-03-08,2874000,36,0.0523,548,consumo,0,0,0
900234,3000495,2025-04-02,4630000,3,0.0303,634,salud,0,0,0
900235,3000496,2025-10-25,2559000,18,0.0503,455,consumo,1,147,1251000
900236,3000504,2025-12-15,3804000,3,0.0401,461,educacion,0,0,0
900237,3000504,2026-01-12,2969000,6,0.0442,508,consumo,0,0,0
900238,3000507,2025-08-08,4398000,12,0.0375,663,negocio,0,0,0
900239,3000507,2025-04-30,2657000,12,0.0416,542,negocio,0,0,0
900240,3000510,2025-12-04,4780000,18,0.044,600,consumo,0,0,0
900241,3000510,2025-10-31,6110000,12,0.0398,641,negocio,0,0,0
900242,3000512,2025-05-17,6273000,12,0.0444,618,educacion,0,0,0
900243,3000513,2025-12-27,1724000,12,0.047,466,consumo,1,149,749000
900244,3000516,2025-11-22,8923000,36,0.0515,577,negocio,1,138,5328000
900245,3000517,2025-04-09,9986000,3,0.0326,614,educacion,0,0,0
900246,3000517,2026-02-21,12008000,6,0.0394,630,educacion,0,0,0
900247,3000519,2026-01-01,8432000,12,0.0432,590,consumo,0,0,0
900248,3000520,2025-12-20,6791000,18,0.0454,623,consumo,0,0,0
900249,3000522,2025-09-23,3495000,12,0.0409,591,consumo,0,0,0
900250,3000524,2025-07-10,3707000,12,0.039,569,consumo,0,0,0
900251,3000524,2025-12-30,1106000,36,0.055,546,educacion,0,0,0
900252,3000526,2025-08-13,6991000,18,0.0361,678,consumo,0,0,0
900253,3000527,2026-02-13,9924000,36,0.0533,613,otros,0,0,0
900254,3000532,2025-12-25,635000,36,0.055,406,consumo,0,0,0
900255,3000535,2025-01-12,2547000,36,0.0486,572,consumo,0,0,0
900256,3000535,2025-10-07,4257000,6,0.0394,522,negocio,0,0,0
900257,3000538,2025-11-04,2175000,3,0.0315,655,consumo,0,0,0
900258,3000544,2026-01-15,4581000,24,0.0469,575,consumo,0,0,0
900259,3000548,2026-02-17,2123000,6,0.0375,554,educacion,0,0,0
900260,3000548,2026-01-23,7697000,6,0.0464,565,negocio,0,0,0
900261,3000550,2026-01-10,4453000,6,0.0385,585,consumo,0,0,0
900262,3000550,2026-01-06,5115000,18,0.0366,540,consumo,0,0,0
900263,3000558,2025-08-16,8101000,12,0.0429,674,consumo,0,0,0
900264,3000558,2025-04-25,13921000,6,0.0341,591,consumo,0,0,0
900265,3000564,2025-09-13,273000,18,0.0492,419,negocio,0,0,0
900266,3000564,2025-01-31,675000,18,0.0535,490,consumo,1,155,318000
900267,3000564,2025-09-06,1340000,36,0.055,517,consumo,0,0,0
900268,3000566,2025-02-02,5176000,6,0.0378,587,salud,0,0,0
900269,3000566,2025-03-27,1765000,6,0.0421,522,consumo,0,0,0
900270,3000577,2025-11-12,10074000,18,0.0436,674,salud,0,0,0
900271,3000578,2025-10-24,4616000,12,0.043,578,consumo,0,0,0
900272,3000587,2025-07-30,3884000,6,0.0447,521,otros,0,0,0
900273,3000587,2025-10-08,7716000,12,0.0417,557,salud,0,0,0
900274,3000588,2025-04-01,649000,3,0.0353,515,consumo,0,0,0
900275,3000590,2025-02-22,4501000,18,0.0387,566,consumo,0,0,0
900276,3000590,2025-09-19,4669000,12,0.044,550,otros,0,0,0
900277,3000593,2026-02-02,9383000,24,0.0427,647,salud,0,0,0
900278,3000597,2025-04-16,3372000,24,0.0483,737,consumo,0,0,0
900279,3000598,2025-05-29,814000,3,0.0353,469,negocio,0,0,0
900280,3000598,2025-07-03,878000,18,0.0515,454,negocio,1,158,512000
900281,3000601,2025-04-11,1509000,18,0.0472,505,otros,1,154,319000
900282,3000601,2025-01-27,1977000,12,0.045,492,negocio,0,0,0
900283,3000603,2025-12-29,4387000,12,0.0421,640,otros,0,0,0
900284,3000606,2025-08-26,2265000,18,0.0497,503,consumo,0,0,0
900285,3000606,2026-01-23,3293000,24,0.0433,559,negocio,0,0,0
900286,3000607,2025-10-04,4397000,3,0.0359,525,otros,0,0,0
900287,3000607,2026-01-13,4931000,24,0.055,554,otros,0,0,0
900288,3000608,2025-10-15,4614000,36,0.0507,641,consumo,0,0,0
900289,3000608,2025-05-03,3137000,6,0.0374,474,negocio,0,0,0
900290,3000614,2026-02-14,3361000,12,0.0502,458,educacion,0,0,0
900291,3000616,2026-01-28,11291000,12,0.0369,646,negocio,0,0,0
900292,3000616,2026-01-31,2793000,6,0.032,600,consumo,0,0,0
900293,3000617,2025-03-04,4241000,12,0.0501,549,salud,1,160,1897000
900294,3000618,2025-06-28,2839000,18,0.0401,598,consumo,1,161,1240000
900295,3000624,2026-01-15,4884000,36,0.055,605,educacion,0,0,0
900296,3000624,2025-06-04,7151000,12,0.0396,528,educacion,0,0,0
900297,3000627,2025-03-15,4815000,6,0.0418,608,salud,0,0,0
900298,3000629,2025-08-24,7649000,18,0.0417,595,otros,1,150,2306000
900299,3000635,2025-04-16,682000,12,0.0464,583,consumo,0,0,0
900300,3000635,2025-03-18,1926000,12,0.0353,518,consumo,0,0,0
900301,3000642,2025-11-15,2315000,18,0.044,490,consumo,0,0,0
900302,3000645,2026-01-22,2079000,12,0.0439,510,educacion,0,0,0
900303,3000645,2026-01-06,732000,12,0.0435,542,consumo,0,0,0
900304,3000647,2025-09-11,1329000,18,0.0481,470,otros,0,0,0
900305,3000655,2026-01-10,3508000,12,0.0431,502,consumo,1,156,1983000
900306,3000656,2025-10-28,3074000,12,0.0386,590,negocio,0,0,0
900307,3000657,2026-02-11,3281000,3,0.0406,467,consumo,0,0,0
900308,3000657,2026-02-15,1868000,24,0.055,596,consumo,0,0,0
900309,3000659,2025-10-06,1544000,18,0.0536,467,educacion,0,0,0
900310,3000659,2025-10-21,2051000,3,0.0368,553,educacion,0,0,0
900311,3000661,2025-12-17,5323000,6,0.038,599,consumo,0,0,0
900312,3000661,2025-12-04,3624000,12,0.0481,512,consumo,0,0,0
900313,3000665,2025-06-09,812000,12,0.0513,475,consumo,1,167,444000
900314,3000666,2026-02-10,16276000,6,0.0381,548,consumo,0,0,0
900315,3000666,2026-02-22,20570000,18,0.0504,631,educacion,0,0,0
900316,3000667,2025-03-13,5744000,24,0.044,552,otros,1,156,3089000
900317,3000675,2026-02-24,2187000,24,0.0486,570,consumo,0,0,0
900318,3000675,2026-02-23,2152000,3,0.0348,510,negocio,0,0,0
900319,3000685,2025-05-25,5703000,36,0.055,587,negocio,0,0,0
900320,3000685,2025-11-13,2268000,12,0.0507,625,negocio,0,0,0
900321,3000685,2025-07-08,3249000,3,0.0335,571,negocio,0,0,0
900322,3000689,2026-01-19,6575000,12,0.0385,608,educacion,0,0,0
900323,3000690,2025-05-13,4278000,24,0.0536,503,salud,0,0,0
900324,3000693,2025-02-28,1191000,18,0.0417,627,consumo,0,0,0
900325,3000693,2025-07-01,5558000,3,0.0326,588,consumo,0,0,0
900326,3000694,2025-05-06,1709000,12,0.0369,602,educacion,0,0,0
900327,3000694,2025-10-11,4040000,24,0.0434,590,educacion,0,0,0
900328,3000696,2025-08-04,3619000,3,0.0341,497,consumo,0,0,0
900329,3000696,2025-09-22,8200000,12,0.0454,604,otros,0,0,0
900330,3000698,2025-08-24,11713000,3,0.0297,618,negocio,0,0,0
900331,3000709,2025-04-03,1670000,12,0.0497,483,consumo,0,0,0
900332,3000713,2025-08-01,7693000,18,0.0539,550,otros,0,0,0
900333,3000716,2025-10-26,2440000,18,0.0419,594,negocio,0,0,0
900334,3000722,2025-07-20,6056000,36,0.0476,662,salud,0,0,0
900335,3000723,2025-12-18,14118000,12,0.0355,620,consumo,0,0,0
900336,3000729,2026-02-14,2292000,12,0.0454,426,salud,1,157,905000
900337,3000729,2026-02-17,1295000,18,0.0422,550,educacion,0,0,0
900338,3000731,2025-03-24,1337000,12,0.0411,610,consumo,0,0,0
900339,3000740,2025-08-08,2032000,12,0.0345,697,otros,0,0,0
900340,3000741,2025-03-05,7612000,18,0.0424,636,negocio,0,0,0
900341,3000741,2025-06-05,2931000,18,0.0455,545,educacion,0,0,0
900342,3000743,2026-02-22,8257000,18,0.0436,625,otros,0,0,0
900343,3000744,2025-12-25,1429000,18,0.0434,554,salud,0,0,0
900344,3000746,2026-01-15,2393000,18,0.0386,557,consumo,0,0,0
900345,3000749,2026-02-26,4518000,3,0.0385,584,negocio,0,0,0
900346,3000749,2025-06-16,3440000,6,0.0478,533,consumo,0,0,0
900347,3000755,2025-09-30,5808000,24,0.041,664,negocio,1,156,3220000
900348,3000757,2025-08-06,1348000,12,0.0467,463,negocio,1,150,656000
900349,3000762,2025-11-28,2291000,24,0.0523,514,consumo,0,0,0
900350,3000762,2025-12-03,6330000,12,0.0379,589,educacion,0,0,0
900351,3000766,2025-06-30,2467000,12,0.0443,607,negocio,0,0,0
900352,3000766,2025-12-01,1486000,3,0.0415,618,salud,0,0,0
900353,3000766,2025-10-12,4481000,12,0.035,542,consumo,0,0,0
900354,3000767,2026-02-02,2378000,6,0.0416,597,otros,0,0,0
900355,3000767,2026-02-10,917000,12,0.0402,603,consumo,0,0,0
900356,3000769,2025-11-23,6273000,12,0.04,594,consumo,0,0,0
900357,3000772,2025-10-14,1609000,24,0.055,485,negocio,0,0,0
900358,3000775,2025-12-30,5738000,12,0.0409,548,educacion,0,0,0
900359,3000782,2025-04-22,576000,36,0.055,467,salud,0,0,0
900360,3000783,2026-01-19,7264000,12,0.0453,510,negocio,0,0,0
900361,3000783,2026-02-02,2842000,6,0.0393,654,educacion,0,0,0
900362,3000785,2025-07-30,699000,36,0.0507,635,otros,0,0,0
900363,3000786,2026-02-27,5960000,24,0.0494,542,consumo,0,0,0
900364,3000786,2025-07-20,3756000,18,0.0432,650,otros,0,0,0
900365,3000786,2025-04-10,2616000,12,0.0423,600,consumo,0,0,0
900366,3000789,2025-09-20,1115000,12,0.0356,602,consumo,0,0,0
900367,3000791,2025-12-28,5758000,24,0.0529,463,salud,0,0,0
900368,3000791,2026-01-19,1013000,6,0.0449,462,salud,0,0,0
900369,3000792,2025-07-09,2309000,12,0.0395,569,negocio,0,0,0
900370,3000795,2025-05-02,4956000,18,0.039,624,salud,0,0,0
900371,3000797,2025-04-15,9278000,36,0.0501,656,educacion,0,0,0
900372,3000798,2025-06-21,3100000,3,0.0371,579,educacion,1,156,1679000
900373,3000798,2025-08-17,10457000,36,0.0548,637,consumo,1,144,5377000
900374,3000799,2025-10-02,2355000,36,0.055,571,negocio,0,0,0
900375,3000799,2025-08-12,446000,12,0.0432,548,educacion,1,144,192000
900376,3000805,2025-10-22,16272000,12,0.0434,581,consumo,0,0,0
900377,3000806,2025-08-23,2983000,36,0.055,707,negocio,0,0,0
900378,3000807,2025-05-06,9447000,24,0.0445,647,consumo,0,0,0
900379,3000815,2025-03-14,11953000,12,0.0443,692,otros,0,0,0
900380,3000818,2025-07-11,5278000,36,0.055,593,consumo,0,0,0
900381,3000827,2025-06-15,1358000,6,0.0516,459,consumo,0,0,0
900382,3000828,2025-05-16,4398000,36,0.0509,551,consumo,0,0,0
900383,3000829,2026-02-14,6587000,24,0.0547,518,otros,0,0,0
900384,3000830,2025-03-17,8510000,12,0.0418,630,consumo,0,0,0
900385,3000830,2026-02-09,8234000,6,0.0432,634,consumo,0,0,0
900386,3000831,2025-08-27,3317000,24,0.047,600,consumo,0,0,0
900387,3000833,2025-11-20,3958000,12,0.0431,568,salud,0,0,0
900388,3000838,2025-02-11,440000,12,0.0438,534,negocio,0,0,0
900389,3000838,2025-02-06,435000,24,0.047,460,salud,0,0,0
900390,3000851,2025-12-05,14538000,12,0.0319,628,consumo,0,0,0
900391,3000853,2026-01-02,2139000,12,0.0498,463,consumo,1,155,806000
900392,3000853,2025-07-15,1527000,12,0.0447,554,educacion,0,0,0
900393,3000853,2025-07-12,1771000,6,0.0358,586,consumo,0,0,0
900394,3000859,2026-02-10,715000,6,0.035,567,consumo,0,0,0
900395,3000859,2025-12-12,2809000,18,0.0502,529,consumo,0,0,0
900396,3000863,2025-08-28,4573000,12,0.0413,589,consumo,0,0,0
900397,3000863,2026-01-09,4437000,12,0.0468,543,consumo,0,0,0
900398,3000866,2025-03-07,2576000,6,0.039,578,consumo,0,0,0
900399,3000866,2025-12-29,3195000,36,0.055,539,consumo,0,0,0
900400,3000866,2025-05-11,2958000,12,0.0384,474,educacion,0,0,0
900401,3000867,2025-10-09,3403000,6,0.0438,509,salud,1,159,1026000
900402,3000867,2025-03-01,5303000,6,0.0357,513,consumo,0,0,0
900403,3000868,2025-02-13,2658000,24,0.0465,569,negocio,1,149,569000
900404,3000870,2026-01-19,6867000,18,0.04,609,salud,0,0,0
900405,3000870,2025-03-19,11659000,12,0.041,556,educacion,0,0,0
900406,3000871,2025-02-20,1507000,6,0.0351,610,negocio,0,0,0
900407,3000871,2026-01-07,6811000,36,0.0538,609,otros,0,0,0
900408,3000872,2025-10-13,2228000,6,0.0421,524,consumo,1,141,890000
900409,3000874,2025-10-13,3643000,12,0.0432,545,negocio,0,0,0
900410,3000875,2025-12-24,1348000,12,0.0424,619,salud,0,0,0
900411,3000875,2026-02-18,3360000,18,0.0481,552,negocio,0,0,0
900412,3000876,2025-07-01,14226000,12,0.0443,584,negocio,0,0,0
900413,3000876,2025-03-25,14967000,24,0.0467,583,otros,0,0,0
900414,3000877,2025-06-25,5277000,24,0.0503,549,consumo,1,153,2485000
900415,3000878,2025-07-01,5028000,12,0.0416,598,educacion,0,0,0
900416,3000884,2026-02-10,3464000,24,0.0515,532,consumo,0,0,0
900417,3000889,2025-03-25,3738000,18,0.0405,599,educacion,0,0,0
900418,3000889,2025-01-20,1757000,24,0.0504,591,consumo,0,0,0
900419,3000893,2025-02-12,8454000,18,0.0498,536,consumo,0,0,0
900420,3000893,2025-12-31,7048000,36,0.055,558,otros,0,0,0
900421,3000893,2025-03-26,8771000,12,0.0377,615,negocio,0,0,0
900422,3000900,2025-02-15,10408000,18,0.0486,540,consumo,0,0,0
900423,3000900,2026-02-19,5083000,12,0.0403,636,consumo,1,148,1638000
900424,3000901,2025-01-21,3875000,12,0.0432,548,negocio,1,156,1321000
900425,3000903,2025-10-14,2281000,18,0.0433,565,consumo,0,0,0
900426,3000905,2025-07-11,721000,18,0.0436,565,salud,0,0,0
900427,3000908,2026-01-17,6559000,6,0.0298,592,consumo,0,0,0
900428,3000908,2025-12-13,5831000,18,0.0486,549,salud,0,0,0
900429,3000912,2025-08-07,6141000,3,0.0378,628,negocio,0,0,0
900430,3000914,2025-11-29,7104000,6,0.0402,508,consumo,0,0,0
900431,3000915,2025-06-12,3217000,12,0.0383,616,salud,0,0,0
900432,3000916,2025-01-21,6898000,6,0.0385,527,consumo,1,149,1500000
900433,3000918,2025-06-07,11374000,18,0.0496,618,consumo,0,0,0
900434,3000925,2025-03-01,1010000,24,0.0517,489,otros,0,0,0
900435,3000927,2026-02-08,5837000,12,0.0385,535,consumo,0,0,0
900436,3000927,2026-01-19,7287000,6,0.0434,543,negocio,1,156,2127000
900437,3000929,2025-06-11,8716000,3,0.0295,695,otros,0,0,0
900438,3000929,2025-10-29,4685000,24,0.0354,688,negocio,0,0,0
900439,3000931,2026-01-31,959000,36,0.055,596,consumo,0,0,0
900440,3000932,2025-11-01,624000,3,0.0421,533,otros,0,0,0
900441,3000932,2026-02-17,967000,18,0.051,511,consumo,0,0,0
900442,3000934,2025-01-26,2214000,36,0.055,557,salud,0,0,0
900443,3000934,2025-06-01,1721000,18,0.0502,439,consumo,0,0,0
900444,3000935,2025-02-16,1005000,18,0.0435,642,otros,0,0,0
900445,3000935,2025-04-12,3938000,3,0.0339,610,educacion,0,0,0
900446,3000935,2025-10-15,3581000,12,0.0371,617,consumo,1,153,811000
900447,3000942,2025-02-01,1335000,18,0.0478,504,negocio,0,0,0
900448,3000947,2025-12-07,19719000,6,0.0323,645,negocio,0,0,0
900449,3000953,2025-02-06,247000,12,0.0452,486,consumo,1,150,120000
900450,3000961,2026-02-23,1317000,18,0.0493,466,consumo,1,156,287000
900451,3000962,2025-06-06,1061000,6,0.0339,477,consumo,1,144,459000
900452,3000966,2025-07-03,2262000,24,0.0528,468,consumo,1,146,1168000
900453,3000967,2025-02-13,8166000,3,0.0449,534,educacion,0,0,0
900454,3000968,2025-01-22,2280000,12,0.0435,578,consumo,0,0,0
900455,3000968,2025-04-02,12795000,36,0.055,522,consumo,0,0,0
900456,3000969,2025-04-07,4018000,3,0.0316,534,consumo,0,0,0
900457,3000970,2026-01-22,7521000,18,0.0314,585,salud,0,0,0
900458,3000972,2025-09-08,853000,12,0.0378,584,consumo,0,0,0
900459,3000972,2025-05-01,3885000,18,0.0508,513,consumo,0,0,0
900460,3000974,2025-03-10,2804000,12,0.033,725,salud,0,0,0
900461,3000974,2025-12-20,1492000,24,0.042,608,consumo,0,0,0
900462,3000976,2025-12-27,1617000,12,0.0444,540,negocio,0,0,0
900463,3000977,2025-01-30,2748000,6,0.046,461,consumo,0,0,0
900464,3000978,2025-12-15,4922000,24,0.055,588,consumo,0,0,0
900465,3000978,2025-07-16,5648000,12,0.0374,603,consumo,0,0,0
900466,3000981,2026-01-31,7086000,24,0.0498,635,salud,1,153,3013000
900467,3000984,2025-11-07,3325000,3,0.0378,507,negocio,0,0,0
900468,3000996,2026-01-17,4551000,12,0.041,606,consumo,0,0,0
900469,3000996,2025-07-15,6860000,6,0.0315,682,educacion,0,0,0
900470,3000999,2025-10-10,4612000,12,0.0354,584,negocio,0,0,0
900471,3001004,2026-02-07,9440000,12,0.0447,570,negocio,0,0,0
900472,3001004,2026-01-30,11009000,6,0.0291,606,negocio,0,0,0
900473,3001007,2025-11-04,2781000,12,0.0404,496,consumo,0,0,0
900474,3001007,2025-04-05,4688000,6,0.0313,605,consumo,0,0,0
900475,3001008,2025-08-24,1602000,24,0.055,486,educacion,1,140,801000
900476,3001008,2026-01-06,668000,6,0.0408,471,consumo,0,0,0
900477,3001011,2025-12-18,4334000,6,0.0395,590,otros,0,0,0
900478,3001013,2026-02-26,4278000,18,0.0458,528,consumo,0,0,0
900479,3001013,2026-02-20,1138000,12,0.0383,580,educacion,0,0,0
900480,3001019,2025-11-17,6187000,12,0.0458,533,negocio,0,0,0
900481,3001019,2025-07-22,6052000,12,0.042,568,salud,0,0,0
900482,3001019,2025-01-30,2855000,6,0.0387,499,educacion,1,148,1784000
900483,3001020,2026-01-27,9869000,24,0.0475,580,consumo,1,144,2191000
900484,3001020,2026-01-09,1940000,24,0.0444,630,otros,0,0,0
900485,3001026,2025-06-22,2878000,6,0.0372,496,consumo,1,152,1439000
900486,3001027,2025-03-16,8828000,24,0.0458,639,consumo,0,0,0
900487,3001028,2025-04-05,2476000,6,0.0343,639,educacion,0,0,0
900488,3001028,2025-06-04,2383000,6,0.0324,527,salud,0,0,0
900489,3001031,2026-01-07,5902000,12,0.0398,634,educacion,0,0,0
900490,3001031,2025-06-04,1759000,12,0.0411,646,educacion,0,0,0
900491,3001031,2026-01-01,7866000,24,0.0438,571,educacion,0,0,0
900492,3001032,2025-10-20,4574000,6,0.0407,580,otros,0,0,0
900493,3001033,2025-01-12,7295000,12,0.038,525,consumo,0,0,0
900494,3001034,2025-06-18,1920000,12,0.0435,501,educacion,0,0,0
900495,3001034,2026-02-27,841000,3,0.0376,578,negocio,0,0,0
900496,3001035,2026-01-13,3752000,6,0.0366,561,consumo,1,146,1696000
900497,3001035,2026-02-20,4495000,36,0.055,562,consumo,0,0,0
900498,3001036,2025-12-05,4624000,12,0.0411,554,consumo,0,0,0
900499,3001041,2025-08-07,9145000,12,0.0366,652,consumo,0,0,0
900500,3001046,2025-01-21,1097000,12,0.0438,555,salud,0,0,0
900501,3001046,2025-05-14,2276000,36,0.055,504,consumo,0,0,0
900502,3001047,2025-08-29,12904000,3,0.0423,657,consumo,0,0,0
900503,3001047,2025-09-08,2131000,18,0.0405,632,consumo,0,0,0
900504,3001057,2026-01-22,3198000,3,0.0326,578,consumo,0,0,0
900505,3001058,2025-12-12,11458000,12,0.0452,587,consumo,0,0,0
900506,3001058,2026-01-06,8451000,6,0.0393,564,salud,0,0,0
900507,3001059,2025-10-27,2024000,3,0.0367,511,consumo,0,0,0
900508,3001059,2026-01-06,815000,18,0.0514,525,consumo,0,0,0
900509,3001060,2026-01-03,1573000,36,0.055,543,educacion,0,0,0
900510,3001061,2025-10-27,9653000,36,0.055,595,negocio,1,155,5792000
900511,3001061,2025-08-18,15134000,3,0.0342,627,negocio,0,0,0
900512,3001069,2025-07-29,1954000,12,0.0478,528,consumo,0,0,0
900513,3001073,2025-12-13,4362000,18,0.0499,573,otros,0,0,0
900514,3001073,2025-12-19,3004000,6,0.0411,559,negocio,1,146,647000
900515,3001074,2025-08-16,4610000,12,0.0423,649,negocio,0,0,0
900516,3001078,2025-04-08,3110000,6,0.0432,537,otros,1,146,1933000
900517,3001079,2025-09-10,1657000,12,0.0403,592,educacion,0,0,0
900518,3001079,2025-04-26,6290000,12,0.0468,537,educacion,0,0,0
900519,3001086,2025-09-02,2529000,12,0.0425,544,consumo,0,0,0
900520,3001086,2025-10-20,3485000,12,0.0458,499,consumo,0,0,0
900521,3001097,2025-01-06,5760000,12,0.0344,635,negocio,0,0,0
900522,3001098,2025-11-22,4942000,3,0.0341,506,consumo,1,161,1729000
900523,3001101,2026-01-07,6606000,18,0.0416,542,negocio,0,0,0
900524,3001101,2025-02-05,3767000,18,0.0448,531,consumo,0,0,0
900525,3001102,2025-06-10,1436000,24,0.055,458,educacion,0,0,0
900526,3001102,2025-01-30,884000,18,0.0487,479,negocio,0,0,0
900527,3001111,2025-05-01,5579000,18,0.0433,561,educacion,1,153,2326000
900528,3001113,2025-11-10,3645000,24,0.0504,543,consumo,1,137,2398000
900529,3001116,2025-12-21,10474000,18,0.0502,634,otros,0,0,0
900530,3001117,2025-07-30,3540000,6,0.055,485,otros,0,0,0
900531,3001118,2025-09-14,4318000,36,0.055,596,consumo,0,0,0
900532,3001119,2025-03-23,7705000,12,0.0423,492,consumo,1,167,3981000
900533,3001119,2025-07-28,1e+06,12,0.0463,524,consumo,0,0,0
900534,3001123,2025-03-13,3235000,18,0.0394,634,consumo,0,0,0
900535,3001134,2025-07-07,2836000,18,0.0522,598,salud,0,0,0
900536,3001137,2025-11-20,3924000,12,0.0399,557,educacion,0,0,0
900537,3001137,2025-11-19,6826000,3,0.0432,506,salud,0,0,0
900538,3001138,2025-01-23,5651000,12,0.0431,544,otros,0,0,0
900539,3001138,2025-03-07,2541000,24,0.0535,523,consumo,0,0,0
900540,3001140,2025-11-06,4205000,24,0.0443,551,educacion,0,0,0
900541,3001142,2025-12-25,2477000,18,0.0455,493,educacion,0,0,0
900542,3001142,2025-11-02,1041000,12,0.0422,499,consumo,0,0,0
900543,3001143,2025-03-01,2336000,12,0.0406,471,otros,0,0,0
900544,3001143,2025-02-19,3574000,6,0.0464,473,consumo,0,0,0
900545,3001144,2025-12-13,5119000,6,0.0378,585,negocio,0,0,0
900546,3001144,2025-11-21,1390000,36,0.055,510,consumo,0,0,0
900547,3001146,2025-09-19,2689000,6,0.0454,502,consumo,1,163,1129000
900548,3001146,2026-01-07,912000,24,0.055,458,consumo,1,150,250000
900549,3001154,2026-02-13,7056000,6,0.0473,556,negocio,0,0,0
900550,3001154,2025-06-18,1172000,18,0.0478,614,consumo,0,0,0
900551,3001155,2025-08-21,1347000,12,0.0442,469,salud,0,0,0
900552,3001157,2025-07-31,726000,36,0.055,468,consumo,0,0,0
900553,3001161,2026-01-28,1535000,6,0.0461,458,consumo,0,0,0
900554,3001161,2025-10-23,4374000,6,0.0343,559,salud,0,0,0
900555,3001164,2026-02-17,7735000,24,0.0435,624,educacion,0,0,0
900556,3001165,2025-10-22,3578000,6,0.0372,496,consumo,0,0,0
900557,3001169,2026-01-10,9156000,36,0.053,664,negocio,0,0,0
900558,3001169,2025-11-22,3967000,12,0.0403,606,negocio,0,0,0
900559,3001169,2025-11-27,4541000,18,0.0437,561,consumo,1,148,1064000
900560,3001171,2025-09-24,3135000,6,0.0357,637,consumo,0,0,0
900561,3001174,2025-05-31,8685000,18,0.0433,613,negocio,0,0,0
900562,3001175,2026-01-08,3511000,18,0.0504,533,negocio,0,0,0
900563,3001184,2025-12-27,4054000,6,0.0418,577,consumo,0,0,0
900564,3001185,2025-09-21,3178000,24,0.0455,534,educacion,0,0,0
900565,3001187,2025-04-22,1422000,12,0.0484,420,salud,0,0,0
900566,3001188,2025-02-02,5834000,6,0.0463,517,otros,1,150,2564000
900567,3001188,2025-10-10,5724000,24,0.0481,558,negocio,0,0,0
900568,3001189,2025-12-27,5478000,24,0.0498,486,negocio,1,155,1910000
900569,3001190,2025-11-24,2018000,6,0.0323,539,consumo,0,0,0
900570,3001190,2025-05-04,3638000,6,0.0462,519,educacion,0,0,0
900571,3001191,2026-01-14,5105000,18,0.0433,581,salud,0,0,0
900572,3001192,2026-01-15,1050000,12,0.0343,522,otros,0,0,0
900573,3001193,2025-06-02,2272000,36,0.055,523,consumo,0,0,0
900574,3001193,2025-06-28,1044000,12,0.0467,435,otros,0,0,0
900575,3001195,2026-01-25,2904000,12,0.0485,564,negocio,1,159,771000
900576,3001198,2025-01-31,2859000,12,0.0427,628,consumo,0,0,0
900577,3001198,2025-03-10,8242000,12,0.0409,649,consumo,0,0,0
900578,3001199,2025-07-02,713000,12,0.0481,429,negocio,0,0,0
900579,3001199,2025-03-15,1934000,12,0.0372,499,educacion,0,0,0
900580,3001205,2026-01-10,489000,18,0.0452,528,salud,0,0,0
900581,3001205,2025-07-17,193000,6,0.0387,408,negocio,0,0,0
900582,3001210,2025-03-02,2812000,24,0.0478,506,salud,0,0,0
900583,3001211,2026-01-16,1500000,12,0.0448,543,consumo,0,0,0
900584,3001212,2025-02-25,3550000,6,0.0442,528,educacion,0,0,0
900585,3001213,2025-12-26,5595000,3,0.0382,562,otros,0,0,0
900586,3001213,2025-12-29,6946000,24,0.0396,586,salud,0,0,0
900587,3001214,2025-08-29,1631000,36,0.055,559,otros,0,0,0
900588,3001214,2025-03-27,1367000,36,0.055,476,educacion,0,0,0
900589,3001217,2025-10-09,4220000,24,0.0412,635,educacion,0,0,0
900590,3001218,2025-08-25,6370000,12,0.0512,522,otros,0,0,0
900591,3001220,2025-05-24,8743000,6,0.0407,564,negocio,0,0,0
900592,3001227,2025-08-13,2743000,6,0.0353,530,salud,0,0,0
900593,3001227,2025-12-06,2371000,12,0.0454,509,consumo,0,0,0
900594,3001235,2026-01-09,1119000,36,0.055,581,salud,0,0,0
900595,3001235,2025-01-24,3478000,12,0.0461,508,salud,0,0,0
900596,3001235,2025-10-23,2894000,3,0.0354,558,educacion,0,0,0
900597,3001236,2026-02-14,13290000,6,0.0367,601,educacion,0,0,0
900598,3001236,2026-02-09,7509000,12,0.0375,632,consumo,0,0,0
900599,3001237,2025-04-10,7210000,24,0.055,521,consumo,1,145,2511000
900600,3001237,2025-10-03,3604000,36,0.055,511,consumo,1,160,2011000
900601,3001240,2025-10-11,2002000,6,0.0456,558,consumo,0,0,0
900602,3001246,2025-05-18,5162000,36,0.0506,645,negocio,0,0,0
900603,3001250,2026-01-14,1557000,24,0.0539,590,salud,0,0,0
900604,3001251,2026-02-16,3238000,24,0.055,554,otros,0,0,0
900605,3001251,2025-02-18,7527000,18,0.046,535,salud,0,0,0
900606,3001253,2025-04-16,3139000,36,0.0543,583,salud,0,0,0
900607,3001257,2026-02-13,10602000,24,0.0478,651,negocio,0,0,0
900608,3001257,2025-03-11,8036000,18,0.048,577,consumo,0,0,0
900609,3001259,2025-04-19,4833000,12,0.0416,478,consumo,1,144,2678000
900610,3001259,2025-06-26,2352000,12,0.0456,478,educacion,0,0,0
900611,3001260,2025-12-05,4534000,6,0.0373,596,educacion,0,0,0
900612,3001263,2025-12-02,3862000,3,0.038,548,educacion,0,0,0
900613,3001263,2025-01-18,4767000,12,0.0398,576,consumo,0,0,0
900614,3001269,2025-12-20,6549000,12,0.038,553,consumo,0,0,0
900615,3001269,2025-04-22,11648000,36,0.0457,622,consumo,0,0,0
900616,3001270,2025-01-13,1983000,18,0.0448,560,negocio,1,140,712000
900617,3001279,2025-11-29,3860000,12,0.0408,488,consumo,0,0,0
900618,3001284,2025-02-09,755000,24,0.0543,464,educacion,0,0,0
900619,3001291,2025-10-02,4670000,12,0.0458,511,consumo,1,151,2263000
900620,3001294,2025-09-18,4326000,18,0.0465,576,salud,0,0,0
900621,3001295,2025-05-29,1334000,36,0.055,527,educacion,0,0,0
900622,3001295,2026-02-28,2284000,18,0.0516,496,salud,0,0,0
900623,3001297,2025-08-01,8518000,12,0.0414,531,consumo,0,0,0
900624,3001303,2025-05-21,4119000,3,0.0348,501,negocio,0,0,0
900625,3001307,2025-06-28,3146000,6,0.0417,556,educacion,0,0,0
900626,3001307,2025-02-18,4995000,6,0.0349,562,negocio,0,0,0
900627,3001310,2025-10-28,4303000,3,0.0312,628,consumo,0,0,0
900628,3001311,2026-01-30,284000,6,0.0478,509,educacion,0,0,0
900629,3001311,2025-04-17,1179000,6,0.0427,438,educacion,0,0,0
900630,3001315,2025-03-09,4692000,6,0.0392,648,educacion,0,0,0
900631,3001315,2025-08-16,855000,24,0.047,604,negocio,0,0,0
900632,3001324,2025-02-28,1479000,3,0.038,576,otros,0,0,0
900633,3001325,2026-02-26,5721000,18,0.0519,490,negocio,0,0,0
900634,3001325,2025-04-24,2611000,3,0.0333,547,salud,0,0,0
900635,3001328,2025-07-17,2875000,24,0.0506,606,consumo,1,147,1447000
900636,3001328,2026-02-27,6160000,12,0.0504,538,educacion,0,0,0
900637,3001329,2025-07-28,6433000,18,0.0476,563,consumo,1,145,3688000
900638,3001332,2025-03-25,2872000,6,0.0349,594,consumo,0,0,0
900639,3001332,2025-08-04,2725000,12,0.0437,630,consumo,0,0,0
900640,3001333,2025-07-10,1146000,24,0.0537,582,consumo,0,0,0
900641,3001333,2025-11-01,2590000,12,0.0402,605,consumo,0,0,0
900642,3001333,2025-09-10,4384000,6,0.037,511,educacion,0,0,0
900643,3001340,2025-03-14,4875000,6,0.0352,509,consumo,0,0,0
900644,3001340,2025-06-12,4417000,12,0.0487,524,educacion,0,0,0
900645,3001343,2025-04-26,7213000,18,0.0455,605,consumo,0,0,0
900646,3001345,2025-10-17,3621000,12,0.0458,516,negocio,0,0,0
900647,3001345,2025-12-23,650000,12,0.0418,574,consumo,0,0,0
900648,3001348,2025-10-24,987000,12,0.0384,526,negocio,0,0,0
900649,3001348,2025-05-20,2463000,36,0.053,484,consumo,1,160,1133000
900650,3001350,2025-01-07,1365000,6,0.039,506,salud,0,0,0
900651,3001350,2026-02-12,1244000,6,0.0464,500,salud,0,0,0
900652,3001355,2025-11-09,4e+06,6,0.0301,681,consumo,0,0,0
900653,3001357,2025-11-14,694000,6,0.0316,555,negocio,0,0,0
900654,3001357,2025-06-19,2189000,6,0.038,581,negocio,0,0,0
900655,3001358,2026-02-19,3119000,18,0.0444,520,negocio,0,0,0
900656,3001364,2025-06-22,4977000,12,0.0418,565,consumo,1,139,1984000
900657,3001364,2025-05-28,5070000,12,0.0393,603,educacion,0,0,0
900658,3001365,2026-02-19,1590000,6,0.0352,532,consumo,0,0,0
900659,3001370,2025-04-23,7407000,3,0.0494,541,consumo,0,0,0
900660,3001387,2025-03-25,4824000,3,0.0345,582,consumo,0,0,0
900661,3001387,2025-06-06,2188000,6,0.0382,528,educacion,0,0,0
900662,3001387,2025-12-01,4874000,6,0.0398,588,negocio,0,0,0
900663,3001390,2025-08-08,16203000,18,0.0485,633,consumo,0,0,0
900664,3001390,2025-01-28,13293000,18,0.0468,632,negocio,0,0,0
900665,3001396,2025-08-24,5011000,24,0.0499,601,consumo,0,0,0
900666,3001396,2025-01-17,1882000,24,0.0452,640,negocio,0,0,0
900667,3001399,2025-09-03,14447000,6,0.0396,733,consumo,0,0,0
900668,3001399,2025-03-26,1899000,18,0.044,623,negocio,0,0,0
900669,3001404,2026-02-26,2619000,18,0.0544,457,otros,0,0,0
900670,3001408,2025-07-01,2482000,3,0.0292,682,otros,0,0,0
900671,3001408,2026-02-13,9460000,36,0.055,606,negocio,0,0,0
900672,3001408,2025-01-18,11390000,12,0.0374,683,consumo,0,0,0
900673,3001409,2025-03-08,5172000,3,0.0407,549,consumo,0,0,0
900674,3001414,2025-06-12,1652000,18,0.055,468,negocio,1,160,396000
900675,3001417,2025-03-06,5583000,3,0.0374,494,consumo,0,0,0
900676,3001423,2025-01-21,9315000,18,0.0478,577,consumo,0,0,0
900677,3001425,2025-09-23,1870000,12,0.0384,666,consumo,0,0,0
900678,3001426,2025-01-25,4065000,12,0.0429,442,educacion,1,162,2298000
900679,3001429,2025-04-28,1286000,18,0.0458,474,consumo,1,146,806000
900680,3001433,2025-11-29,6060000,12,0.0373,600,consumo,0,0,0
900681,3001435,2025-11-17,9792000,12,0.0413,584,consumo,0,0,0
900682,3001435,2026-01-11,9852000,24,0.0417,590,negocio,0,0,0
900683,3001435,2025-06-01,4946000,6,0.0432,588,consumo,1,151,2693000
900684,3001437,2025-10-20,2869000,12,0.0412,541,otros,0,0,0
900685,3001440,2025-12-17,5086000,18,0.046,622,negocio,0,0,0
900686,3001443,2025-09-16,6158000,6,0.0314,599,consumo,0,0,0
900687,3001443,2026-01-04,7349000,12,0.0439,553,educacion,1,146,4485000
900688,3001447,2025-08-10,3109000,6,0.0337,634,consumo,0,0,0
900689,3001447,2026-01-31,2048000,12,0.0447,545,negocio,0,0,0
900690,3001448,2025-12-21,6744000,3,0.0353,591,negocio,0,0,0
900691,3001448,2026-02-05,8199000,3,0.0356,614,negocio,1,155,4273000
900692,3001456,2025-08-21,6589000,18,0.0414,587,consumo,0,0,0
900693,3001458,2025-06-27,6660000,3,0.0421,561,consumo,0,0,0
900694,3001458,2025-06-01,3841000,18,0.0425,620,educacion,0,0,0
900695,3001458,2025-11-16,5827000,18,0.0519,527,salud,1,146,2819000
900696,3001459,2025-02-19,4631000,18,0.0447,550,negocio,0,0,0
900697,3001468,2025-08-21,1454000,12,0.0456,530,educacion,0,0,0
900698,3001471,2025-02-07,2577000,24,0.0415,672,negocio,0,0,0
900699,3001476,2025-04-06,372000,6,0.038,570,otros,0,0,0
900700,3001478,2025-11-21,4941000,6,0.0388,588,otros,0,0,0
900701,3001478,2025-12-20,2996000,12,0.0421,538,consumo,0,0,0
900702,3001479,2025-08-29,1728000,18,0.0381,561,consumo,0,0,0
900703,3001480,2025-09-30,3308000,24,0.0521,501,consumo,0,0,0
900704,3001481,2025-02-19,3452000,12,0.0444,629,salud,0,0,0
900705,3001483,2025-05-27,2794000,3,0.0404,603,negocio,0,0,0
900706,3001483,2025-05-21,1328000,3,0.035,615,educacion,0,0,0
900707,3001483,2026-01-24,2167000,18,0.0426,618,consumo,0,0,0
900708,3001485,2025-03-20,8553000,12,0.0463,559,consumo,0,0,0
900709,3001486,2025-11-25,9754000,6,0.0341,621,negocio,0,0,0
900710,3001487,2025-03-01,881000,24,0.0509,471,consumo,1,141,468000
900711,3001487,2025-03-09,1401000,12,0.0473,432,salud,1,158,322000
900712,3001488,2025-08-12,5028000,24,0.0456,637,consumo,0,0,0
900713,3001488,2025-12-13,7163000,6,0.0359,615,consumo,0,0,0
900714,3001490,2025-10-19,763000,18,0.0526,441,negocio,0,0,0
900715,3001490,2026-02-06,539000,18,0.0539,473,consumo,1,160,175000
900716,3001494,2025-12-19,2935000,18,0.0455,492,consumo,0,0,0
900717,3001498,2025-12-12,4559000,3,0.0382,587,otros,0,0,0
900718,3001501,2025-02-25,3085000,12,0.0525,543,negocio,0,0,0
900719,3001501,2025-05-01,1016000,24,0.0467,593,consumo,0,0,0
900720,3001503,2025-06-29,1344000,18,0.0398,655,consumo,0,0,0
900721,3001506,2025-11-25,2374000,12,0.0451,462,salud,0,0,0
900722,3001506,2025-05-03,745000,12,0.0475,439,otros,0,0,0
900723,3001507,2025-03-01,13724000,12,0.039,658,negocio,0,0,0
900724,3001509,2025-04-04,1484000,36,0.055,675,consumo,0,0,0
900725,3001509,2026-02-04,4235000,6,0.0427,520,negocio,0,0,0
900726,3001511,2025-06-09,1965000,3,0.0411,550,salud,0,0,0
900727,3001513,2025-05-01,2176000,12,0.0485,463,negocio,0,0,0
900728,3001517,2025-03-16,2168000,12,0.0454,567,educacion,0,0,0
900729,3001518,2025-06-07,3650000,12,0.0412,549,consumo,0,0,0
900730,3001518,2025-08-02,1322000,12,0.0427,517,consumo,1,166,398000
900731,3001519,2026-01-07,1781000,12,0.0418,592,consumo,0,0,0
900732,3001519,2025-12-11,6700000,24,0.0447,572,negocio,0,0,0
900733,3001519,2026-01-18,1030000,18,0.0376,587,consumo,0,0,0
900734,3001520,2025-11-04,8132000,18,0.0406,520,negocio,0,0,0
900735,3001522,2026-02-26,5212000,24,0.0468,624,otros,0,0,0
900736,3001523,2026-02-07,9581000,3,0.0368,553,negocio,0,0,0
900737,3001537,2025-04-14,376000,12,0.0482,470,consumo,0,0,0
900738,3001541,2026-01-14,2671000,12,0.0423,523,negocio,0,0,0
900739,3001544,2025-07-02,2504000,6,0.0359,607,negocio,0,0,0
900740,3001545,2025-09-22,1844000,18,0.0448,454,consumo,1,151,1103000
900741,3001545,2025-04-29,4764000,6,0.0429,411,educacion,1,157,2220000
900742,3001549,2026-02-27,1615000,24,0.055,512,educacion,0,0,0
900743,3001551,2025-03-01,6805000,3,0.0386,541,consumo,0,0,0
900744,3001551,2025-12-19,4333000,12,0.0431,565,salud,0,0,0
900745,3001553,2025-08-09,4433000,12,0.0452,512,negocio,0,0,0
900746,3001554,2026-02-22,1075000,6,0.0395,467,educacion,1,150,657000
900747,3001558,2026-02-05,3418000,12,0.0498,442,negocio,0,0,0
900748,3001558,2025-02-04,4659000,3,0.0392,470,consumo,1,152,1528000
900749,3001559,2025-08-12,6611000,12,0.0365,610,otros,0,0,0
900750,3001559,2025-09-20,4432000,24,0.055,523,educacion,0,0,0
900751,3001560,2025-04-09,6509000,24,0.0512,692,negocio,0,0,0
900752,3001560,2025-07-09,7017000,12,0.0414,693,salud,0,0,0
900753,3001562,2026-02-22,609000,12,0.0403,458,consumo,0,0,0
900754,3001562,2026-02-28,2394000,6,0.0478,464,consumo,0,0,0
900755,3001569,2026-01-10,4998000,12,0.0401,572,salud,0,0,0
900756,3001571,2026-01-30,4896000,3,0.0385,533,negocio,0,0,0
900757,3001572,2025-10-05,3759000,12,0.0421,541,negocio,0,0,0
900758,3001580,2025-06-04,6100000,6,0.0378,545,consumo,0,0,0
900759,3001581,2025-03-11,25924000,3,0.0298,757,negocio,0,0,0
900760,3001581,2025-06-19,12095000,36,0.055,613,negocio,0,0,0
900761,3001583,2025-07-23,2734000,36,0.055,533,salud,0,0,0
900762,3001584,2026-01-21,12330000,24,0.0538,633,consumo,0,0,0
900763,3001587,2025-08-24,3972000,12,0.0362,610,consumo,1,152,1644000
900764,3001588,2025-08-07,5587000,3,0.0397,542,otros,0,0,0
900765,3001590,2025-06-21,4427000,12,0.0489,638,consumo,0,0,0
900766,3001590,2025-08-27,7583000,12,0.0432,558,negocio,0,0,0
900767,3001592,2025-06-01,7900000,3,0.0402,569,consumo,0,0,0
900768,3001592,2025-05-05,2318000,6,0.0415,616,consumo,0,0,0
900769,3001593,2025-05-15,4263000,36,0.055,521,salud,0,0,0
900770,3001593,2025-11-23,3881000,36,0.052,609,negocio,0,0,0
900771,3001594,2025-11-23,5419000,6,0.0315,705,consumo,0,0,0
900772,3001594,2025-01-11,5870000,6,0.0332,663,consumo,0,0,0
900773,3001594,2025-08-05,2454000,6,0.0282,614,consumo,0,0,0
900774,3001595,2025-04-12,2634000,24,0.0487,595,salud,0,0,0
900775,3001596,2026-02-16,3444000,12,0.0359,659,consumo,0,0,0
900776,3001596,2025-12-19,4910000,18,0.0464,623,consumo,0,0,0
900777,3001596,2025-12-28,8427000,12,0.0372,565,otros,1,137,4167000
900778,3001598,2025-12-13,2018000,18,0.0422,607,educacion,0,0,0
900779,3001598,2025-12-20,4812000,18,0.0481,533,negocio,0,0,0
900780,3001600,2025-12-07,1192000,6,0.0399,477,otros,0,0,0
900781,3001600,2025-03-11,2550000,18,0.0472,453,negocio,0,0,0
900782,3001602,2025-09-20,10706000,6,0.0318,605,negocio,0,0,0
900783,3001604,2025-12-31,8066000,6,0.0326,594,otros,0,0,0
900784,3001604,2025-10-14,1825000,18,0.0447,631,consumo,0,0,0
900785,3001607,2025-09-24,516000,24,0.055,470,consumo,1,137,311000
900786,3001610,2025-07-06,4905000,24,0.0494,588,negocio,0,0,0
900787,3001613,2025-11-01,775000,12,0.0433,505,negocio,0,0,0
900788,3001613,2026-01-07,3690000,24,0.0454,543,consumo,0,0,0
900789,3001616,2026-01-25,6254000,12,0.0464,595,salud,0,0,0
900790,3001618,2025-05-03,1715000,3,0.0341,513,otros,0,0,0
900791,3001621,2025-10-27,6076000,12,0.0429,610,salud,0,0,0
900792,3001622,2025-12-13,2483000,3,0.0302,505,consumo,1,150,1326000
900793,3001624,2026-02-01,7018000,18,0.0518,567,negocio,0,0,0
900794,3001624,2026-02-14,2695000,24,0.055,534,educacion,0,0,0
900795,3001624,2025-05-18,8226000,6,0.0445,604,salud,0,0,0
900796,3001626,2026-02-18,5542000,3,0.0351,583,consumo,0,0,0
900797,3001626,2025-06-12,5694000,12,0.0474,490,negocio,0,0,0
900798,3001627,2026-01-14,4019000,3,0.0275,604,consumo,1,150,1343000
900799,3001628,2025-12-04,3218000,12,0.0462,488,negocio,1,156,1028000
900800,3001631,2026-02-11,383000,6,0.0431,474,consumo,0,0,0
900801,3001632,2026-02-27,1569000,6,0.0368,498,salud,0,0,0
900802,3001635,2025-12-22,1453000,12,0.0472,542,educacion,0,0,0
900803,3001638,2025-02-15,10885000,18,0.0373,641,negocio,0,0,0
900804,3001638,2025-12-16,2696000,12,0.0368,552,consumo,0,0,0
900805,3001639,2025-08-03,1667000,3,0.0379,481,consumo,0,0,0
900806,3001639,2025-04-20,2796000,18,0.0437,572,negocio,0,0,0
900807,3001645,2025-09-13,18556000,24,0.0494,630,salud,0,0,0
900808,3001645,2025-10-02,19280000,12,0.034,681,consumo,0,0,0
900809,3001645,2026-02-11,12644000,6,0.0301,678,educacion,0,0,0
900810,3001648,2025-06-07,3421000,6,0.0294,638,otros,0,0,0
900811,3001648,2026-02-05,2147000,6,0.0452,533,consumo,0,0,0
900812,3001652,2025-08-18,3982000,36,0.055,584,negocio,0,0,0
900813,3001655,2025-12-12,3200000,12,0.0289,642,negocio,0,0,0
900814,3001655,2025-05-27,3134000,3,0.0343,511,consumo,0,0,0
900815,3001662,2025-04-02,6149000,6,0.0331,599,consumo,1,143,2817000
900816,3001662,2025-06-26,4809000,12,0.0431,525,consumo,0,0,0
900817,3001662,2025-01-29,6645000,6,0.0333,530,salud,0,0,0
900818,3001665,2025-08-05,2164000,12,0.0468,485,consumo,0,0,0
900819,3001666,2025-12-22,1034000,12,0.0408,595,consumo,0,0,0
900820,3001669,2025-02-18,867000,18,0.055,387,consumo,0,0,0
900821,3001670,2025-12-09,3279000,6,0.0417,606,consumo,0,0,0
900822,3001672,2025-05-05,3243000,12,0.0485,548,consumo,0,0,0
900823,3001673,2025-12-19,4237000,6,0.039,592,negocio,0,0,0
900824,3001676,2025-10-11,4892000,18,0.0425,591,consumo,0,0,0
900825,3001678,2025-05-01,495000,12,0.0336,547,consumo,0,0,0
900826,3001679,2025-07-13,571000,12,0.0448,428,salud,0,0,0
900827,3001679,2025-03-25,1976000,18,0.0545,425,consumo,1,163,909000
900828,3001681,2025-07-30,6602000,18,0.0444,591,consumo,1,174,1536000
900829,3001681,2026-01-25,2262000,12,0.0398,619,educacion,0,0,0
900830,3001681,2026-01-28,5680000,3,0.0329,592,negocio,0,0,0
900831,3001690,2025-07-06,1013000,24,0.0517,564,consumo,1,164,204000
900832,3001691,2025-05-01,15672000,6,0.0324,674,otros,0,0,0
900833,3001692,2025-11-26,2451000,12,0.0509,435,consumo,1,146,1125000
900834,3001695,2025-05-07,1224000,6,0.0353,617,consumo,0,0,0
900835,3001696,2025-10-10,2763000,12,0.0457,516,educacion,1,141,1021000
900836,3001698,2025-03-12,7650000,6,0.0356,552,consumo,0,0,0
900837,3001700,2025-11-24,15627000,18,0.0477,595,consumo,0,0,0
900838,3001700,2025-05-15,12514000,18,0.0459,616,consumo,0,0,0
900839,3001709,2026-02-25,6720000,18,0.0451,546,consumo,0,0,0
900840,3001712,2026-01-12,2935000,6,0.0401,534,negocio,0,0,0
900841,3001713,2025-02-11,6990000,6,0.0406,622,educacion,0,0,0
900842,3001722,2026-02-20,8313000,18,0.0423,654,consumo,0,0,0
900843,3001722,2025-03-15,5321000,6,0.0383,625,negocio,0,0,0
900844,3001723,2025-10-11,944000,12,0.0498,474,consumo,0,0,0
900845,3001723,2025-08-08,2172000,6,0.0441,514,negocio,0,0,0
900846,3001725,2025-06-10,5962000,18,0.0539,531,consumo,0,0,0
900847,3001730,2025-08-08,1964000,24,0.0416,605,consumo,0,0,0
900848,3001733,2025-12-23,2748000,3,0.032,601,consumo,0,0,0
900849,3001733,2025-07-06,5655000,12,0.0338,592,negocio,0,0,0
900850,3001736,2025-04-10,5286000,18,0.0363,556,negocio,0,0,0
900851,3001736,2025-12-22,5635000,12,0.0494,531,educacion,0,0,0
900852,3001737,2026-01-23,2510000,12,0.0437,513,consumo,1,156,1461000
900853,3001737,2025-03-07,2280000,12,0.0388,572,negocio,0,0,0
900854,3001740,2025-12-17,987000,18,0.0523,436,consumo,0,0,0
900855,3001743,2025-04-10,5327000,36,0.055,550,consumo,0,0,0
900856,3001744,2025-09-01,4484000,24,0.0415,650,educacion,0,0,0
900857,3001744,2025-11-13,1467000,18,0.0453,548,consumo,0,0,0
900858,3001746,2026-02-25,4235000,3,0.039,575,negocio,0,0,0
900859,3001750,2025-03-29,10374000,12,0.0398,591,consumo,0,0,0
900860,3001754,2025-05-11,5085000,3,0.0369,604,educacion,0,0,0
900861,3001756,2025-01-09,5027000,18,0.0463,600,negocio,0,0,0
900862,3001756,2025-08-20,10804000,6,0.034,599,salud,0,0,0
900863,3001757,2025-06-30,2541000,6,0.04,543,otros,0,0,0
900864,3001763,2025-05-10,535000,18,0.0417,563,negocio,0,0,0
900865,3001768,2026-02-22,1263000,12,0.0389,569,consumo,0,0,0
900866,3001771,2025-09-13,2104000,6,0.0486,459,otros,0,0,0
900867,3001774,2025-08-29,2456000,12,0.0405,541,salud,0,0,0
900868,3001779,2025-05-02,874000,6,0.0372,518,negocio,0,0,0
900869,3001783,2025-07-13,1806000,36,0.0538,589,consumo,0,0,0
900870,3001783,2025-01-30,1537000,6,0.0498,460,educacion,0,0,0
900871,3001784,2025-11-13,12866000,12,0.0358,722,educacion,0,0,0
900872,3001784,2025-08-12,2461000,6,0.0324,624,salud,0,0,0
900873,3001785,2026-01-08,9735000,24,0.0483,619,otros,0,0,0
900874,3001786,2025-10-17,4962000,18,0.0484,501,consumo,1,148,1722000
900875,3001786,2025-04-23,1252000,3,0.0424,504,educacion,0,0,0
900876,3001789,2025-11-06,7171000,12,0.0401,549,consumo,1,148,4067000
900877,3001789,2026-02-12,5331000,6,0.0451,500,negocio,0,0,0
900878,3001790,2025-03-08,1344000,12,0.0381,503,educacion,0,0,0
900879,3001790,2025-05-26,1623000,6,0.0437,603,consumo,1,142,407000
900880,3001791,2025-05-21,7824000,3,0.0375,545,otros,0,0,0
900881,3001801,2025-07-26,3185000,3,0.0406,482,consumo,1,147,1811000
900882,3001801,2025-08-01,2645000,24,0.0507,517,salud,1,163,903000
900883,3001802,2025-03-07,15957000,36,0.0545,659,otros,0,0,0
900884,3001802,2026-02-26,9262000,12,0.038,671,consumo,0,0,0
900885,3001811,2026-01-31,977000,18,0.0512,504,consumo,0,0,0
900886,3001811,2026-01-25,6608000,24,0.0472,581,educacion,0,0,0
900887,3001813,2025-10-20,1176000,12,0.0398,595,negocio,0,0,0
900888,3001813,2025-09-28,890000,6,0.0463,546,salud,0,0,0
900889,3001815,2025-12-30,4669000,12,0.0377,534,consumo,1,157,1547000
900890,3001815,2025-12-24,4423000,12,0.0391,508,salud,0,0,0
900891,3001817,2025-04-10,1061000,24,0.0525,473,consumo,0,0,0
900892,3001817,2025-05-31,444000,24,0.0497,447,consumo,0,0,0
900893,3001817,2025-07-11,792000,36,0.055,422,consumo,1,155,209000
900894,3001819,2025-08-22,5112000,12,0.0401,600,negocio,0,0,0
900895,3001819,2025-01-15,7166000,3,0.0381,548,consumo,0,0,0
900896,3001820,2025-06-25,1790000,3,0.0344,517,consumo,0,0,0
900897,3001823,2025-08-26,713000,36,0.055,552,consumo,0,0,0
900898,3001824,2026-01-06,11297000,12,0.0344,680,negocio,0,0,0
900899,3001826,2025-08-23,4512000,18,0.0436,560,salud,0,0,0
900900,3001828,2025-11-17,3793000,18,0.0445,573,educacion,0,0,0
900901,3001833,2025-06-14,2059000,12,0.0443,527,educacion,1,144,1018000
900902,3001833,2025-08-17,814000,3,0.0389,540,negocio,0,0,0
900903,3001834,2026-01-20,5682000,12,0.0457,470,otros,0,0,0
900904,3001837,2026-01-20,11134000,18,0.0497,578,salud,0,0,0
900905,3001839,2026-01-06,1154000,3,0.0346,551,consumo,0,0,0
900906,3001839,2025-11-13,5427000,18,0.0442,625,consumo,0,0,0
900907,3001840,2025-05-16,2195000,6,0.0403,629,educacion,0,0,0
900908,3001841,2025-09-30,365000,12,0.042,465,negocio,0,0,0
900909,3001841,2025-03-11,374000,18,0.054,427,consumo,0,0,0
900910,3001847,2025-01-29,4062000,3,0.0464,455,salud,0,0,0
900911,3001855,2026-01-23,32109000,18,0.0288,720,educacion,0,0,0
900912,3001857,2025-12-20,4769000,18,0.0497,569,consumo,0,0,0
900913,3001863,2026-02-23,3672000,18,0.0454,508,consumo,0,0,0
900914,3001863,2025-08-19,5215000,24,0.0507,549,negocio,0,0,0
900915,3001863,2025-12-18,5198000,3,0.0356,579,consumo,0,0,0
900916,3001871,2026-02-28,567000,12,0.0476,463,educacion,0,0,0
900917,3001871,2026-02-13,534000,18,0.0547,414,consumo,1,154,128000
900918,3001881,2025-09-22,5750000,3,0.0313,665,consumo,0,0,0
900919,3001882,2025-10-12,7395000,12,0.0349,620,negocio,0,0,0
900920,3001882,2026-01-01,1954000,18,0.0499,714,negocio,0,0,0
900921,3001886,2025-01-03,4407000,24,0.0513,557,consumo,0,0,0
900922,3001886,2025-06-23,1248000,18,0.0466,494,educacion,0,0,0
900923,3001887,2025-10-03,7803000,36,0.055,560,educacion,0,0,0
900924,3001887,2025-08-17,1373000,12,0.046,536,consumo,0,0,0
900925,3001888,2025-08-14,6024000,18,0.0439,570,educacion,0,0,0
900926,3001893,2025-09-24,1625000,3,0.0443,461,consumo,0,0,0
900927,3001893,2025-12-02,465000,24,0.0498,545,educacion,0,0,0
900928,3001895,2025-11-02,5343000,18,0.0461,519,consumo,0,0,0
900929,3001895,2025-11-18,4426000,12,0.0425,556,consumo,0,0,0
900930,3001896,2025-08-11,3013000,12,0.0419,558,consumo,0,0,0
900931,3001899,2025-02-09,2202000,12,0.0466,490,consumo,0,0,0
900932,3001899,2025-11-14,1608000,6,0.0417,435,consumo,0,0,0
900933,3001901,2025-12-23,1907000,18,0.051,568,otros,0,0,0
900934,3001903,2025-08-11,899000,36,0.055,562,educacion,0,0,0
900935,3001904,2025-03-14,7320000,3,0.0397,553,negocio,0,0,0
900936,3001906,2025-11-19,3600000,24,0.0471,511,otros,0,0,0
900937,3001908,2025-09-29,7767000,24,0.055,453,consumo,1,151,3385000
900938,3001908,2025-03-11,4306000,12,0.0445,573,salud,0,0,0
900939,3001910,2025-02-24,2195000,18,0.044,659,educacion,0,0,0
900940,3001910,2025-08-12,6864000,18,0.0477,495,negocio,0,0,0
900941,3001913,2026-01-30,8715000,3,0.0388,569,negocio,0,0,0
900942,3001919,2025-09-17,1533000,12,0.0416,397,negocio,1,160,782000
900943,3001921,2025-10-08,2941000,6,0.0369,514,otros,0,0,0
900944,3001921,2026-01-13,1510000,36,0.055,577,consumo,0,0,0
900945,3001922,2025-07-29,10769000,12,0.0489,551,consumo,1,153,3758000
900946,3001922,2025-07-09,8834000,12,0.0414,580,consumo,0,0,0
900947,3001923,2026-01-14,677000,18,0.0509,499,educacion,0,0,0
900948,3001924,2025-07-10,3290000,24,0.0473,542,consumo,1,146,1471000
900949,3001926,2025-10-29,6641000,12,0.0408,612,salud,0,0,0
900950,3001927,2025-05-13,2302000,6,0.0302,638,negocio,0,0,0
900951,3001928,2025-09-01,2454000,36,0.0541,644,salud,0,0,0
900952,3001928,2026-01-18,2417000,12,0.0415,633,consumo,0,0,0
900953,3001929,2026-02-12,6492000,12,0.0451,639,otros,0,0,0
900954,3001929,2025-10-06,2496000,18,0.0448,654,negocio,0,0,0
900955,3001936,2025-07-24,2136000,3,0.0257,706,educacion,0,0,0
900956,3001936,2025-08-23,5610000,6,0.0364,649,salud,0,0,0
900957,3001938,2026-02-06,632000,3,0.0375,516,educacion,0,0,0
900958,3001938,2025-10-18,1044000,36,0.055,495,consumo,0,0,0
900959,3001940,2025-02-11,3963000,12,0.0404,564,otros,0,0,0
900960,3001941,2025-03-04,7631000,18,0.0503,497,consumo,0,0,0
900961,3001941,2025-12-04,2372000,12,0.0418,412,consumo,1,148,1291000
900962,3001944,2026-02-15,3170000,12,0.0436,557,consumo,0,0,0
900963,3001945,2026-02-28,8739000,12,0.0412,620,consumo,0,0,0
900964,3001945,2026-02-28,3176000,18,0.0477,566,negocio,0,0,0
900965,3001952,2026-01-25,6985000,24,0.0525,556,negocio,0,0,0
900966,3001952,2025-05-10,6998000,36,0.055,528,educacion,1,155,3697000
900967,3001953,2025-08-18,2155000,18,0.0424,568,consumo,0,0,0
900968,3001953,2025-01-09,1342000,12,0.0378,547,consumo,0,0,0
900969,3001960,2025-07-15,1558000,12,0.0428,505,educacion,0,0,0
900970,3001962,2026-02-23,2471000,6,0.0331,557,educacion,0,0,0
900971,3001966,2025-02-14,2689000,6,0.0333,516,otros,1,156,1012000
900972,3001966,2025-11-25,4431000,12,0.0373,597,consumo,0,0,0
900973,3001968,2026-02-24,11071000,3,0.0443,566,negocio,0,0,0
900974,3001969,2025-08-25,1562000,18,0.043,477,educacion,0,0,0
900975,3001969,2026-02-20,1823000,12,0.0445,535,educacion,1,159,429000
900976,3001971,2025-04-19,3123000,24,0.0533,629,salud,0,0,0
900977,3001978,2025-03-24,5268000,6,0.0325,518,negocio,0,0,0
900978,3001984,2026-02-18,4124000,24,0.0474,570,negocio,1,159,943000
900979,3001984,2026-02-10,1258000,3,0.0347,390,salud,1,152,555000
900980,3002007,2025-01-19,9038000,3,0.0313,630,consumo,0,0,0
900981,3002007,2026-02-15,15726000,24,0.0449,600,consumo,0,0,0
900982,3002008,2026-02-27,1554000,12,0.0409,480,negocio,1,137,503000
900983,3002010,2026-02-15,5449000,18,0.0485,553,negocio,0,0,0
900984,3002010,2025-08-15,1958000,6,0.0432,540,negocio,0,0,0
900985,3002013,2026-01-13,4927000,12,0.0467,608,educacion,1,158,1422000
900986,3002013,2025-12-20,1627000,3,0.0402,620,negocio,0,0,0
900987,3002015,2025-05-09,4389000,12,0.0471,608,consumo,1,160,1627000
900988,3002015,2025-02-09,8875000,12,0.0371,558,negocio,0,0,0
900989,3002016,2025-07-21,6384000,12,0.0414,528,negocio,1,155,2673000
900990,3002020,2025-08-13,944000,3,0.0445,538,salud,0,0,0
900991,3002025,2026-01-12,1137000,18,0.0449,525,otros,0,0,0
900992,3002025,2025-02-03,1290000,24,0.0486,486,consumo,0,0,0
900993,3002027,2025-10-25,1373000,12,0.0413,538,otros,0,0,0
900994,3002027,2025-10-26,4096000,6,0.0378,655,salud,0,0,0
900995,3002028,2026-01-14,5144000,36,0.0466,579,negocio,0,0,0
900996,3002028,2025-03-08,5226000,6,0.0428,595,negocio,0,0,0
900997,3002032,2025-06-27,8595000,12,0.0445,497,otros,0,0,0
900998,3002032,2025-11-22,5890000,18,0.0452,526,consumo,0,0,0
900999,3002034,2026-01-22,1849000,24,0.055,475,consumo,1,155,732000
901000,3002034,2026-01-21,1291000,12,0.0366,540,consumo,0,0,0
901001,3002039,2025-12-17,3483000,24,0.0439,476,salud,0,0,0
901002,3002042,2025-08-03,4876000,3,0.0401,521,consumo,0,0,0
901003,3002042,2025-03-11,996000,24,0.0511,608,salud,0,0,0
901004,3002052,2025-04-28,5274000,36,0.055,630,consumo,1,146,3252000
901005,3002053,2025-10-07,4400000,12,0.0386,596,otros,0,0,0
901006,3002054,2025-08-03,496000,6,0.0298,549,consumo,0,0,0
901007,3002056,2025-06-23,2286000,12,0.0463,540,negocio,0,0,0
901008,3002056,2025-01-26,3426000,12,0.0528,520,educacion,0,0,0
901009,3002057,2026-01-22,1470000,24,0.0538,518,salud,0,0,0
901010,3002058,2025-11-08,1e+06,6,0.041,490,educacion,0,0,0
901011,3002062,2025-10-25,7619000,6,0.0339,582,consumo,0,0,0
901012,3002065,2025-02-03,366000,12,0.0416,460,negocio,0,0,0
901013,3002065,2025-08-12,746000,18,0.055,460,consumo,0,0,0
901014,3002069,2025-11-18,41195000,3,0.0327,655,negocio,0,0,0
901015,3002070,2025-07-06,5481000,12,0.0457,475,negocio,0,0,0
901016,3002070,2026-02-12,1058000,12,0.0361,549,negocio,0,0,0
901017,3002074,2025-01-12,5592000,3,0.039,618,consumo,0,0,0
901018,3002074,2025-05-08,6698000,12,0.0454,600,educacion,0,0,0
901019,3002077,2025-05-16,3331000,6,0.038,595,consumo,0,0,0
901020,3002078,2025-03-19,3331000,6,0.0375,538,consumo,0,0,0
901021,3002078,2025-03-11,2325000,12,0.038,568,salud,0,0,0
901022,3002081,2025-11-10,372000,18,0.049,464,consumo,0,0,0
901023,3002084,2025-11-29,2783000,24,0.0498,553,salud,0,0,0
901024,3002084,2025-07-19,2491000,6,0.0465,441,consumo,0,0,0
901025,3002086,2025-11-26,6742000,6,0.033,654,negocio,0,0,0
901026,3002087,2025-06-01,3013000,12,0.0437,521,otros,0,0,0
901027,3002087,2025-10-01,4930000,6,0.0317,602,negocio,0,0,0
901028,3002087,2025-07-09,4378000,6,0.0361,580,consumo,0,0,0
901029,3002089,2026-02-18,3059000,12,0.043,560,consumo,0,0,0
901030,3002096,2026-02-23,4030000,6,0.0291,620,educacion,0,0,0
901031,3002096,2026-01-16,2078000,3,0.027,605,consumo,0,0,0
901032,3002096,2026-01-04,3333000,36,0.055,651,consumo,0,0,0
901033,3002097,2025-08-13,1731000,24,0.0543,507,consumo,0,0,0
901034,3002097,2025-01-16,1066000,12,0.049,495,salud,0,0,0
901035,3002101,2025-05-20,5381000,3,0.0333,554,salud,0,0,0
901036,3002101,2025-10-13,9157000,18,0.0489,508,negocio,0,0,0
901037,3002101,2025-04-13,2598000,12,0.0378,613,consumo,0,0,0
901038,3002103,2025-07-20,9521000,12,0.0441,650,negocio,0,0,0
901039,3002103,2025-07-26,8746000,36,0.0531,581,educacion,0,0,0
901040,3002105,2026-02-18,2681000,6,0.0455,511,negocio,0,0,0
901041,3002105,2026-02-20,5164000,18,0.0343,561,negocio,0,0,0
901042,3002108,2026-02-24,6408000,6,0.0376,526,consumo,0,0,0
901043,3002108,2026-02-26,5293000,18,0.0366,752,educacion,0,0,0
901044,3002109,2026-01-02,4015000,3,0.0414,583,educacion,0,0,0
901045,3002110,2026-01-28,9374000,36,0.055,546,consumo,0,0,0
901046,3002115,2026-01-23,1303000,12,0.046,486,consumo,0,0,0
901047,3002118,2025-07-14,6187000,12,0.0436,691,otros,1,147,3443000
901048,3002119,2026-01-23,4371000,12,0.0355,654,negocio,0,0,0
901049,3002119,2026-02-07,9252000,12,0.0338,654,negocio,0,0,0
901050,3002120,2025-06-12,1506000,3,0.0397,470,otros,0,0,0
901051,3002120,2025-10-08,722000,36,0.055,503,consumo,1,152,227000
901052,3002121,2025-11-20,1023000,6,0.0484,381,consumo,1,142,645000
901053,3002123,2025-06-30,978000,18,0.0445,472,negocio,0,0,0
901054,3002123,2025-02-15,2120000,36,0.055,399,otros,0,0,0
901055,3002124,2025-12-26,5218000,18,0.0461,618,educacion,0,0,0
901056,3002126,2025-11-16,3055000,6,0.0359,630,negocio,0,0,0
901057,3002129,2025-12-24,2482000,36,0.055,497,negocio,0,0,0
901058,3002135,2025-12-03,6865000,3,0.0366,627,salud,0,0,0
901059,3002139,2025-01-23,1891000,12,0.0429,541,negocio,0,0,0
901060,3002140,2025-12-19,1354000,3,0.0308,626,consumo,0,0,0
901061,3002142,2025-07-07,6520000,3,0.0427,599,otros,0,0,0
901062,3002142,2025-05-05,6897000,3,0.0335,652,otros,0,0,0
901063,3002144,2025-06-22,3273000,12,0.0403,489,consumo,0,0,0
901064,3002151,2025-08-05,2792000,12,0.0392,552,consumo,0,0,0
901065,3002151,2025-05-17,4562000,6,0.0444,537,consumo,1,153,1578000
901066,3002154,2026-01-23,7213000,12,0.042,696,consumo,0,0,0
901067,3002157,2025-02-13,5365000,12,0.0392,602,negocio,0,0,0
901068,3002158,2026-01-25,18538000,36,0.055,596,otros,0,0,0
901069,3002159,2025-03-05,2702000,6,0.0345,591,negocio,0,0,0
901070,3002159,2026-02-24,5461000,3,0.0365,510,consumo,0,0,0
901071,3002160,2025-08-03,7313000,24,0.0454,571,consumo,0,0,0
901072,3002165,2025-10-04,1866000,24,0.055,417,educacion,0,0,0
901073,3002167,2025-11-15,6404000,6,0.0364,584,consumo,0,0,0
901074,3002169,2025-08-14,7020000,12,0.0379,664,negocio,0,0,0
901075,3002169,2025-12-01,5425000,6,0.0295,644,consumo,0,0,0
901076,3002170,2025-01-09,4798000,6,0.0467,488,consumo,1,157,1346000
901077,3002171,2026-02-23,1712000,12,0.0463,530,otros,0,0,0
901078,3002175,2026-02-08,3308000,18,0.0403,582,salud,0,0,0
901079,3002175,2026-01-03,3243000,3,0.0412,492,educacion,0,0,0
901080,3002176,2025-11-30,922000,3,0.0328,588,negocio,0,0,0
901081,3002181,2025-11-02,6670000,18,0.038,524,consumo,0,0,0
901082,3002184,2026-02-08,1941000,24,0.0488,576,consumo,0,0,0
901083,3002186,2025-09-28,7996000,12,0.0392,610,negocio,0,0,0
901084,3002192,2025-06-12,4363000,6,0.0346,517,negocio,0,0,0
901085,3002196,2025-06-01,3583000,12,0.038,600,salud,0,0,0
901086,3002202,2025-09-10,3790000,6,0.0437,546,otros,0,0,0
901087,3002206,2026-01-04,4495000,24,0.0529,490,negocio,0,0,0
901088,3002208,2025-02-21,4075000,36,0.055,522,salud,0,0,0
901089,3002209,2025-08-28,7290000,12,0.038,686,salud,0,0,0
901090,3002211,2026-02-04,12992000,18,0.0451,582,consumo,0,0,0
901091,3002213,2026-02-01,496000,12,0.0459,499,consumo,0,0,0
901092,3002213,2025-12-18,1208000,12,0.0483,507,otros,0,0,0
901093,3002214,2025-08-24,4111000,24,0.055,558,salud,0,0,0
901094,3002215,2026-01-19,1120000,18,0.0502,512,consumo,0,0,0
901095,3002218,2025-01-03,11440000,18,0.0362,614,consumo,0,0,0
901096,3002220,2026-02-21,14537000,6,0.0305,686,negocio,0,0,0
901097,3002220,2026-01-04,2924000,12,0.0451,586,negocio,0,0,0
901098,3002223,2025-11-01,8309000,12,0.0427,591,consumo,0,0,0
901099,3002226,2025-01-09,7079000,12,0.0369,540,negocio,0,0,0
901100,3002227,2025-10-04,575000,12,0.0523,432,salud,1,149,183000
901101,3002230,2025-01-14,5292000,18,0.0367,614,otros,0,0,0
901102,3002230,2025-02-20,4924000,12,0.0445,570,consumo,0,0,0
901103,3002236,2025-07-13,2245000,3,0.0343,450,negocio,1,158,701000
901104,3002236,2025-07-20,1782000,24,0.055,350,consumo,1,144,739000
901105,3002238,2025-06-07,1396000,12,0.048,514,consumo,0,0,0
901106,3002243,2025-03-17,9072000,3,0.0376,563,consumo,0,0,0
901107,3002243,2026-01-09,8029000,18,0.0486,612,salud,0,0,0
901108,3002246,2025-06-25,4423000,24,0.0529,525,otros,0,0,0
901109,3002247,2025-03-13,3807000,3,0.031,573,negocio,0,0,0
901110,3002247,2025-01-15,13387000,12,0.0458,574,otros,0,0,0
901111,3002248,2025-01-29,2357000,36,0.055,548,otros,0,0,0
901112,3002249,2025-10-23,353000,6,0.0403,498,consumo,1,159,197000
901113,3002249,2025-12-03,988000,18,0.0511,450,negocio,0,0,0
901114,3002249,2025-04-14,991000,24,0.0509,483,otros,0,0,0
901115,3002251,2025-06-17,5059000,12,0.0357,620,consumo,0,0,0
901116,3002251,2025-07-08,2468000,3,0.0378,559,otros,0,0,0
901117,3002252,2025-12-29,7358000,24,0.0471,569,consumo,1,164,2965000
901118,3002255,2025-08-03,4909000,12,0.0348,579,negocio,0,0,0
901119,3002256,2025-11-30,4185000,12,0.0504,461,negocio,1,151,1130000
901120,3002256,2025-09-10,4615000,12,0.0464,538,salud,0,0,0
901121,3002258,2025-03-22,1547000,12,0.0453,516,consumo,1,149,727000
901122,3002266,2025-10-03,2951000,18,0.0505,573,otros,0,0,0
901123,3002268,2025-05-06,3679000,6,0.03,706,negocio,0,0,0
901124,3002272,2025-06-05,10208000,3,0.0356,668,consumo,0,0,0
901125,3002274,2025-11-12,3815000,3,0.0289,634,negocio,0,0,0
901126,3002285,2026-01-16,2364000,6,0.0492,514,salud,0,0,0
901127,3002285,2025-09-18,1093000,18,0.0476,506,negocio,0,0,0
901128,3002288,2025-12-20,8161000,12,0.0402,532,consumo,0,0,0
901129,3002290,2025-10-09,4892000,18,0.0417,493,negocio,0,0,0
901130,3002293,2025-03-07,1181000,24,0.049,489,negocio,0,0,0
901131,3002294,2026-02-28,4781000,12,0.0441,602,educacion,0,0,0
901132,3002300,2025-01-16,2206000,36,0.055,565,consumo,0,0,0
901133,3002301,2025-01-25,1225000,6,0.0396,517,consumo,1,150,615000
901134,3002304,2025-04-18,3774000,18,0.0374,652,negocio,0,0,0
901135,3002304,2025-03-10,8058000,36,0.055,568,consumo,0,0,0
901136,3002307,2025-05-31,1299000,12,0.0389,622,consumo,0,0,0
901137,3002313,2026-01-24,2475000,18,0.053,450,salud,1,140,803000
901138,3002313,2025-01-14,2928000,24,0.055,457,educacion,1,156,869000
901139,3002323,2025-02-19,9106000,12,0.0405,709,consumo,0,0,0
901140,3002325,2025-06-09,2665000,18,0.0429,567,negocio,0,0,0
901141,3002325,2025-04-29,2924000,18,0.0477,605,consumo,1,145,864000
901142,3002325,2025-08-09,1662000,6,0.0413,533,consumo,0,0,0
901143,3002332,2025-01-24,3118000,3,0.0463,447,educacion,0,0,0
901144,3002334,2025-12-08,2818000,24,0.0454,429,otros,0,0,0
901145,3002334,2025-07-02,2580000,12,0.0487,456,negocio,1,165,580000
901146,3002338,2025-11-19,490000,24,0.055,528,consumo,0,0,0
901147,3002338,2026-02-26,505000,6,0.0433,572,consumo,0,0,0
901148,3002341,2025-04-10,9921000,18,0.0448,552,salud,0,0,0
901149,3002341,2025-04-08,7264000,6,0.0349,556,otros,0,0,0
901150,3002343,2025-11-25,5013000,12,0.0411,568,educacion,0,0,0
901151,3002343,2025-12-14,7838000,12,0.0489,567,consumo,0,0,0
901152,3002343,2025-04-12,1742000,36,0.0493,610,negocio,0,0,0
901153,3002346,2025-06-22,1864000,3,0.0375,576,consumo,0,0,0
901154,3002347,2025-10-26,6932000,12,0.0425,603,consumo,0,0,0
901155,3002347,2025-07-25,7423000,6,0.0387,538,salud,1,143,4364000
901156,3002349,2026-02-22,8326000,36,0.0478,612,negocio,0,0,0
901157,3002349,2025-10-01,6030000,18,0.0475,579,consumo,0,0,0
901158,3002354,2025-03-14,2552000,6,0.0405,534,consumo,0,0,0
901159,3002356,2025-08-23,5578000,12,0.049,578,negocio,0,0,0
901160,3002356,2025-03-01,1799000,18,0.0425,604,consumo,0,0,0
901161,3002357,2025-04-26,3630000,24,0.0445,602,otros,0,0,0
901162,3002358,2025-06-03,6721000,6,0.0359,671,negocio,0,0,0
901163,3002362,2025-07-14,3091000,18,0.0452,487,consumo,0,0,0
901164,3002362,2025-07-05,3801000,3,0.0331,528,consumo,0,0,0
901165,3002362,2026-01-15,1794000,6,0.0413,579,consumo,0,0,0
901166,3002363,2025-08-14,13948000,18,0.0536,641,consumo,0,0,0
901167,3002363,2025-04-18,18518000,12,0.0411,662,otros,0,0,0
901168,3002364,2025-02-28,17640000,6,0.0372,629,consumo,0,0,0
901169,3002368,2025-06-17,1506000,12,0.0485,511,salud,0,0,0
901170,3002368,2025-10-07,1560000,12,0.0425,464,educacion,0,0,0
901171,3002368,2026-01-12,1592000,6,0.0328,532,salud,0,0,0
901172,3002374,2025-05-26,3652000,24,0.0459,632,negocio,0,0,0
901173,3002375,2026-01-05,6379000,12,0.0378,578,negocio,0,0,0
901174,3002375,2025-04-17,5906000,6,0.0381,577,consumo,0,0,0
901175,3002378,2025-12-17,1856000,6,0.0355,594,negocio,0,0,0
901176,3002378,2025-10-28,3860000,6,0.0441,555,consumo,0,0,0
901177,3002383,2025-07-12,5114000,6,0.0349,709,consumo,0,0,0
901178,3002383,2026-02-13,14761000,12,0.0362,699,educacion,0,0,0
901179,3002386,2026-02-19,15574000,6,0.0379,678,negocio,0,0,0
901180,3002386,2025-09-05,8726000,12,0.0385,703,consumo,0,0,0
901181,3002391,2025-10-10,6570000,18,0.0485,635,consumo,0,0,0
901182,3002391,2025-12-19,1376000,12,0.0384,555,consumo,0,0,0
901183,3002393,2025-08-02,5786000,18,0.0453,610,consumo,1,148,2846000
901184,3002395,2025-11-09,4725000,12,0.0488,582,otros,0,0,0
901185,3002395,2025-07-18,1049000,36,0.0539,533,consumo,0,0,0
901186,3002397,2025-08-12,4953000,12,0.0432,557,negocio,0,0,0
901187,3002397,2025-05-12,1440000,6,0.0432,580,educacion,0,0,0
901188,3002398,2025-11-11,1694000,3,0.0391,575,consumo,0,0,0
901189,3002399,2025-06-26,1149000,12,0.0476,523,negocio,0,0,0
901190,3002409,2025-09-14,5471000,18,0.0424,598,salud,0,0,0
901191,3002409,2025-04-07,2474000,12,0.0358,614,consumo,0,0,0
901192,3002410,2026-02-23,1940000,6,0.0417,531,educacion,0,0,0
901193,3002412,2026-01-17,3560000,36,0.055,543,consumo,1,139,1910000
901194,3002412,2025-04-10,3020000,6,0.0451,506,consumo,0,0,0
901195,3002414,2026-01-15,1697000,12,0.0424,472,salud,0,0,0
901196,3002414,2025-12-19,8594000,6,0.0365,589,consumo,0,0,0
901197,3002417,2025-07-20,918000,6,0.0522,450,consumo,0,0,0
901198,3002421,2025-05-26,1140000,12,0.0502,514,consumo,0,0,0
901199,3002421,2026-02-14,1197000,18,0.055,422,consumo,1,149,307000
901200,3002422,2026-01-22,4795000,24,0.0432,533,educacion,0,0,0
901201,3002422,2026-01-25,3435000,18,0.0442,529,consumo,0,0,0
901202,3002425,2025-12-20,7596000,24,0.055,563,consumo,0,0,0
901203,3002426,2025-10-26,2990000,6,0.0386,519,otros,1,144,1197000
901204,3002428,2025-10-01,1207000,6,0.0407,539,consumo,0,0,0
901205,3002428,2025-06-24,929000,12,0.0522,530,negocio,0,0,0
901206,3002429,2025-08-26,6899000,6,0.0356,609,otros,0,0,0
901207,3002432,2026-01-28,1352000,3,0.043,422,negocio,0,0,0
901208,3002432,2026-02-10,1338000,12,0.0449,565,consumo,0,0,0
901209,3002432,2026-02-02,2260000,12,0.0528,478,educacion,0,0,0
901210,3002435,2025-07-21,2040000,12,0.0338,612,negocio,0,0,0
901211,3002437,2025-10-04,10943000,36,0.055,607,educacion,0,0,0
901212,3002438,2025-07-23,1402000,24,0.0537,473,consumo,0,0,0
901213,3002441,2025-07-27,3803000,12,0.0524,469,consumo,1,148,1835000
901214,3002445,2025-06-05,2981000,18,0.0517,418,consumo,0,0,0
901215,3002445,2025-06-17,2769000,12,0.0462,579,otros,1,160,1409000
901216,3002445,2025-10-09,2879000,24,0.0458,539,otros,0,0,0
901217,3002452,2025-11-25,3518000,12,0.0427,483,educacion,0,0,0
901218,3002461,2025-05-02,2113000,24,0.052,557,consumo,0,0,0
901219,3002464,2026-01-31,5370000,6,0.0406,581,otros,0,0,0
901220,3002469,2026-02-26,4991000,6,0.0351,543,negocio,0,0,0
901221,3002469,2025-10-16,2189000,12,0.0387,628,negocio,1,148,1059000
901222,3002471,2026-01-27,4082000,6,0.0406,532,otros,1,148,2002000
901223,3002471,2025-12-27,1884000,36,0.055,505,salud,0,0,0
901224,3002475,2025-09-18,2169000,24,0.0522,582,consumo,0,0,0
901225,3002476,2025-04-19,2526000,18,0.0487,648,otros,0,0,0
901226,3002476,2025-05-01,1746000,3,0.0408,505,consumo,0,0,0
901227,3002476,2025-06-04,5335000,18,0.0415,589,salud,0,0,0
901228,3002486,2025-01-11,2729000,12,0.0381,599,consumo,0,0,0
901229,3002486,2026-02-26,5871000,6,0.0392,565,consumo,0,0,0
901230,3002488,2025-04-16,3860000,3,0.0354,501,consumo,0,0,0
901231,3002488,2025-02-21,3521000,6,0.0439,500,negocio,0,0,0
901232,3002489,2025-01-26,3414000,12,0.0451,509,otros,0,0,0
901233,3002492,2026-02-25,3983000,6,0.0392,439,consumo,0,0,0
901234,3002495,2025-10-09,1824000,12,0.0432,531,consumo,0,0,0
901235,3002495,2025-04-18,3073000,3,0.0342,636,salud,0,0,0
901236,3002498,2025-02-02,3388000,18,0.0498,564,negocio,0,0,0
901237,3002501,2026-01-31,6123000,12,0.0389,579,educacion,0,0,0
901238,3002503,2025-01-19,3332000,12,0.0492,422,consumo,0,0,0
901239,3002505,2025-06-08,7994000,6,0.0327,552,consumo,0,0,0
901240,3002505,2025-08-27,2459000,6,0.0403,614,negocio,0,0,0
901241,3002507,2025-03-02,475000,6,0.0428,430,consumo,0,0,0
901242,3002507,2025-08-06,381000,6,0.0513,385,consumo,1,147,218000
901243,3002512,2025-10-25,9504000,18,0.0393,611,consumo,0,0,0
901244,3002515,2025-02-05,1990000,6,0.0375,438,negocio,0,0,0
901245,3002515,2026-01-09,1453000,12,0.0471,487,consumo,1,160,357000
901246,3002516,2026-01-02,4032000,18,0.0472,592,otros,0,0,0
901247,3002526,2025-05-02,5724000,12,0.0441,570,negocio,0,0,0
901248,3002526,2025-12-31,15765000,18,0.0478,597,otros,0,0,0
901249,3002526,2025-06-14,10180000,24,0.0513,567,consumo,1,153,5955000
901250,3002530,2025-09-27,2826000,36,0.055,581,consumo,0,0,0
901251,3002532,2025-11-19,768000,12,0.0403,612,educacion,0,0,0
901252,3002532,2026-01-01,2046000,12,0.044,466,consumo,1,164,890000
901253,3002533,2025-08-27,1615000,18,0.0474,587,consumo,0,0,0
901254,3002533,2025-01-11,1557000,12,0.044,529,negocio,0,0,0
901255,3002535,2025-09-09,4810000,18,0.0476,558,consumo,0,0,0
901256,3002536,2025-12-31,3756000,24,0.045,570,consumo,0,0,0
901257,3002536,2025-03-19,6652000,6,0.0397,620,salud,0,0,0
901258,3002536,2025-06-01,8745000,12,0.0444,539,negocio,0,0,0
901259,3002537,2025-02-01,372000,18,0.0506,519,consumo,0,0,0
901260,3002544,2025-07-27,5053000,6,0.0354,530,negocio,0,0,0
901261,3002545,2025-02-16,2056000,12,0.0441,473,consumo,1,147,1135000
901262,3002545,2025-09-07,3492000,12,0.0545,476,salud,0,0,0
901263,3002545,2025-09-10,4332000,6,0.0408,525,negocio,0,0,0
901264,3002547,2025-07-18,4724000,12,0.0466,523,consumo,0,0,0
901265,3002552,2025-08-02,3155000,24,0.0472,554,educacion,0,0,0
901266,3002552,2026-01-08,2086000,12,0.049,510,consumo,1,146,540000
901267,3002555,2025-09-23,5717000,12,0.0445,549,negocio,1,142,2761000
901268,3002557,2025-06-16,4172000,6,0.0406,557,educacion,0,0,0
901269,3002562,2026-01-12,10708000,3,0.0372,548,otros,0,0,0
901270,3002562,2025-12-11,6250000,18,0.0428,544,negocio,0,0,0
901271,3002566,2025-01-03,2481000,24,0.0543,519,consumo,1,146,617000
901272,3002567,2025-12-21,5599000,3,0.035,618,negocio,0,0,0
901273,3002570,2025-09-28,6733000,12,0.0342,659,consumo,0,0,0
901274,3002572,2025-04-09,6044000,3,0.0377,591,educacion,0,0,0
901275,3002574,2025-06-16,2997000,12,0.0517,595,negocio,0,0,0
901276,3002574,2025-06-30,5616000,12,0.0508,546,negocio,0,0,0
901277,3002574,2026-02-09,2405000,12,0.0441,552,educacion,0,0,0
901278,3002578,2026-02-08,3106000,12,0.0357,540,consumo,0,0,0
901279,3002579,2026-01-26,6550000,18,0.0411,594,educacion,0,0,0
901280,3002579,2025-06-09,5330000,12,0.0454,680,otros,0,0,0
901281,3002580,2025-06-07,2483000,24,0.0457,638,consumo,0,0,0
901282,3002582,2025-05-11,2511000,24,0.0509,599,otros,0,0,0
901283,3002582,2025-01-05,2599000,24,0.0438,521,consumo,0,0,0
901284,3002582,2025-11-05,4276000,18,0.0454,472,otros,1,147,1970000
901285,3002583,2025-10-28,6305000,12,0.0398,596,consumo,0,0,0
901286,3002586,2025-12-02,2897000,12,0.0435,625,educacion,0,0,0
901287,3002587,2025-06-19,1195000,12,0.0426,641,negocio,0,0,0
901288,3002588,2026-01-28,7e+05,36,0.055,407,consumo,1,146,429000
901289,3002588,2025-07-12,1169000,12,0.0446,465,consumo,1,156,303000
901290,3002589,2025-05-05,14243000,36,0.055,505,salud,0,0,0
901291,3002589,2026-02-14,5807000,12,0.0472,528,consumo,1,163,1546000
901292,3002591,2026-02-20,2077000,24,0.0476,489,consumo,0,0,0
901293,3002592,2025-05-24,6553000,12,0.0508,620,negocio,0,0,0
901294,3002592,2026-01-21,1352000,18,0.0456,532,educacion,0,0,0
901295,3002595,2025-06-20,1998000,12,0.038,587,otros,0,0,0
901296,3002595,2025-10-15,2429000,12,0.0546,549,salud,0,0,0
901297,3002597,2025-10-03,5182000,18,0.0486,526,educacion,1,142,1683000
901298,3002597,2025-03-24,1229000,6,0.0318,601,consumo,0,0,0
901299,3002600,2026-01-21,2406000,12,0.0446,563,negocio,0,0,0
901300,3002601,2026-01-15,2828000,3,0.037,533,consumo,0,0,0
901301,3002601,2026-01-16,6819000,18,0.0521,512,consumo,1,159,3886000
901302,3002602,2025-09-18,3794000,12,0.048,501,consumo,0,0,0
901303,3002602,2025-11-11,6371000,12,0.0369,621,otros,0,0,0
901304,3002606,2025-12-07,4327000,12,0.0416,561,educacion,0,0,0
901305,3002606,2025-01-10,3458000,12,0.037,518,consumo,1,155,1674000
901306,3002612,2025-06-05,1235000,12,0.0433,490,consumo,0,0,0
901307,3002614,2025-09-16,2342000,12,0.0489,507,consumo,0,0,0
901308,3002615,2025-11-13,12020000,12,0.0402,598,negocio,0,0,0
901309,3002617,2025-09-23,6382000,18,0.0481,546,negocio,0,0,0
901310,3002618,2025-11-12,19905000,36,0.0533,690,negocio,0,0,0
901311,3002618,2026-02-27,16648000,6,0.0385,613,educacion,0,0,0
901312,3002620,2026-01-27,4795000,24,0.0408,707,negocio,0,0,0
901313,3002622,2025-10-03,436000,24,0.0513,468,otros,0,0,0
901314,3002627,2025-01-05,428000,12,0.0399,517,negocio,0,0,0
901315,3002627,2025-03-14,2468000,24,0.055,457,consumo,0,0,0
901316,3002629,2025-09-26,5630000,12,0.0411,626,consumo,0,0,0
901317,3002631,2025-12-07,2638000,6,0.0332,662,consumo,0,0,0
901318,3002631,2025-10-21,5448000,24,0.0517,608,consumo,0,0,0
901319,3002636,2025-12-07,1143000,6,0.037,630,otros,0,0,0
901320,3002638,2025-04-04,3721000,18,0.0422,597,negocio,0,0,0
901321,3002645,2026-02-15,802000,12,0.0396,543,salud,0,0,0
901322,3002645,2026-02-22,2364000,6,0.0446,504,negocio,0,0,0
901323,3002646,2025-06-05,4403000,18,0.0427,610,educacion,0,0,0
901324,3002647,2026-01-26,2972000,12,0.04,629,salud,0,0,0
901325,3002647,2026-02-06,5427000,18,0.0443,667,salud,0,0,0
901326,3002648,2025-07-13,1481000,12,0.0441,525,educacion,0,0,0
901327,3002650,2026-02-13,1648000,24,0.0465,442,negocio,1,141,478000
901328,3002652,2026-02-25,1425000,3,0.036,467,otros,0,0,0
901329,3002652,2026-02-26,1470000,3,0.0375,531,educacion,0,0,0
901330,3002654,2025-06-26,863000,12,0.0356,607,consumo,0,0,0
901331,3002654,2025-02-22,2697000,6,0.0423,482,consumo,0,0,0
901332,3002655,2025-03-29,781000,36,0.055,512,otros,0,0,0
901333,3002655,2025-03-03,1453000,18,0.0396,592,negocio,0,0,0
901334,3002658,2025-03-18,14070000,24,0.0486,673,educacion,0,0,0
901335,3002658,2026-02-04,7704000,36,0.055,572,consumo,0,0,0
901336,3002663,2025-08-22,1946000,12,0.048,531,salud,0,0,0
901337,3002666,2025-08-18,3214000,24,0.0498,544,educacion,0,0,0
901338,3002667,2025-09-24,6287000,6,0.0342,579,consumo,0,0,0
901339,3002674,2026-02-18,4153000,24,0.054,522,consumo,1,146,1259000
901340,3002674,2025-12-27,1662000,12,0.0423,616,salud,0,0,0
901341,3002675,2025-04-15,10743000,18,0.0474,616,negocio,0,0,0
901342,3002676,2025-04-19,4933000,18,0.0496,586,educacion,0,0,0
901343,3002676,2025-04-05,1989000,3,0.0357,680,consumo,0,0,0
901344,3002682,2026-02-11,4213000,12,0.05,473,educacion,1,138,1713000
901345,3002682,2026-02-08,1044000,12,0.0396,569,consumo,0,0,0
901346,3002684,2025-04-13,1831000,24,0.0456,542,consumo,0,0,0
901347,3002684,2026-02-12,2452000,18,0.0442,491,educacion,0,0,0
901348,3002687,2026-02-18,2724000,18,0.0455,452,consumo,1,163,1036000
901349,3002687,2026-02-26,1912000,3,0.0388,544,consumo,0,0,0
901350,3002694,2025-03-09,2727000,6,0.0384,621,consumo,0,0,0
901351,3002697,2026-01-23,8437000,3,0.0405,530,educacion,0,0,0
901352,3002701,2025-09-02,3009000,6,0.0357,514,consumo,0,0,0
901353,3002706,2025-04-28,2250000,24,0.0418,611,negocio,0,0,0
901354,3002706,2025-01-04,6132000,12,0.0439,506,consumo,0,0,0
901355,3002707,2025-10-28,1743000,6,0.0358,554,otros,0,0,0
901356,3002707,2025-09-29,1205000,36,0.055,549,consumo,0,0,0
901357,3002710,2025-08-14,3735000,12,0.0438,509,negocio,0,0,0
901358,3002710,2025-12-10,7124000,6,0.0445,509,otros,0,0,0
901359,3002711,2025-05-10,9593000,18,0.055,531,consumo,0,0,0
901360,3002711,2026-02-05,8646000,6,0.0405,588,consumo,0,0,0
901361,3002713,2025-08-03,668000,18,0.0439,514,otros,0,0,0
901362,3002713,2025-11-12,1560000,6,0.034,485,consumo,1,157,372000
901363,3002715,2025-07-04,4164000,24,0.0454,569,negocio,1,165,1346000
901364,3002715,2025-06-15,4439000,6,0.0299,581,salud,0,0,0
901365,3002717,2025-03-17,4349000,6,0.0415,574,educacion,0,0,0
901366,3002717,2025-06-19,8367000,3,0.0371,586,negocio,0,0,0
901367,3002719,2025-08-08,1719000,24,0.0452,626,consumo,0,0,0
901368,3002720,2026-01-30,3688000,18,0.0534,488,negocio,1,143,1903000
901369,3002724,2026-02-26,891000,12,0.0455,570,negocio,0,0,0
901370,3002724,2026-01-21,1060000,12,0.0485,562,educacion,0,0,0
901371,3002725,2025-02-05,1320000,12,0.0463,504,consumo,1,152,5e+05
901372,3002747,2025-02-26,4584000,6,0.0368,560,negocio,0,0,0
901373,3002747,2025-04-01,2141000,24,0.0538,580,negocio,0,0,0
901374,3002747,2025-03-13,2247000,12,0.0383,572,salud,0,0,0
901375,3002748,2026-02-02,7318000,6,0.0284,623,educacion,0,0,0
901376,3002753,2025-11-15,4658000,6,0.0391,572,otros,0,0,0
901377,3002754,2025-02-06,8426000,6,0.046,520,negocio,0,0,0
901378,3002754,2025-10-09,3726000,12,0.0441,579,negocio,0,0,0
901379,3002758,2026-02-26,4028000,12,0.0424,729,negocio,0,0,0
901380,3002758,2026-02-20,11273000,3,0.035,695,educacion,0,0,0
901381,3002762,2025-05-10,2062000,6,0.0446,437,consumo,1,153,482000
901382,3002763,2025-04-02,7057000,12,0.0373,618,educacion,0,0,0
901383,3002769,2026-01-28,10135000,24,0.0457,606,consumo,0,0,0
901384,3002771,2025-09-24,2306000,18,0.0441,532,negocio,0,0,0
901385,3002772,2025-09-22,2889000,12,0.045,486,salud,0,0,0
901386,3002776,2025-06-08,815000,12,0.0423,503,consumo,0,0,0
901387,3002776,2025-05-31,1505000,18,0.0459,512,consumo,0,0,0
901388,3002777,2025-12-26,3818000,24,0.048,532,consumo,1,147,1770000
901389,3002777,2025-12-14,3238000,18,0.0517,611,salud,0,0,0
901390,3002779,2026-01-01,4423000,24,0.0462,604,consumo,0,0,0
901391,3002780,2025-02-05,1728000,18,0.0447,556,negocio,0,0,0
901392,3002780,2025-04-21,5314000,12,0.0405,549,otros,0,0,0
901393,3002781,2025-12-16,1373000,24,0.0463,436,consumo,1,150,344000
901394,3002782,2025-07-11,5082000,18,0.0446,470,salud,0,0,0
901395,3002782,2025-11-20,5647000,36,0.055,630,negocio,0,0,0
901396,3002782,2025-07-02,1413000,12,0.0413,513,consumo,0,0,0
901397,3002787,2026-02-18,9274000,12,0.0333,662,negocio,0,0,0
901398,3002791,2025-01-07,6399000,6,0.0408,563,salud,0,0,0
901399,3002791,2025-12-18,5124000,12,0.0363,563,consumo,1,156,2756000
901400,3002795,2025-10-21,7526000,12,0.0367,626,negocio,0,0,0
901401,3002796,2025-05-22,2828000,6,0.0345,660,consumo,0,0,0
901402,3002796,2025-09-13,5726000,12,0.0478,613,consumo,0,0,0
901403,3002797,2025-06-01,3829000,3,0.03,563,consumo,0,0,0
901404,3002799,2026-02-24,540000,24,0.0457,516,educacion,1,155,161000
901405,3002805,2025-03-21,4449000,6,0.0393,593,negocio,0,0,0
901406,3002806,2025-07-14,657000,6,0.0408,501,consumo,0,0,0
901407,3002806,2025-05-07,710000,12,0.055,395,consumo,0,0,0
901408,3002807,2025-03-20,8367000,6,0.0337,687,otros,0,0,0
901409,3002807,2025-04-27,7901000,24,0.0509,572,negocio,1,171,1647000
901410,3002808,2025-10-22,11989000,3,0.0213,634,negocio,0,0,0
901411,3002809,2025-01-18,4931000,6,0.032,609,educacion,0,0,0
901412,3002809,2025-08-12,4711000,3,0.0328,543,consumo,0,0,0
901413,3002813,2025-11-30,1540000,6,0.0381,537,negocio,0,0,0
901414,3002818,2025-12-08,1348000,36,0.055,557,consumo,0,0,0
901415,3002818,2026-02-06,642000,18,0.0425,494,consumo,0,0,0
901416,3002819,2025-01-11,4440000,12,0.0358,606,otros,0,0,0
901417,3002823,2025-06-06,1742000,6,0.0465,538,negocio,0,0,0
901418,3002829,2025-01-25,1134000,6,0.0414,563,otros,0,0,0
901419,3002829,2025-12-04,3556000,6,0.0347,540,consumo,0,0,0
901420,3002830,2025-09-26,3573000,3,0.0403,555,otros,0,0,0
901421,3002838,2026-01-18,799000,18,0.0538,456,consumo,0,0,0
901422,3002838,2026-01-10,1229000,6,0.0419,435,educacion,1,150,693000
901423,3002841,2026-01-07,2276000,3,0.0495,451,negocio,0,0,0
901424,3002845,2026-02-26,4303000,6,0.0362,557,negocio,0,0,0
901425,3002845,2025-09-21,5643000,18,0.0494,502,consumo,0,0,0
901426,3002845,2025-08-29,5414000,12,0.0532,506,consumo,0,0,0
901427,3002847,2025-03-17,3235000,12,0.0444,598,educacion,0,0,0
901428,3002847,2025-08-09,2700000,18,0.0451,640,consumo,0,0,0
901429,3002854,2025-04-04,20662000,24,0.0462,569,educacion,0,0,0
901430,3002856,2025-08-02,17171000,12,0.0466,600,consumo,0,0,0
901431,3002857,2025-04-11,3217000,24,0.0485,472,educacion,1,138,827000
901432,3002857,2025-11-02,1731000,24,0.0502,589,otros,0,0,0
901433,3002861,2025-10-24,1342000,18,0.0449,571,consumo,0,0,0
901434,3002861,2025-03-30,5007000,12,0.0444,577,consumo,0,0,0
901435,3002865,2025-11-10,18061000,24,0.0539,542,consumo,1,146,7178000
901436,3002865,2025-01-16,19361000,18,0.0482,566,consumo,1,147,6751000
901437,3002865,2025-08-06,13239000,12,0.0439,586,consumo,0,0,0
901438,3002866,2025-08-01,510000,24,0.049,539,consumo,0,0,0
901439,3002867,2026-02-27,3093000,24,0.0502,428,consumo,1,142,1886000
901440,3002867,2026-02-28,1467000,3,0.0436,561,negocio,0,0,0
901441,3002868,2025-03-22,3607000,18,0.0437,566,negocio,0,0,0
901442,3002868,2025-12-30,827000,12,0.0447,489,educacion,0,0,0
901443,3002871,2025-10-02,4594000,12,0.0471,562,negocio,0,0,0
901444,3002871,2025-08-09,4790000,36,0.055,487,negocio,0,0,0
901445,3002873,2026-01-23,931000,6,0.0467,510,consumo,0,0,0
901446,3002879,2025-04-25,7107000,6,0.0406,615,negocio,0,0,0
901447,3002881,2026-01-06,6410000,18,0.0406,514,consumo,0,0,0
901448,3002881,2025-10-11,6717000,18,0.0446,506,educacion,0,0,0
901449,3002885,2025-11-07,11953000,12,0.0429,541,salud,1,152,7252000
901450,3002888,2026-01-09,1653000,6,0.0391,527,negocio,0,0,0
901451,3002888,2025-08-11,1759000,6,0.0414,601,otros,0,0,0
901452,3002894,2026-02-03,1500000,12,0.0406,583,negocio,0,0,0
901453,3002894,2026-01-03,2492000,12,0.0383,550,consumo,0,0,0
901454,3002899,2026-02-28,3299000,3,0.0291,531,consumo,0,0,0
901455,3002900,2025-11-18,2631000,12,0.0407,502,negocio,0,0,0
901456,3002904,2025-06-25,4337000,3,0.0337,650,negocio,0,0,0
901457,3002906,2025-07-19,2234000,6,0.0469,475,consumo,0,0,0
901458,3002906,2026-01-25,983000,12,0.0512,546,salud,0,0,0
901459,3002907,2025-12-18,3352000,12,0.0408,697,negocio,0,0,0
901460,3002909,2025-08-11,1889000,12,0.0455,552,consumo,0,0,0
901461,3002912,2025-08-21,2037000,18,0.0542,515,salud,0,0,0
901462,3002912,2025-04-02,3132000,12,0.0354,531,salud,0,0,0
901463,3002917,2025-04-12,3776000,12,0.0437,568,otros,0,0,0
901464,3002917,2025-10-11,6690000,18,0.044,669,otros,0,0,0
901465,3002919,2025-03-06,2607000,3,0.0271,582,negocio,0,0,0
901466,3002919,2025-06-12,2128000,18,0.0484,604,negocio,0,0,0
901467,3002921,2026-02-17,2708000,3,0.0377,489,otros,0,0,0
901468,3002921,2026-01-19,2137000,12,0.0326,570,consumo,0,0,0
901469,3002927,2026-02-28,8556000,6,0.0371,575,educacion,0,0,0
901470,3002928,2025-06-14,3538000,12,0.0399,576,educacion,0,0,0
901471,3002928,2025-01-03,3044000,3,0.037,597,educacion,0,0,0
901472,3002934,2025-08-26,6124000,3,0.0364,611,consumo,0,0,0
901473,3002941,2025-04-27,4469000,12,0.045,554,negocio,0,0,0
901474,3002941,2025-10-15,4154000,12,0.0417,521,educacion,0,0,0
901475,3002944,2025-12-25,1449000,6,0.0361,591,consumo,0,0,0
901476,3002944,2026-01-04,7635000,12,0.0431,677,salud,0,0,0
901477,3002944,2025-12-03,3984000,6,0.043,609,consumo,0,0,0
901478,3002948,2026-01-26,1060000,12,0.0524,470,negocio,0,0,0
901479,3002949,2025-08-10,1389000,6,0.0401,478,consumo,1,141,880000
901480,3002952,2025-11-21,1646000,12,0.0378,566,consumo,0,0,0
901481,3002956,2025-10-16,4121000,6,0.0336,634,educacion,0,0,0
901482,3002958,2025-09-28,6396000,24,0.0489,594,negocio,0,0,0
901483,3002958,2025-10-11,1648000,6,0.0431,542,negocio,0,0,0
901484,3002963,2025-04-22,4504000,18,0.0425,555,salud,0,0,0
901485,3002963,2025-02-23,5015000,6,0.0396,552,educacion,0,0,0
901486,3002964,2025-02-01,5110000,18,0.0422,636,consumo,0,0,0
901487,3002970,2025-03-03,1871000,24,0.0545,445,consumo,1,134,487000
901488,3002970,2025-09-19,463000,18,0.0534,422,consumo,0,0,0
901489,3002971,2026-01-10,2532000,6,0.0381,493,educacion,0,0,0
901490,3002978,2025-12-08,7878000,12,0.0457,562,educacion,0,0,0
901491,3002981,2025-06-17,872000,6,0.0406,452,consumo,0,0,0
901492,3002982,2025-03-25,2753000,12,0.0425,493,negocio,0,0,0
901493,3002984,2025-05-26,2926000,18,0.0485,559,consumo,0,0,0
901494,3002985,2025-11-30,4523000,18,0.0539,501,negocio,0,0,0
901495,3002985,2025-08-18,1301000,6,0.0445,526,otros,0,0,0
901496,3002991,2026-02-17,911000,6,0.0434,405,consumo,0,0,0
901497,3002997,2025-07-18,6374000,18,0.0475,611,otros,0,0,0
901498,3002999,2025-12-09,14637000,6,0.0346,582,negocio,0,0,0
901499,3002999,2026-02-05,16945000,36,0.0487,614,negocio,0,0,0
901500,3003001,2025-08-21,1998000,6,0.0418,483,consumo,0,0,0
901501,3003001,2025-03-29,2147000,6,0.0435,485,negocio,0,0,0
901502,3003001,2025-07-11,571000,18,0.0493,462,educacion,0,0,0
901503,3003005,2025-08-14,9199000,36,0.0512,611,negocio,0,0,0
901504,3003006,2025-12-23,3800000,18,0.0478,540,negocio,0,0,0
901505,3003006,2026-02-22,1230000,3,0.0344,545,consumo,0,0,0
901506,3003008,2025-05-31,2063000,12,0.0461,637,consumo,0,0,0
901507,3003009,2025-04-14,1870000,36,0.055,588,consumo,0,0,0
901508,3003009,2025-03-03,825000,6,0.038,530,salud,0,0,0
901509,3003010,2025-06-19,182000,6,0.045,399,negocio,1,159,90000
901510,3003011,2025-07-28,4557000,18,0.0439,587,negocio,0,0,0
901511,3003011,2025-10-24,8213000,18,0.0455,587,consumo,0,0,0
901512,3003011,2025-03-21,9190000,24,0.0515,616,educacion,0,0,0
901513,3003013,2025-07-05,5713000,12,0.0467,585,consumo,0,0,0
901514,3003016,2025-10-30,1895000,18,0.0475,508,consumo,0,0,0
901515,3003019,2026-02-22,7200000,12,0.0399,655,salud,0,0,0
901516,3003028,2025-01-13,7549000,24,0.0408,706,educacion,0,0,0
901517,3003028,2025-10-25,7918000,18,0.0484,533,otros,0,0,0
901518,3003033,2026-02-25,7307000,24,0.055,621,consumo,0,0,0
901519,3003033,2026-02-27,11870000,12,0.0429,601,negocio,0,0,0
901520,3003034,2025-10-24,1866000,24,0.0484,588,educacion,0,0,0
901521,3003035,2025-04-18,5888000,6,0.0393,561,otros,0,0,0
901522,3003037,2026-02-16,3688000,12,0.0449,617,educacion,0,0,0
901523,3003037,2025-06-24,8089000,3,0.0305,632,salud,0,0,0
901524,3003038,2025-01-15,3671000,3,0.0339,532,negocio,0,0,0
901525,3003038,2026-01-01,5317000,6,0.0405,525,negocio,0,0,0
901526,3003039,2025-02-16,7016000,18,0.0504,629,salud,0,0,0
901527,3003040,2025-08-10,3937000,24,0.0463,463,consumo,1,155,1128000
901528,3003040,2025-01-01,718000,24,0.0524,493,consumo,0,0,0
901529,3003042,2025-12-31,5309000,18,0.0469,595,educacion,0,0,0
901530,3003042,2025-12-27,4318000,18,0.0512,508,negocio,0,0,0
901531,3003043,2025-07-27,4190000,12,0.0439,563,consumo,0,0,0
901532,3003044,2025-02-22,4638000,6,0.0375,627,otros,0,0,0
901533,3003044,2025-08-23,7128000,24,0.055,507,consumo,1,144,2650000
901534,3003045,2026-01-21,3936000,6,0.0354,683,consumo,0,0,0
901535,3003046,2025-11-08,2433000,6,0.0387,622,consumo,0,0,0
901536,3003051,2025-10-16,199000,6,0.0428,420,salud,0,0,0
901537,3003054,2025-05-24,8793000,3,0.0415,578,educacion,0,0,0
901538,3003054,2025-08-18,9117000,6,0.0334,623,consumo,0,0,0
901539,3003055,2026-01-10,3341000,24,0.055,489,consumo,0,0,0
901540,3003055,2025-09-08,10803000,12,0.0377,676,salud,0,0,0
901541,3003057,2025-10-17,713000,12,0.0432,529,consumo,0,0,0
901542,3003058,2025-04-12,1278000,18,0.0416,586,consumo,1,148,555000
901543,3003068,2025-09-27,1409000,12,0.0417,592,otros,0,0,0
901544,3003069,2026-01-23,2858000,6,0.0314,591,consumo,0,0,0
901545,3003069,2026-02-01,1866000,18,0.0398,569,consumo,0,0,0
901546,3003071,2025-06-28,899000,12,0.0461,429,negocio,0,0,0
901547,3003071,2025-06-05,1463000,3,0.0398,481,salud,0,0,0
901548,3003072,2025-12-04,11276000,24,0.0431,565,otros,0,0,0
901549,3003072,2025-04-18,7656000,12,0.0383,539,consumo,0,0,0
901550,3003075,2025-06-14,5964000,24,0.0413,546,educacion,1,147,2785000
901551,3003076,2025-05-23,1414000,3,0.0434,425,negocio,1,133,902000
901552,3003077,2025-09-29,1622000,12,0.0503,474,negocio,0,0,0
901553,3003078,2026-02-21,4545000,12,0.0417,536,negocio,0,0,0
901554,3003083,2025-09-04,267000,24,0.055,419,negocio,0,0,0
901555,3003083,2025-09-25,957000,24,0.0544,411,negocio,0,0,0
901556,3003086,2025-06-24,2593000,36,0.0529,578,consumo,0,0,0
901557,3003086,2026-02-02,8906000,12,0.0449,562,consumo,0,0,0
901558,3003086,2025-04-05,4549000,6,0.034,648,consumo,0,0,0
901559,3003087,2026-02-26,8367000,36,0.055,646,negocio,0,0,0
901560,3003093,2026-02-24,4002000,12,0.0386,604,consumo,0,0,0
901561,3003093,2026-02-20,7369000,18,0.0399,597,negocio,0,0,0
901562,3003098,2025-11-25,7899000,6,0.0338,575,educacion,0,0,0
901563,3003098,2026-01-01,1703000,24,0.0468,664,negocio,0,0,0
901564,3003106,2025-03-07,2295000,18,0.0511,529,salud,0,0,0
901565,3003108,2025-10-22,2789000,6,0.0387,550,consumo,0,0,0
901566,3003108,2026-02-26,2973000,36,0.055,472,consumo,1,164,860000
901567,3003111,2025-09-27,1723000,24,0.0506,523,consumo,0,0,0
901568,3003112,2025-02-08,3039000,3,0.0297,478,educacion,0,0,0
901569,3003113,2026-02-20,1490000,24,0.0487,536,educacion,0,0,0
901570,3003113,2026-01-05,1307000,12,0.0454,526,negocio,0,0,0
901571,3003130,2025-02-24,1301000,36,0.055,484,salud,0,0,0
901572,3003132,2026-01-29,3256000,6,0.0344,525,consumo,0,0,0
901573,3003133,2025-06-28,1120000,3,0.0372,589,consumo,0,0,0
901574,3003133,2025-12-11,682000,6,0.035,569,salud,0,0,0
901575,3003136,2025-09-15,1567000,6,0.0313,617,consumo,0,0,0
901576,3003140,2026-02-06,3199000,36,0.055,404,consumo,0,0,0
901577,3003140,2026-02-26,2079000,6,0.046,500,consumo,1,158,974000
901578,3003142,2025-12-20,254000,24,0.0501,503,consumo,0,0,0
901579,3003142,2025-04-27,377000,3,0.0368,497,negocio,0,0,0
901580,3003144,2025-07-29,2887000,6,0.0319,620,consumo,0,0,0
901581,3003147,2025-10-04,4944000,18,0.0539,632,consumo,0,0,0
901582,3003150,2026-01-01,5885000,6,0.0364,574,consumo,0,0,0
901583,3003153,2025-07-25,1294000,6,0.0518,432,consumo,0,0,0
901584,3003153,2026-02-08,2285000,12,0.0411,525,negocio,0,0,0
901585,3003157,2025-09-14,7440000,24,0.0511,578,otros,0,0,0
901586,3003157,2025-12-03,8391000,6,0.0327,556,educacion,0,0,0
901587,3003158,2025-12-08,1135000,18,0.051,457,consumo,0,0,0
901588,3003160,2025-09-29,4294000,18,0.0497,570,consumo,0,0,0
901589,3003160,2026-01-16,5028000,12,0.0415,579,salud,0,0,0
901590,3003160,2025-04-21,4040000,6,0.029,637,consumo,0,0,0
901591,3003161,2025-10-07,1607000,18,0.0522,461,educacion,0,0,0
901592,3003165,2026-01-31,6403000,12,0.0437,454,salud,0,0,0
901593,3003168,2026-02-18,6979000,6,0.0346,632,otros,0,0,0
901594,3003168,2025-11-18,8814000,18,0.0436,637,salud,0,0,0
901595,3003172,2025-10-30,11737000,18,0.0495,538,educacion,0,0,0
901596,3003173,2025-07-19,2147000,18,0.0465,570,negocio,0,0,0
901597,3003173,2025-08-18,4350000,6,0.0379,522,consumo,1,140,1718000
901598,3003176,2025-01-03,4276000,6,0.0274,591,educacion,0,0,0
901599,3003177,2025-05-17,14608000,6,0.0343,610,negocio,0,0,0
901600,3003177,2025-03-19,14444000,18,0.0462,655,salud,0,0,0
901601,3003179,2025-06-26,4879000,12,0.043,591,consumo,0,0,0
901602,3003181,2025-04-23,5391000,3,0.0422,526,consumo,0,0,0
901603,3003182,2026-01-18,4483000,6,0.0347,635,consumo,0,0,0
901604,3003183,2025-01-24,650000,6,0.0401,484,negocio,1,147,285000
901605,3003186,2026-01-04,3333000,24,0.0488,584,consumo,0,0,0
901606,3003188,2025-12-26,1271000,3,0.0402,498,negocio,0,0,0
901607,3003188,2025-06-08,2711000,24,0.055,564,consumo,1,142,1274000
901608,3003191,2025-09-08,4553000,6,0.0387,584,salud,1,154,1003000
901609,3003191,2025-07-07,4333000,18,0.0378,644,consumo,0,0,0
901610,3003194,2025-07-23,2609000,12,0.0408,578,consumo,0,0,0
901611,3003194,2025-05-11,6943000,12,0.0356,616,negocio,0,0,0
901612,3003202,2025-10-18,2484000,12,0.0366,575,consumo,0,0,0
901613,3003202,2025-06-21,2664000,18,0.0439,566,consumo,0,0,0
901614,3003203,2025-03-19,2253000,18,0.0448,461,educacion,0,0,0
901615,3003206,2025-03-03,4314000,6,0.0406,610,consumo,0,0,0
901616,3003206,2025-02-09,4006000,6,0.0342,597,consumo,0,0,0
901617,3003209,2025-09-30,2475000,12,0.04,610,negocio,0,0,0
901618,3003212,2025-04-05,3948000,6,0.037,550,otros,0,0,0
901619,3003215,2025-12-02,1591000,12,0.0396,555,educacion,0,0,0
901620,3003215,2025-10-08,3583000,36,0.055,498,negocio,0,0,0
901621,3003216,2026-01-13,6480000,24,0.0464,576,educacion,0,0,0
901622,3003218,2025-11-09,4744000,3,0.0457,594,consumo,0,0,0
901623,3003223,2025-12-13,2737000,6,0.0442,404,educacion,0,0,0
901624,3003225,2025-11-19,8689000,18,0.044,578,educacion,0,0,0
901625,3003225,2025-12-24,4343000,6,0.0363,613,consumo,0,0,0
901626,3003228,2025-11-29,1710000,12,0.0473,497,consumo,0,0,0
901627,3003228,2025-08-03,599000,6,0.0404,508,otros,0,0,0
901628,3003231,2025-12-30,2093000,18,0.0416,572,educacion,0,0,0
901629,3003236,2025-08-14,3971000,24,0.0518,599,consumo,0,0,0
901630,3003238,2025-02-05,10548000,12,0.0406,613,salud,0,0,0
901631,3003239,2025-01-30,4499000,18,0.0409,589,negocio,1,150,955000
901632,3003240,2026-02-13,953000,18,0.0393,528,salud,0,0,0
901633,3003241,2026-02-02,2853000,24,0.0476,538,otros,0,0,0
901634,3003243,2025-11-12,4659000,3,0.0336,503,consumo,0,0,0
901635,3003253,2026-02-02,14540000,36,0.0481,664,negocio,0,0,0
901636,3003254,2025-06-10,2439000,24,0.0468,628,consumo,0,0,0
901637,3003255,2026-01-01,4442000,18,0.036,623,consumo,0,0,0
901638,3003257,2025-07-24,6421000,12,0.0421,572,educacion,0,0,0
901639,3003262,2025-08-29,4748000,3,0.0395,543,negocio,0,0,0
901640,3003265,2026-01-08,1875000,6,0.0347,560,educacion,0,0,0
901641,3003271,2025-08-29,2209000,18,0.0514,487,salud,0,0,0
901642,3003271,2025-05-29,4749000,6,0.0334,550,negocio,0,0,0
901643,3003271,2025-05-24,952000,24,0.0493,644,otros,0,0,0
901644,3003277,2026-02-23,2031000,6,0.0377,604,educacion,0,0,0
901645,3003279,2025-04-28,18940000,18,0.0408,642,salud,0,0,0
901646,3003279,2025-12-03,16222000,24,0.0405,668,salud,0,0,0
901647,3003282,2025-05-16,5972000,12,0.0433,591,negocio,0,0,0
901648,3003293,2025-04-04,3432000,24,0.0473,595,consumo,0,0,0
901649,3003297,2025-10-27,1674000,6,0.0405,500,consumo,1,151,761000
901650,3003297,2026-01-21,1117000,12,0.0499,502,consumo,0,0,0
901651,3003301,2025-04-20,509000,18,0.0472,506,negocio,0,0,0
901652,3003304,2025-05-21,2122000,18,0.0472,477,negocio,0,0,0
901653,3003308,2025-09-19,1186000,12,0.0405,596,otros,0,0,0
901654,3003308,2025-06-07,1823000,6,0.036,487,consumo,0,0,0
901655,3003308,2025-01-10,421000,6,0.034,598,otros,0,0,0
901656,3003310,2026-02-01,4562000,3,0.031,567,otros,1,156,2324000
901657,3003311,2026-02-20,285000,12,0.0508,404,educacion,0,0,0
901658,3003318,2026-02-16,2495000,3,0.0348,543,educacion,0,0,0
901659,3003318,2025-12-02,2676000,3,0.0417,548,negocio,0,0,0
901660,3003319,2025-01-16,2934000,12,0.043,599,consumo,0,0,0
901661,3003322,2025-01-30,4031000,36,0.055,491,negocio,1,137,1850000
901662,3003329,2026-01-13,4715000,24,0.04,580,consumo,1,154,1822000
901663,3003329,2025-12-28,7120000,6,0.032,653,salud,0,0,0
901664,3003330,2025-10-23,2423000,12,0.0412,528,consumo,0,0,0
901665,3003334,2026-02-27,8886000,6,0.0304,691,consumo,0,0,0
901666,3003334,2025-03-09,3275000,6,0.0398,659,negocio,0,0,0
901667,3003335,2025-11-05,3229000,6,0.034,583,negocio,0,0,0
901668,3003335,2025-05-08,3063000,18,0.0475,607,educacion,0,0,0
901669,3003335,2026-01-19,5212000,12,0.0414,551,salud,0,0,0
901670,3003338,2025-04-05,4094000,18,0.0508,571,educacion,0,0,0
901671,3003341,2025-07-16,704000,12,0.0544,433,educacion,0,0,0
901672,3003342,2025-12-17,4e+06,12,0.0424,541,consumo,0,0,0
901673,3003342,2025-12-04,4173000,6,0.0411,539,salud,1,166,2145000
901674,3003343,2025-03-31,6381000,6,0.0337,718,educacion,0,0,0
901675,3003343,2025-04-24,8860000,24,0.0415,650,consumo,0,0,0
901676,3003344,2025-04-11,2095000,24,0.0517,537,consumo,0,0,0
901677,3003344,2025-09-13,2053000,18,0.05,483,consumo,0,0,0
901678,3003345,2026-02-08,1120000,6,0.04,542,consumo,0,0,0
901679,3003351,2025-06-10,4829000,12,0.0393,569,negocio,1,143,1995000
901680,3003351,2025-02-11,4059000,18,0.0418,560,otros,0,0,0
901681,3003352,2026-01-29,6964000,12,0.0509,404,negocio,1,149,4332000
901682,3003353,2025-06-13,6554000,6,0.0309,577,consumo,0,0,0
901683,3003353,2026-02-12,5448000,6,0.0358,527,salud,0,0,0
901684,3003358,2025-08-31,1852000,24,0.0542,435,otros,0,0,0
901685,3003358,2025-12-16,2547000,24,0.0468,525,otros,0,0,0
901686,3003369,2025-04-29,7790000,18,0.0485,514,consumo,0,0,0
901687,3003370,2025-10-25,3110000,18,0.0472,487,consumo,0,0,0
901688,3003374,2026-02-08,4237000,12,0.0407,611,negocio,0,0,0
901689,3003374,2026-02-06,4423000,6,0.0439,526,otros,0,0,0
901690,3003379,2025-09-20,5436000,3,0.0368,520,consumo,1,148,2598000
901691,3003381,2025-08-18,1631000,6,0.0359,589,consumo,0,0,0
901692,3003381,2026-01-08,866000,12,0.045,514,negocio,0,0,0
901693,3003381,2025-11-22,1984000,12,0.0477,513,salud,1,135,881000
901694,3003387,2025-09-30,6162000,12,0.0426,571,salud,0,0,0
901695,3003387,2025-12-29,4794000,6,0.0372,595,salud,0,0,0
901696,3003389,2025-12-10,10225000,18,0.0357,630,consumo,0,0,0
901697,3003392,2025-07-02,2112000,3,0.0362,656,educacion,0,0,0
901698,3003393,2025-05-09,10740000,18,0.0352,576,consumo,0,0,0
901699,3003393,2025-03-13,3207000,6,0.0346,590,consumo,0,0,0
901700,3003396,2025-10-16,1920000,3,0.0434,455,consumo,0,0,0
901701,3003396,2025-03-06,2353000,12,0.0403,527,negocio,0,0,0
901702,3003399,2025-09-09,11691000,3,0.0369,508,salud,1,151,6054000
901703,3003400,2025-06-14,8246000,3,0.0349,598,consumo,0,0,0
901704,3003403,2025-11-21,1684000,6,0.0421,418,negocio,1,157,387000
901705,3003405,2025-03-09,4442000,12,0.0474,590,consumo,0,0,0
901706,3003405,2026-02-01,1507000,12,0.0393,560,negocio,0,0,0
901707,3003411,2025-12-05,11256000,12,0.0441,603,educacion,0,0,0
901708,3003411,2025-06-01,10673000,36,0.0499,652,consumo,1,156,5431000
901709,3003412,2025-04-04,13224000,18,0.0448,615,educacion,0,0,0
901710,3003413,2025-09-17,8724000,6,0.0336,586,consumo,1,144,4739000
901711,3003413,2025-08-17,1285000,12,0.0323,689,otros,0,0,0
901712,3003413,2026-01-12,3439000,12,0.0399,552,negocio,0,0,0
901713,3003417,2026-02-05,2452000,36,0.055,389,consumo,1,146,1115000
901714,3003418,2025-05-27,1134000,12,0.0398,553,consumo,0,0,0
901715,3003421,2025-05-05,909000,12,0.0404,561,salud,0,0,0
901716,3003422,2025-08-16,6675000,12,0.0476,580,consumo,0,0,0
901717,3003422,2025-07-03,1139000,6,0.0375,558,otros,0,0,0
901718,3003422,2026-01-10,1567000,6,0.0356,573,consumo,0,0,0
901719,3003425,2025-08-19,13952000,12,0.0362,640,salud,0,0,0
901720,3003426,2025-09-03,5448000,6,0.0464,571,otros,0,0,0
901721,3003428,2025-04-26,1851000,6,0.0383,437,educacion,0,0,0
901722,3003428,2025-07-30,1789000,6,0.043,514,consumo,0,0,0
901723,3003431,2025-05-10,6908000,3,0.0316,610,negocio,0,0,0
901724,3003432,2025-09-12,7064000,18,0.0395,649,consumo,0,0,0
901725,3003432,2025-09-28,2992000,18,0.0432,556,negocio,0,0,0
901726,3003433,2026-02-26,6065000,12,0.0446,572,salud,0,0,0
901727,3003435,2025-10-06,3963000,24,0.055,483,otros,0,0,0
901728,3003441,2025-07-25,1098000,12,0.038,567,consumo,0,0,0
901729,3003441,2026-02-06,1340000,24,0.0532,544,consumo,0,0,0
901730,3003442,2025-08-17,3702000,18,0.0432,523,negocio,0,0,0
901731,3003442,2025-10-11,1105000,18,0.0443,522,consumo,1,157,610000
901732,3003444,2026-01-19,6596000,12,0.0422,510,salud,0,0,0
901733,3003445,2025-02-15,1408000,3,0.0427,575,otros,0,0,0
901734,3003446,2026-02-09,4284000,6,0.039,617,negocio,0,0,0
901735,3003450,2025-08-07,1552000,3,0.043,396,consumo,1,151,543000
901736,3003450,2025-08-13,820000,12,0.0512,387,salud,0,0,0
901737,3003460,2026-01-30,4332000,18,0.0471,585,consumo,0,0,0
901738,3003465,2025-09-23,2556000,18,0.0474,486,consumo,0,0,0
901739,3003466,2025-08-23,4196000,3,0.0404,557,consumo,0,0,0
901740,3003470,2025-03-07,3794000,12,0.0403,586,otros,0,0,0
901741,3003470,2025-04-16,1011000,18,0.0488,579,consumo,0,0,0
901742,3003477,2026-01-23,6032000,6,0.0294,633,negocio,0,0,0
901743,3003477,2025-11-13,8703000,6,0.0358,661,salud,0,0,0
901744,3003479,2025-01-26,1232000,12,0.0391,537,consumo,0,0,0
901745,3003479,2025-06-22,1020000,36,0.0464,531,otros,0,0,0
901746,3003480,2026-01-28,1511000,3,0.03,572,consumo,0,0,0
901747,3003482,2025-11-18,6322000,3,0.0313,650,consumo,0,0,0
901748,3003482,2026-01-30,2263000,12,0.0492,619,negocio,0,0,0
901749,3003483,2025-11-13,12072000,18,0.0433,560,negocio,0,0,0
901750,3003486,2025-09-26,2756000,24,0.0545,575,educacion,0,0,0
901751,3003493,2025-06-22,31696000,36,0.0466,745,negocio,0,0,0
901752,3003496,2025-02-19,579000,18,0.0475,529,educacion,0,0,0
901753,3003497,2025-05-18,6577000,36,0.055,608,otros,0,0,0
901754,3003501,2025-12-17,949000,12,0.0379,511,negocio,0,0,0
901755,3003504,2025-11-04,4386000,6,0.036,586,consumo,0,0,0
901756,3003504,2025-09-08,2407000,12,0.0428,577,consumo,0,0,0
901757,3003507,2025-04-28,3698000,24,0.0501,526,educacion,0,0,0
901758,3003507,2025-02-10,2650000,12,0.0432,512,consumo,1,150,615000
901759,3003510,2025-07-09,5500000,18,0.0511,510,consumo,1,171,1821000
901760,3003519,2026-02-10,26948000,18,0.0374,679,negocio,1,158,14701000
901761,3003522,2025-08-31,2639000,3,0.0432,579,salud,0,0,0
901762,3003523,2026-02-05,2074000,24,0.0454,632,negocio,0,0,0
901763,3003525,2025-11-09,6678000,12,0.0351,614,consumo,1,158,3397000
901764,3003529,2025-03-10,7409000,6,0.0308,672,consumo,0,0,0
901765,3003533,2025-01-29,2629000,12,0.0517,526,educacion,0,0,0
901766,3003533,2025-11-18,2694000,18,0.0501,562,consumo,0,0,0
901767,3003533,2025-06-13,3138000,12,0.0473,500,otros,0,0,0
901768,3003535,2025-02-27,730000,12,0.0529,364,salud,1,152,242000
901769,3003535,2025-05-11,1670000,24,0.054,492,otros,0,0,0
901770,3003535,2025-08-15,717000,6,0.0415,473,consumo,0,0,0
901771,3003536,2025-01-18,9347000,12,0.0363,597,consumo,0,0,0
901772,3003539,2025-06-05,4999000,6,0.0393,494,otros,0,0,0
901773,3003539,2025-06-07,2649000,24,0.0537,591,negocio,0,0,0
901774,3003540,2025-08-23,2712000,12,0.0377,548,consumo,0,0,0
901775,3003542,2025-03-31,5920000,12,0.0449,453,negocio,1,152,2445000
901776,3003545,2026-02-02,8047000,12,0.0403,604,negocio,0,0,0
901777,3003545,2026-02-22,6708000,12,0.0382,660,educacion,0,0,0
901778,3003547,2025-01-29,4124000,12,0.0424,612,salud,0,0,0
901779,3003549,2026-01-13,3995000,12,0.0444,492,consumo,0,0,0
901780,3003549,2025-03-28,3535000,3,0.0371,555,negocio,0,0,0
901781,3003551,2026-01-03,6037000,6,0.037,616,negocio,0,0,0
901782,3003551,2026-02-23,1824000,24,0.0459,567,consumo,0,0,0
901783,3003552,2025-08-19,2487000,12,0.0315,583,consumo,0,0,0
901784,3003555,2025-11-19,5494000,18,0.0407,725,consumo,0,0,0
901785,3003557,2025-10-03,2355000,36,0.055,458,consumo,0,0,0
901786,3003558,2025-10-04,2076000,3,0.0469,438,consumo,0,0,0
901787,3003558,2025-07-08,1564000,12,0.0473,531,educacion,0,0,0
901788,3003563,2025-05-14,7268000,6,0.0401,557,negocio,0,0,0
901789,3003581,2026-02-15,412000,18,0.0495,365,negocio,1,165,159000
901790,3003582,2025-04-09,10613000,6,0.0359,628,consumo,0,0,0
901791,3003582,2025-03-13,9225000,18,0.0451,506,salud,0,0,0
901792,3003585,2026-02-28,6737000,6,0.0455,603,educacion,0,0,0
901793,3003585,2026-02-28,6700000,12,0.0329,628,salud,0,0,0
901794,3003586,2025-11-04,3567000,6,0.0323,597,consumo,0,0,0
901795,3003589,2026-01-07,9644000,3,0.0315,554,salud,0,0,0
901796,3003591,2025-05-15,2275000,24,0.0549,521,consumo,1,154,1285000
901797,3003593,2025-10-17,17276000,6,0.0394,629,educacion,0,0,0
901798,3003593,2025-06-07,15494000,12,0.038,546,negocio,1,152,7225000
901799,3003597,2025-08-26,2040000,3,0.0344,602,negocio,0,0,0
901800,3003602,2026-02-24,6697000,6,0.0341,534,otros,0,0,0
901801,3003605,2025-03-21,11762000,6,0.0376,640,consumo,0,0,0
901802,3003605,2025-03-07,7674000,12,0.0402,566,negocio,0,0,0
901803,3003606,2025-05-07,13390000,24,0.0533,512,consumo,1,160,7521000
901804,3003606,2025-05-03,10557000,24,0.0453,611,consumo,0,0,0
901805,3003607,2026-02-18,1802000,12,0.0446,386,otros,1,156,501000
901806,3003608,2025-07-03,3323000,18,0.0489,531,consumo,0,0,0
901807,3003608,2025-02-06,4959000,12,0.0475,495,salud,0,0,0
901808,3003610,2025-12-06,687000,24,0.0487,560,educacion,0,0,0
901809,3003610,2026-01-06,3248000,12,0.049,505,consumo,0,0,0
901810,3003610,2025-12-23,3553000,24,0.0473,461,consumo,1,140,1854000
901811,3003611,2025-01-21,3315000,24,0.0503,572,consumo,1,156,1662000
901812,3003611,2025-02-01,1247000,6,0.0444,502,educacion,0,0,0
901813,3003612,2025-05-14,1510000,24,0.0517,492,consumo,0,0,0
901814,3003614,2025-04-16,2830000,24,0.0521,585,salud,0,0,0
901815,3003622,2025-11-01,2493000,6,0.0353,525,negocio,0,0,0
901816,3003623,2026-02-15,3791000,12,0.0449,525,consumo,0,0,0
901817,3003624,2025-08-10,10575000,12,0.044,564,negocio,0,0,0
901818,3003624,2026-01-18,11551000,18,0.0397,632,negocio,0,0,0
901819,3003629,2026-01-20,3109000,3,0.0341,619,consumo,0,0,0
901820,3003630,2025-07-13,4366000,6,0.0372,508,educacion,0,0,0
901821,3003630,2025-08-26,3650000,18,0.0461,528,consumo,0,0,0
901822,3003632,2026-02-17,1478000,3,0.023,660,consumo,0,0,0
901823,3003634,2026-01-04,3210000,18,0.0447,469,consumo,0,0,0
901824,3003638,2025-02-06,7128000,6,0.0286,604,negocio,0,0,0
901825,3003645,2025-08-24,8068000,12,0.0457,512,negocio,0,0,0
901826,3003648,2025-08-28,3019000,12,0.0361,542,negocio,0,0,0
901827,3003650,2025-10-24,4725000,12,0.0431,650,consumo,0,0,0
901828,3003650,2025-05-13,5654000,6,0.0423,628,salud,0,0,0
901829,3003651,2026-01-31,7931000,6,0.0324,601,negocio,0,0,0
901830,3003651,2025-11-08,10953000,12,0.0423,620,negocio,0,0,0
901831,3003654,2025-10-29,14604000,12,0.0438,665,consumo,1,156,5539000
901832,3003654,2026-02-23,13124000,3,0.0247,729,negocio,0,0,0
901833,3003655,2025-02-20,3400000,18,0.0459,556,negocio,0,0,0
901834,3003658,2025-06-03,1557000,12,0.0544,461,negocio,1,159,504000
901835,3003665,2025-07-01,4796000,24,0.0483,623,negocio,0,0,0
901836,3003665,2026-01-06,4497000,6,0.034,619,consumo,0,0,0
901837,3003670,2025-06-30,704000,3,0.04,535,consumo,0,0,0
901838,3003670,2026-02-02,1997000,6,0.038,508,consumo,0,0,0
901839,3003671,2025-10-02,775000,18,0.0429,520,consumo,1,152,253000
901840,3003674,2026-02-27,3293000,6,0.0336,597,consumo,0,0,0
901841,3003676,2025-10-17,7730000,12,0.0359,571,negocio,1,147,2630000
901842,3003676,2025-09-12,8879000,3,0.036,659,negocio,0,0,0
901843,3003677,2025-04-13,3402000,12,0.0308,673,otros,0,0,0
901844,3003677,2026-02-03,10811000,24,0.0444,644,consumo,0,0,0
901845,3003681,2025-09-27,5018000,18,0.0434,557,salud,0,0,0
901846,3003686,2025-12-26,9047000,24,0.042,603,educacion,1,157,3905000
901847,3003687,2025-10-07,5236000,18,0.0473,486,educacion,1,147,1621000
901848,3003687,2025-07-13,2983000,18,0.048,535,consumo,0,0,0
901849,3003690,2025-06-08,5681000,6,0.0474,516,consumo,1,160,1637000
901850,3003690,2025-10-11,2962000,6,0.0379,531,otros,1,156,1258000
901851,3003690,2025-11-19,3789000,6,0.0461,576,otros,1,146,1224000
901852,3003693,2026-01-18,4361000,24,0.0438,636,salud,0,0,0
901853,3003693,2025-07-27,4603000,12,0.04,546,negocio,1,153,2102000
901854,3003696,2026-02-08,301000,12,0.0492,433,negocio,0,0,0
901855,3003700,2025-02-10,3893000,3,0.042,560,consumo,0,0,0
901856,3003701,2025-09-10,1950000,12,0.0468,528,consumo,0,0,0
901857,3003703,2025-05-16,3253000,12,0.0451,569,consumo,0,0,0
901858,3003703,2026-01-01,3957000,12,0.0402,537,negocio,0,0,0
901859,3003705,2025-05-14,2685000,6,0.0437,475,consumo,1,151,1259000
901860,3003713,2025-08-27,2988000,18,0.0505,623,consumo,0,0,0
901861,3003714,2025-02-01,8562000,12,0.0438,636,negocio,0,0,0
901862,3003715,2025-04-05,3913000,6,0.0356,461,consumo,1,146,1566000
901863,3003716,2025-09-17,11856000,12,0.038,621,consumo,0,0,0
901864,3003729,2025-11-05,3825000,18,0.0434,491,salud,0,0,0
901865,3003733,2025-09-03,6706000,12,0.0467,466,salud,0,0,0
901866,3003733,2026-02-14,2385000,6,0.0406,570,consumo,0,0,0
901867,3003733,2025-05-09,2753000,18,0.0509,522,salud,0,0,0
901868,3003739,2026-02-22,3837000,12,0.0425,544,consumo,1,161,1335000
901869,3003740,2026-01-28,1284000,12,0.0501,452,educacion,0,0,0
901870,3003740,2026-02-15,372000,24,0.049,536,educacion,0,0,0
901871,3003744,2025-10-21,443000,6,0.0381,486,consumo,0,0,0
901872,3003755,2025-04-03,1841000,18,0.0393,655,negocio,0,0,0
901873,3003756,2025-11-14,2388000,18,0.036,695,negocio,0,0,0
901874,3003756,2025-05-10,4457000,36,0.0495,612,consumo,0,0,0
901875,3003758,2025-09-19,2795000,3,0.0382,537,consumo,0,0,0
901876,3003760,2026-01-01,593000,18,0.0423,437,consumo,1,146,356000
901877,3003763,2026-01-26,8171000,6,0.0397,592,negocio,0,0,0
901878,3003766,2025-03-24,6439000,24,0.055,497,salud,1,150,2512000
901879,3003766,2026-01-23,2155000,12,0.046,538,consumo,1,154,507000
901880,3003767,2025-07-12,5271000,12,0.0403,625,negocio,0,0,0
901881,3003769,2026-02-26,10697000,18,0.0386,723,consumo,0,0,0
901882,3003769,2026-02-21,18215000,12,0.0403,697,consumo,0,0,0
901883,3003770,2026-01-26,4676000,6,0.0372,560,salud,0,0,0
901884,3003770,2025-09-19,10884000,12,0.0445,593,educacion,0,0,0
901885,3003772,2025-11-11,3068000,12,0.0476,470,consumo,0,0,0
901886,3003772,2025-11-11,3376000,6,0.034,560,consumo,0,0,0
901887,3003772,2026-01-14,1645000,24,0.0452,540,consumo,0,0,0
901888,3003773,2026-02-24,17149000,12,0.0418,628,otros,0,0,0
901889,3003773,2026-02-21,6103000,24,0.0411,672,salud,0,0,0
901890,3003780,2026-02-13,3596000,24,0.0484,597,educacion,0,0,0
901891,3003780,2025-05-20,3785000,12,0.0443,637,negocio,0,0,0
901892,3003783,2025-03-28,1820000,12,0.0428,447,salud,0,0,0
901893,3003783,2025-03-21,547000,6,0.0356,559,consumo,0,0,0
901894,3003785,2026-02-22,3485000,12,0.04,482,salud,0,0,0
901895,3003786,2025-08-24,5064000,12,0.0475,558,salud,0,0,0
901896,3003787,2025-08-28,4349000,6,0.0378,531,educacion,0,0,0
901897,3003792,2025-11-26,1865000,12,0.0451,530,consumo,0,0,0
901898,3003792,2026-01-07,3186000,6,0.0433,511,educacion,0,0,0
901899,3003794,2025-02-08,1911000,24,0.0475,479,negocio,0,0,0
901900,3003795,2025-09-15,8298000,36,0.055,502,negocio,0,0,0
901901,3003795,2025-11-11,4346000,18,0.0522,568,consumo,0,0,0
901902,3003798,2025-09-05,2531000,12,0.048,496,consumo,0,0,0
901903,3003798,2025-05-31,2220000,3,0.0364,545,otros,0,0,0
901904,3003805,2025-04-25,4623000,24,0.0523,581,consumo,0,0,0
901905,3003807,2025-11-19,10844000,3,0.0333,592,consumo,0,0,0
901906,3003810,2025-11-22,5141000,12,0.0367,592,consumo,0,0,0
901907,3003811,2025-09-09,4236000,24,0.0473,618,consumo,0,0,0
901908,3003812,2025-07-20,5907000,18,0.0485,461,salud,1,155,2261000
901909,3003817,2025-12-17,13880000,3,0.031,638,consumo,0,0,0
901910,3003817,2026-02-21,3214000,12,0.0355,719,negocio,0,0,0
901911,3003818,2025-10-11,1685000,3,0.0426,503,consumo,0,0,0
901912,3003818,2026-01-06,1567000,12,0.051,504,consumo,0,0,0
901913,3003822,2025-02-20,8230000,24,0.0533,464,otros,0,0,0
901914,3003824,2026-02-03,6631000,18,0.055,518,consumo,0,0,0
901915,3003824,2025-05-05,6181000,18,0.0436,536,consumo,1,158,1228000
901916,3003829,2026-01-05,1639000,12,0.0395,592,negocio,0,0,0
901917,3003830,2025-10-26,625000,3,0.039,504,otros,0,0,0
901918,3003830,2025-06-09,2414000,12,0.0546,472,educacion,0,0,0
901919,3003832,2025-10-24,2054000,36,0.055,420,educacion,1,150,1256000
901920,3003835,2025-04-20,2655000,24,0.0534,585,consumo,0,0,0
901921,3003838,2025-09-20,6143000,3,0.036,651,negocio,0,0,0
901922,3003838,2025-12-02,1455000,36,0.055,538,educacion,0,0,0
901923,3003846,2025-11-24,1350000,6,0.0487,416,salud,0,0,0
901924,3003853,2025-08-05,6265000,24,0.0453,665,consumo,0,0,0
901925,3003854,2025-11-25,7200000,12,0.0396,674,negocio,0,0,0
901926,3003854,2026-01-06,5215000,12,0.0427,560,salud,0,0,0
901927,3003855,2025-12-20,9151000,6,0.0353,608,consumo,0,0,0
901928,3003855,2025-12-22,2363000,18,0.0393,612,negocio,0,0,0
901929,3003860,2025-05-29,4194000,6,0.0421,534,consumo,0,0,0
901930,3003862,2025-08-28,7848000,18,0.0498,556,negocio,0,0,0
901931,3003867,2025-01-10,6498000,3,0.0386,539,negocio,0,0,0
901932,3003869,2025-07-27,2429000,12,0.0396,554,consumo,0,0,0
901933,3003872,2026-02-04,4417000,12,0.0432,531,consumo,1,142,1936000
901934,3003875,2026-02-02,4433000,12,0.0438,520,consumo,0,0,0
901935,3003875,2025-02-24,5577000,6,0.0412,570,otros,0,0,0
901936,3003880,2025-08-12,5080000,6,0.042,485,consumo,0,0,0
901937,3003882,2025-05-07,771000,18,0.0532,503,salud,0,0,0
901938,3003888,2025-01-08,7037000,6,0.04,524,negocio,0,0,0
901939,3003889,2025-11-13,6602000,24,0.0486,564,educacion,0,0,0
901940,3003890,2025-11-20,3185000,6,0.0323,572,consumo,1,150,1157000
901941,3003894,2025-07-29,847000,6,0.0436,569,negocio,0,0,0
901942,3003894,2025-09-16,972000,18,0.0528,471,consumo,1,142,632000
901943,3003897,2025-07-31,2932000,12,0.0404,607,negocio,0,0,0
901944,3003900,2025-09-05,2517000,3,0.0257,619,educacion,0,0,0
901945,3003902,2025-04-08,1280000,6,0.0427,548,negocio,1,135,824000
901946,3003905,2025-11-02,3003000,24,0.0475,500,negocio,0,0,0
901947,3003905,2025-12-18,4075000,6,0.0331,531,salud,0,0,0
901948,3003907,2025-04-28,664000,18,0.0538,500,salud,0,0,0
901949,3003913,2025-06-21,3353000,12,0.0432,606,consumo,0,0,0
901950,3003915,2025-11-03,971000,18,0.0472,510,consumo,0,0,0
901951,3003921,2025-10-19,4706000,3,0.0424,509,negocio,0,0,0
901952,3003921,2025-10-27,4716000,12,0.0382,520,negocio,0,0,0
901953,3003922,2026-01-27,1592000,24,0.0479,556,otros,0,0,0
901954,3003924,2025-12-21,25392000,12,0.0428,646,negocio,0,0,0
901955,3003933,2026-02-27,2540000,3,0.0461,520,educacion,0,0,0
901956,3003933,2026-02-27,3629000,12,0.0406,580,educacion,0,0,0
901957,3003934,2025-12-07,7030000,18,0.0461,623,consumo,1,149,4056000
901958,3003935,2026-02-01,1184000,6,0.0329,575,consumo,0,0,0
901959,3003935,2025-11-01,6970000,24,0.055,522,negocio,1,126,3550000
901960,3003939,2026-01-14,3277000,12,0.0377,629,salud,0,0,0
901961,3003940,2026-01-24,7974000,12,0.049,613,otros,0,0,0
901962,3003943,2025-06-22,12510000,12,0.0336,656,consumo,0,0,0
901963,3003943,2025-06-16,5023000,6,0.0336,591,consumo,0,0,0
901964,3003946,2025-09-03,1918000,12,0.043,484,educacion,0,0,0
901965,3003947,2025-10-03,2412000,6,0.0414,514,negocio,0,0,0
901966,3003950,2025-01-25,3891000,18,0.0339,709,educacion,0,0,0
901967,3003953,2025-04-03,3551000,24,0.0408,666,negocio,0,0,0
901968,3003956,2025-12-29,6231000,24,0.0515,585,consumo,0,0,0
901969,3003956,2026-02-15,2870000,6,0.0351,569,consumo,0,0,0
901970,3003965,2025-09-25,2383000,3,0.0326,502,negocio,0,0,0
901971,3003969,2025-06-19,4626000,12,0.0288,660,consumo,0,0,0
901972,3003972,2025-12-30,2861000,24,0.0517,519,consumo,0,0,0
901973,3003972,2025-05-11,2513000,18,0.0446,492,educacion,0,0,0
901974,3003972,2026-02-03,3410000,3,0.0436,535,negocio,0,0,0
901975,3003975,2025-07-06,5133000,12,0.0467,495,consumo,1,163,1416000
901976,3003975,2025-08-09,1541000,3,0.0359,573,salud,0,0,0
901977,3003977,2025-12-16,6473000,36,0.055,510,consumo,0,0,0
901978,3003978,2025-01-11,10238000,12,0.0262,689,consumo,0,0,0
901979,3003979,2026-02-13,5035000,6,0.0451,535,consumo,0,0,0
901980,3003979,2026-01-20,1871000,12,0.0447,609,consumo,0,0,0
901981,3003980,2025-11-05,5854000,18,0.0515,589,consumo,0,0,0
901982,3003982,2025-01-29,944000,36,0.055,445,otros,0,0,0
901983,3003983,2025-05-25,5790000,6,0.0385,504,salud,0,0,0
901984,3003983,2025-03-10,4651000,24,0.0493,618,negocio,0,0,0
901985,3003984,2026-01-19,1580000,36,0.055,493,negocio,0,0,0
901986,3003989,2025-12-18,5728000,24,0.0441,465,consumo,0,0,0
901987,3003989,2025-11-23,10028000,24,0.055,563,consumo,0,0,0
901988,3003989,2025-04-25,3537000,24,0.0518,608,consumo,0,0,0
901989,3003991,2025-01-12,1148000,6,0.0444,502,salud,1,164,528000
901990,3003994,2025-11-06,1659000,6,0.0373,497,otros,0,0,0
901991,3003994,2026-02-16,8e+05,3,0.0384,501,consumo,0,0,0
901992,3003995,2025-02-25,1510000,6,0.0322,611,otros,0,0,0
901993,3003997,2025-11-30,2063000,12,0.0403,629,negocio,0,0,0
901994,3003998,2025-03-19,12403000,3,0.0353,601,educacion,0,0,0
901995,3003999,2026-01-14,4404000,18,0.046,561,salud,0,0,0
901996,3004000,2025-11-17,201000,18,0.0521,426,educacion,0,0,0
901997,3004000,2025-08-19,459000,12,0.0413,439,consumo,0,0,0
901998,3004000,2025-01-25,1034000,18,0.0512,410,otros,0,0,0
901999,3004001,2025-11-03,9556000,36,0.055,511,negocio,0,0,0
902000,3004001,2025-04-05,10126000,12,0.038,523,negocio,0,0,0
902001,3004016,2025-12-09,651000,18,0.044,536,salud,0,0,0
902002,3004021,2026-02-08,3225000,36,0.055,592,consumo,1,149,1668000
902003,3004023,2025-02-28,994000,3,0.031,531,consumo,0,0,0
902004,3004023,2025-01-23,1604000,6,0.0419,536,consumo,0,0,0
902005,3004027,2025-09-26,2243000,12,0.0403,565,consumo,0,0,0
902006,3004030,2026-01-26,2256000,24,0.0481,581,salud,0,0,0
902007,3004032,2025-08-25,1093000,24,0.0522,502,consumo,0,0,0
902008,3004035,2026-01-17,1707000,18,0.0436,515,consumo,0,0,0
902009,3004035,2025-07-07,1773000,12,0.0495,462,consumo,1,162,567000
902010,3004036,2025-07-22,7542000,6,0.0365,613,salud,0,0,0
902011,3004040,2025-09-29,10786000,6,0.0438,634,consumo,0,0,0
902012,3004042,2025-08-05,2506000,3,0.0318,664,educacion,0,0,0
902013,3004042,2026-01-19,7167000,6,0.0326,612,otros,0,0,0
902014,3004054,2025-07-31,4212000,6,0.0429,540,consumo,0,0,0
902015,3004054,2025-11-28,4770000,6,0.0414,619,otros,0,0,0
902016,3004054,2025-08-02,5089000,12,0.0324,572,negocio,0,0,0
902017,3004055,2025-04-07,1044000,18,0.048,482,consumo,1,149,485000
902018,3004055,2025-02-12,4322000,3,0.0356,598,educacion,0,0,0
902019,3004057,2025-08-03,8983000,6,0.0471,529,consumo,0,0,0
902020,3004058,2026-01-10,4207000,12,0.0468,537,negocio,0,0,0
902021,3004063,2025-07-31,1155000,24,0.0471,574,negocio,0,0,0
902022,3004063,2025-02-27,2367000,12,0.0396,646,educacion,0,0,0
902023,3004066,2026-02-01,7035000,18,0.0498,649,otros,0,0,0
902024,3004069,2025-12-28,2960000,24,0.0417,579,otros,0,0,0
902025,3004069,2025-12-29,1985000,18,0.0474,620,consumo,0,0,0
902026,3004071,2025-02-12,1243000,12,0.0503,499,consumo,0,0,0
902027,3004074,2025-10-17,4963000,18,0.046,602,educacion,0,0,0
902028,3004075,2026-02-18,6113000,6,0.0359,677,consumo,0,0,0
902029,3004076,2025-11-09,5481000,12,0.0422,525,consumo,1,135,2461000
902030,3004077,2026-01-06,2965000,18,0.0459,490,consumo,0,0,0
902031,3004077,2025-12-25,3577000,3,0.045,521,consumo,0,0,0
902032,3004083,2025-06-24,12889000,18,0.0408,623,educacion,0,0,0
902033,3004090,2025-11-24,5183000,3,0.0439,515,otros,0,0,0
902034,3004090,2026-01-09,5014000,6,0.0347,579,otros,0,0,0
902035,3004093,2025-11-19,4639000,3,0.0416,599,consumo,0,0,0
902036,3004098,2026-02-22,4997000,6,0.0384,546,consumo,0,0,0
902037,3004104,2025-01-06,2559000,12,0.0409,516,negocio,1,150,1500000
902038,3004112,2026-02-19,962000,12,0.0401,599,salud,0,0,0
902039,3004113,2025-09-27,6118000,12,0.0452,510,consumo,0,0,0
902040,3004115,2025-10-27,2373000,3,0.037,600,consumo,0,0,0
902041,3004124,2025-11-21,921000,6,0.0387,522,negocio,0,0,0
902042,3004131,2025-12-26,570000,3,0.0359,497,otros,0,0,0
902043,3004131,2025-05-11,2586000,24,0.0529,509,negocio,1,142,1632000
902044,3004134,2025-05-23,8202000,36,0.0538,579,negocio,0,0,0
902045,3004134,2025-08-23,3513000,18,0.0387,654,negocio,0,0,0
902046,3004138,2025-05-24,3534000,12,0.0419,551,consumo,0,0,0
902047,3004138,2026-02-02,3136000,18,0.0451,562,consumo,0,0,0
902048,3004139,2025-08-31,4393000,12,0.0406,709,consumo,0,0,0
902049,3004139,2025-06-05,3866000,3,0.0361,572,educacion,0,0,0
902050,3004140,2025-05-28,7440000,12,0.0379,563,consumo,0,0,0
902051,3004140,2025-09-26,6723000,3,0.0391,582,otros,0,0,0
902052,3004141,2026-02-19,2074000,18,0.0458,550,otros,0,0,0
902053,3004141,2026-02-23,1818000,12,0.0406,491,educacion,0,0,0
902054,3004144,2025-11-02,8923000,12,0.0416,597,negocio,0,0,0
902055,3004144,2025-09-07,10261000,18,0.0418,527,consumo,1,161,3793000
902056,3004146,2025-11-11,4401000,12,0.0426,538,educacion,0,0,0
902057,3004146,2025-11-11,5263000,18,0.0497,652,negocio,0,0,0
902058,3004148,2025-10-07,722000,36,0.055,495,salud,0,0,0
902059,3004148,2025-10-22,1787000,3,0.0395,530,salud,0,0,0
902060,3004149,2025-07-16,12444000,6,0.0394,586,salud,0,0,0
902061,3004149,2025-08-12,5828000,6,0.039,576,negocio,0,0,0
902062,3004151,2025-12-03,5362000,3,0.0352,533,otros,1,147,2431000
902063,3004152,2025-12-19,1517000,36,0.055,518,salud,0,0,0
902064,3004155,2025-10-20,351000,12,0.0413,489,negocio,0,0,0
902065,3004155,2025-02-18,357000,6,0.0469,462,consumo,0,0,0
902066,3004157,2025-09-24,1811000,24,0.0497,678,consumo,0,0,0
902067,3004157,2025-04-13,3578000,24,0.0468,555,educacion,0,0,0
902068,3004158,2025-09-11,4181000,3,0.0297,689,consumo,0,0,0
902069,3004163,2026-01-04,2518000,12,0.0531,511,educacion,1,154,718000
902070,3004164,2025-10-25,2615000,18,0.0488,608,negocio,0,0,0
902071,3004164,2025-12-05,1673000,6,0.0339,630,consumo,0,0,0
902072,3004170,2025-11-10,1829000,12,0.0386,534,negocio,0,0,0
902073,3004170,2025-04-02,1629000,24,0.0505,506,consumo,1,145,438000
902074,3004172,2025-08-24,3210000,24,0.0454,517,consumo,0,0,0
902075,3004173,2026-02-05,4317000,6,0.0381,624,consumo,0,0,0
902076,3004180,2025-11-03,4534000,12,0.0436,573,educacion,1,143,1748000
902077,3004180,2025-10-05,7165000,18,0.0492,571,consumo,0,0,0
902078,3004180,2025-03-05,1710000,12,0.0446,604,consumo,0,0,0
902079,3004184,2025-02-02,10922000,6,0.0425,587,consumo,1,162,2717000
902080,3004185,2025-05-16,3237000,6,0.0331,644,consumo,0,0,0
902081,3004190,2025-04-15,6136000,6,0.0345,651,salud,0,0,0
902082,3004190,2025-07-06,7135000,6,0.0278,671,negocio,0,0,0
902083,3004190,2026-02-01,1627000,24,0.0441,615,otros,0,0,0
902084,3004196,2025-01-01,3502000,36,0.0476,600,salud,0,0,0
902085,3004198,2025-12-23,4062000,18,0.0378,566,consumo,0,0,0
902086,3004198,2025-07-27,1897000,3,0.0372,530,otros,0,0,0
902087,3004212,2025-03-30,4902000,12,0.0327,578,educacion,0,0,0
902088,3004212,2025-02-16,2461000,6,0.0371,634,salud,0,0,0
902089,3004213,2025-05-02,2378000,18,0.0484,535,consumo,0,0,0
902090,3004215,2025-11-21,2111000,18,0.038,668,otros,0,0,0
902091,3004215,2025-04-13,1521000,6,0.0343,528,otros,0,0,0
902092,3004216,2025-12-26,6851000,3,0.037,541,educacion,0,0,0
902093,3004221,2026-02-28,1487000,18,0.0485,587,salud,0,0,0
902094,3004221,2026-02-28,728000,3,0.03,535,salud,0,0,0
902095,3004222,2025-04-16,3251000,12,0.0441,551,negocio,0,0,0
902096,3004222,2026-01-23,5083000,6,0.0444,523,educacion,0,0,0
902097,3004223,2026-02-22,7601000,12,0.0384,559,consumo,0,0,0
902098,3004223,2026-02-18,11405000,24,0.0548,559,educacion,0,0,0
902099,3004226,2026-01-01,1261000,18,0.0455,615,consumo,0,0,0
902100,3004227,2025-02-27,1442000,12,0.0417,597,consumo,0,0,0
902101,3004228,2025-12-05,3308000,12,0.0434,502,negocio,0,0,0
902102,3004229,2025-02-13,6297000,18,0.0437,618,consumo,0,0,0
902103,3004236,2025-10-16,1205000,6,0.0428,607,consumo,0,0,0
902104,3004236,2025-05-29,2257000,6,0.0404,552,consumo,0,0,0
902105,3004236,2026-01-25,2798000,24,0.0497,526,salud,0,0,0
902106,3004237,2025-04-07,4568000,6,0.0402,614,consumo,0,0,0
902107,3004238,2026-01-25,8289000,12,0.0457,584,consumo,0,0,0
902108,3004238,2025-04-09,2237000,18,0.0415,655,negocio,0,0,0
902109,3004240,2025-06-14,2551000,36,0.055,536,consumo,1,153,1382000
902110,3004241,2025-06-09,10800000,18,0.0403,622,educacion,0,0,0
902111,3004241,2025-02-22,6825000,12,0.0417,636,negocio,0,0,0
902112,3004243,2025-04-14,3762000,18,0.0517,521,consumo,0,0,0
902113,3004243,2026-01-15,2128000,18,0.0394,539,salud,0,0,0
902114,3004249,2025-12-09,3647000,24,0.0512,589,negocio,0,0,0
902115,3004250,2025-09-06,1891000,18,0.0538,389,consumo,1,148,525000
902116,3004251,2025-10-15,4550000,3,0.0351,585,negocio,0,0,0
902117,3004253,2026-02-24,2114000,6,0.041,410,consumo,1,149,1197000
902118,3004253,2026-02-18,318000,24,0.0505,466,negocio,0,0,0
902119,3004257,2025-06-07,1588000,12,0.0361,582,salud,0,0,0
902120,3004259,2025-08-09,3776000,18,0.0481,465,educacion,1,159,2154000
902121,3004259,2025-12-03,2474000,12,0.0465,497,consumo,1,151,1525000
902122,3004262,2025-11-25,10579000,18,0.0411,685,negocio,0,0,0
902123,3004265,2026-02-24,8720000,12,0.0335,635,consumo,0,0,0
902124,3004269,2025-11-29,3757000,6,0.0429,547,salud,0,0,0
902125,3004269,2026-01-01,1322000,12,0.0434,506,salud,0,0,0
902126,3004272,2025-11-19,2960000,36,0.055,514,consumo,1,156,1571000
902127,3004274,2026-02-06,11823000,18,0.0435,653,consumo,0,0,0
902128,3004277,2025-05-14,3092000,12,0.0443,554,negocio,0,0,0
902129,3004277,2025-04-14,3168000,24,0.0531,588,consumo,0,0,0
902130,3004278,2025-06-26,2574000,12,0.05,610,consumo,0,0,0
902131,3004279,2025-03-05,6931000,18,0.0528,561,salud,0,0,0
902132,3004282,2025-03-13,3510000,6,0.0416,498,educacion,0,0,0
902133,3004284,2025-11-13,6128000,36,0.055,589,otros,0,0,0
902134,3004284,2025-02-01,1536000,12,0.044,569,negocio,0,0,0
902135,3004288,2025-12-31,1066000,18,0.055,487,consumo,0,0,0
902136,3004305,2025-10-26,2463000,12,0.0452,504,consumo,0,0,0
902137,3004306,2025-03-06,2459000,36,0.055,528,consumo,1,162,1024000
902138,3004308,2025-10-26,2583000,6,0.0432,565,negocio,0,0,0
902139,3004308,2025-05-13,4891000,6,0.0397,528,consumo,0,0,0
902140,3004309,2026-01-13,1551000,36,0.055,577,otros,0,0,0
902141,3004309,2026-01-11,7538000,12,0.0352,584,consumo,0,0,0
902142,3004310,2025-11-10,4461000,36,0.0529,603,consumo,0,0,0
902143,3004313,2025-08-03,5969000,6,0.036,637,negocio,0,0,0
902144,3004315,2026-02-08,3666000,36,0.051,688,consumo,0,0,0
902145,3004316,2026-02-16,5968000,12,0.0434,531,consumo,0,0,0
902146,3004318,2025-01-02,858000,24,0.047,573,consumo,0,0,0
902147,3004318,2025-02-17,1382000,24,0.0529,602,educacion,0,0,0
902148,3004320,2025-09-10,1297000,18,0.0414,596,otros,0,0,0
902149,3004322,2025-04-28,1181000,12,0.0396,625,negocio,0,0,0
902150,3004322,2025-01-16,4713000,24,0.0429,626,educacion,0,0,0
902151,3004324,2025-07-31,2209000,3,0.0344,628,consumo,0,0,0
902152,3004326,2026-02-02,1406000,6,0.0421,410,consumo,1,152,670000
902153,3004327,2025-02-17,3728000,3,0.0522,492,salud,0,0,0
902154,3004327,2025-11-23,3639000,6,0.0352,531,negocio,0,0,0
902155,3004329,2025-11-05,4119000,24,0.0467,575,consumo,1,151,1097000
902156,3004336,2025-02-02,12123000,6,0.0384,666,consumo,0,0,0
902157,3004336,2025-01-06,8206000,3,0.0325,642,consumo,0,0,0
902158,3004338,2025-09-23,6331000,24,0.0486,574,otros,0,0,0
902159,3004338,2025-08-10,3367000,6,0.0385,631,otros,0,0,0
902160,3004340,2025-07-20,1032000,6,0.0339,574,negocio,0,0,0
902161,3004340,2025-07-19,3454000,24,0.0526,645,salud,0,0,0
902162,3004340,2026-01-05,5763000,12,0.0432,494,consumo,0,0,0
902163,3004341,2025-06-02,5199000,24,0.0477,552,consumo,0,0,0
902164,3004341,2025-04-03,5782000,6,0.0434,561,consumo,0,0,0
902165,3004341,2025-02-21,2630000,36,0.055,562,negocio,0,0,0
902166,3004344,2025-03-14,1718000,12,0.0449,578,educacion,0,0,0
902167,3004346,2026-01-30,4561000,12,0.0388,646,negocio,0,0,0
902168,3004349,2025-04-25,5252000,6,0.0445,494,negocio,0,0,0
902169,3004351,2025-10-06,3222000,36,0.055,552,educacion,0,0,0
902170,3004352,2025-08-07,9043000,18,0.0465,610,negocio,0,0,0
902171,3004352,2025-08-12,3198000,24,0.0485,628,negocio,0,0,0
902172,3004353,2025-04-04,3986000,24,0.0468,607,otros,0,0,0
902173,3004353,2026-02-14,6792000,6,0.0292,704,consumo,0,0,0
902174,3004358,2025-12-01,6531000,12,0.0415,602,consumo,0,0,0
902175,3004362,2025-09-06,1697000,24,0.0548,609,salud,0,0,0
902176,3004365,2025-06-09,10573000,18,0.0452,621,consumo,0,0,0
902177,3004367,2026-02-06,1966000,12,0.0383,518,consumo,0,0,0
902178,3004369,2025-02-21,5891000,12,0.0398,528,educacion,0,0,0
902179,3004369,2025-11-21,5674000,24,0.0379,631,otros,0,0,0
902180,3004370,2025-02-18,5209000,18,0.0485,542,educacion,0,0,0
902181,3004370,2025-02-13,3327000,12,0.031,575,consumo,0,0,0
902182,3004371,2025-11-02,954000,24,0.055,437,salud,1,140,567000
902183,3004371,2026-02-12,3334000,24,0.055,556,negocio,0,0,0
902184,3004372,2026-01-15,1597000,24,0.0493,649,negocio,0,0,0
902185,3004373,2026-02-21,1752000,18,0.0495,544,educacion,0,0,0
902186,3004373,2025-08-16,1136000,6,0.0458,530,negocio,0,0,0
902187,3004374,2025-07-25,1923000,12,0.0369,537,consumo,0,0,0
902188,3004377,2025-11-05,5213000,18,0.0441,541,consumo,1,154,2442000
902189,3004378,2026-02-16,11518000,6,0.0405,627,consumo,0,0,0
902190,3004378,2026-02-11,16421000,12,0.0341,656,consumo,0,0,0
902191,3004379,2025-04-09,1879000,24,0.0526,538,consumo,0,0,0
902192,3004379,2025-04-19,5822000,6,0.0429,609,otros,0,0,0
902193,3004382,2025-02-15,6168000,6,0.0336,514,negocio,0,0,0
902194,3004384,2025-08-14,2260000,24,0.0491,551,negocio,0,0,0
902195,3004384,2025-02-20,809000,18,0.0527,540,salud,0,0,0
902196,3004384,2025-10-19,2402000,18,0.0438,556,negocio,0,0,0
902197,3004387,2025-06-18,3943000,12,0.0505,467,negocio,1,142,1704000
902198,3004389,2025-01-09,2221000,12,0.0418,521,salud,0,0,0
902199,3004392,2025-02-09,2828000,24,0.0526,519,consumo,0,0,0
902200,3004393,2026-01-06,1248000,24,0.0515,570,consumo,0,0,0
902201,3004393,2025-06-27,2475000,6,0.0409,514,otros,1,158,842000
902202,3004396,2025-12-29,3943000,6,0.0366,571,consumo,0,0,0
902203,3004398,2025-05-01,6319000,6,0.0339,558,educacion,0,0,0
902204,3004400,2025-05-21,2691000,12,0.043,490,educacion,0,0,0
902205,3004403,2026-01-29,1571000,12,0.0444,514,consumo,0,0,0
902206,3004403,2025-11-17,5961000,18,0.0427,623,negocio,0,0,0
902207,3004405,2025-04-07,3267000,6,0.0482,515,negocio,0,0,0
902208,3004405,2025-03-09,941000,24,0.0516,545,salud,1,143,368000
902209,3004406,2026-02-15,2935000,6,0.0405,604,negocio,0,0,0
902210,3004407,2025-02-13,3062000,24,0.0445,552,negocio,0,0,0
902211,3004407,2025-10-07,3945000,12,0.0433,551,negocio,0,0,0
902212,3004409,2026-02-25,8238000,3,0.041,629,consumo,0,0,0
902213,3004410,2025-04-04,3563000,12,0.0465,537,negocio,0,0,0
902214,3004410,2026-02-07,4738000,24,0.0521,483,consumo,1,168,2441000
902215,3004415,2025-06-18,998000,3,0.0398,472,otros,0,0,0
902216,3004416,2025-05-30,1025000,12,0.0418,524,consumo,0,0,0
902217,3004417,2025-08-26,5383000,6,0.0373,610,consumo,0,0,0
902218,3004418,2025-06-19,6355000,12,0.0406,544,consumo,0,0,0
902219,3004421,2026-02-22,4498000,3,0.0346,586,consumo,0,0,0
902220,3004423,2025-03-26,5393000,6,0.0369,589,consumo,1,144,2289000
902221,3004428,2026-01-27,1565000,12,0.0426,501,otros,0,0,0
902222,3004428,2026-02-21,1095000,18,0.043,537,salud,0,0,0
902223,3004430,2025-08-06,6470000,24,0.055,615,negocio,0,0,0
902224,3004431,2025-05-23,1668000,18,0.0531,456,salud,0,0,0
902225,3004432,2025-07-09,2306000,12,0.0395,588,consumo,0,0,0
902226,3004432,2025-07-06,1015000,6,0.0313,604,salud,0,0,0
902227,3004433,2025-11-20,2549000,6,0.0368,539,salud,0,0,0
902228,3004440,2026-02-05,2309000,12,0.0515,505,educacion,0,0,0
902229,3004444,2026-01-23,2375000,6,0.0402,522,consumo,0,0,0
902230,3004445,2025-11-25,12912000,3,0.0343,601,consumo,0,0,0
902231,3004445,2026-02-24,6453000,3,0.0364,689,negocio,0,0,0
902232,3004448,2026-01-07,2823000,12,0.0449,541,consumo,0,0,0
902233,3004451,2025-08-27,8842000,12,0.037,597,educacion,0,0,0
902234,3004452,2025-05-11,12190000,12,0.0373,703,educacion,0,0,0
902235,3004452,2025-09-07,7830000,24,0.0371,750,salud,0,0,0
902236,3004453,2025-10-18,3495000,18,0.0438,689,consumo,0,0,0
902237,3004454,2026-01-30,1435000,6,0.0427,510,consumo,1,146,544000
902238,3004454,2025-11-09,894000,6,0.039,575,educacion,0,0,0
902239,3004457,2026-02-13,1190000,18,0.0499,563,consumo,0,0,0
902240,3004460,2025-10-16,3324000,12,0.0389,578,educacion,1,148,1206000
902241,3004463,2025-09-29,2590000,12,0.0438,542,consumo,0,0,0
902242,3004463,2025-10-28,4105000,24,0.0488,572,consumo,0,0,0
902243,3004470,2025-04-21,15985000,24,0.0417,633,salud,0,0,0
902244,3004470,2025-08-31,13889000,18,0.0381,663,otros,0,0,0
902245,3004471,2025-07-28,3533000,12,0.0361,494,consumo,1,142,2217000
902246,3004472,2025-09-27,3882000,18,0.0472,491,consumo,1,136,2471000
902247,3004472,2025-08-15,2319000,24,0.0542,516,educacion,0,0,0
902248,3004473,2025-09-25,3769000,18,0.051,519,otros,0,0,0
902249,3004479,2025-09-03,2795000,6,0.0346,470,otros,1,136,1386000
902250,3004479,2026-02-12,3857000,12,0.0456,465,otros,1,159,2030000
902251,3004480,2026-01-03,2108000,24,0.0511,633,consumo,0,0,0
902252,3004484,2025-11-09,8284000,12,0.0435,545,salud,1,143,2072000
902253,3004484,2025-10-14,7408000,12,0.0459,634,negocio,0,0,0
902254,3004484,2025-11-15,4198000,18,0.0424,567,consumo,0,0,0
902255,3004487,2026-02-17,1496000,6,0.0333,523,consumo,1,166,420000
902256,3004490,2025-05-24,4048000,24,0.0483,533,educacion,0,0,0
902257,3004496,2025-01-16,9851000,12,0.0483,575,otros,0,0,0
902258,3004497,2025-03-26,3288000,3,0.0334,610,otros,0,0,0
902259,3004497,2025-04-18,1756000,6,0.0359,597,negocio,0,0,0
902260,3004498,2025-03-11,6156000,18,0.0393,583,negocio,0,0,0
902261,3004503,2026-01-07,7844000,18,0.051,530,consumo,1,149,3255000
902262,3004506,2025-08-07,7724000,6,0.0375,527,negocio,0,0,0
902263,3004506,2025-02-15,4340000,6,0.0427,555,negocio,0,0,0
902264,3004516,2025-12-22,7280000,6,0.0331,594,consumo,0,0,0
902265,3004516,2025-04-13,2660000,12,0.048,564,consumo,0,0,0
902266,3004522,2025-09-29,8114000,12,0.0447,681,educacion,0,0,0
902267,3004522,2025-01-27,2281000,12,0.0404,666,negocio,0,0,0
902268,3004524,2025-08-17,4895000,12,0.039,556,consumo,1,145,1507000
902269,3004525,2026-01-16,1746000,18,0.0425,622,negocio,0,0,0
902270,3004526,2025-09-07,7451000,12,0.038,646,negocio,0,0,0
902271,3004532,2025-08-10,6977000,24,0.0429,593,salud,0,0,0
902272,3004537,2026-01-16,1654000,6,0.035,611,consumo,0,0,0
902273,3004537,2025-11-12,3235000,6,0.0396,591,consumo,0,0,0
902274,3004537,2025-12-25,6214000,12,0.0437,548,consumo,0,0,0
902275,3004538,2025-05-23,5865000,6,0.0487,543,consumo,0,0,0
902276,3004539,2025-11-24,8530000,6,0.0394,555,salud,0,0,0
902277,3004540,2025-07-24,2028000,24,0.0506,565,consumo,0,0,0
902278,3004541,2025-04-14,8306000,6,0.0347,581,educacion,0,0,0
902279,3004541,2026-01-07,4971000,12,0.0373,643,negocio,0,0,0
902280,3004547,2025-12-17,5653000,18,0.0446,585,consumo,0,0,0
902281,3004548,2025-06-22,5248000,6,0.0381,601,negocio,0,0,0
902282,3004548,2025-02-17,5877000,12,0.0369,597,consumo,0,0,0
902283,3004549,2026-01-01,8044000,6,0.0437,541,salud,1,138,4067000
902284,3004549,2025-10-17,3801000,12,0.0396,524,consumo,0,0,0
902285,3004551,2025-11-18,4010000,12,0.0459,519,consumo,1,150,846000
902286,3004551,2025-09-26,4199000,24,0.0531,585,educacion,0,0,0
902287,3004559,2026-01-26,3820000,12,0.0377,646,negocio,0,0,0
902288,3004559,2025-12-30,4770000,6,0.0357,647,salud,0,0,0
902289,3004561,2025-06-07,9738000,3,0.0321,597,salud,0,0,0
902290,3004565,2025-06-25,9852000,36,0.055,532,otros,0,0,0
902291,3004570,2025-02-14,5481000,36,0.055,601,consumo,0,0,0
902292,3004573,2025-05-13,732000,3,0.0367,612,consumo,0,0,0
902293,3004573,2025-11-09,3374000,12,0.047,478,consumo,1,165,1613000
902294,3004580,2025-07-17,5281000,12,0.0434,527,consumo,0,0,0
902295,3004584,2025-08-08,2671000,6,0.0407,512,salud,0,0,0
902296,3004587,2025-01-09,2022000,6,0.0423,472,consumo,1,141,1156000
902297,3004591,2025-07-10,9712000,6,0.0299,644,salud,0,0,0
902298,3004591,2025-03-08,10365000,24,0.0474,584,consumo,0,0,0
902299,3004593,2025-02-01,3289000,6,0.0321,572,consumo,0,0,0
902300,3004593,2026-01-23,6331000,6,0.0359,630,educacion,0,0,0
902301,3004594,2025-02-09,9564000,18,0.049,634,negocio,0,0,0
902302,3004594,2025-10-04,5241000,6,0.0387,563,consumo,0,0,0
902303,3004594,2025-02-21,5239000,18,0.0474,500,consumo,0,0,0
902304,3004596,2025-06-03,6495000,12,0.045,493,negocio,0,0,0
902305,3004601,2025-06-05,4042000,12,0.0457,593,consumo,1,149,1157000
902306,3004601,2025-10-02,4472000,18,0.0402,664,consumo,0,0,0
902307,3004602,2026-01-01,1286000,36,0.0511,581,negocio,0,0,0
902308,3004602,2025-05-01,2700000,18,0.0512,533,consumo,0,0,0
902309,3004603,2025-10-14,4069000,36,0.0537,578,educacion,0,0,0
902310,3004603,2025-04-10,6936000,12,0.0428,721,consumo,0,0,0
902311,3004605,2025-05-31,8059000,12,0.0405,543,consumo,0,0,0
902312,3004605,2025-10-03,12860000,12,0.0349,656,negocio,0,0,0
902313,3004609,2025-01-02,2587000,6,0.038,554,negocio,0,0,0
902314,3004611,2026-02-28,20557000,24,0.0406,738,salud,0,0,0
902315,3004612,2026-01-03,6069000,6,0.0364,571,otros,0,0,0
902316,3004612,2025-11-29,5660000,3,0.0342,575,educacion,0,0,0
902317,3004615,2025-07-31,6307000,24,0.0364,625,salud,1,145,1469000
902318,3004625,2025-02-10,8150000,18,0.0484,575,negocio,0,0,0
902319,3004625,2025-10-10,5575000,3,0.035,662,consumo,0,0,0
902320,3004628,2025-09-08,5327000,18,0.0493,518,consumo,0,0,0
902321,3004630,2025-08-02,1257000,18,0.0405,536,consumo,0,0,0
902322,3004633,2025-10-23,5738000,18,0.0435,643,consumo,0,0,0
902323,3004633,2025-02-04,6921000,18,0.0483,618,consumo,0,0,0
902324,3004633,2025-06-14,2470000,36,0.0505,619,educacion,0,0,0
902325,3004634,2025-02-19,1227000,18,0.0353,580,salud,0,0,0
902326,3004637,2025-01-19,718000,12,0.0425,513,educacion,0,0,0
902327,3004637,2025-01-25,4592000,24,0.0494,519,negocio,0,0,0
902328,3004638,2025-11-26,2938000,3,0.0357,569,negocio,0,0,0
902329,3004638,2026-02-07,4556000,18,0.0476,563,consumo,0,0,0
902330,3004639,2025-10-11,1536000,24,0.0494,571,consumo,0,0,0
902331,3004639,2026-02-06,4026000,6,0.0389,525,otros,0,0,0
902332,3004641,2025-01-15,3295000,3,0.0368,478,salud,0,0,0
902333,3004641,2026-01-05,1384000,36,0.055,506,consumo,1,153,408000
902334,3004641,2025-09-01,3776000,12,0.0379,527,consumo,0,0,0
902335,3004645,2025-07-06,6767000,18,0.0503,597,consumo,0,0,0
902336,3004645,2025-02-04,6384000,12,0.0433,644,consumo,0,0,0
902337,3004648,2025-11-20,3053000,18,0.0452,500,salud,1,155,840000
902338,3004648,2025-05-22,2219000,12,0.0451,477,salud,1,133,1176000
902339,3004650,2025-12-18,8612000,6,0.0286,613,educacion,0,0,0
902340,3004650,2025-03-21,2720000,12,0.0411,567,negocio,1,143,1749000
902341,3004650,2025-04-20,1869000,12,0.049,584,salud,0,0,0
902342,3004652,2026-02-04,5287000,6,0.0354,665,consumo,0,0,0
902343,3004654,2025-08-15,4252000,12,0.0411,508,salud,0,0,0
902344,3004655,2025-02-21,536000,18,0.0484,509,consumo,0,0,0
902345,3004657,2025-02-06,4700000,3,0.0445,546,consumo,0,0,0
902346,3004657,2025-02-11,2174000,12,0.0406,558,consumo,0,0,0
902347,3004662,2025-12-19,4084000,36,0.055,614,otros,1,151,933000
902348,3004662,2025-09-12,7925000,24,0.0497,611,consumo,0,0,0
902349,3004663,2025-10-20,7229000,36,0.055,646,consumo,0,0,0
902350,3004663,2026-01-05,9602000,36,0.055,578,consumo,0,0,0
902351,3004667,2025-11-15,2357000,12,0.0429,596,salud,0,0,0
902352,3004667,2025-09-02,1157000,18,0.0485,483,negocio,0,0,0
902353,3004669,2025-03-03,1406000,18,0.0478,538,salud,0,0,0
902354,3004669,2025-04-05,1453000,12,0.0461,590,negocio,0,0,0
902355,3004670,2025-07-21,3881000,12,0.0357,620,consumo,0,0,0
902356,3004671,2026-02-12,1038000,18,0.055,412,salud,0,0,0
902357,3004672,2025-01-22,2233000,24,0.0519,652,consumo,0,0,0
902358,3004672,2025-05-17,5503000,6,0.0403,590,negocio,0,0,0
902359,3004677,2025-12-16,2694000,12,0.0396,532,consumo,0,0,0
902360,3004677,2025-06-17,2469000,6,0.038,523,salud,0,0,0
902361,3004677,2025-05-03,2054000,18,0.051,511,educacion,0,0,0
902362,3004681,2025-11-02,3710000,18,0.0443,533,consumo,0,0,0
902363,3004682,2025-09-08,8166000,3,0.0397,523,educacion,0,0,0
902364,3004682,2025-09-02,5628000,18,0.0331,667,consumo,0,0,0
902365,3004685,2025-08-23,2774000,3,0.039,605,negocio,0,0,0
902366,3004685,2025-12-10,8517000,12,0.0383,656,consumo,0,0,0
902367,3004685,2025-09-11,3938000,24,0.0507,610,otros,0,0,0
902368,3004687,2026-01-05,998000,24,0.0478,502,salud,0,0,0
902369,3004694,2026-02-19,2997000,3,0.0311,617,salud,0,0,0
902370,3004694,2026-02-10,5981000,24,0.0382,691,consumo,0,0,0
902371,3004695,2025-08-20,3115000,18,0.0437,468,consumo,1,151,1702000
902372,3004698,2025-01-23,2559000,12,0.0406,495,consumo,0,0,0
902373,3004700,2025-01-19,5803000,36,0.055,458,consumo,0,0,0
902374,3004700,2025-08-10,5636000,3,0.041,563,negocio,0,0,0
902375,3004707,2026-02-12,457000,18,0.0488,485,otros,0,0,0
902376,3004707,2025-11-05,576000,36,0.055,538,salud,0,0,0
902377,3004709,2025-08-01,4358000,6,0.0424,594,consumo,0,0,0
902378,3004719,2025-09-22,2392000,36,0.0541,576,consumo,0,0,0
902379,3004720,2026-02-27,2170000,3,0.0423,460,educacion,1,144,1351000
902380,3004725,2025-05-28,4430000,6,0.0404,576,consumo,0,0,0
902381,3004729,2025-10-05,7844000,6,0.0367,627,negocio,0,0,0
902382,3004731,2025-08-22,1504000,12,0.0416,516,otros,0,0,0
902383,3004734,2025-01-06,4023000,12,0.055,459,educacion,0,0,0
902384,3004737,2026-01-29,8417000,12,0.0445,537,otros,0,0,0
902385,3004738,2025-06-23,3582000,24,0.0548,494,consumo,1,147,1175000
902386,3004738,2025-07-30,2426000,6,0.0419,578,educacion,0,0,0
902387,3004739,2025-08-27,3281000,3,0.027,617,otros,1,148,1578000
902388,3004742,2026-02-28,3729000,12,0.0372,507,consumo,0,0,0
902389,3004744,2025-05-12,2528000,12,0.0383,606,consumo,0,0,0
902390,3004746,2025-04-07,2238000,6,0.0364,531,consumo,0,0,0
902391,3004746,2025-12-13,3017000,24,0.0525,489,educacion,0,0,0
902392,3004748,2026-02-22,2101000,36,0.055,439,consumo,1,155,1228000
902393,3004748,2025-09-08,1024000,24,0.055,502,consumo,1,146,646000
902394,3004749,2026-02-28,3459000,18,0.0468,525,salud,0,0,0
902395,3004749,2026-02-28,5438000,36,0.055,592,educacion,0,0,0
902396,3004753,2025-10-25,1843000,6,0.0323,597,consumo,0,0,0
902397,3004754,2025-10-18,1596000,6,0.0373,562,consumo,0,0,0
902398,3004757,2025-11-08,4288000,6,0.0359,547,negocio,0,0,0
902399,3004758,2025-05-27,2190000,24,0.0516,546,consumo,1,139,661000
902400,3004760,2025-05-08,5041000,12,0.0462,556,consumo,0,0,0
902401,3004760,2025-03-11,8759000,6,0.0322,609,consumo,0,0,0
902402,3004763,2025-04-20,1420000,12,0.0429,588,otros,0,0,0
902403,3004764,2025-11-03,10351000,18,0.0477,576,consumo,0,0,0
902404,3004767,2026-02-15,2382000,12,0.0393,536,salud,0,0,0
902405,3004767,2025-06-06,1171000,12,0.0436,490,consumo,0,0,0
902406,3004769,2025-07-16,8344000,12,0.045,571,educacion,0,0,0
902407,3004771,2025-08-03,618000,12,0.0414,548,consumo,0,0,0
902408,3004776,2025-12-20,3557000,12,0.0407,663,negocio,0,0,0
902409,3004777,2025-05-05,2718000,12,0.0483,499,negocio,0,0,0
902410,3004779,2025-08-01,2924000,6,0.0417,546,negocio,0,0,0
902411,3004782,2025-04-26,6944000,3,0.034,569,negocio,0,0,0
902412,3004785,2026-02-03,2575000,18,0.0493,570,consumo,0,0,0
902413,3004787,2025-11-03,7775000,12,0.0416,655,otros,0,0,0
902414,3004787,2025-07-30,7430000,6,0.0306,631,negocio,0,0,0
902415,3004788,2025-12-10,8081000,6,0.0392,575,consumo,0,0,0
902416,3004789,2025-12-18,6941000,12,0.0407,618,educacion,0,0,0
902417,3004789,2025-09-21,10192000,6,0.0381,621,educacion,0,0,0
902418,3004792,2025-08-07,658000,24,0.055,445,negocio,1,154,288000
902419,3004792,2025-08-15,1938000,3,0.041,537,negocio,0,0,0
902420,3004801,2026-02-21,2841000,12,0.037,579,educacion,0,0,0
902421,3004803,2025-10-31,3380000,36,0.055,560,consumo,1,140,1081000
902422,3004805,2026-02-23,3285000,18,0.0416,576,negocio,0,0,0
902423,3004814,2025-02-27,1956000,3,0.044,539,consumo,0,0,0
902424,3004814,2025-12-20,689000,24,0.0533,505,otros,0,0,0
902425,3004815,2025-05-14,7085000,12,0.0447,559,consumo,1,161,3529000
902426,3004815,2026-01-01,7990000,18,0.0445,532,salud,0,0,0
902427,3004816,2026-02-07,3778000,12,0.0314,615,consumo,0,0,0
902428,3004820,2025-06-11,1697000,6,0.0386,628,educacion,0,0,0
902429,3004821,2025-06-07,2100000,12,0.0448,581,negocio,0,0,0
902430,3004821,2025-04-23,3729000,3,0.0338,589,consumo,0,0,0
902431,3004822,2025-09-28,2918000,12,0.0385,553,educacion,0,0,0
902432,3004824,2026-02-03,5443000,6,0.0403,573,consumo,0,0,0
902433,3004829,2025-05-31,4251000,18,0.0426,607,consumo,0,0,0
902434,3004829,2025-11-14,4486000,12,0.0411,503,negocio,0,0,0
902435,3004832,2025-01-30,4738000,6,0.0382,542,consumo,0,0,0
902436,3004836,2025-04-06,15642000,12,0.0353,628,consumo,0,0,0
902437,3004836,2025-06-23,8959000,12,0.0358,617,salud,0,0,0
902438,3004847,2025-07-22,1043000,12,0.0419,476,negocio,0,0,0
902439,3004851,2025-07-02,2132000,3,0.0394,552,consumo,0,0,0
902440,3004855,2026-02-05,3278000,36,0.0453,574,consumo,0,0,0
902441,3004855,2026-01-09,6621000,18,0.0469,564,educacion,0,0,0
902442,3004860,2025-06-28,3437000,18,0.0533,496,negocio,1,155,877000
902443,3004861,2026-02-01,3807000,6,0.0345,461,salud,0,0,0
902444,3004865,2025-09-12,6157000,12,0.0466,578,negocio,0,0,0
902445,3004865,2026-01-20,4280000,12,0.0467,522,consumo,0,0,0
902446,3004866,2026-01-13,4865000,18,0.0368,585,educacion,0,0,0
902447,3004866,2025-08-19,3785000,36,0.0516,496,consumo,0,0,0
902448,3004869,2025-01-10,7792000,12,0.0423,614,consumo,0,0,0
902449,3004870,2025-03-02,4798000,24,0.048,588,otros,1,149,2852000
902450,3004876,2025-01-20,1724000,12,0.0391,548,negocio,0,0,0
902451,3004879,2025-02-16,808000,18,0.0516,432,negocio,0,0,0
902452,3004884,2025-07-28,1237000,36,0.055,433,educacion,0,0,0
902453,3004885,2025-12-28,1927000,12,0.0495,423,consumo,1,151,717000
902454,3004890,2025-02-23,8149000,12,0.0418,606,salud,0,0,0
902455,3004894,2025-12-23,1051000,12,0.0408,659,negocio,0,0,0
902456,3004896,2025-02-19,3916000,36,0.055,549,consumo,0,0,0
902457,3004897,2025-10-19,2415000,18,0.0448,490,consumo,1,139,1104000
902458,3004904,2025-10-12,1204000,12,0.0405,608,salud,0,0,0
902459,3004905,2025-06-14,1612000,6,0.0394,468,otros,0,0,0
902460,3004910,2026-01-24,5830000,12,0.0386,599,consumo,0,0,0
902461,3004914,2025-09-13,621000,6,0.0333,527,negocio,0,0,0
902462,3004915,2025-12-25,3190000,6,0.0389,488,salud,1,159,1101000
902463,3004918,2025-09-02,850000,18,0.0471,490,salud,0,0,0
902464,3004924,2025-10-11,4266000,6,0.0382,579,salud,0,0,0
902465,3004926,2025-03-28,2718000,6,0.0402,474,consumo,1,141,1318000
902466,3004941,2025-06-12,1517000,18,0.0509,524,consumo,0,0,0
902467,3004945,2025-07-29,2001000,24,0.0496,549,educacion,0,0,0
902468,3004945,2025-05-31,678000,24,0.0521,567,salud,0,0,0
902469,3004947,2026-02-25,3401000,12,0.0406,495,negocio,0,0,0
902470,3004948,2025-12-15,981000,12,0.0385,541,negocio,0,0,0
902471,3004949,2025-12-11,1648000,6,0.0325,535,negocio,0,0,0
902472,3004950,2026-02-26,4034000,6,0.0383,574,salud,0,0,0
902473,3004953,2025-08-25,2893000,36,0.055,532,educacion,0,0,0
902474,3004953,2025-08-27,8632000,24,0.0431,607,negocio,0,0,0
902475,3004953,2025-06-13,8096000,24,0.0487,609,salud,0,0,0
902476,3004954,2025-08-08,2634000,6,0.0391,573,otros,0,0,0
902477,3004954,2025-07-13,1124000,24,0.047,602,consumo,0,0,0
902478,3004957,2025-11-26,3990000,18,0.0397,629,negocio,0,0,0
902479,3004958,2025-08-29,646000,3,0.0406,481,otros,0,0,0
902480,3004964,2025-05-29,5405000,36,0.054,612,consumo,0,0,0
902481,3004965,2026-01-08,8577000,6,0.035,560,consumo,0,0,0
902482,3004965,2025-12-03,9365000,3,0.0372,505,consumo,0,0,0
902483,3004965,2026-01-13,8086000,12,0.0331,662,consumo,0,0,0
902484,3004968,2025-03-26,5802000,3,0.0277,620,otros,0,0,0
902485,3004969,2025-02-23,8475000,12,0.0467,594,negocio,0,0,0
902486,3004970,2025-10-04,10292000,6,0.0386,551,negocio,0,0,0
902487,3004970,2026-02-15,6199000,12,0.0433,555,consumo,0,0,0
902488,3004973,2025-04-11,1812000,18,0.0494,492,otros,0,0,0
902489,3004973,2025-01-17,2577000,6,0.0402,533,educacion,0,0,0
902490,3004973,2025-04-23,2583000,6,0.0333,553,otros,0,0,0
902491,3004978,2025-02-20,4294000,3,0.038,434,negocio,0,0,0
902492,3004979,2025-09-03,4976000,24,0.055,579,negocio,1,140,1887000
902493,3004979,2025-05-05,4545000,24,0.0518,464,consumo,1,142,2432000
902494,3004982,2025-01-14,7090000,6,0.0378,585,consumo,0,0,0
902495,3004983,2025-11-17,5080000,18,0.0486,546,educacion,1,145,2766000
902496,3004986,2025-07-31,3133000,18,0.0493,582,educacion,0,0,0
902497,3004986,2025-03-07,1373000,6,0.0375,578,consumo,0,0,0
902498,3004990,2026-02-01,10488000,12,0.0409,605,consumo,0,0,0
902499,3004992,2026-02-18,1682000,12,0.0509,464,salud,1,152,432000
902500,3004999,2025-10-15,627000,12,0.0428,505,consumo,0,0,0
902501,3005000,2025-05-08,456000,6,0.0487,450,negocio,0,0,0
902502,3005000,2026-02-15,2753000,18,0.0488,529,educacion,0,0,0
902503,3005001,2026-01-09,1592000,3,0.0267,649,consumo,0,0,0
902504,3005005,2025-09-04,5077000,6,0.0281,709,negocio,0,0,0
902505,3005005,2025-08-12,9514000,18,0.0421,638,consumo,1,152,4945000
902506,3005006,2025-12-13,2880000,12,0.0431,464,educacion,1,148,1562000
902507,3005006,2025-01-02,1306000,24,0.0445,540,consumo,0,0,0
902508,3005006,2026-01-04,1344000,12,0.0423,570,otros,1,152,617000
902509,3005010,2025-05-09,1660000,36,0.055,494,consumo,0,0,0
902510,3005010,2025-01-28,704000,12,0.0376,454,consumo,0,0,0
902511,3005015,2025-11-12,3449000,12,0.0403,544,negocio,0,0,0
902512,3005015,2025-02-01,2967000,12,0.0352,620,consumo,0,0,0
902513,3005017,2025-09-07,2470000,12,0.0548,409,consumo,1,148,1484000
902514,3005017,2026-01-07,1300000,18,0.0479,465,negocio,0,0,0
902515,3005024,2025-12-16,5078000,36,0.055,555,consumo,0,0,0
902516,3005025,2025-04-13,4258000,12,0.048,562,educacion,0,0,0
902517,3005025,2025-02-19,1534000,24,0.0463,530,consumo,0,0,0
902518,3005028,2025-05-05,1233000,12,0.0459,552,consumo,0,0,0
902519,3005028,2025-04-24,2779000,6,0.0406,560,consumo,1,161,584000
902520,3005034,2025-08-11,534000,18,0.0429,546,negocio,0,0,0
902521,3005036,2025-12-23,2735000,24,0.055,467,educacion,0,0,0
902522,3005036,2025-04-30,3120000,18,0.0545,513,salud,1,144,930000
902523,3005042,2025-11-24,3131000,12,0.039,487,consumo,0,0,0
902524,3005042,2025-07-03,4003000,6,0.0421,455,negocio,1,152,1544000
902525,3005050,2025-12-29,10381000,12,0.0372,598,consumo,0,0,0
902526,3005050,2025-05-04,10589000,6,0.0352,602,consumo,0,0,0
902527,3005051,2025-10-05,4422000,24,0.0467,509,negocio,0,0,0
902528,3005054,2025-06-02,764000,6,0.0374,479,otros,0,0,0
902529,3005060,2025-03-28,2061000,24,0.0424,612,consumo,0,0,0
902530,3005061,2025-03-06,1495000,3,0.0294,534,otros,0,0,0
902531,3005061,2025-01-19,1735000,6,0.043,516,otros,0,0,0
902532,3005063,2026-01-10,6216000,6,0.0373,523,consumo,0,0,0
902533,3005063,2025-04-28,7372000,12,0.0437,494,educacion,1,151,3892000
902534,3005069,2025-12-07,3746000,12,0.0414,530,consumo,0,0,0
902535,3005070,2025-12-01,5725000,3,0.0363,576,otros,0,0,0
902536,3005072,2025-11-11,1211000,12,0.0515,422,consumo,1,144,688000
902537,3005074,2025-01-21,812000,3,0.0354,503,negocio,0,0,0
902538,3005076,2025-11-18,6408000,12,0.0427,598,consumo,0,0,0
902539,3005078,2025-07-25,1303000,6,0.0356,498,otros,0,0,0
902540,3005083,2025-05-23,1706000,36,0.055,453,educacion,1,144,847000
902541,3005087,2025-05-02,1324000,12,0.052,495,consumo,0,0,0
902542,3005087,2025-12-05,2544000,6,0.0394,554,educacion,0,0,0
902543,3005091,2025-02-03,1142000,6,0.0404,538,educacion,0,0,0
902544,3005091,2025-05-27,692000,18,0.0437,549,consumo,0,0,0
902545,3005093,2025-03-10,11334000,18,0.0406,656,negocio,0,0,0
902546,3005093,2025-06-27,9368000,6,0.0415,513,consumo,1,138,2303000
902547,3005100,2025-12-27,5860000,12,0.0369,581,consumo,0,0,0
902548,3005100,2026-01-01,5600000,6,0.0372,547,negocio,0,0,0
902549,3005101,2025-10-22,5850000,12,0.0441,589,consumo,0,0,0
902550,3005103,2026-01-11,12549000,18,0.042,658,educacion,0,0,0
902551,3005103,2025-06-28,16343000,12,0.0349,740,consumo,0,0,0
902552,3005104,2026-02-13,3105000,6,0.0365,579,negocio,0,0,0
902553,3005105,2025-08-15,2998000,6,0.0376,535,negocio,0,0,0
902554,3005113,2025-02-19,3329000,12,0.0321,606,consumo,0,0,0
902555,3005113,2025-07-16,733000,6,0.0411,550,negocio,0,0,0
902556,3005118,2025-10-02,598000,18,0.0439,516,consumo,0,0,0
902557,3005118,2025-10-27,3810000,12,0.0409,541,educacion,0,0,0
902558,3005119,2025-09-05,4223000,6,0.0398,548,consumo,0,0,0
902559,3005119,2025-10-06,3655000,6,0.0344,602,salud,0,0,0
902560,3005121,2025-10-19,2505000,12,0.0455,529,otros,0,0,0
902561,3005121,2025-11-23,3284000,6,0.0449,486,educacion,0,0,0
902562,3005121,2025-11-06,655000,12,0.0456,502,consumo,0,0,0
902563,3005125,2025-10-19,2108000,12,0.0384,535,educacion,0,0,0
902564,3005126,2025-12-02,9920000,6,0.0411,504,consumo,0,0,0
902565,3005126,2025-01-10,10589000,18,0.0417,608,consumo,0,0,0
902566,3005131,2025-04-30,528000,18,0.0404,478,consumo,0,0,0
902567,3005131,2026-01-09,2745000,24,0.052,515,consumo,0,0,0
902568,3005135,2025-11-22,11535000,6,0.0347,598,negocio,0,0,0
902569,3005136,2026-02-07,2671000,6,0.0292,542,consumo,0,0,0
902570,3005136,2026-02-02,3971000,6,0.0406,544,educacion,0,0,0
902571,3005138,2025-02-11,3593000,6,0.0352,570,consumo,0,0,0
902572,3005141,2025-12-08,3787000,18,0.0465,554,consumo,1,144,1108000
902573,3005142,2025-11-16,4209000,18,0.0534,532,educacion,0,0,0
902574,3005143,2025-09-14,2111000,6,0.0333,552,consumo,0,0,0
902575,3005143,2025-04-17,3124000,18,0.0518,505,negocio,0,0,0
902576,3005146,2025-10-13,5137000,6,0.0364,600,educacion,0,0,0
902577,3005150,2025-12-15,1236000,18,0.055,532,consumo,0,0,0
902578,3005150,2026-01-07,828000,24,0.055,458,negocio,0,0,0
902579,3005150,2026-02-08,1389000,6,0.0428,484,educacion,0,0,0
902580,3005152,2025-10-19,5759000,18,0.0487,588,salud,1,149,2427000
902581,3005153,2025-01-15,4315000,12,0.0411,576,consumo,0,0,0
902582,3005153,2026-02-04,6528000,18,0.0432,572,negocio,0,0,0
902583,3005154,2025-06-07,4462000,6,0.0384,581,consumo,0,0,0
902584,3005155,2025-01-01,14042000,24,0.0465,579,consumo,0,0,0
902585,3005162,2025-06-27,2687000,3,0.0502,449,consumo,0,0,0
902586,3005166,2025-09-10,1369000,18,0.0546,520,consumo,0,0,0
902587,3005167,2025-08-30,2115000,12,0.0385,606,otros,0,0,0
902588,3005167,2025-07-15,2564000,6,0.0304,535,negocio,0,0,0
902589,3005171,2025-07-13,8201000,24,0.055,547,otros,0,0,0
902590,3005172,2025-02-16,819000,24,0.0496,527,educacion,0,0,0
902591,3005176,2025-05-21,765000,18,0.0399,558,consumo,0,0,0
902592,3005176,2025-05-29,2711000,18,0.0444,556,consumo,0,0,0
902593,3005176,2025-05-06,1526000,3,0.0316,524,consumo,0,0,0
902594,3005178,2026-02-07,3651000,6,0.0326,585,negocio,0,0,0
902595,3005179,2025-10-29,6811000,6,0.0358,649,consumo,0,0,0
902596,3005183,2025-05-19,799000,36,0.055,557,otros,0,0,0
902597,3005183,2025-03-21,2071000,12,0.0387,606,consumo,0,0,0
902598,3005186,2025-10-22,2589000,12,0.0452,459,consumo,0,0,0
902599,3005186,2025-05-01,2246000,12,0.0526,510,negocio,0,0,0
902600,3005186,2025-07-25,3400000,3,0.0395,567,consumo,0,0,0
902601,3005187,2025-09-25,571000,24,0.0533,481,educacion,1,148,186000
902602,3005191,2026-02-16,2037000,18,0.0445,524,negocio,0,0,0
902603,3005191,2025-12-01,1283000,12,0.0528,507,consumo,0,0,0
902604,3005193,2025-04-05,2713000,12,0.0429,543,consumo,0,0,0
902605,3005193,2025-08-21,4136000,6,0.0347,530,negocio,0,0,0
902606,3005199,2025-12-26,7149000,6,0.0413,628,consumo,0,0,0
902607,3005204,2025-02-05,6724000,24,0.0507,582,consumo,0,0,0
902608,3005205,2025-04-08,3238000,24,0.0529,529,consumo,0,0,0
902609,3005206,2025-05-01,5262000,18,0.0394,687,negocio,0,0,0
902610,3005208,2025-07-02,1242000,18,0.0477,408,consumo,0,0,0
902611,3005208,2025-08-26,593000,12,0.0461,454,educacion,0,0,0
902612,3005210,2025-04-18,1024000,6,0.0495,462,consumo,0,0,0
902613,3005212,2025-04-01,4846000,12,0.0309,625,negocio,0,0,0
902614,3005216,2025-03-28,1316000,18,0.046,515,negocio,0,0,0
902615,3005226,2025-02-11,4077000,12,0.0511,536,negocio,0,0,0
902616,3005227,2025-06-20,3538000,12,0.0451,500,negocio,0,0,0
902617,3005231,2026-02-28,3637000,12,0.0432,552,consumo,0,0,0
902618,3005235,2025-09-01,6255000,18,0.0446,644,consumo,0,0,0
902619,3005236,2026-01-18,874000,3,0.0343,506,negocio,0,0,0
902620,3005240,2025-12-29,4022000,6,0.0388,541,consumo,0,0,0
902621,3005244,2025-07-09,5445000,6,0.0324,572,negocio,0,0,0
902622,3005249,2026-02-19,2300000,6,0.0399,472,consumo,1,152,1187000
902623,3005250,2025-08-07,489000,3,0.0456,479,negocio,0,0,0
902624,3005250,2025-12-04,1497000,6,0.0453,437,consumo,0,0,0
902625,3005250,2026-01-03,801000,12,0.0431,481,consumo,0,0,0
902626,3005253,2025-07-14,5441000,24,0.0528,464,consumo,0,0,0
902627,3005254,2025-11-26,7171000,12,0.046,590,educacion,0,0,0
902628,3005254,2025-05-23,5704000,24,0.0444,633,consumo,0,0,0
902629,3005255,2025-10-02,1236000,18,0.0462,553,salud,0,0,0
902630,3005255,2025-11-30,5042000,12,0.0346,556,educacion,0,0,0
902631,3005258,2026-01-08,9646000,3,0.0295,696,consumo,0,0,0
902632,3005258,2026-02-05,11996000,12,0.0351,628,consumo,0,0,0
902633,3005259,2025-10-17,2359000,3,0.048,423,otros,0,0,0
902634,3005261,2025-12-21,2426000,6,0.0421,574,consumo,0,0,0
902635,3005261,2025-07-04,1425000,24,0.0416,597,educacion,0,0,0
902636,3005264,2025-09-17,2239000,12,0.0413,538,salud,0,0,0
902637,3005266,2025-11-03,5067000,18,0.0413,598,consumo,0,0,0
902638,3005266,2026-01-30,4954000,12,0.0494,516,salud,0,0,0
902639,3005266,2026-01-11,4758000,24,0.0469,523,consumo,0,0,0
902640,3005271,2025-12-01,15193000,6,0.0394,671,educacion,0,0,0
902641,3005274,2025-07-16,1216000,18,0.0438,523,salud,1,161,646000
902642,3005276,2025-09-04,4329000,18,0.0409,648,educacion,0,0,0
902643,3005279,2025-11-20,2651000,24,0.055,588,consumo,0,0,0
902644,3005282,2025-12-06,1173000,12,0.0372,558,consumo,0,0,0
902645,3005285,2026-01-18,4363000,24,0.055,623,consumo,0,0,0
902646,3005287,2026-01-07,1054000,12,0.0424,472,consumo,0,0,0
902647,3005290,2026-02-22,1429000,36,0.055,478,consumo,0,0,0
902648,3005293,2025-04-08,4337000,18,0.047,616,negocio,0,0,0
902649,3005294,2025-12-31,8945000,6,0.041,572,negocio,0,0,0
902650,3005294,2026-02-02,2997000,6,0.0382,526,consumo,0,0,0
902651,3005297,2025-03-23,670000,24,0.0517,500,salud,0,0,0
902652,3005297,2025-11-21,1108000,18,0.0444,490,otros,0,0,0
902653,3005297,2026-01-13,1358000,12,0.0381,486,salud,0,0,0
902654,3005299,2025-06-26,7463000,12,0.0397,614,consumo,0,0,0
902655,3005299,2025-07-25,7867000,6,0.0326,704,educacion,0,0,0
902656,3005302,2025-11-10,6584000,6,0.0265,635,otros,0,0,0
902657,3005302,2025-09-19,9784000,6,0.0395,690,consumo,0,0,0
902658,3005306,2025-02-13,685000,12,0.043,470,consumo,0,0,0
902659,3005308,2025-10-15,1549000,12,0.034,557,consumo,0,0,0
902660,3005308,2025-10-16,5136000,6,0.0393,522,negocio,0,0,0
902661,3005308,2025-10-30,5072000,12,0.0455,526,consumo,1,154,2382000
902662,3005309,2025-09-08,11425000,12,0.0431,578,consumo,0,0,0
902663,3005310,2025-11-08,6949000,24,0.043,655,consumo,0,0,0
902664,3005312,2025-10-29,4359000,18,0.0546,512,negocio,0,0,0
902665,3005312,2026-02-14,7616000,12,0.0402,535,consumo,0,0,0
902666,3005313,2025-08-22,1343000,12,0.0415,620,consumo,0,0,0
902667,3005321,2025-12-06,6242000,12,0.0391,583,negocio,0,0,0
902668,3005322,2025-11-24,2680000,3,0.0397,555,otros,0,0,0
902669,3005322,2025-07-16,933000,18,0.0472,513,educacion,0,0,0
902670,3005329,2025-08-21,3337000,3,0.0393,541,otros,0,0,0
902671,3005330,2025-08-12,2500000,18,0.0525,517,consumo,0,0,0
902672,3005330,2026-01-31,2923000,18,0.0521,566,negocio,0,0,0
902673,3005333,2025-05-27,5107000,24,0.0501,611,otros,0,0,0
902674,3005336,2025-08-23,10749000,12,0.0388,652,educacion,0,0,0
902675,3005336,2025-02-01,10881000,12,0.0502,573,consumo,0,0,0
902676,3005337,2025-08-21,5048000,3,0.0489,567,consumo,1,164,2124000
902677,3005339,2025-06-21,8266000,12,0.0358,636,negocio,0,0,0
902678,3005339,2025-06-07,7427000,18,0.0494,613,otros,0,0,0
902679,3005341,2025-10-05,4493000,18,0.0451,563,salud,0,0,0
902680,3005345,2025-07-08,7155000,18,0.0442,597,salud,0,0,0
902681,3005346,2026-01-07,11841000,12,0.0363,706,negocio,0,0,0
902682,3005346,2026-02-05,15922000,6,0.0298,749,salud,0,0,0
902683,3005349,2025-10-13,5296000,18,0.0523,504,negocio,0,0,0
902684,3005350,2026-02-18,7383000,3,0.0436,584,consumo,0,0,0
902685,3005350,2026-02-14,2787000,12,0.0326,630,negocio,1,163,756000
902686,3005351,2025-11-04,6985000,18,0.0461,563,consumo,1,147,4287000
902687,3005354,2025-10-24,4868000,6,0.0368,518,educacion,1,160,2379000
902688,3005360,2025-07-31,4883000,3,0.0455,505,salud,1,156,2070000
902689,3005360,2025-05-16,7032000,24,0.055,557,negocio,1,141,3633000
902690,3005361,2025-01-30,5733000,18,0.0449,581,salud,0,0,0
902691,3005363,2025-07-17,6634000,24,0.0489,633,otros,0,0,0
902692,3005368,2025-01-19,2783000,24,0.055,481,educacion,1,142,1597000
902693,3005368,2025-06-22,2339000,18,0.055,404,otros,0,0,0
902694,3005368,2025-01-05,991000,6,0.0368,495,otros,0,0,0
902695,3005369,2025-06-30,14866000,6,0.0347,713,salud,0,0,0
902696,3005372,2025-10-16,1699000,6,0.0399,567,otros,0,0,0
902697,3005372,2025-06-15,1764000,12,0.0435,471,negocio,0,0,0
902698,3005377,2026-02-02,5592000,12,0.0431,503,negocio,0,0,0
902699,3005385,2025-02-16,5565000,3,0.0293,663,consumo,0,0,0
902700,3005389,2025-01-14,6610000,12,0.0381,636,consumo,0,0,0
902701,3005389,2025-07-06,6733000,12,0.0448,587,negocio,0,0,0
902702,3005391,2025-11-29,8567000,3,0.0332,595,negocio,0,0,0
902703,3005393,2026-02-17,2988000,12,0.0346,526,educacion,0,0,0
902704,3005393,2026-02-18,2007000,6,0.0301,655,otros,0,0,0
902705,3005394,2025-08-21,7995000,6,0.0343,592,negocio,0,0,0
902706,3005397,2025-07-21,726000,12,0.0455,510,consumo,0,0,0
902707,3005401,2025-12-17,1755000,24,0.0426,629,educacion,0,0,0
902708,3005401,2025-09-20,1981000,36,0.055,716,consumo,0,0,0
902709,3005406,2026-02-17,2917000,24,0.0421,577,negocio,0,0,0
902710,3005406,2025-06-22,963000,18,0.0445,580,otros,0,0,0
902711,3005407,2025-02-25,10527000,12,0.0406,593,consumo,0,0,0
902712,3005407,2025-05-21,2172000,12,0.0415,612,consumo,0,0,0
902713,3005411,2025-09-09,1239000,24,0.0434,520,negocio,0,0,0
902714,3005411,2025-02-02,714000,6,0.033,558,consumo,0,0,0
902715,3005412,2026-02-10,2407000,6,0.0423,495,consumo,0,0,0
902716,3005412,2026-01-15,2021000,6,0.0398,459,consumo,0,0,0
902717,3005414,2025-06-18,1965000,18,0.0538,539,consumo,0,0,0
902718,3005414,2025-06-07,3909000,6,0.0386,571,consumo,0,0,0
902719,3005418,2026-02-18,2196000,36,0.055,548,consumo,0,0,0
902720,3005419,2025-10-22,2531000,12,0.044,362,consumo,0,0,0
902721,3005422,2025-03-21,2112000,12,0.0488,542,negocio,0,0,0
902722,3005422,2025-03-07,897000,6,0.0384,549,educacion,0,0,0
902723,3005427,2025-01-28,12406000,12,0.0284,727,consumo,0,0,0
902724,3005427,2025-08-03,8733000,18,0.0322,729,consumo,0,0,0
902725,3005428,2025-07-20,1356000,12,0.0449,513,negocio,0,0,0
902726,3005431,2025-11-17,5664000,3,0.0431,576,consumo,0,0,0
902727,3005432,2025-10-04,3352000,12,0.0404,510,consumo,0,0,0
902728,3005433,2025-07-22,4780000,3,0.033,557,negocio,0,0,0
902729,3005433,2025-12-08,4409000,36,0.055,580,negocio,0,0,0
902730,3005436,2025-12-20,5857000,12,0.044,525,educacion,0,0,0
902731,3005437,2025-08-13,5418000,6,0.0381,613,negocio,0,0,0
902732,3005437,2025-03-05,3647000,6,0.0417,541,negocio,0,0,0
902733,3005439,2025-07-20,1296000,3,0.0314,481,otros,1,135,498000
902734,3005443,2025-10-19,10114000,6,0.0427,659,consumo,0,0,0
902735,3005445,2025-11-09,5410000,3,0.0372,491,negocio,1,154,2887000
902736,3005446,2025-07-04,3444000,18,0.0408,580,negocio,0,0,0
902737,3005453,2026-01-15,2736000,12,0.041,531,consumo,0,0,0
902738,3005454,2025-10-12,2928000,12,0.0404,580,consumo,0,0,0
902739,3005459,2026-02-25,1805000,3,0.0275,686,educacion,0,0,0
902740,3005459,2026-02-28,4446000,18,0.0341,706,consumo,0,0,0
902741,3005465,2026-02-28,9945000,3,0.0359,695,negocio,0,0,0
902742,3005465,2025-10-12,5310000,6,0.0401,608,salud,0,0,0
902743,3005467,2025-12-28,8121000,24,0.04,567,negocio,0,0,0
902744,3005469,2025-03-23,10523000,12,0.0351,642,consumo,0,0,0
902745,3005471,2025-03-12,8730000,12,0.0334,703,consumo,0,0,0
902746,3005472,2026-02-08,3690000,6,0.0397,642,consumo,0,0,0
902747,3005472,2026-02-19,9065000,12,0.043,655,educacion,0,0,0
902748,3005473,2025-08-22,5566000,12,0.0425,654,consumo,0,0,0
902749,3005473,2025-05-05,2080000,24,0.0493,544,consumo,0,0,0
902750,3005474,2025-03-18,5787000,12,0.042,565,salud,0,0,0
902751,3005474,2025-06-08,5057000,6,0.0336,553,negocio,0,0,0
902752,3005475,2025-02-06,3945000,12,0.0544,515,otros,0,0,0
902753,3005475,2025-07-09,4848000,36,0.055,524,negocio,1,154,1855000
902754,3005475,2025-02-21,4267000,12,0.0353,653,salud,1,147,1096000
902755,3005478,2025-01-01,2494000,24,0.0481,484,educacion,1,146,827000
902756,3005478,2025-11-01,926000,12,0.0375,399,consumo,0,0,0
902757,3005494,2026-01-09,2021000,6,0.0386,534,negocio,0,0,0
902758,3005495,2025-02-11,1867000,12,0.0357,529,salud,0,0,0
902759,3005496,2025-09-27,2400000,12,0.0451,702,consumo,0,0,0
902760,3005496,2026-02-21,17270000,12,0.0329,610,negocio,0,0,0
902761,3005496,2025-06-01,15038000,12,0.0302,743,salud,0,0,0
902762,3005497,2025-04-12,15038000,18,0.0407,666,consumo,0,0,0
902763,3005497,2025-07-29,8485000,6,0.0363,613,consumo,0,0,0
902764,3005497,2025-01-14,9852000,6,0.0331,610,negocio,0,0,0
902765,3005500,2025-01-02,9821000,18,0.0444,584,consumo,0,0,0
902766,3005501,2025-08-16,590000,24,0.0486,484,negocio,0,0,0
902767,3005502,2025-10-22,502000,3,0.0401,519,educacion,0,0,0
902768,3005502,2026-02-22,537000,36,0.055,495,otros,0,0,0
902769,3005503,2025-06-25,1751000,24,0.055,479,consumo,0,0,0
902770,3005503,2025-01-02,1431000,6,0.0408,505,educacion,0,0,0
902771,3005510,2026-02-24,5372000,24,0.055,536,consumo,0,0,0
902772,3005510,2026-02-22,3493000,12,0.0331,581,consumo,0,0,0
902773,3005511,2026-02-16,14472000,36,0.048,694,salud,0,0,0
902774,3005513,2026-01-01,5158000,12,0.049,444,consumo,1,147,2911000
902775,3005515,2025-12-28,2698000,12,0.042,559,consumo,1,145,1090000
902776,3005515,2025-09-29,1103000,18,0.0444,497,consumo,0,0,0
902777,3005524,2025-02-06,3667000,12,0.0356,594,educacion,0,0,0
902778,3005526,2025-05-24,2189000,18,0.0527,500,negocio,1,150,613000
902779,3005527,2025-09-08,3233000,12,0.0447,502,educacion,0,0,0
902780,3005527,2025-02-03,1887000,36,0.055,520,negocio,0,0,0
902781,3005528,2025-07-28,3687000,36,0.0492,577,salud,0,0,0
902782,3005528,2025-07-23,6884000,12,0.0419,644,educacion,0,0,0
902783,3005532,2025-11-27,943000,24,0.0473,563,consumo,0,0,0
902784,3005533,2025-08-15,5170000,6,0.0368,589,educacion,0,0,0
902785,3005534,2025-11-14,3897000,12,0.0458,528,salud,0,0,0
902786,3005536,2025-07-07,3631000,3,0.0332,583,negocio,0,0,0
902787,3005536,2025-11-05,1850000,3,0.0339,630,salud,0,0,0
902788,3005544,2025-05-16,10124000,24,0.044,652,consumo,0,0,0
902789,3005546,2025-01-05,9505000,6,0.0377,598,negocio,0,0,0
902790,3005546,2026-02-04,6340000,3,0.0367,640,salud,0,0,0
902791,3005549,2025-05-27,4863000,6,0.0338,574,consumo,0,0,0
902792,3005549,2025-10-16,18090000,12,0.0362,677,consumo,0,0,0
902793,3005549,2026-01-08,12568000,6,0.0364,735,negocio,0,0,0
902794,3005552,2026-02-19,1807000,6,0.0464,432,otros,0,0,0
902795,3005553,2026-01-06,2159000,12,0.0397,496,salud,0,0,0
902796,3005553,2026-02-25,979000,18,0.0491,437,consumo,0,0,0
902797,3005554,2025-12-01,1365000,3,0.0404,496,negocio,0,0,0
902798,3005554,2025-10-16,2908000,18,0.0451,420,negocio,1,138,1582000
902799,3005555,2026-02-05,2874000,24,0.0442,568,consumo,1,147,730000
902800,3005555,2025-05-26,2441000,3,0.0349,561,educacion,0,0,0
902801,3005555,2025-11-22,4256000,18,0.0483,553,salud,0,0,0
902802,3005556,2025-11-13,1103000,12,0.0545,525,negocio,0,0,0
902803,3005557,2026-02-11,1314000,6,0.04,543,negocio,0,0,0
902804,3005558,2025-01-11,2402000,12,0.0414,500,educacion,0,0,0
902805,3005558,2025-11-14,1265000,18,0.0439,562,negocio,0,0,0
902806,3005562,2025-09-15,1385000,12,0.0383,549,salud,0,0,0
902807,3005563,2025-01-24,1519000,24,0.0429,622,salud,0,0,0
902808,3005563,2025-12-22,3196000,12,0.0409,497,consumo,0,0,0
902809,3005566,2025-05-25,7678000,6,0.0389,578,otros,0,0,0
902810,3005566,2025-08-17,2721000,6,0.0383,569,educacion,0,0,0
902811,3005568,2026-01-21,7468000,12,0.0496,486,negocio,0,0,0
902812,3005568,2026-01-04,6591000,24,0.0501,616,salud,0,0,0
902813,3005569,2025-01-16,6259000,12,0.0433,611,educacion,0,0,0
902814,3005569,2025-05-23,6484000,3,0.0321,564,consumo,0,0,0
902815,3005574,2025-06-17,4373000,12,0.0387,601,educacion,0,0,0
902816,3005575,2025-06-23,2011000,3,0.0455,490,consumo,0,0,0
902817,3005576,2025-07-24,3712000,6,0.0408,547,consumo,0,0,0
902818,3005581,2026-01-27,2111000,12,0.0409,612,consumo,0,0,0
902819,3005581,2025-11-22,4768000,18,0.0381,621,otros,0,0,0
902820,3005583,2025-01-10,4229000,6,0.0341,534,consumo,0,0,0
902821,3005596,2025-08-08,1449000,36,0.0547,566,consumo,0,0,0
902822,3005596,2025-12-02,2323000,12,0.0356,676,consumo,0,0,0
902823,3005597,2025-07-15,906000,12,0.0428,534,consumo,1,146,228000
902824,3005597,2026-02-15,655000,3,0.0397,477,consumo,0,0,0
902825,3005602,2026-01-26,3802000,24,0.0502,610,educacion,0,0,0
902826,3005605,2026-02-13,6853000,18,0.0415,598,educacion,0,0,0
902827,3005606,2025-04-18,1102000,3,0.0427,504,consumo,0,0,0
902828,3005607,2025-09-24,3669000,12,0.0452,578,consumo,0,0,0
902829,3005610,2025-07-13,3096000,12,0.0474,470,consumo,0,0,0
902830,3005611,2025-07-25,10999000,18,0.0456,562,negocio,1,149,6524000
902831,3005611,2026-02-10,7506000,6,0.042,541,educacion,0,0,0
902832,3005615,2025-03-15,1938000,6,0.0355,558,consumo,0,0,0
902833,3005615,2025-02-26,5151000,12,0.0502,497,negocio,0,0,0
902834,3005616,2026-01-04,4205000,3,0.0449,515,negocio,0,0,0
902835,3005616,2025-11-12,6798000,3,0.0411,527,otros,0,0,0
902836,3005617,2025-09-29,12454000,6,0.0355,649,educacion,0,0,0
902837,3005617,2025-05-07,10250000,12,0.0457,546,negocio,0,0,0
902838,3005618,2026-02-14,1438000,12,0.0539,463,consumo,1,155,370000
902839,3005620,2025-12-07,2218000,18,0.0477,534,consumo,0,0,0
902840,3005624,2025-04-27,2918000,18,0.0425,488,consumo,0,0,0
902841,3005627,2025-11-07,1348000,6,0.0342,651,otros,0,0,0
902842,3005628,2025-08-03,1985000,12,0.0399,660,consumo,0,0,0
902843,3005629,2025-01-26,1241000,12,0.0408,478,consumo,0,0,0
902844,3005630,2025-08-26,2419000,6,0.0364,566,negocio,0,0,0
902845,3005637,2025-06-11,7838000,36,0.055,652,salud,1,171,3500000
902846,3005637,2025-11-14,12483000,12,0.042,603,negocio,0,0,0
902847,3005640,2025-04-20,956000,6,0.0401,502,consumo,0,0,0
902848,3005640,2025-01-25,1859000,6,0.0437,512,consumo,0,0,0
902849,3005645,2025-01-10,2976000,12,0.0404,605,educacion,0,0,0
902850,3005645,2026-02-10,898000,3,0.0323,662,consumo,0,0,0
902851,3005645,2025-05-01,3938000,12,0.0449,557,otros,0,0,0
902852,3005652,2026-01-22,3128000,12,0.044,441,educacion,0,0,0
902853,3005657,2025-03-20,5928000,6,0.0435,538,consumo,0,0,0
902854,3005658,2025-08-12,5048000,12,0.0371,604,consumo,0,0,0
902855,3005658,2025-12-16,10480000,24,0.0517,582,consumo,0,0,0
902856,3005660,2025-05-22,2843000,3,0.0382,579,consumo,0,0,0
902857,3005660,2025-05-21,759000,12,0.0423,516,consumo,1,151,286000
902858,3005663,2025-08-02,2445000,24,0.0475,521,negocio,0,0,0
902859,3005663,2025-04-15,3458000,18,0.0437,537,negocio,0,0,0
902860,3005670,2025-02-28,2427000,12,0.0478,478,negocio,0,0,0
902861,3005670,2026-02-08,8337000,6,0.0392,589,salud,0,0,0
902862,3005674,2025-05-22,1080000,24,0.0471,544,educacion,1,167,424000
902863,3005674,2025-12-29,652000,12,0.0407,576,consumo,0,0,0
902864,3005675,2025-12-15,3485000,36,0.055,529,otros,0,0,0
902865,3005675,2025-12-27,5689000,18,0.041,630,negocio,0,0,0
902866,3005677,2025-10-25,2019000,3,0.0408,580,salud,0,0,0
902867,3005681,2025-08-22,558000,36,0.0545,639,consumo,0,0,0
902868,3005682,2025-04-05,2585000,6,0.0411,499,negocio,0,0,0
902869,3005683,2025-12-17,2997000,3,0.0343,556,consumo,0,0,0
902870,3005683,2026-01-25,3772000,6,0.0419,439,consumo,1,150,1683000
902871,3005684,2026-01-29,4879000,24,0.0437,571,negocio,0,0,0
902872,3005684,2026-02-16,3576000,12,0.0388,643,otros,0,0,0
902873,3005686,2025-10-20,624000,12,0.0467,529,negocio,0,0,0
902874,3005697,2025-12-04,2821000,6,0.0424,533,negocio,0,0,0
902875,3005697,2025-12-30,3668000,12,0.0395,535,salud,0,0,0
902876,3005698,2025-02-01,3427000,6,0.0401,443,negocio,1,149,912000
902877,3005698,2025-09-28,3322000,3,0.0444,468,consumo,0,0,0
902878,3005699,2025-11-11,1502000,12,0.0431,545,consumo,0,0,0
902879,3005705,2025-12-31,2971000,24,0.0483,653,consumo,0,0,0
902880,3005707,2025-07-18,6858000,6,0.0347,528,consumo,0,0,0
902881,3005711,2025-11-23,1708000,3,0.038,614,educacion,0,0,0
902882,3005711,2026-01-21,6402000,18,0.0496,504,educacion,1,144,3198000
902883,3005712,2025-11-05,9322000,18,0.0484,543,otros,0,0,0
902884,3005713,2026-02-22,1419000,3,0.0306,620,educacion,0,0,0
902885,3005716,2025-05-24,11531000,18,0.0437,616,consumo,0,0,0
902886,3005716,2025-06-30,4300000,12,0.0485,580,otros,0,0,0
902887,3005720,2025-05-10,5459000,24,0.0466,609,negocio,0,0,0
902888,3005720,2025-09-18,5700000,12,0.0413,568,salud,0,0,0
902889,3005721,2025-12-21,9628000,18,0.0417,630,salud,0,0,0
902890,3005723,2025-08-15,1011000,12,0.0426,459,negocio,0,0,0
902891,3005726,2025-11-15,1092000,6,0.0325,663,consumo,0,0,0
902892,3005726,2025-12-02,1191000,18,0.0418,576,salud,0,0,0
902893,3005727,2025-03-10,1953000,18,0.0454,602,negocio,0,0,0
902894,3005727,2025-12-29,5333000,12,0.04,605,consumo,0,0,0
902895,3005730,2025-12-05,4329000,6,0.0334,657,consumo,0,0,0
902896,3005730,2025-12-08,3332000,6,0.038,654,consumo,0,0,0
902897,3005730,2025-11-10,8861000,18,0.0403,608,negocio,0,0,0
902898,3005737,2025-08-12,5374000,18,0.0375,563,consumo,0,0,0
902899,3005740,2025-07-21,2203000,12,0.049,510,consumo,1,152,467000
902900,3005744,2025-05-09,2500000,12,0.04,554,consumo,0,0,0
902901,3005745,2025-12-27,3938000,6,0.0398,602,educacion,0,0,0
902902,3005747,2025-11-28,1258000,6,0.0457,523,consumo,0,0,0
902903,3005747,2025-11-01,4281000,12,0.038,563,negocio,0,0,0
902904,3005749,2025-08-28,4684000,6,0.0312,548,salud,0,0,0
902905,3005749,2026-01-16,6698000,24,0.0461,568,otros,0,0,0
902906,3005749,2026-02-17,4276000,36,0.0515,605,educacion,0,0,0
902907,3005752,2025-05-11,8153000,12,0.0416,561,negocio,0,0,0
902908,3005757,2025-02-14,1075000,18,0.0483,534,negocio,0,0,0
902909,3005760,2026-02-09,5673000,18,0.0405,675,negocio,0,0,0
902910,3005760,2025-08-13,2578000,18,0.0461,626,educacion,0,0,0
902911,3005765,2026-02-07,2434000,18,0.0365,614,consumo,0,0,0
902912,3005767,2025-12-21,7062000,3,0.0398,530,consumo,1,135,3642000
902913,3005768,2026-02-19,3732000,3,0.0388,551,consumo,0,0,0
902914,3005768,2025-11-11,3803000,6,0.041,593,negocio,0,0,0
902915,3005768,2026-01-19,5710000,24,0.0523,572,negocio,0,0,0
902916,3005770,2025-04-17,4404000,18,0.0493,494,consumo,0,0,0
902917,3005771,2025-11-07,2720000,18,0.0418,576,negocio,0,0,0
902918,3005771,2025-11-22,2440000,24,0.052,562,otros,0,0,0
902919,3005771,2025-11-20,1665000,6,0.0457,518,otros,0,0,0
902920,3005782,2025-12-24,1055000,3,0.025,608,consumo,0,0,0
902921,3005782,2025-11-15,2192000,6,0.0362,584,negocio,0,0,0
902922,3005782,2025-06-07,4013000,3,0.035,567,educacion,0,0,0
902923,3005784,2025-12-17,1457000,6,0.0452,498,consumo,0,0,0
902924,3005785,2026-02-20,10158000,18,0.0384,672,consumo,0,0,0
902925,3005786,2025-09-16,2475000,24,0.0474,498,negocio,1,161,734000
902926,3005787,2025-02-02,5492000,12,0.0381,572,consumo,0,0,0
902927,3005787,2025-04-27,6636000,18,0.0521,530,educacion,0,0,0
902928,3005793,2025-01-11,3836000,6,0.0351,493,consumo,0,0,0
902929,3005794,2026-01-30,8104000,12,0.0393,511,consumo,0,0,0
902930,3005795,2025-08-08,3855000,18,0.0417,638,otros,0,0,0
902931,3005799,2025-07-29,6054000,6,0.0365,544,negocio,0,0,0
902932,3005799,2026-01-01,5485000,12,0.0411,576,consumo,0,0,0
902933,3005802,2025-09-27,1477000,3,0.0446,575,consumo,0,0,0
902934,3005802,2025-12-25,1914000,6,0.0378,554,negocio,0,0,0
902935,3005807,2025-10-16,4059000,6,0.0326,556,otros,1,143,2617000
902936,3005807,2025-05-23,3282000,12,0.0367,588,negocio,1,152,720000
902937,3005809,2026-01-25,1678000,6,0.0369,512,consumo,0,0,0
902938,3005809,2025-09-16,844000,36,0.0528,551,consumo,0,0,0
902939,3005813,2025-05-20,1064000,36,0.0537,545,consumo,0,0,0
902940,3005815,2025-02-02,2387000,12,0.055,430,otros,0,0,0
902941,3005815,2026-01-07,870000,12,0.0404,442,otros,1,160,179000
902942,3005817,2025-03-25,8737000,36,0.055,492,otros,1,153,4090000
902943,3005817,2025-07-11,9802000,18,0.0533,546,consumo,0,0,0
902944,3005818,2025-12-30,440000,3,0.0502,388,salud,1,143,109000
902945,3005818,2025-07-25,1346000,24,0.0448,502,salud,1,144,733000
902946,3005821,2025-06-13,2904000,12,0.0364,624,educacion,0,0,0
902947,3005822,2025-08-19,12490000,12,0.0372,618,salud,0,0,0
902948,3005823,2025-05-07,1285000,6,0.0445,404,consumo,0,0,0
902949,3005824,2025-12-19,1957000,3,0.0405,557,consumo,0,0,0
902950,3005830,2025-03-24,1635000,18,0.0469,586,negocio,0,0,0
902951,3005831,2025-09-28,20023000,12,0.03,642,negocio,0,0,0
902952,3005835,2025-10-07,4269000,12,0.0349,657,consumo,0,0,0
902953,3005835,2025-02-11,3916000,18,0.0461,563,consumo,0,0,0
902954,3005836,2025-04-27,6231000,12,0.035,631,educacion,0,0,0
902955,3005837,2025-08-17,2731000,3,0.038,567,otros,0,0,0
902956,3005838,2025-03-18,2051000,18,0.0384,638,consumo,0,0,0
902957,3005838,2026-01-02,1064000,6,0.0349,608,otros,0,0,0
902958,3005839,2025-10-18,129000,36,0.055,432,otros,0,0,0
902959,3005839,2025-11-06,407000,12,0.052,401,negocio,0,0,0
902960,3005842,2025-09-08,11257000,12,0.0428,561,educacion,0,0,0
902961,3005843,2025-05-10,2004000,18,0.0474,549,negocio,0,0,0
902962,3005843,2025-08-05,5551000,6,0.0324,713,consumo,0,0,0
902963,3005844,2025-09-11,1867000,18,0.055,503,consumo,0,0,0
902964,3005848,2025-05-17,11479000,3,0.0292,680,negocio,0,0,0
902965,3005851,2026-02-14,10371000,24,0.0487,623,consumo,0,0,0
902966,3005851,2026-02-02,5431000,24,0.0489,613,educacion,0,0,0
902967,3005852,2025-11-25,1153000,18,0.047,515,educacion,0,0,0
902968,3005854,2025-10-24,1955000,12,0.0406,526,consumo,1,163,612000
902969,3005855,2025-06-14,2228000,18,0.0488,597,negocio,0,0,0
902970,3005863,2025-11-02,7850000,18,0.0435,648,consumo,1,150,2180000
902971,3005863,2026-01-13,10706000,3,0.0359,558,consumo,0,0,0
902972,3005872,2025-12-21,13262000,24,0.0459,650,otros,0,0,0
902973,3005875,2026-01-24,6202000,24,0.0453,666,consumo,1,137,2139000
902974,3005875,2025-11-30,13009000,36,0.055,623,salud,0,0,0
902975,3005876,2025-10-05,11239000,12,0.0352,689,otros,0,0,0
902976,3005876,2025-09-08,15111000,6,0.0372,619,educacion,0,0,0
902977,3005876,2025-07-28,5898000,18,0.0403,659,negocio,0,0,0
902978,3005881,2025-05-11,3476000,12,0.0394,567,negocio,0,0,0
902979,3005881,2025-06-28,3469000,12,0.0379,605,consumo,0,0,0
902980,3005882,2025-06-26,2709000,18,0.0519,427,consumo,0,0,0
902981,3005887,2025-08-12,6892000,6,0.0322,608,salud,0,0,0
902982,3005889,2026-01-15,13969000,18,0.0383,658,otros,0,0,0
902983,3005889,2025-03-18,14478000,18,0.0365,652,otros,0,0,0
902984,3005894,2025-12-10,13258000,12,0.0262,663,otros,0,0,0
902985,3005894,2026-01-20,19693000,12,0.0335,660,consumo,0,0,0
902986,3005895,2025-12-04,1241000,12,0.0519,440,consumo,1,140,720000
902987,3005897,2025-11-08,1879000,12,0.0526,506,educacion,0,0,0
902988,3005905,2025-01-24,1371000,3,0.0369,589,consumo,0,0,0
902989,3005905,2025-12-25,7819000,6,0.0343,561,consumo,0,0,0
902990,3005906,2025-07-06,18003000,3,0.0347,766,educacion,0,0,0
902991,3005908,2025-06-05,1756000,24,0.0458,476,educacion,1,173,323000
902992,3005908,2025-08-27,1483000,18,0.0471,437,negocio,0,0,0
902993,3005911,2026-02-28,3728000,6,0.0425,572,educacion,1,169,916000
902994,3005912,2026-01-30,7139000,12,0.0445,567,consumo,1,151,2812000
902995,3005912,2026-01-12,7516000,24,0.0517,535,consumo,0,0,0
902996,3005914,2025-10-26,3245000,24,0.0546,485,otros,0,0,0
902997,3005914,2025-01-01,3688000,6,0.0407,457,educacion,1,159,1370000
902998,3005924,2025-11-19,484000,6,0.0452,488,consumo,0,0,0
902999,3005924,2025-01-03,1144000,18,0.0443,458,educacion,0,0,0
903000,3005925,2025-12-25,5297000,3,0.0414,554,consumo,0,0,0
903001,3005927,2026-01-10,4987000,6,0.0389,517,consumo,0,0,0
903002,3005928,2025-07-09,3542000,3,0.0308,616,negocio,0,0,0
903003,3005928,2025-05-19,4753000,6,0.0354,588,consumo,0,0,0
903004,3005931,2025-09-19,5425000,24,0.0407,655,negocio,0,0,0
903005,3005935,2025-03-08,10600000,12,0.0366,703,consumo,0,0,0
903006,3005938,2025-06-12,2451000,3,0.0433,540,consumo,0,0,0
903007,3005939,2025-10-09,6753000,6,0.0383,555,consumo,0,0,0
903008,3005939,2026-02-16,5650000,24,0.054,519,educacion,1,162,2640000
903009,3005940,2025-02-18,1126000,24,0.0418,604,negocio,0,0,0
903010,3005941,2026-01-22,3414000,6,0.044,571,negocio,0,0,0
903011,3005941,2025-10-17,5103000,18,0.0357,686,consumo,0,0,0
903012,3005941,2025-07-13,2389000,6,0.0311,612,educacion,0,0,0
903013,3005942,2025-11-25,1428000,3,0.0427,480,negocio,0,0,0
903014,3005942,2025-11-26,3127000,6,0.0352,507,salud,1,152,942000
903015,3005943,2026-01-06,1109000,12,0.0531,420,consumo,1,150,604000
903016,3005943,2025-12-08,1013000,24,0.0506,434,consumo,1,163,204000
903017,3005945,2025-02-21,687000,6,0.042,448,otros,0,0,0
903018,3005946,2025-03-31,3622000,6,0.0398,640,consumo,0,0,0
903019,3005946,2025-08-09,3078000,24,0.0518,610,educacion,0,0,0
903020,3005947,2025-08-20,932000,12,0.0444,563,negocio,0,0,0
903021,3005947,2025-11-04,5175000,6,0.0395,546,consumo,0,0,0
903022,3005948,2025-10-02,1732000,12,0.0451,546,consumo,0,0,0
903023,3005949,2025-12-26,1937000,12,0.051,453,salud,0,0,0
903024,3005952,2025-02-21,2946000,12,0.0426,499,educacion,1,155,902000
903025,3005952,2025-10-15,1342000,18,0.0516,501,educacion,0,0,0
903026,3005958,2025-09-23,13866000,12,0.045,573,negocio,0,0,0
903027,3005958,2025-05-31,7231000,12,0.0375,680,salud,0,0,0
903028,3005960,2025-07-08,1149000,12,0.0432,530,educacion,0,0,0
903029,3005962,2025-12-11,3112000,24,0.0477,717,salud,0,0,0
903030,3005962,2025-07-16,5899000,6,0.0442,649,negocio,0,0,0
903031,3005965,2025-09-21,3519000,24,0.0488,587,consumo,0,0,0
903032,3005965,2025-09-26,5832000,6,0.0333,515,negocio,0,0,0
903033,3005966,2025-09-08,3623000,6,0.0403,501,consumo,1,138,1583000
903034,3005967,2025-03-18,5612000,12,0.0526,490,educacion,0,0,0
903035,3005967,2025-12-21,2424000,12,0.0485,494,negocio,0,0,0
903036,3005973,2025-04-18,7232000,24,0.0446,574,consumo,0,0,0
903037,3005973,2025-06-03,6694000,3,0.0316,608,consumo,0,0,0
903038,3005977,2025-09-27,14332000,6,0.0401,647,negocio,0,0,0
903039,3005977,2025-11-23,13714000,12,0.036,677,salud,0,0,0
903040,3005978,2026-02-26,2942000,12,0.0378,600,consumo,0,0,0
903041,3005979,2025-01-27,17778000,12,0.0376,638,consumo,0,0,0
903042,3005983,2025-12-27,4745000,3,0.0406,603,salud,0,0,0
903043,3005983,2025-05-14,3441000,6,0.0367,590,consumo,0,0,0
903044,3005991,2025-10-01,2567000,24,0.0473,648,consumo,0,0,0
903045,3005995,2025-03-02,2556000,12,0.0469,617,educacion,0,0,0
903046,3005995,2025-05-29,8578000,6,0.0374,569,consumo,0,0,0
903047,3005996,2025-07-01,9526000,12,0.0457,580,consumo,0,0,0
903048,3005997,2025-12-27,1088000,24,0.055,501,negocio,1,149,234000
903049,3005997,2025-04-23,1481000,12,0.0457,520,consumo,0,0,0
903050,3005999,2025-06-29,10433000,12,0.0385,633,negocio,0,0,0
903051,3006001,2025-09-06,9142000,6,0.0272,664,consumo,0,0,0
903052,3006001,2025-11-17,2528000,18,0.0415,589,educacion,0,0,0
903053,3006006,2025-08-02,5131000,3,0.0389,589,otros,0,0,0
903054,3006007,2025-06-21,2027000,36,0.055,463,otros,1,161,723000
903055,3006013,2025-05-15,13430000,12,0.0405,586,negocio,1,156,4196000
903056,3006015,2026-02-13,5632000,24,0.0474,527,consumo,0,0,0
903057,3006017,2025-04-05,9494000,6,0.0469,581,consumo,0,0,0
903058,3006019,2025-06-10,1541000,24,0.0449,496,negocio,0,0,0
903059,3006020,2025-09-24,2956000,6,0.044,458,consumo,0,0,0
903060,3006021,2025-01-18,4612000,12,0.0506,555,consumo,0,0,0
903061,3006021,2025-10-13,2389000,18,0.0387,595,educacion,0,0,0
903062,3006022,2026-01-06,1647000,3,0.0386,555,consumo,0,0,0
903063,3006024,2026-01-26,2141000,24,0.0546,449,salud,1,152,769000
903064,3006024,2025-06-29,1924000,18,0.0496,541,salud,1,135,956000
903065,3006026,2025-11-02,1615000,36,0.055,647,otros,0,0,0
903066,3006026,2025-04-30,3e+06,18,0.0451,648,salud,0,0,0
903067,3006029,2025-06-25,4682000,24,0.055,551,consumo,1,143,2551000
903068,3006036,2025-04-23,3284000,18,0.0408,573,consumo,0,0,0
903069,3006037,2025-07-26,9574000,12,0.0391,665,consumo,0,0,0
903070,3006037,2025-10-18,9434000,24,0.0472,596,consumo,0,0,0
903071,3006042,2025-03-31,1370000,18,0.055,422,educacion,1,149,310000
903072,3006045,2025-10-11,8259000,36,0.0507,556,consumo,0,0,0
903073,3006045,2025-03-31,1809000,18,0.0439,617,otros,0,0,0
903074,3006046,2025-03-07,1864000,36,0.055,496,consumo,1,160,628000
903075,3006048,2025-04-18,3810000,6,0.0394,559,consumo,0,0,0
903076,3006048,2025-09-23,3857000,18,0.055,531,consumo,0,0,0
903077,3006049,2025-02-11,6228000,18,0.0454,545,consumo,0,0,0
903078,3006049,2025-07-22,1531000,12,0.0499,548,consumo,0,0,0
903079,3006051,2025-03-10,1577000,12,0.0372,596,consumo,0,0,0
903080,3006051,2025-10-04,3317000,12,0.0472,549,consumo,0,0,0
903081,3006052,2026-01-15,904000,12,0.0492,484,educacion,0,0,0
903082,3006052,2026-02-22,461000,3,0.0487,431,consumo,1,141,114000
903083,3006053,2025-07-02,6846000,24,0.051,547,salud,0,0,0
903084,3006053,2026-02-15,11319000,6,0.0411,520,negocio,0,0,0
903085,3006054,2025-12-16,1095000,12,0.0427,549,educacion,0,0,0
903086,3006055,2025-04-15,4362000,6,0.0425,523,educacion,0,0,0
903087,3006058,2025-01-08,3298000,36,0.055,586,otros,0,0,0
903088,3006058,2025-06-28,3021000,18,0.046,490,consumo,0,0,0
903089,3006059,2025-03-18,4294000,12,0.0438,596,consumo,0,0,0
903090,3006059,2025-07-03,5666000,18,0.043,591,salud,0,0,0
903091,3006060,2025-12-26,6796000,36,0.055,637,negocio,0,0,0
903092,3006060,2025-06-04,10243000,24,0.051,596,consumo,0,0,0
903093,3006065,2025-03-31,1006000,18,0.055,422,consumo,1,146,423000
903094,3006065,2025-01-23,2076000,12,0.049,452,otros,0,0,0
903095,3006070,2025-01-04,2858000,12,0.0447,509,salud,0,0,0
903096,3006071,2025-01-08,5339000,6,0.0386,574,consumo,0,0,0
903097,3006071,2025-01-16,4711000,24,0.0466,664,educacion,0,0,0
903098,3006075,2025-06-27,2740000,12,0.0474,616,consumo,0,0,0
903099,3006075,2025-07-16,2951000,6,0.0402,612,consumo,0,0,0
903100,3006075,2025-02-04,4726000,3,0.0365,527,consumo,0,0,0
903101,3006078,2025-12-22,1648000,6,0.0388,592,otros,0,0,0
903102,3006078,2025-04-07,690000,18,0.052,443,salud,1,139,382000
903103,3006083,2025-10-31,2354000,6,0.0508,454,negocio,1,151,1448000
903104,3006083,2025-04-02,2984000,36,0.055,530,consumo,1,149,1724000
903105,3006083,2025-11-21,2590000,3,0.0388,517,salud,0,0,0
903106,3006084,2025-03-10,10466000,24,0.0483,589,consumo,0,0,0
903107,3006087,2025-03-17,2589000,6,0.0408,638,negocio,0,0,0
903108,3006089,2025-07-02,378000,18,0.0501,464,consumo,1,140,187000
903109,3006090,2026-02-28,5604000,18,0.0426,554,salud,1,148,2013000
903110,3006097,2025-09-21,2019000,12,0.0476,540,salud,0,0,0
903111,3006097,2025-08-03,6770000,24,0.0512,575,consumo,0,0,0
903112,3006100,2026-01-07,7041000,18,0.0382,655,consumo,0,0,0
903113,3006100,2025-01-04,11921000,6,0.0426,550,educacion,0,0,0
903114,3006102,2025-04-09,1707000,12,0.0467,604,consumo,0,0,0
903115,3006108,2026-02-28,13652000,18,0.0429,747,otros,0,0,0
903116,3006110,2025-12-08,7110000,12,0.0452,544,negocio,0,0,0
903117,3006111,2025-04-15,2407000,6,0.0344,617,negocio,0,0,0
903118,3006111,2025-04-28,9744000,12,0.0398,610,negocio,0,0,0
903119,3006113,2026-01-18,3119000,3,0.0372,596,consumo,0,0,0
903120,3006113,2025-12-28,3884000,24,0.0431,594,salud,0,0,0
903121,3006114,2026-01-27,5753000,3,0.0369,531,salud,0,0,0
903122,3006116,2025-08-29,1115000,12,0.0454,488,educacion,0,0,0
903123,3006120,2025-05-25,6308000,12,0.0416,431,otros,1,149,2955000
903124,3006121,2026-01-21,1548000,12,0.0369,648,consumo,0,0,0
903125,3006122,2026-02-10,782000,3,0.0368,530,educacion,0,0,0
903126,3006123,2025-04-17,7389000,12,0.0386,580,consumo,0,0,0
903127,3006126,2025-12-03,6932000,18,0.043,616,negocio,0,0,0
903128,3006126,2026-01-11,2731000,24,0.0545,490,negocio,0,0,0
903129,3006130,2025-09-08,7551000,3,0.0366,516,negocio,0,0,0
903130,3006131,2025-01-06,827000,18,0.0443,569,consumo,0,0,0
903131,3006131,2025-11-05,842000,3,0.0272,575,consumo,0,0,0
903132,3006132,2025-02-11,3731000,12,0.0408,628,negocio,0,0,0
903133,3006133,2025-09-15,693000,3,0.042,474,salud,0,0,0
903134,3006136,2025-04-05,785000,3,0.0376,540,consumo,0,0,0
903135,3006140,2025-04-05,3832000,24,0.048,580,consumo,0,0,0
903136,3006150,2026-02-15,5100000,6,0.0447,523,otros,0,0,0
903137,3006150,2026-02-24,4534000,18,0.0454,512,consumo,0,0,0
903138,3006153,2025-11-27,524000,3,0.0358,560,consumo,0,0,0
903139,3006153,2025-07-07,1222000,36,0.055,439,consumo,1,135,321000
903140,3006156,2025-11-06,1733000,36,0.055,491,consumo,0,0,0
903141,3006156,2025-04-30,1595000,18,0.0484,502,consumo,0,0,0
903142,3006158,2025-04-09,5164000,6,0.0424,511,negocio,0,0,0
903143,3006166,2025-06-30,5118000,24,0.0503,582,educacion,1,150,1173000
903144,3006166,2025-08-07,4506000,6,0.0422,406,consumo,1,155,904000
903145,3006179,2025-10-13,4280000,36,0.055,603,educacion,0,0,0
903146,3006180,2025-01-12,4139000,18,0.047,521,consumo,0,0,0
903147,3006185,2026-02-26,7055000,6,0.0352,520,educacion,1,140,2063000
903148,3006188,2025-07-13,7855000,12,0.0364,629,consumo,0,0,0
903149,3006196,2025-04-08,5647000,18,0.0481,613,educacion,0,0,0
903150,3006196,2025-12-01,4047000,6,0.0391,502,negocio,0,0,0
903151,3006197,2025-05-02,559000,6,0.0431,432,negocio,0,0,0
903152,3006197,2025-08-09,630000,12,0.0541,405,consumo,0,0,0
903153,3006200,2026-02-08,6432000,24,0.0527,439,consumo,1,157,1864000
903154,3006205,2025-08-18,864000,6,0.0385,476,consumo,0,0,0
903155,3006208,2025-01-27,3050000,12,0.0391,618,consumo,0,0,0
903156,3006208,2026-01-28,1673000,24,0.0503,607,educacion,0,0,0
903157,3006209,2025-03-04,2594000,18,0.0454,495,consumo,0,0,0
903158,3006209,2025-07-08,3340000,18,0.042,564,consumo,0,0,0
903159,3006211,2026-01-04,2193000,12,0.0483,581,salud,0,0,0
903160,3006211,2026-02-17,7267000,18,0.0478,634,negocio,0,0,0
903161,3006212,2025-05-02,22587000,24,0.0482,678,consumo,0,0,0
903162,3006213,2025-10-13,317000,24,0.0497,457,consumo,0,0,0
903163,3006216,2025-08-12,9e+05,6,0.0418,546,consumo,0,0,0
903164,3006217,2025-06-30,12251000,3,0.0333,645,consumo,0,0,0
903165,3006217,2025-05-21,22218000,6,0.0367,658,educacion,0,0,0
903166,3006218,2025-09-22,1418000,12,0.0509,388,consumo,0,0,0
903167,3006218,2025-06-30,1905000,36,0.055,477,negocio,0,0,0
903168,3006218,2026-01-28,2495000,18,0.0448,423,negocio,1,158,1100000
903169,3006220,2025-08-30,10722000,24,0.0512,593,consumo,0,0,0
903170,3006220,2026-02-15,10529000,18,0.0424,707,consumo,0,0,0
903171,3006223,2025-01-02,1265000,6,0.0429,504,educacion,0,0,0
903172,3006229,2025-08-11,3606000,12,0.039,559,salud,0,0,0
903173,3006229,2025-05-05,12686000,12,0.04,554,consumo,1,170,3488000
903174,3006235,2025-12-14,2013000,18,0.0495,554,otros,0,0,0
903175,3006236,2025-01-28,9954000,18,0.0441,578,consumo,1,146,5927000
903176,3006237,2025-04-25,2895000,12,0.0426,560,consumo,0,0,0
903177,3006239,2025-12-22,3660000,36,0.0501,648,consumo,0,0,0
903178,3006243,2025-03-08,9774000,18,0.0471,558,consumo,1,149,3560000
903179,3006251,2025-05-25,390000,18,0.055,453,negocio,0,0,0
903180,3006251,2025-11-21,2405000,24,0.055,483,consumo,0,0,0
903181,3006251,2025-11-23,1531000,18,0.0455,528,consumo,1,136,407000
903182,3006253,2026-02-02,5781000,18,0.0421,638,negocio,0,0,0
903183,3006259,2025-11-25,1668000,3,0.0267,580,consumo,0,0,0
903184,3006259,2025-03-20,5433000,24,0.055,535,negocio,0,0,0
903185,3006262,2025-04-23,2760000,36,0.055,529,consumo,0,0,0
903186,3006264,2025-12-27,661000,24,0.0485,528,consumo,0,0,0
903187,3006264,2026-02-22,2002000,6,0.0389,497,consumo,0,0,0
903188,3006266,2025-01-21,6024000,36,0.055,572,negocio,0,0,0
903189,3006266,2026-02-08,3190000,18,0.0373,676,educacion,0,0,0
903190,3006268,2025-03-23,2560000,18,0.0379,607,consumo,0,0,0
903191,3006269,2025-01-16,1680000,36,0.055,520,negocio,1,139,460000
903192,3006272,2025-09-11,9110000,24,0.055,509,educacion,0,0,0
903193,3006272,2025-12-05,8632000,18,0.0462,555,consumo,0,0,0
903194,3006272,2025-09-16,5242000,24,0.049,540,educacion,1,143,1667000
903195,3006273,2026-01-20,7045000,6,0.0422,676,consumo,0,0,0
903196,3006273,2025-04-11,14158000,12,0.0325,582,otros,0,0,0
903197,3006274,2025-12-01,2541000,6,0.0402,523,educacion,0,0,0
903198,3006279,2025-11-09,11123000,24,0.0511,565,consumo,0,0,0
903199,3006284,2026-02-28,3557000,36,0.0483,646,consumo,0,0,0
903200,3006289,2025-12-18,8558000,12,0.0364,587,negocio,0,0,0
903201,3006290,2025-09-25,4323000,24,0.0498,459,negocio,0,0,0
903202,3006291,2025-07-26,3683000,6,0.0273,620,consumo,0,0,0
903203,3006291,2025-04-15,2863000,18,0.0435,600,negocio,0,0,0
903204,3006292,2025-05-18,2604000,12,0.0404,564,salud,0,0,0
903205,3006293,2025-11-27,4641000,12,0.034,685,consumo,0,0,0
903206,3006296,2025-01-23,1861000,18,0.0483,479,negocio,1,154,410000
903207,3006296,2026-01-12,1817000,12,0.0386,613,consumo,0,0,0
903208,3006297,2026-02-13,9271000,18,0.0502,579,consumo,0,0,0
903209,3006297,2026-01-15,9353000,24,0.0516,566,salud,0,0,0
903210,3006298,2025-06-24,983000,24,0.0529,503,consumo,0,0,0
903211,3006300,2026-01-10,2426000,12,0.0371,679,consumo,0,0,0
903212,3006301,2025-12-11,2692000,3,0.0329,556,salud,1,149,576000
903213,3006301,2025-12-04,452000,6,0.0427,543,educacion,0,0,0
903214,3006302,2026-02-18,4758000,24,0.0498,567,consumo,0,0,0
903215,3006302,2025-11-11,5847000,3,0.0371,637,negocio,0,0,0
903216,3006303,2025-08-16,1086000,6,0.0397,490,educacion,0,0,0
903217,3006308,2025-10-18,1949000,24,0.0521,497,consumo,0,0,0
903218,3006308,2026-01-14,1207000,12,0.0516,537,consumo,0,0,0
903219,3006308,2025-09-04,1223000,12,0.0435,528,educacion,0,0,0
903220,3006309,2026-02-16,2294000,36,0.055,503,consumo,0,0,0
903221,3006314,2025-04-17,1025000,3,0.0339,536,negocio,0,0,0
903222,3006315,2025-08-14,10249000,6,0.0353,532,consumo,1,165,5038000
903223,3006315,2025-05-24,1341000,18,0.0436,603,negocio,0,0,0
903224,3006317,2025-06-04,5365000,3,0.0388,482,otros,1,148,1563000
903225,3006317,2025-01-20,1547000,6,0.0383,532,consumo,0,0,0
903226,3006326,2025-08-10,7179000,3,0.0381,568,consumo,0,0,0
903227,3006327,2025-12-28,6580000,12,0.0396,580,negocio,0,0,0
903228,3006329,2025-01-02,1255000,12,0.0475,439,negocio,0,0,0
903229,3006329,2025-05-21,1461000,12,0.0415,502,negocio,1,153,404000
903230,3006334,2025-09-09,731000,24,0.055,491,salud,1,164,261000
903231,3006334,2026-01-29,1047000,12,0.0439,446,negocio,0,0,0
903232,3006335,2025-12-05,2113000,18,0.047,506,negocio,0,0,0
903233,3006335,2025-11-10,2490000,24,0.0518,507,consumo,0,0,0
903234,3006335,2026-01-30,2639000,12,0.0463,489,negocio,0,0,0
903235,3006336,2025-10-25,1740000,18,0.0477,539,consumo,0,0,0
903236,3006339,2025-01-16,25076000,3,0.0357,571,negocio,0,0,0
903237,3006340,2025-02-19,9546000,24,0.0471,650,consumo,0,0,0
903238,3006340,2025-10-08,3661000,18,0.051,598,consumo,0,0,0
903239,3006340,2025-12-06,8431000,6,0.0377,587,consumo,0,0,0
903240,3006342,2025-06-25,2978000,24,0.0501,591,consumo,0,0,0
903241,3006342,2026-01-18,8689000,3,0.0372,542,consumo,0,0,0
903242,3006343,2025-03-07,7308000,12,0.0387,601,consumo,0,0,0
903243,3006344,2025-10-09,3396000,6,0.0355,601,consumo,0,0,0
903244,3006344,2025-07-10,5224000,12,0.043,606,consumo,0,0,0
903245,3006345,2025-01-01,5850000,6,0.0483,524,salud,0,0,0
903246,3006345,2025-08-25,6987000,6,0.0425,570,educacion,0,0,0
903247,3006347,2025-04-16,1994000,18,0.0502,558,consumo,1,139,524000
903248,3006347,2025-10-08,841000,6,0.0431,522,negocio,0,0,0
903249,3006349,2025-11-25,431000,12,0.047,502,consumo,1,155,167000
903250,3006352,2025-04-12,4971000,18,0.0418,663,negocio,0,0,0
903251,3006352,2026-02-19,4815000,18,0.0464,521,consumo,0,0,0
903252,3006354,2026-01-12,8321000,24,0.0549,521,otros,1,146,4029000
903253,3006363,2026-01-11,4770000,12,0.0333,693,negocio,0,0,0
903254,3006368,2026-02-27,793000,18,0.0512,495,educacion,0,0,0
903255,3006368,2025-12-29,3076000,12,0.0472,522,consumo,0,0,0
903256,3006376,2025-12-22,3751000,36,0.055,528,negocio,1,163,1540000
903257,3006378,2026-02-27,6119000,12,0.0421,607,negocio,0,0,0
903258,3006379,2026-02-15,6202000,6,0.0394,534,consumo,0,0,0
903259,3006379,2026-02-12,4283000,3,0.0399,607,negocio,0,0,0
903260,3006381,2025-12-05,9789000,24,0.0515,515,salud,0,0,0
903261,3006382,2025-03-25,2666000,12,0.0397,472,educacion,1,151,1015000
903262,3006383,2025-03-13,1344000,12,0.0353,614,otros,0,0,0
903263,3006383,2025-06-11,1628000,18,0.0502,465,consumo,0,0,0
903264,3006386,2025-03-23,10148000,12,0.0495,580,otros,0,0,0
903265,3006386,2026-02-03,5859000,12,0.0439,536,consumo,1,154,2611000
903266,3006389,2025-11-02,9977000,36,0.055,579,negocio,0,0,0
903267,3006392,2026-02-03,2173000,6,0.0394,650,educacion,0,0,0
903268,3006408,2025-09-06,1819000,18,0.0496,540,consumo,0,0,0
903269,3006412,2025-09-11,1121000,12,0.0431,585,otros,0,0,0
903270,3006413,2025-05-09,2249000,3,0.0391,588,educacion,0,0,0
903271,3006414,2025-12-10,1108000,36,0.055,502,salud,0,0,0
903272,3006414,2025-10-04,4491000,12,0.0478,459,consumo,1,163,2372000
903273,3006415,2025-05-21,6614000,12,0.0456,596,negocio,0,0,0
903274,3006420,2025-03-26,2448000,18,0.0537,545,consumo,0,0,0
903275,3006421,2025-12-09,1445000,12,0.043,597,educacion,0,0,0
903276,3006421,2025-06-25,1382000,18,0.0473,499,otros,0,0,0
903277,3006425,2025-11-30,1259000,12,0.0449,470,consumo,0,0,0
903278,3006426,2026-01-22,1726000,24,0.0547,508,consumo,1,143,1068000
903279,3006428,2026-01-11,1211000,12,0.045,513,otros,0,0,0
903280,3006428,2025-02-01,2317000,18,0.0513,461,consumo,1,151,1147000
903281,3006429,2025-10-18,663000,3,0.0328,516,negocio,0,0,0
903282,3006431,2026-02-12,5747000,18,0.0424,569,negocio,0,0,0
903283,3006432,2025-04-14,1404000,12,0.0449,493,negocio,0,0,0
903284,3006433,2026-01-20,4353000,12,0.0455,497,consumo,0,0,0
903285,3006433,2025-02-18,2843000,12,0.0426,574,negocio,0,0,0
903286,3006437,2025-06-22,3316000,24,0.054,566,salud,0,0,0
903287,3006438,2025-11-03,1926000,36,0.0544,477,consumo,1,158,521000
903288,3006442,2025-04-03,1290000,24,0.0521,593,educacion,0,0,0
903289,3006443,2025-12-28,7320000,12,0.043,556,negocio,1,142,3870000
903290,3006447,2025-11-16,427000,12,0.0436,527,consumo,0,0,0
903291,3006452,2025-11-17,9096000,12,0.0494,523,negocio,0,0,0
903292,3006457,2025-11-22,9665000,6,0.0279,650,salud,0,0,0
903293,3006457,2026-02-22,9843000,36,0.0531,642,negocio,1,161,3764000
903294,3006460,2025-02-18,4985000,6,0.0369,626,consumo,0,0,0
903295,3006463,2025-05-25,885000,6,0.0299,638,educacion,0,0,0
903296,3006463,2025-09-10,5725000,12,0.0413,627,negocio,0,0,0
903297,3006464,2025-10-09,406000,24,0.0467,410,otros,0,0,0
903298,3006465,2026-01-17,1818000,6,0.0384,475,consumo,0,0,0
903299,3006470,2025-11-19,2227000,6,0.043,646,consumo,0,0,0
903300,3006470,2025-12-21,3394000,12,0.0368,632,negocio,0,0,0
903301,3006471,2025-07-17,1990000,36,0.055,498,negocio,0,0,0
903302,3006475,2025-09-25,8263000,6,0.0381,626,consumo,0,0,0
903303,3006477,2025-02-12,1171000,12,0.0452,494,otros,0,0,0
903304,3006478,2026-02-13,2655000,3,0.0431,405,consumo,1,141,1652000
903305,3006478,2026-02-12,501000,12,0.0518,457,negocio,0,0,0
903306,3006480,2025-05-08,4424000,6,0.0278,632,negocio,0,0,0
903307,3006480,2026-01-24,3341000,12,0.0428,572,negocio,0,0,0
903308,3006481,2025-02-09,2064000,36,0.0528,632,consumo,0,0,0
903309,3006484,2026-02-16,1173000,6,0.0453,517,consumo,0,0,0
903310,3006488,2025-03-25,2740000,12,0.0502,520,consumo,1,154,1029000
903311,3006489,2025-12-08,4606000,18,0.0447,661,consumo,0,0,0
903312,3006490,2025-12-23,1275000,3,0.0426,608,negocio,0,0,0
903313,3006490,2025-11-24,8643000,6,0.0396,623,consumo,0,0,0
903314,3006490,2025-04-03,3421000,12,0.0383,597,consumo,0,0,0
903315,3006496,2025-11-18,8498000,18,0.0516,569,otros,1,152,3771000
903316,3006496,2026-02-05,4924000,3,0.0393,535,otros,0,0,0
903317,3006497,2025-04-20,1311000,18,0.0445,520,educacion,0,0,0
903318,3006499,2025-11-14,4452000,12,0.0381,617,negocio,0,0,0
903319,3006499,2026-01-08,10747000,6,0.0364,668,consumo,0,0,0
903320,3006508,2026-02-22,1968000,6,0.0422,534,consumo,0,0,0
903321,3006509,2025-05-23,1383000,24,0.0505,487,otros,0,0,0
903322,3006509,2025-10-17,2081000,18,0.0458,520,otros,0,0,0
903323,3006523,2025-10-28,1784000,12,0.0404,540,consumo,0,0,0
903324,3006523,2025-03-29,2762000,3,0.0425,495,salud,0,0,0
903325,3006525,2026-01-04,13242000,36,0.0508,631,consumo,0,0,0
903326,3006525,2025-11-20,7495000,24,0.0464,647,educacion,0,0,0
903327,3006530,2025-08-31,3458000,6,0.0354,607,salud,0,0,0
903328,3006530,2025-03-27,4698000,12,0.0487,587,negocio,0,0,0
903329,3006531,2025-02-20,2582000,3,0.0408,589,negocio,0,0,0
903330,3006531,2025-04-30,7178000,12,0.0452,543,negocio,0,0,0
903331,3006532,2025-01-18,3290000,6,0.0332,639,otros,0,0,0
903332,3006533,2025-11-26,3237000,6,0.0368,485,consumo,1,147,1375000
903333,3006534,2025-11-30,5925000,12,0.0497,489,consumo,0,0,0
903334,3006538,2025-12-06,11613000,12,0.0364,644,consumo,0,0,0
903335,3006539,2025-10-05,12328000,6,0.0342,611,consumo,0,0,0
903336,3006542,2025-12-11,2262000,24,0.055,529,consumo,0,0,0
903337,3006548,2025-12-15,2098000,12,0.0443,559,consumo,0,0,0
903338,3006550,2025-04-17,1402000,12,0.0445,565,consumo,0,0,0
903339,3006551,2025-01-15,8891000,24,0.0477,547,otros,0,0,0
903340,3006552,2025-10-30,3580000,12,0.0407,588,consumo,0,0,0
903341,3006554,2025-11-06,710000,3,0.0354,530,negocio,0,0,0
903342,3006554,2026-01-25,1878000,6,0.0496,490,salud,0,0,0
903343,3006554,2025-11-19,786000,6,0.0375,516,educacion,0,0,0
903344,3006555,2025-05-09,9542000,12,0.0412,635,negocio,0,0,0
903345,3006555,2025-08-14,6587000,18,0.0365,663,negocio,0,0,0
903346,3006561,2025-06-19,2341000,18,0.0439,517,negocio,0,0,0
903347,3006565,2025-07-26,729000,18,0.0427,451,consumo,0,0,0
903348,3006566,2025-07-18,4060000,6,0.0346,663,consumo,0,0,0
903349,3006567,2025-09-14,1209000,12,0.045,547,negocio,0,0,0
903350,3006569,2025-12-30,1298000,12,0.0401,580,educacion,0,0,0
903351,3006570,2025-01-16,7336000,12,0.0333,625,consumo,0,0,0
903352,3006571,2025-08-07,2200000,6,0.0406,493,consumo,0,0,0
903353,3006571,2026-01-09,1199000,18,0.0493,539,otros,0,0,0
903354,3006580,2025-08-30,1115000,18,0.0484,525,consumo,0,0,0
903355,3006580,2025-06-21,1747000,6,0.0345,508,negocio,0,0,0
903356,3006581,2025-08-05,6028000,12,0.044,535,consumo,1,156,3030000
903357,3006582,2025-05-30,3085000,12,0.0402,522,otros,0,0,0
903358,3006585,2025-08-15,2512000,3,0.0399,440,negocio,0,0,0
903359,3006586,2025-03-01,4780000,12,0.0485,572,consumo,0,0,0
903360,3006594,2025-09-03,6784000,18,0.0534,536,otros,0,0,0
903361,3006599,2025-11-27,3829000,18,0.0453,488,consumo,0,0,0
903362,3006602,2025-12-04,2407000,18,0.0391,625,salud,0,0,0
903363,3006602,2025-05-30,8882000,3,0.0336,701,consumo,0,0,0
903364,3006602,2026-02-07,3892000,3,0.0309,586,educacion,0,0,0
903365,3006603,2025-02-15,1308000,12,0.0436,611,negocio,0,0,0
903366,3006603,2025-12-01,2314000,24,0.055,545,consumo,0,0,0
903367,3006605,2025-07-15,1130000,18,0.0512,410,consumo,0,0,0
903368,3006605,2025-07-19,362000,36,0.055,439,salud,0,0,0
903369,3006606,2025-11-25,689000,24,0.0506,477,negocio,1,140,344000
903370,3006607,2026-01-09,3245000,18,0.0377,561,consumo,0,0,0
903371,3006609,2025-04-09,2968000,18,0.0484,506,consumo,1,156,1695000
903372,3006610,2025-08-06,977000,18,0.0465,519,otros,0,0,0
903373,3006615,2026-02-05,728000,12,0.0441,475,educacion,0,0,0
903374,3006616,2026-02-19,5111000,6,0.0359,552,consumo,0,0,0
903375,3006622,2025-11-03,2174000,6,0.0373,551,negocio,0,0,0
903376,3006622,2025-06-22,1691000,18,0.0484,495,otros,0,0,0
903377,3006623,2025-05-02,3667000,18,0.0485,530,consumo,0,0,0
903378,3006623,2025-06-15,2382000,24,0.0472,511,educacion,0,0,0
903379,3006628,2025-12-15,1133000,6,0.0428,471,consumo,0,0,0
903380,3006633,2025-02-10,3460000,18,0.0456,526,educacion,0,0,0
903381,3006635,2026-01-29,9100000,18,0.0511,563,consumo,0,0,0
903382,3006635,2025-03-04,3272000,6,0.0432,552,educacion,0,0,0
903383,3006638,2025-07-25,5751000,24,0.0463,633,consumo,0,0,0
903384,3006639,2025-08-24,7136000,12,0.0456,554,consumo,1,142,3587000
903385,3006639,2025-06-06,10757000,12,0.0386,640,otros,0,0,0
903386,3006640,2025-09-27,1837000,18,0.0411,584,consumo,0,0,0
903387,3006640,2026-01-23,5077000,12,0.0434,492,consumo,1,156,2826000
903388,3006644,2025-08-29,2865000,24,0.0489,508,educacion,0,0,0
903389,3006644,2026-02-23,4261000,6,0.0375,525,consumo,0,0,0
903390,3006644,2025-03-12,3086000,12,0.0473,554,otros,0,0,0
903391,3006646,2025-01-04,1015000,24,0.0538,409,consumo,0,0,0
903392,3006646,2025-05-21,1109000,12,0.0426,465,educacion,0,0,0
903393,3006647,2025-03-02,2520000,24,0.0483,467,negocio,1,137,878000
903394,3006650,2025-11-28,4402000,18,0.0409,630,educacion,0,0,0
903395,3006652,2025-07-28,2955000,3,0.0398,498,consumo,0,0,0
903396,3006653,2025-09-30,1422000,12,0.0497,502,otros,0,0,0
903397,3006653,2025-05-03,1356000,6,0.0382,500,consumo,0,0,0
903398,3006657,2026-01-10,8314000,12,0.0361,559,negocio,0,0,0
903399,3006657,2025-03-03,2601000,12,0.0348,607,consumo,0,0,0
903400,3006659,2025-11-03,6951000,12,0.0425,544,negocio,1,162,3172000
903401,3006659,2025-02-08,5405000,24,0.0441,545,negocio,0,0,0
903402,3006660,2025-09-24,2210000,6,0.0432,582,consumo,0,0,0
903403,3006660,2025-05-06,1911000,12,0.0418,627,negocio,0,0,0
903404,3006661,2026-02-20,8397000,6,0.0341,566,consumo,0,0,0
903405,3006664,2025-07-31,7440000,12,0.0366,580,consumo,0,0,0
903406,3006666,2025-07-04,1493000,18,0.0426,606,educacion,0,0,0
903407,3006668,2025-02-13,653000,3,0.029,601,consumo,0,0,0
903408,3006668,2025-11-03,1551000,12,0.0471,432,consumo,0,0,0
903409,3006670,2025-08-27,2624000,12,0.0386,606,consumo,0,0,0
903410,3006671,2025-08-05,2326000,3,0.0355,644,educacion,0,0,0
903411,3006674,2025-01-09,3728000,3,0.0291,584,consumo,0,0,0
903412,3006679,2026-02-21,4767000,6,0.0359,604,consumo,0,0,0
903413,3006680,2025-11-12,960000,24,0.052,447,consumo,0,0,0
903414,3006680,2025-07-01,2424000,6,0.0382,545,negocio,0,0,0
903415,3006680,2026-01-14,903000,6,0.0379,564,consumo,0,0,0
903416,3006681,2025-05-14,394000,12,0.0475,488,educacion,0,0,0
903417,3006683,2025-07-04,13301000,36,0.055,540,consumo,0,0,0
903418,3006686,2025-06-23,2251000,3,0.0367,599,consumo,0,0,0
903419,3006690,2026-02-12,2638000,12,0.037,590,consumo,0,0,0
903420,3006694,2026-01-08,12052000,6,0.0286,626,consumo,0,0,0
903421,3006696,2025-10-28,8867000,12,0.0402,623,negocio,0,0,0
903422,3006696,2025-11-08,7927000,12,0.0412,601,consumo,0,0,0
903423,3006697,2025-03-25,5064000,12,0.0334,627,otros,0,0,0
903424,3006697,2025-12-23,5577000,12,0.0423,565,consumo,0,0,0
903425,3006697,2026-01-06,1340000,3,0.0335,602,negocio,0,0,0
903426,3006699,2025-11-11,7425000,3,0.0365,617,salud,0,0,0
903427,3006703,2025-12-03,4479000,12,0.046,532,consumo,0,0,0
903428,3006704,2026-02-27,4633000,24,0.0451,596,consumo,0,0,0
903429,3006704,2025-08-07,6072000,24,0.0481,632,negocio,0,0,0
903430,3006705,2026-02-04,5597000,12,0.0479,574,consumo,0,0,0
903431,3006705,2026-02-17,7155000,12,0.0406,516,consumo,0,0,0
903432,3006705,2025-08-11,7626000,24,0.0514,560,otros,1,149,3472000
903433,3006709,2025-02-25,4193000,24,0.0464,608,negocio,0,0,0
903434,3006713,2025-11-16,1331000,6,0.0447,527,salud,0,0,0
903435,3006713,2025-06-23,4440000,12,0.0401,622,educacion,0,0,0
903436,3006714,2025-08-01,1100000,12,0.0467,514,consumo,0,0,0
903437,3006714,2025-11-22,1614000,3,0.0405,583,negocio,0,0,0
903438,3006714,2025-01-02,1084000,24,0.054,451,otros,1,137,315000
903439,3006718,2025-07-01,3884000,18,0.0402,563,negocio,1,152,819000
903440,3006718,2025-04-11,3925000,6,0.0349,551,consumo,1,157,1578000
903441,3006720,2025-01-05,1884000,6,0.0387,470,salud,0,0,0
903442,3006724,2025-02-01,470000,12,0.0487,543,consumo,0,0,0
903443,3006726,2025-10-29,4777000,24,0.0486,594,negocio,0,0,0
903444,3006726,2025-01-03,8633000,12,0.0359,702,educacion,0,0,0
903445,3006729,2026-02-10,4099000,24,0.0453,532,otros,1,162,838000
903446,3006729,2026-01-11,3702000,18,0.048,588,otros,0,0,0
903447,3006730,2025-10-02,3524000,12,0.0427,610,salud,0,0,0
903448,3006730,2025-11-01,1384000,3,0.0352,620,educacion,0,0,0
903449,3006730,2025-12-07,4109000,12,0.0491,552,otros,1,146,1892000
903450,3006733,2025-05-16,4371000,24,0.0393,589,negocio,0,0,0
903451,3006733,2026-01-06,5621000,6,0.0364,638,educacion,0,0,0
903452,3006739,2025-11-22,773000,12,0.0448,382,consumo,0,0,0
903453,3006742,2025-12-04,2306000,18,0.0381,653,consumo,0,0,0
903454,3006747,2025-08-19,1062000,24,0.0475,599,consumo,0,0,0
903455,3006747,2025-06-18,4905000,12,0.0367,639,consumo,1,139,2804000
903456,3006747,2025-07-19,4874000,3,0.0282,543,consumo,0,0,0
903457,3006748,2026-01-03,13569000,24,0.05,548,salud,0,0,0
903458,3006749,2025-03-11,7484000,6,0.0478,529,consumo,0,0,0
903459,3006750,2025-08-06,2890000,6,0.0375,639,negocio,0,0,0
903460,3006757,2026-02-13,1130000,24,0.0496,579,consumo,0,0,0
903461,3006757,2026-01-19,2805000,3,0.0393,530,consumo,0,0,0
903462,3006760,2025-11-07,5560000,18,0.0344,615,consumo,0,0,0
903463,3006763,2025-08-17,2479000,18,0.0474,590,negocio,1,154,952000
903464,3006765,2026-02-27,1348000,3,0.035,581,consumo,0,0,0
903465,3006765,2025-11-22,1849000,12,0.0454,445,educacion,1,147,612000
903466,3006768,2025-04-30,1507000,6,0.0438,491,consumo,0,0,0
903467,3006768,2025-05-31,1412000,12,0.0447,583,educacion,0,0,0
903468,3006768,2025-03-27,1538000,12,0.0369,698,consumo,0,0,0
903469,3006772,2026-02-28,2752000,6,0.0358,534,educacion,0,0,0
903470,3006772,2026-02-28,3785000,18,0.0466,492,consumo,1,160,735000
903471,3006774,2025-03-17,7227000,6,0.0398,532,negocio,0,0,0
903472,3006774,2025-02-11,4525000,24,0.0527,540,otros,1,145,1513000
903473,3006776,2025-03-25,1300000,6,0.0323,585,otros,0,0,0
903474,3006778,2025-01-28,3550000,18,0.0475,587,consumo,0,0,0
903475,3006783,2025-12-02,6238000,18,0.0413,616,consumo,1,155,1902000
903476,3006783,2025-04-26,7276000,12,0.0413,643,educacion,0,0,0
903477,3006783,2026-02-06,6442000,12,0.0413,637,consumo,0,0,0
903478,3006784,2025-08-10,4924000,18,0.045,564,negocio,0,0,0
903479,3006790,2025-10-11,2010000,6,0.041,566,consumo,0,0,0
903480,3006790,2025-12-14,1330000,6,0.0411,568,consumo,0,0,0
903481,3006792,2025-07-08,2218000,12,0.0451,509,educacion,1,156,1270000
903482,3006797,2026-01-11,8995000,18,0.0417,669,negocio,0,0,0
903483,3006802,2025-06-14,926000,12,0.0451,550,consumo,0,0,0
903484,3006802,2025-11-10,3227000,3,0.0415,569,consumo,0,0,0
903485,3006805,2025-01-29,1033000,24,0.055,422,negocio,1,136,410000
903486,3006806,2025-06-19,6493000,12,0.0352,618,educacion,0,0,0
903487,3006808,2025-02-09,1451000,12,0.0484,514,consumo,0,0,0
903488,3006809,2025-08-31,1356000,12,0.0394,641,consumo,0,0,0
903489,3006809,2025-11-01,7948000,3,0.0326,654,negocio,0,0,0
903490,3006811,2025-08-29,4428000,6,0.0375,567,consumo,0,0,0
903491,3006811,2025-02-03,2121000,18,0.0441,587,consumo,0,0,0
903492,3006816,2025-04-29,4410000,12,0.0461,536,salud,0,0,0
903493,3006816,2025-05-04,4810000,12,0.049,593,negocio,0,0,0
903494,3006819,2025-06-27,1116000,12,0.0463,511,salud,0,0,0
903495,3006819,2025-08-02,943000,3,0.0402,479,consumo,0,0,0
903496,3006820,2025-10-23,3238000,24,0.0471,570,consumo,0,0,0
903497,3006821,2025-10-19,1823000,36,0.055,518,consumo,0,0,0
903498,3006825,2026-01-01,1174000,36,0.0503,531,salud,0,0,0
903499,3006826,2026-02-05,1915000,18,0.039,584,consumo,0,0,0
903500,3006826,2026-01-02,3412000,12,0.0379,573,negocio,0,0,0
903501,3006826,2026-02-15,2680000,18,0.0515,528,consumo,1,153,566000
903502,3006828,2025-01-23,983000,6,0.0362,577,educacion,0,0,0
903503,3006828,2025-06-16,2123000,6,0.0384,516,consumo,0,0,0
903504,3006829,2025-12-31,2505000,6,0.0398,553,salud,0,0,0
903505,3006834,2025-05-19,1374000,6,0.0374,536,salud,0,0,0
903506,3006834,2025-01-11,3302000,12,0.0515,419,negocio,0,0,0
903507,3006840,2025-01-03,4744000,24,0.0503,573,consumo,0,0,0
903508,3006845,2025-02-16,4006000,18,0.0451,609,consumo,0,0,0
903509,3006846,2025-07-14,1931000,12,0.041,557,consumo,0,0,0
903510,3006846,2026-02-23,10069000,12,0.0404,519,consumo,0,0,0
903511,3006848,2025-10-26,1797000,24,0.0505,528,negocio,1,155,918000
903512,3006850,2025-05-23,1781000,12,0.0455,489,negocio,1,137,1180000
903513,3006853,2025-05-24,13917000,36,0.0517,634,otros,0,0,0
903514,3006853,2025-12-30,8690000,24,0.0458,551,negocio,0,0,0
903515,3006857,2025-06-06,3771000,12,0.0435,564,salud,0,0,0
903516,3006859,2025-07-22,967000,12,0.0398,592,consumo,0,0,0
903517,3006859,2025-05-20,2849000,24,0.0446,570,otros,0,0,0
903518,3006861,2026-02-14,5283000,12,0.0327,595,negocio,0,0,0
903519,3006865,2025-10-04,1461000,18,0.05,540,consumo,0,0,0
903520,3006868,2025-01-04,9821000,12,0.0348,627,educacion,0,0,0
903521,3006871,2025-05-18,1717000,6,0.042,430,consumo,1,150,626000
903522,3006882,2025-05-08,3482000,3,0.0324,584,consumo,0,0,0
903523,3006883,2026-02-18,4303000,18,0.0455,575,negocio,0,0,0
903524,3006886,2026-01-19,1558000,6,0.0435,456,negocio,0,0,0
903525,3006886,2025-10-15,5037000,36,0.055,533,consumo,0,0,0
903526,3006888,2026-01-15,463000,18,0.0476,542,salud,0,0,0
903527,3006888,2026-01-15,2739000,12,0.0388,526,consumo,0,0,0
903528,3006890,2025-09-02,8069000,6,0.0346,600,negocio,1,149,2119000
903529,3006890,2025-10-09,2412000,36,0.055,588,otros,0,0,0
903530,3006891,2025-12-06,15921000,12,0.0356,572,otros,0,0,0
903531,3006892,2025-05-22,4064000,36,0.0549,485,educacion,1,160,1406000
903532,3006892,2025-05-27,3199000,18,0.0473,504,negocio,1,148,796000
903533,3006895,2025-06-18,2713000,12,0.0351,545,consumo,0,0,0
903534,3006896,2025-10-30,10219000,24,0.0447,603,consumo,0,0,0
903535,3006896,2025-08-23,11504000,18,0.0441,593,consumo,0,0,0
903536,3006897,2025-03-15,10641000,24,0.0489,583,consumo,0,0,0
903537,3006900,2025-11-04,2580000,12,0.0526,575,educacion,0,0,0
903538,3006908,2025-10-21,4325000,18,0.0462,668,consumo,0,0,0
903539,3006910,2025-04-07,4458000,12,0.045,615,otros,0,0,0
903540,3006912,2026-01-28,3667000,24,0.055,495,consumo,1,152,2221000
903541,3006912,2025-08-11,4186000,12,0.0517,485,salud,0,0,0
903542,3006916,2025-03-05,6579000,12,0.034,690,salud,0,0,0
903543,3006916,2025-02-28,17534000,12,0.036,621,negocio,0,0,0
903544,3006917,2025-10-15,5391000,3,0.0384,486,negocio,1,153,3121000
903545,3006917,2025-12-31,3055000,18,0.0505,569,educacion,0,0,0
903546,3006918,2025-01-15,3253000,18,0.0387,614,otros,0,0,0
903547,3006921,2025-12-20,1044000,18,0.0456,564,negocio,0,0,0
903548,3006922,2025-12-16,3267000,18,0.0445,584,negocio,0,0,0
903549,3006928,2025-10-20,1363000,12,0.0396,630,educacion,0,0,0
903550,3006928,2026-01-09,3835000,18,0.0399,595,negocio,0,0,0
903551,3006932,2025-11-13,5599000,12,0.0364,591,consumo,0,0,0
903552,3006932,2025-07-21,4387000,12,0.0507,522,educacion,0,0,0
903553,3006933,2026-01-20,826000,6,0.0403,542,otros,0,0,0
903554,3006933,2026-02-19,341000,3,0.034,557,salud,0,0,0
903555,3006936,2026-02-03,5069000,12,0.0424,565,educacion,0,0,0
903556,3006937,2025-04-20,1948000,12,0.0424,563,consumo,0,0,0
903557,3006937,2025-04-13,7847000,12,0.0389,559,consumo,0,0,0
903558,3006941,2026-02-26,1806000,6,0.0441,525,educacion,1,156,9e+05
903559,3006941,2025-03-12,935000,24,0.0513,475,negocio,1,138,444000
903560,3006949,2025-10-14,6121000,3,0.0348,555,consumo,0,0,0
903561,3006949,2025-08-28,1164000,24,0.0478,610,educacion,0,0,0
903562,3006949,2025-05-24,2308000,3,0.0347,544,otros,0,0,0
903563,3006950,2025-11-09,3947000,18,0.0356,578,consumo,0,0,0
903564,3006950,2025-09-25,2297000,12,0.0468,557,consumo,0,0,0
903565,3006954,2025-11-30,16810000,3,0.0362,669,consumo,0,0,0
903566,3006954,2025-12-06,5513000,3,0.0336,695,negocio,0,0,0
903567,3006957,2025-10-01,5019000,6,0.0451,478,educacion,0,0,0
903568,3006957,2025-10-30,1300000,18,0.0451,627,consumo,0,0,0
903569,3006958,2025-12-09,9559000,18,0.0481,566,salud,0,0,0
903570,3006958,2025-01-10,9642000,6,0.0384,539,consumo,0,0,0
903571,3006961,2026-02-14,1706000,6,0.0423,486,negocio,0,0,0
903572,3006962,2025-11-12,6829000,12,0.0361,643,educacion,0,0,0
903573,3006963,2025-12-13,7499000,12,0.0397,765,negocio,0,0,0
903574,3006964,2026-01-19,8939000,6,0.034,648,educacion,0,0,0
903575,3006964,2026-02-25,9873000,18,0.0477,650,negocio,0,0,0
903576,3006973,2025-09-19,16618000,3,0.0359,635,otros,1,138,6151000
903577,3006973,2025-01-30,7866000,36,0.0533,636,consumo,0,0,0
903578,3006974,2025-11-04,6243000,24,0.055,579,negocio,0,0,0
903579,3006976,2025-08-25,1425000,24,0.055,510,negocio,0,0,0
903580,3006976,2025-01-02,2093000,12,0.0355,477,consumo,0,0,0
903581,3006977,2025-07-09,1283000,18,0.0445,408,educacion,1,153,605000
903582,3006977,2026-01-09,747000,12,0.0487,511,consumo,0,0,0
903583,3006980,2025-10-03,2800000,24,0.0531,473,consumo,0,0,0
903584,3006980,2025-08-26,3908000,12,0.0405,543,otros,0,0,0
903585,3006985,2025-03-20,3442000,12,0.0385,658,otros,0,0,0
903586,3006991,2025-08-08,952000,12,0.0405,545,consumo,0,0,0
903587,3006991,2025-12-16,2858000,12,0.0508,532,consumo,1,139,1462000
903588,3006991,2025-12-03,1266000,6,0.0394,584,consumo,0,0,0
903589,3006992,2025-08-10,3872000,12,0.041,507,consumo,0,0,0
903590,3006995,2025-03-30,8481000,6,0.0315,681,consumo,0,0,0
903591,3007006,2025-12-28,6220000,18,0.0441,588,salud,0,0,0
903592,3007006,2025-09-24,1383000,6,0.0383,662,negocio,0,0,0
903593,3007008,2026-01-15,8699000,12,0.0341,706,otros,0,0,0
903594,3007009,2025-06-10,6478000,18,0.0379,655,salud,0,0,0
903595,3007009,2025-10-10,2489000,6,0.0321,686,consumo,0,0,0
903596,3007015,2025-11-08,4036000,12,0.0404,553,otros,0,0,0
903597,3007015,2025-09-24,5587000,18,0.0473,484,consumo,1,158,3090000
903598,3007022,2025-09-10,3648000,3,0.0351,597,consumo,0,0,0
903599,3007022,2025-09-06,6244000,3,0.0383,607,salud,0,0,0
903600,3007023,2025-02-05,3959000,12,0.0399,550,otros,0,0,0
903601,3007031,2026-01-02,6956000,24,0.0509,559,salud,0,0,0
903602,3007032,2026-01-29,3588000,6,0.0357,628,negocio,0,0,0
903603,3007034,2025-05-13,2416000,6,0.0417,485,consumo,0,0,0
903604,3007035,2025-08-01,10510000,12,0.0401,582,consumo,1,142,5688000
903605,3007045,2025-12-04,876000,6,0.0355,644,otros,0,0,0
903606,3007050,2025-08-29,4572000,12,0.0365,582,consumo,0,0,0
903607,3007050,2025-04-19,4244000,3,0.0311,599,consumo,0,0,0
903608,3007053,2026-01-05,10700000,18,0.0434,617,educacion,0,0,0
903609,3007053,2025-11-13,3129000,12,0.0379,604,consumo,0,0,0
903610,3007053,2025-11-22,9651000,24,0.0447,631,negocio,0,0,0
903611,3007055,2025-05-07,4184000,12,0.0326,661,consumo,0,0,0
903612,3007055,2025-11-23,2634000,12,0.0473,517,consumo,0,0,0
903613,3007056,2025-09-14,2410000,12,0.0495,503,otros,0,0,0
903614,3007057,2025-07-26,3481000,6,0.0371,582,negocio,0,0,0
903615,3007058,2025-12-24,1300000,18,0.0407,558,otros,0,0,0
903616,3007062,2025-06-11,13171000,12,0.048,572,consumo,0,0,0
903617,3007063,2026-01-09,2709000,24,0.0453,501,negocio,0,0,0
903618,3007067,2025-06-28,3672000,12,0.0392,654,consumo,0,0,0
903619,3007067,2025-12-27,2036000,3,0.0306,623,negocio,1,144,922000
903620,3007067,2025-12-29,1561000,6,0.0389,551,negocio,0,0,0
903621,3007068,2025-02-03,2463000,6,0.0358,577,negocio,0,0,0
903622,3007068,2025-03-01,3525000,12,0.041,555,negocio,0,0,0
903623,3007074,2025-02-19,5991000,18,0.0467,653,consumo,0,0,0
903624,3007074,2025-03-03,2111000,12,0.0365,527,educacion,0,0,0
903625,3007074,2026-01-28,1229000,24,0.055,493,negocio,0,0,0
903626,3007075,2025-08-11,4713000,12,0.0363,632,consumo,0,0,0
903627,3007077,2025-06-18,1174000,12,0.042,603,educacion,0,0,0
903628,3007077,2025-06-02,4250000,36,0.055,531,consumo,1,156,2360000
903629,3007077,2025-11-24,3610000,3,0.0377,635,educacion,0,0,0
903630,3007082,2025-12-28,5691000,6,0.0378,538,negocio,0,0,0
903631,3007082,2025-12-21,6914000,24,0.0499,501,educacion,0,0,0
903632,3007083,2026-01-05,3690000,12,0.0438,550,consumo,1,159,1077000
903633,3007086,2025-12-21,4233000,3,0.0313,601,consumo,0,0,0
903634,3007087,2025-07-11,4579000,6,0.0425,562,otros,0,0,0
903635,3007087,2025-09-30,8300000,18,0.048,579,negocio,0,0,0
903636,3007088,2025-07-27,790000,12,0.0474,563,consumo,0,0,0
903637,3007089,2025-11-22,7486000,6,0.0305,597,consumo,0,0,0
903638,3007091,2025-10-27,1691000,24,0.047,546,negocio,0,0,0
903639,3007091,2025-05-29,1263000,12,0.0326,655,consumo,0,0,0
903640,3007092,2025-01-12,4501000,3,0.0437,557,negocio,0,0,0
903641,3007093,2025-12-20,4682000,24,0.0499,621,consumo,0,0,0
903642,3007093,2026-01-02,929000,18,0.0525,593,consumo,0,0,0
903643,3007095,2025-05-23,3124000,18,0.0467,538,otros,0,0,0
903644,3007097,2025-02-25,6511000,12,0.0422,570,consumo,0,0,0
903645,3007097,2025-01-10,4015000,6,0.0333,535,consumo,0,0,0
903646,3007101,2025-09-20,4792000,36,0.055,553,consumo,0,0,0
903647,3007106,2026-02-04,2154000,12,0.0401,602,consumo,0,0,0
903648,3007109,2025-12-30,2193000,12,0.0429,494,consumo,0,0,0
903649,3007110,2026-01-04,2059000,12,0.0467,503,negocio,1,144,656000
903650,3007113,2025-11-29,8641000,12,0.0379,630,consumo,0,0,0
903651,3007113,2025-07-02,2063000,24,0.0447,631,consumo,0,0,0
903652,3007116,2025-02-18,2748000,12,0.0381,675,negocio,0,0,0
903653,3007131,2025-07-25,1363000,6,0.0424,470,negocio,0,0,0
903654,3007135,2025-04-17,317000,6,0.0437,488,negocio,0,0,0
903655,3007136,2025-07-30,3128000,3,0.0336,556,consumo,0,0,0
903656,3007137,2025-11-15,10291000,12,0.0336,565,educacion,0,0,0
903657,3007144,2025-04-11,2110000,6,0.0368,540,consumo,1,149,586000
903658,3007145,2026-01-26,16114000,6,0.0367,601,negocio,0,0,0
903659,3007150,2025-10-13,2823000,24,0.055,539,negocio,1,149,1307000
903660,3007150,2025-12-27,3611000,12,0.0404,557,consumo,0,0,0
903661,3007151,2025-10-02,419000,36,0.055,501,negocio,0,0,0
903662,3007151,2025-05-05,1352000,18,0.049,408,consumo,1,150,636000
903663,3007151,2025-11-05,1188000,6,0.0449,448,consumo,0,0,0
903664,3007154,2025-12-12,7149000,6,0.0271,677,consumo,0,0,0
903665,3007157,2025-11-26,3670000,6,0.0405,592,consumo,0,0,0
903666,3007158,2025-08-31,2249000,24,0.0453,552,consumo,0,0,0
903667,3007158,2025-06-07,4462000,6,0.0349,541,consumo,0,0,0
903668,3007158,2025-07-26,2589000,18,0.0424,540,otros,0,0,0
903669,3007159,2025-01-04,3362000,12,0.0374,627,consumo,0,0,0
903670,3007159,2025-03-23,5722000,6,0.0326,579,consumo,0,0,0
903671,3007162,2026-01-11,2831000,36,0.055,515,salud,0,0,0
903672,3007162,2025-11-21,2752000,36,0.0536,669,consumo,0,0,0
903673,3007166,2026-02-26,2487000,36,0.055,572,educacion,0,0,0
903674,3007166,2026-02-25,5771000,12,0.0416,513,consumo,1,141,2659000
903675,3007167,2025-08-06,689000,12,0.0445,503,consumo,0,0,0
903676,3007167,2025-01-21,1600000,12,0.0465,504,consumo,0,0,0
903677,3007169,2025-07-15,1976000,18,0.0399,593,negocio,0,0,0
903678,3007173,2025-09-24,8467000,6,0.0488,554,educacion,1,146,3862000
903679,3007181,2026-01-20,1083000,24,0.0484,519,consumo,0,0,0
903680,3007181,2025-05-20,6114000,12,0.0501,530,consumo,1,143,2708000
903681,3007181,2025-04-28,5985000,24,0.047,556,consumo,0,0,0
903682,3007185,2025-05-09,1236000,24,0.0516,553,consumo,0,0,0
903683,3007188,2025-10-03,3378000,3,0.0364,583,consumo,0,0,0
903684,3007188,2025-09-25,2997000,36,0.055,520,otros,0,0,0
903685,3007192,2025-08-31,4676000,6,0.0435,505,consumo,0,0,0
903686,3007192,2025-08-20,1190000,24,0.0486,568,negocio,0,0,0
903687,3007195,2026-01-25,5113000,6,0.043,622,otros,0,0,0
903688,3007195,2026-01-30,1969000,18,0.0513,459,educacion,0,0,0
903689,3007197,2025-03-15,3948000,18,0.0458,542,otros,0,0,0
903690,3007197,2026-02-08,1712000,36,0.055,556,educacion,0,0,0
903691,3007199,2025-08-21,479000,24,0.0518,501,consumo,0,0,0
903692,3007199,2025-11-15,1328000,18,0.0402,516,otros,1,150,667000
903693,3007199,2025-09-24,1160000,6,0.0433,442,consumo,1,149,475000
903694,3007201,2025-06-29,1930000,3,0.0441,514,negocio,0,0,0
903695,3007201,2026-01-27,2322000,6,0.0427,533,negocio,0,0,0
903696,3007205,2025-03-23,5449000,12,0.0467,447,otros,0,0,0
903697,3007206,2025-06-20,7545000,24,0.044,721,consumo,0,0,0
903698,3007207,2025-09-07,2928000,18,0.0464,495,consumo,0,0,0
903699,3007207,2026-02-27,3776000,3,0.0438,508,consumo,0,0,0
903700,3007210,2025-08-07,6047000,12,0.0391,573,otros,0,0,0
903701,3007225,2025-06-25,2913000,18,0.0405,624,salud,0,0,0
903702,3007226,2026-01-05,1407000,6,0.0407,498,educacion,0,0,0
903703,3007226,2025-10-14,815000,36,0.055,555,otros,0,0,0
903704,3007229,2025-10-03,1449000,18,0.0446,623,negocio,0,0,0
903705,3007229,2025-10-23,2088000,3,0.0434,554,educacion,0,0,0
903706,3007231,2025-12-31,2863000,18,0.0441,511,consumo,0,0,0
903707,3007231,2025-03-19,7484000,24,0.0485,608,consumo,0,0,0
903708,3007232,2025-05-19,2834000,24,0.0506,511,consumo,0,0,0
903709,3007234,2025-06-16,1670000,3,0.0343,517,negocio,1,155,458000
903710,3007235,2025-05-10,1918000,12,0.036,565,consumo,0,0,0
903711,3007236,2025-07-12,3461000,18,0.0399,597,negocio,0,0,0
903712,3007236,2025-09-13,1891000,12,0.0415,520,consumo,0,0,0
903713,3007242,2026-01-03,4781000,12,0.0502,498,negocio,1,147,1475000
903714,3007242,2026-02-03,7387000,3,0.0386,565,negocio,0,0,0
903715,3007243,2025-10-26,1519000,36,0.0543,570,negocio,0,0,0
903716,3007243,2026-02-27,947000,18,0.0455,534,otros,0,0,0
903717,3007245,2025-08-01,6555000,36,0.0502,615,salud,0,0,0
903718,3007247,2025-12-24,3750000,18,0.0436,528,salud,0,0,0
903719,3007247,2025-12-28,2083000,24,0.0504,562,educacion,0,0,0
903720,3007251,2025-06-27,6320000,12,0.0383,596,consumo,0,0,0
903721,3007251,2025-06-21,5739000,3,0.0341,635,consumo,0,0,0
903722,3007251,2025-09-27,1752000,18,0.045,576,consumo,0,0,0
903723,3007268,2025-07-30,2573000,6,0.0388,509,educacion,0,0,0
903724,3007268,2026-02-19,1166000,12,0.0385,592,consumo,0,0,0
903725,3007269,2025-04-28,1892000,3,0.0404,435,salud,1,153,429000
903726,3007271,2025-05-02,10814000,3,0.0307,691,consumo,0,0,0
903727,3007276,2025-03-28,18932000,24,0.044,527,educacion,0,0,0
903728,3007277,2025-01-08,10914000,24,0.0445,525,otros,0,0,0
903729,3007277,2025-11-10,7514000,12,0.0417,623,consumo,0,0,0
903730,3007278,2025-08-23,2349000,12,0.04,451,otros,1,154,943000
903731,3007278,2025-11-17,2162000,12,0.0427,484,consumo,1,163,1113000
903732,3007281,2025-11-17,1319000,12,0.0474,578,negocio,0,0,0
903733,3007281,2025-12-21,5459000,18,0.0465,602,educacion,0,0,0
903734,3007284,2026-02-18,4750000,12,0.0365,638,consumo,0,0,0
903735,3007284,2025-09-17,3486000,12,0.04,569,consumo,0,0,0
903736,3007285,2025-12-22,2226000,18,0.0466,574,negocio,0,0,0
903737,3007285,2025-11-23,7759000,6,0.0365,560,educacion,0,0,0
903738,3007286,2026-02-21,3541000,6,0.0373,500,salud,0,0,0
903739,3007286,2026-02-27,2548000,36,0.055,471,otros,0,0,0
903740,3007289,2025-12-23,1085000,12,0.0442,460,consumo,0,0,0
903741,3007289,2025-06-28,1065000,18,0.0384,514,educacion,1,158,392000
903742,3007289,2025-05-23,533000,18,0.0499,482,consumo,0,0,0
903743,3007292,2025-03-28,5085000,12,0.0335,565,consumo,0,0,0
903744,3007294,2025-07-17,1292000,18,0.0438,544,consumo,0,0,0
903745,3007299,2026-02-15,1586000,6,0.0426,554,negocio,0,0,0
903746,3007301,2025-09-18,15674000,3,0.0362,576,negocio,0,0,0
903747,3007303,2025-12-24,7746000,18,0.0437,551,negocio,0,0,0
903748,3007303,2025-08-15,6232000,3,0.0383,543,educacion,0,0,0
903749,3007304,2025-11-02,4674000,12,0.0415,554,consumo,0,0,0
903750,3007304,2025-04-22,3656000,18,0.0499,520,negocio,0,0,0
903751,3007305,2025-01-26,16263000,18,0.0431,603,educacion,0,0,0
903752,3007305,2026-02-19,12608000,12,0.0349,726,consumo,0,0,0
903753,3007306,2026-02-03,4066000,6,0.0412,586,negocio,0,0,0
903754,3007306,2025-07-14,1129000,36,0.0523,620,salud,0,0,0
903755,3007308,2025-10-10,10005000,18,0.0494,656,salud,0,0,0
903756,3007310,2025-11-02,4684000,12,0.0382,539,consumo,0,0,0
903757,3007314,2025-11-30,2949000,24,0.0544,573,negocio,0,0,0
903758,3007317,2025-10-27,1979000,24,0.047,560,consumo,0,0,0
903759,3007317,2025-09-02,7740000,6,0.0411,608,negocio,0,0,0
903760,3007318,2026-01-17,336000,6,0.0459,476,negocio,0,0,0
903761,3007321,2025-05-02,5106000,12,0.0387,549,otros,0,0,0
903762,3007322,2025-07-12,4202000,6,0.0366,651,otros,0,0,0
903763,3007322,2025-06-17,5901000,3,0.0399,554,negocio,0,0,0
903764,3007323,2025-05-31,3914000,24,0.055,506,negocio,0,0,0
903765,3007323,2025-07-08,8184000,12,0.0444,558,consumo,0,0,0
903766,3007324,2026-01-11,3201000,12,0.0539,540,negocio,0,0,0
903767,3007324,2025-08-23,13755000,6,0.0406,618,consumo,0,0,0
903768,3007326,2026-02-07,3190000,3,0.0355,553,consumo,0,0,0
903769,3007330,2025-12-05,279000,18,0.0463,548,consumo,0,0,0
903770,3007330,2025-09-17,1464000,3,0.0417,507,negocio,0,0,0
903771,3007330,2025-06-17,396000,12,0.0497,443,otros,0,0,0
903772,3007331,2026-01-07,6109000,6,0.0347,716,educacion,0,0,0
903773,3007336,2026-02-14,12247000,12,0.0422,636,otros,0,0,0
903774,3007336,2025-03-11,12576000,3,0.0431,577,consumo,1,152,3959000
903775,3007336,2025-09-08,2136000,12,0.0423,533,consumo,1,154,830000
903776,3007337,2025-02-06,1517000,36,0.055,467,negocio,1,157,306000
903777,3007339,2025-12-30,1027000,6,0.0384,503,negocio,0,0,0
903778,3007345,2026-02-28,720000,18,0.0377,582,consumo,0,0,0
903779,3007345,2026-02-08,786000,18,0.053,524,consumo,0,0,0
903780,3007347,2025-07-17,2788000,12,0.0427,478,negocio,0,0,0
903781,3007356,2025-12-15,791000,18,0.0475,620,consumo,0,0,0
903782,3007358,2025-06-02,7212000,12,0.0449,593,consumo,1,152,4017000
903783,3007362,2025-07-30,442000,24,0.0506,463,consumo,0,0,0
903784,3007362,2026-02-19,430000,24,0.0482,515,consumo,0,0,0
903785,3007366,2026-02-27,3876000,24,0.0433,686,consumo,0,0,0
903786,3007366,2025-07-11,2746000,3,0.0286,648,educacion,0,0,0
903787,3007367,2025-11-25,4347000,12,0.0413,512,consumo,0,0,0
903788,3007367,2025-01-09,2547000,12,0.0457,509,consumo,1,147,1351000
903789,3007367,2025-10-24,5973000,12,0.0467,492,educacion,0,0,0
903790,3007368,2025-10-05,1092000,36,0.055,525,consumo,0,0,0
903791,3007369,2026-02-16,16368000,6,0.0363,691,consumo,0,0,0
903792,3007370,2025-05-09,4337000,36,0.055,634,negocio,0,0,0
903793,3007370,2026-02-12,1503000,12,0.0395,589,consumo,0,0,0
903794,3007375,2025-06-27,1064000,24,0.055,515,consumo,0,0,0
903795,3007380,2025-05-18,8676000,18,0.0409,617,salud,0,0,0
903796,3007387,2026-02-25,5283000,12,0.0355,601,negocio,0,0,0
903797,3007389,2025-06-13,4550000,24,0.0531,625,educacion,0,0,0
903798,3007392,2025-06-26,158000,12,0.0448,518,educacion,0,0,0
903799,3007392,2025-02-25,540000,12,0.043,547,negocio,0,0,0
903800,3007392,2025-01-23,274000,12,0.0386,453,educacion,0,0,0
903801,3007394,2025-02-26,14993000,6,0.0298,663,negocio,0,0,0
903802,3007400,2026-01-06,1968000,6,0.0453,525,consumo,0,0,0
903803,3007404,2026-01-11,3428000,24,0.0452,539,consumo,1,150,891000
903804,3007405,2025-08-07,11378000,24,0.0496,623,salud,0,0,0
903805,3007407,2025-07-26,9782000,6,0.0373,614,otros,1,140,6428000
903806,3007412,2025-03-25,4844000,24,0.0483,555,consumo,1,146,2541000
903807,3007412,2025-07-24,7678000,6,0.037,556,consumo,0,0,0
903808,3007417,2025-11-30,1191000,3,0.0354,412,otros,0,0,0
903809,3007418,2026-01-31,6539000,24,0.0408,643,consumo,0,0,0
903810,3007421,2026-01-30,4377000,3,0.0321,689,otros,0,0,0
903811,3007423,2025-11-21,7987000,3,0.0345,639,consumo,0,0,0
903812,3007423,2025-05-08,13475000,24,0.0459,621,negocio,0,0,0
903813,3007424,2025-12-31,17885000,18,0.0344,708,otros,0,0,0
903814,3007427,2025-11-15,5537000,12,0.0353,630,salud,0,0,0
903815,3007427,2025-12-02,4872000,6,0.0356,625,consumo,0,0,0
903816,3007427,2025-07-28,6123000,6,0.0344,587,otros,0,0,0
903817,3007428,2025-06-10,8575000,3,0.0257,720,consumo,0,0,0
903818,3007431,2025-02-05,3377000,36,0.055,497,salud,0,0,0
903819,3007431,2025-04-02,8147000,24,0.055,543,negocio,0,0,0
903820,3007435,2026-02-27,1858000,36,0.055,557,consumo,0,0,0
903821,3007437,2026-01-03,2461000,6,0.0369,555,consumo,0,0,0
903822,3007443,2025-08-18,3897000,18,0.0502,562,salud,0,0,0
903823,3007443,2025-02-23,5299000,6,0.0401,575,negocio,0,0,0
903824,3007446,2025-07-20,3571000,18,0.045,617,otros,1,156,1433000
903825,3007447,2025-11-12,2247000,12,0.0432,587,consumo,0,0,0
903826,3007448,2026-02-03,5488000,36,0.055,558,consumo,1,143,2707000
903827,3007451,2026-01-31,775000,6,0.047,493,educacion,0,0,0
903828,3007451,2026-01-24,1410000,3,0.0353,541,educacion,1,156,645000
903829,3007460,2025-08-07,2431000,24,0.0462,589,salud,1,139,1008000
903830,3007460,2025-01-05,1193000,24,0.052,567,educacion,0,0,0
903831,3007461,2026-01-09,11846000,6,0.0428,526,consumo,0,0,0
903832,3007461,2025-02-12,8743000,6,0.0315,617,negocio,0,0,0
903833,3007462,2025-12-30,2376000,18,0.0434,562,salud,0,0,0
903834,3007462,2025-11-14,5943000,6,0.0315,691,consumo,0,0,0
903835,3007463,2025-04-16,5394000,36,0.0539,447,consumo,0,0,0
903836,3007463,2025-10-09,7224000,18,0.0473,617,negocio,1,154,1631000
903837,3007466,2026-01-27,9699000,18,0.0419,597,consumo,0,0,0
903838,3007468,2025-12-11,1140000,24,0.0533,380,consumo,1,147,303000
903839,3007469,2025-10-21,9923000,3,0.0278,606,consumo,0,0,0
903840,3007471,2025-01-13,2071000,18,0.0539,449,consumo,0,0,0
903841,3007473,2025-12-04,3378000,18,0.048,542,negocio,0,0,0
903842,3007473,2026-02-11,2467000,18,0.0488,566,consumo,0,0,0
903843,3007474,2025-04-25,1691000,6,0.0398,500,otros,0,0,0
903844,3007474,2025-03-05,2695000,24,0.0453,509,negocio,0,0,0
903845,3007474,2025-10-06,2087000,3,0.0406,478,negocio,1,148,599000
903846,3007476,2025-07-06,2432000,18,0.0532,497,educacion,1,158,960000
903847,3007476,2025-12-10,2408000,12,0.0443,439,consumo,0,0,0
903848,3007477,2025-03-03,1499000,6,0.0392,540,salud,0,0,0
903849,3007477,2025-02-11,2307000,12,0.0364,559,consumo,0,0,0
903850,3007481,2025-03-01,8982000,18,0.0492,515,consumo,0,0,0
903851,3007484,2025-07-23,1291000,12,0.0424,590,salud,0,0,0
903852,3007484,2025-05-21,1785000,6,0.0461,560,consumo,0,0,0
903853,3007489,2025-12-13,2635000,6,0.0378,517,consumo,0,0,0
903854,3007490,2025-01-25,3454000,12,0.043,551,consumo,0,0,0
903855,3007490,2025-10-02,6128000,12,0.0389,630,consumo,1,143,1635000
903856,3007496,2025-12-06,3931000,12,0.0452,504,consumo,0,0,0
903857,3007496,2026-01-25,4036000,12,0.0493,508,consumo,1,140,1026000
903858,3007500,2025-05-18,5657000,3,0.0366,603,consumo,0,0,0
903859,3007503,2025-10-28,2477000,18,0.0468,584,consumo,0,0,0
903860,3007504,2025-01-06,917000,24,0.0494,475,consumo,1,154,431000
903861,3007504,2025-07-10,1913000,12,0.0389,521,negocio,1,154,749000
903862,3007505,2025-12-19,2079000,3,0.0373,445,educacion,1,143,468000
903863,3007508,2025-10-20,1346000,6,0.0396,574,salud,0,0,0
903864,3007508,2025-09-09,1050000,3,0.0449,482,otros,0,0,0
903865,3007508,2025-04-27,3762000,3,0.0325,595,negocio,0,0,0
903866,3007510,2025-12-20,6973000,12,0.0385,647,salud,0,0,0
903867,3007512,2026-02-10,2307000,12,0.0353,587,educacion,0,0,0
903868,3007519,2026-02-12,6247000,12,0.0417,591,educacion,0,0,0
903869,3007522,2025-08-20,7701000,12,0.0422,664,consumo,0,0,0
903870,3007524,2025-07-14,1640000,12,0.0363,628,consumo,0,0,0
903871,3007524,2025-08-19,1097000,18,0.0468,503,negocio,0,0,0
903872,3007528,2025-06-17,3235000,3,0.0382,514,consumo,0,0,0
903873,3007528,2026-02-11,2626000,18,0.0428,547,salud,1,165,1045000
903874,3007529,2025-11-08,4091000,12,0.0432,588,negocio,0,0,0
903875,3007530,2025-01-26,2382000,12,0.0452,514,educacion,0,0,0
903876,3007531,2025-12-24,3691000,12,0.0395,661,consumo,0,0,0
903877,3007532,2025-01-05,2342000,12,0.0443,527,consumo,0,0,0
903878,3007536,2026-01-25,4711000,12,0.052,508,otros,0,0,0
903879,3007542,2025-09-05,12676000,3,0.0372,559,consumo,0,0,0
903880,3007546,2026-01-25,974000,24,0.0534,442,negocio,0,0,0
903881,3007546,2025-01-28,1278000,18,0.0429,467,otros,0,0,0
903882,3007549,2026-02-03,3692000,6,0.0366,579,consumo,0,0,0
903883,3007556,2025-06-25,5682000,6,0.0389,648,consumo,0,0,0
903884,3007556,2025-03-12,9798000,36,0.055,645,consumo,1,155,3797000
903885,3007563,2025-10-27,2177000,18,0.0535,502,consumo,1,152,1293000
903886,3007563,2025-07-09,2104000,12,0.0442,501,educacion,0,0,0
903887,3007566,2025-08-27,801000,6,0.0455,472,consumo,1,145,206000
903888,3007567,2025-01-28,5893000,18,0.0426,681,consumo,0,0,0
903889,3007567,2025-07-11,4277000,24,0.0483,585,otros,0,0,0
903890,3007569,2025-08-21,5511000,18,0.0473,521,consumo,0,0,0
903891,3007569,2025-08-25,5963000,3,0.0394,495,consumo,1,152,3064000
903892,3007571,2025-11-26,5167000,12,0.0451,529,negocio,0,0,0
903893,3007573,2025-05-30,21496000,6,0.0405,607,educacion,0,0,0
903894,3007573,2025-07-30,10810000,12,0.0414,610,salud,0,0,0
903895,3007576,2025-11-15,1179000,6,0.0451,448,educacion,0,0,0
903896,3007577,2025-09-25,1038000,12,0.0369,515,otros,0,0,0
903897,3007579,2025-12-13,5822000,6,0.0357,683,consumo,0,0,0
903898,3007579,2025-02-07,5567000,3,0.0303,699,consumo,0,0,0
903899,3007581,2025-12-18,23856000,3,0.031,680,negocio,0,0,0
903900,3007581,2026-02-02,4868000,6,0.0363,640,negocio,0,0,0
903901,3007585,2025-02-13,1565000,12,0.0399,647,consumo,0,0,0
903902,3007585,2025-07-10,5785000,12,0.0459,570,consumo,0,0,0
903903,3007587,2025-12-30,6854000,24,0.0544,512,salud,0,0,0
903904,3007587,2025-12-25,2472000,36,0.055,527,consumo,0,0,0
903905,3007591,2025-08-18,4431000,36,0.0506,562,negocio,0,0,0
903906,3007595,2025-12-22,4348000,24,0.0505,589,negocio,0,0,0
903907,3007595,2025-12-30,4763000,18,0.0495,594,educacion,0,0,0
903908,3007608,2025-03-31,4394000,12,0.0437,556,negocio,0,0,0
903909,3007611,2025-07-31,5840000,3,0.0349,566,educacion,1,155,2227000
903910,3007616,2025-03-31,13968000,18,0.0515,542,salud,0,0,0
903911,3007616,2025-10-02,3662000,6,0.0389,580,salud,0,0,0
903912,3007620,2025-10-01,2625000,18,0.0414,473,consumo,0,0,0
903913,3007622,2025-11-29,4051000,12,0.0493,534,educacion,0,0,0
903914,3007622,2026-01-29,1992000,12,0.0419,579,educacion,0,0,0
903915,3007647,2026-01-16,3159000,12,0.0496,548,consumo,0,0,0
903916,3007648,2025-04-10,4057000,12,0.0463,479,educacion,0,0,0
903917,3007650,2025-11-15,213000,12,0.0381,387,otros,0,0,0
903918,3007652,2026-02-11,5260000,12,0.0418,577,salud,0,0,0
903919,3007655,2026-02-17,2053000,24,0.055,492,salud,0,0,0
903920,3007656,2025-08-02,2171000,18,0.0377,548,consumo,0,0,0
903921,3007657,2025-12-05,5742000,18,0.0476,556,consumo,0,0,0
903922,3007657,2025-05-10,6793000,6,0.0377,680,negocio,0,0,0
903923,3007661,2025-10-20,12552000,12,0.031,641,salud,0,0,0
903924,3007661,2025-09-10,13921000,18,0.0473,524,consumo,0,0,0
903925,3007668,2025-10-30,4068000,18,0.039,578,educacion,0,0,0
903926,3007674,2025-03-03,3668000,24,0.0486,613,salud,0,0,0
903927,3007674,2026-01-17,1639000,24,0.0483,555,negocio,1,145,438000
903928,3007681,2025-08-16,703000,12,0.0407,543,educacion,0,0,0
903929,3007681,2025-12-23,3008000,6,0.0386,601,salud,1,161,739000
903930,3007682,2025-04-28,1589000,12,0.0526,586,educacion,0,0,0
903931,3007682,2025-06-30,843000,6,0.0451,540,otros,0,0,0
903932,3007684,2025-04-03,2348000,6,0.0361,585,salud,0,0,0
903933,3007684,2025-06-09,5802000,24,0.0478,565,consumo,1,158,1957000
903934,3007687,2025-03-19,4529000,36,0.0545,505,negocio,0,0,0
903935,3007687,2025-03-13,3831000,24,0.0475,564,consumo,1,156,1538000
903936,3007687,2025-06-03,4777000,24,0.055,532,otros,0,0,0
903937,3007693,2025-06-01,11078000,18,0.0392,630,consumo,0,0,0
903938,3007693,2025-09-14,11673000,24,0.0501,602,salud,0,0,0
903939,3007693,2025-02-27,1686000,6,0.0336,628,consumo,0,0,0
903940,3007695,2026-02-01,1210000,12,0.0388,591,educacion,0,0,0
903941,3007695,2026-02-26,4427000,36,0.055,539,consumo,1,146,2029000
903942,3007701,2025-10-16,2270000,6,0.0393,552,negocio,0,0,0
903943,3007701,2025-07-27,2203000,3,0.0303,586,consumo,0,0,0
903944,3007702,2025-01-15,331000,3,0.0308,454,salud,1,167,80000
903945,3007707,2025-10-02,2416000,12,0.0438,492,consumo,1,149,1169000
903946,3007710,2025-10-13,2126000,3,0.035,555,consumo,0,0,0
903947,3007710,2025-06-26,1325000,24,0.0431,569,educacion,0,0,0
903948,3007712,2025-03-14,1683000,36,0.0533,530,consumo,1,142,573000
903949,3007723,2025-06-13,4762000,24,0.052,536,otros,0,0,0
903950,3007724,2025-08-21,6393000,24,0.0442,551,otros,0,0,0
903951,3007724,2025-12-04,6045000,24,0.0538,611,consumo,0,0,0
903952,3007727,2025-08-27,8098000,36,0.0499,556,educacion,0,0,0
903953,3007728,2025-12-01,3989000,24,0.0498,614,educacion,0,0,0
903954,3007728,2026-02-06,1188000,6,0.0414,588,consumo,0,0,0
903955,3007729,2025-02-26,2608000,6,0.0461,461,negocio,0,0,0
903956,3007731,2025-10-31,14075000,12,0.031,725,consumo,0,0,0
903957,3007739,2026-02-28,19079000,6,0.0277,695,otros,0,0,0
903958,3007741,2026-02-02,9064000,6,0.0403,584,consumo,0,0,0
903959,3007741,2026-02-20,4623000,6,0.0339,700,consumo,0,0,0
903960,3007742,2026-02-19,997000,24,0.0527,456,otros,0,0,0
903961,3007743,2025-12-06,3050000,36,0.0503,581,educacion,1,145,1165000
903962,3007743,2025-12-20,7366000,3,0.045,551,educacion,0,0,0
903963,3007744,2026-01-06,5861000,36,0.055,562,salud,1,149,3110000
903964,3007744,2026-02-11,5346000,24,0.0518,577,negocio,0,0,0
903965,3007748,2025-12-13,9136000,3,0.0206,706,negocio,0,0,0
903966,3007749,2025-11-11,4814000,36,0.0474,608,consumo,0,0,0
903967,3007758,2026-02-16,1224000,6,0.0398,506,consumo,0,0,0
903968,3007759,2026-01-22,3189000,3,0.042,555,consumo,0,0,0
903969,3007759,2025-08-05,3955000,3,0.0384,553,negocio,1,143,1478000
903970,3007765,2025-12-01,2950000,18,0.0465,608,consumo,0,0,0
903971,3007765,2025-04-02,10114000,18,0.0424,593,negocio,0,0,0
903972,3007773,2025-12-15,2132000,6,0.0389,612,consumo,0,0,0
903973,3007773,2026-01-15,1841000,18,0.0423,587,salud,0,0,0
903974,3007779,2026-02-28,1088000,6,0.035,581,negocio,0,0,0
903975,3007784,2025-09-11,2454000,36,0.0491,599,otros,0,0,0
903976,3007784,2025-04-04,1949000,3,0.0353,634,consumo,0,0,0
903977,3007785,2025-11-09,5168000,6,0.0401,592,consumo,0,0,0
903978,3007785,2026-01-12,6233000,18,0.0487,509,negocio,0,0,0
903979,3007788,2026-02-06,6578000,18,0.0475,558,educacion,0,0,0
903980,3007789,2025-12-20,5537000,18,0.051,596,educacion,0,0,0
903981,3007789,2025-11-24,4795000,18,0.0441,534,educacion,0,0,0
903982,3007790,2025-10-13,8515000,12,0.0441,584,educacion,0,0,0
903983,3007790,2025-06-16,6708000,18,0.0443,615,consumo,0,0,0
903984,3007793,2025-10-08,2623000,24,0.0517,526,negocio,0,0,0
903985,3007793,2025-07-08,7771000,3,0.0401,537,salud,0,0,0
903986,3007796,2025-12-02,8514000,12,0.034,619,negocio,0,0,0
903987,3007799,2025-06-08,3371000,24,0.0503,521,consumo,1,141,1833000
903988,3007800,2025-06-17,892000,6,0.0415,586,negocio,0,0,0
903989,3007806,2025-05-24,12288000,24,0.055,603,otros,0,0,0
903990,3007809,2025-02-09,5614000,18,0.0465,562,consumo,0,0,0
903991,3007809,2025-01-01,6213000,6,0.0356,523,consumo,0,0,0
903992,3007809,2025-07-12,2256000,12,0.0372,496,educacion,0,0,0
903993,3007813,2026-02-23,3468000,3,0.0376,524,consumo,0,0,0
903994,3007813,2026-01-11,5908000,12,0.0385,549,educacion,0,0,0
903995,3007815,2025-12-04,3991000,18,0.0462,507,consumo,1,144,2079000
903996,3007818,2026-02-21,6072000,18,0.0463,545,educacion,0,0,0
903997,3007822,2025-03-21,3483000,18,0.038,629,consumo,0,0,0
903998,3007822,2025-09-04,4450000,12,0.0454,547,negocio,0,0,0
903999,3007823,2025-02-16,4522000,18,0.0429,580,consumo,0,0,0
904000,3007825,2025-04-02,5386000,18,0.0456,521,consumo,0,0,0
904001,3007827,2025-06-13,1884000,6,0.0341,584,negocio,0,0,0
904002,3007829,2025-07-31,10201000,24,0.0445,602,otros,0,0,0
904003,3007833,2025-04-03,778000,18,0.0417,496,consumo,0,0,0
904004,3007833,2025-06-13,1811000,6,0.0431,509,salud,0,0,0
904005,3007840,2025-06-03,1568000,12,0.0339,540,consumo,0,0,0
904006,3007840,2026-02-25,2952000,18,0.0422,534,negocio,0,0,0
904007,3007845,2025-04-23,6209000,36,0.046,577,consumo,0,0,0
904008,3007848,2026-02-21,2814000,12,0.0411,586,negocio,0,0,0
904009,3007849,2025-06-17,3676000,12,0.0376,581,consumo,0,0,0
904010,3007850,2025-09-03,2515000,12,0.0452,568,otros,0,0,0
904011,3007851,2025-11-12,1369000,6,0.0326,581,consumo,0,0,0
904012,3007854,2025-09-20,210000,18,0.0503,478,consumo,0,0,0
904013,3007854,2025-05-20,458000,24,0.0527,477,salud,0,0,0
904014,3007858,2025-08-01,1310000,18,0.0439,473,salud,0,0,0
904015,3007858,2025-06-03,2196000,24,0.0527,535,consumo,0,0,0
904016,3007864,2025-04-27,3975000,3,0.03,513,otros,0,0,0
904017,3007865,2025-09-04,2133000,18,0.0486,491,educacion,0,0,0
904018,3007867,2025-12-27,8817000,18,0.0427,620,consumo,0,0,0
904019,3007873,2025-10-11,858000,6,0.0338,589,negocio,0,0,0
904020,3007873,2025-07-11,4004000,12,0.0499,540,consumo,0,0,0
904021,3007874,2026-01-19,1043000,24,0.0447,493,consumo,0,0,0
904022,3007883,2025-04-19,3323000,24,0.0456,561,negocio,0,0,0
904023,3007885,2026-02-27,6590000,24,0.045,666,consumo,0,0,0
904024,3007885,2026-02-27,7339000,6,0.0364,551,consumo,0,0,0
904025,3007887,2025-10-17,3274000,36,0.0539,481,consumo,0,0,0
904026,3007887,2026-02-22,7035000,6,0.0384,599,consumo,0,0,0
904027,3007890,2025-07-18,1070000,24,0.0486,548,consumo,1,142,571000
904028,3007892,2025-12-03,13237000,3,0.0325,622,consumo,0,0,0
904029,3007896,2025-04-22,4134000,12,0.0379,566,consumo,0,0,0
904030,3007903,2026-01-09,14817000,12,0.0462,611,educacion,0,0,0
904031,3007903,2025-11-29,16264000,36,0.055,496,consumo,1,146,10326000
904032,3007906,2026-01-21,2827000,3,0.0437,554,otros,0,0,0
904033,3007914,2025-09-02,1752000,12,0.0354,514,salud,0,0,0
904034,3007916,2025-01-06,2331000,18,0.0531,612,consumo,0,0,0
904035,3007919,2025-02-05,3899000,24,0.055,485,salud,0,0,0
904036,3007919,2025-02-20,1335000,12,0.0471,504,educacion,0,0,0
904037,3007919,2025-12-14,699000,6,0.0437,555,otros,0,0,0
904038,3007920,2025-04-09,10892000,24,0.0448,635,negocio,0,0,0
904039,3007924,2025-06-14,5750000,6,0.0379,593,otros,0,0,0
904040,3007928,2025-06-12,2982000,18,0.0452,516,consumo,0,0,0
904041,3007928,2025-05-20,2412000,12,0.0344,586,negocio,0,0,0
904042,3007931,2025-06-20,1924000,3,0.0346,515,consumo,0,0,0
904043,3007933,2025-03-17,549000,18,0.0534,439,consumo,0,0,0
904044,3007938,2025-12-23,492000,6,0.0372,494,consumo,0,0,0
904045,3007940,2025-02-02,831000,24,0.055,460,consumo,0,0,0
904046,3007942,2025-05-04,709000,36,0.055,495,consumo,0,0,0
904047,3007943,2025-07-03,11120000,12,0.0462,586,consumo,1,141,5449000
904048,3007943,2025-01-04,3411000,24,0.0416,544,consumo,0,0,0
904049,3007943,2025-12-16,4026000,12,0.0432,596,educacion,0,0,0
904050,3007951,2025-04-11,2896000,36,0.0519,625,educacion,1,149,1178000
904051,3007957,2025-10-16,2343000,24,0.0543,519,consumo,1,150,817000
904052,3007957,2025-10-06,3449000,12,0.0449,563,negocio,0,0,0
904053,3007957,2025-05-08,7998000,6,0.0382,596,educacion,0,0,0
904054,3007969,2025-12-09,11127000,6,0.0374,633,consumo,0,0,0
904055,3007969,2025-09-04,26850000,12,0.0357,629,consumo,0,0,0
904056,3007972,2025-01-24,1273000,3,0.0433,505,consumo,0,0,0
904057,3007977,2025-03-13,1681000,12,0.0393,590,educacion,0,0,0
904058,3007983,2025-08-20,4374000,12,0.0352,556,salud,0,0,0
904059,3007983,2025-08-06,4513000,3,0.038,582,educacion,0,0,0
904060,3007983,2025-11-29,9300000,24,0.0472,645,negocio,0,0,0
904061,3007984,2025-08-07,3708000,18,0.0387,595,consumo,0,0,0
904062,3007984,2025-09-10,11167000,36,0.0501,656,otros,0,0,0
904063,3007987,2025-05-04,250000,18,0.0471,543,educacion,0,0,0
904064,3007987,2025-02-08,738000,3,0.0407,526,educacion,0,0,0
904065,3007991,2025-04-21,5640000,24,0.0531,584,consumo,0,0,0
904066,3007991,2025-12-12,1039000,12,0.0339,640,consumo,0,0,0
904067,3007992,2025-06-15,1139000,18,0.044,541,salud,0,0,0
904068,3007992,2025-04-22,7351000,12,0.0434,578,negocio,0,0,0
904069,3007995,2026-02-10,836000,6,0.0405,392,consumo,1,140,295000
904070,3007998,2026-02-24,2194000,24,0.0471,528,negocio,1,135,569000
904071,3008000,2025-01-23,5732000,6,0.0356,554,negocio,0,0,0
